probe_id,GSM307217,GSM307218,GSM307219,GSM307220,GSM307221,GSM307222,GSM307223,GSM307224,GSM307225,GSM307226,GSM307227,GSM307228
1769308_at,8.220470338,8.773749603,8.924956588,8.758095759,8.705553925,8.609892841,8.279887037,8.428390015,8.736880326,9.067057447,9.1469144,9.219017347
1769311_at,11.4926982,11.33255346,11.25627896,11.39125307,11.50044197,11.48522293,11.40471767,11.19928699,10.90189078,10.58978865,10.49299184,10.7116761
1769312_at,8.870890112,9.555148481,9.452627455,9.081704437,8.93637167,8.720039561,9.102802369,9.26868847,9.704104144,10.28500012,10.37043773,10.18210986
1769313_at,7.590261646,8.55146815,8.230039044,8.264582498,8.248616581,7.717180283,7.513410253,9.344306102,9.548275158,9.820650251,9.844621475,9.534093892
1769314_at,10.37469996,10.38980903,10.68913556,10.68629806,10.57859271,10.45657068,10.45478297,10.56027108,10.59833827,10.63327573,10.43219115,10.32031532
1769317_at,7.981686486,6.233720663,6.665099205,7.487294598,7.664628074,7.842796418,8.056521107,6.954827579,6.342940559,6.481613891,6.708797215,6.993830688
1769319_at,10.25996389,10.46163561,10.95622425,10.88741443,10.73418186,10.55687714,10.10956808,10.18415196,10.39431697,10.59216506,10.27252477,10.23169891
1769320_at,7.123668303,6.923042748,7.531282495,7.544481918,7.531198105,7.307688083,7.23538426,7.076520503,7.666913289,7.902108866,7.838395636,7.747044183
1769321_at,8.409989388,11.27555471,11.3607355,9.505662928,8.765440348,8.654124418,8.455210582,9.872618849,10.81163687,10.74736202,10.57350918,10.57526308
1769322_s_at,6.831712555,6.377562305,6.339219174,6.505329544,6.106092997,6.439557151,7.605016827,7.10718329,6.534862359,6.565911795,6.442436426,6.553205788
1769323_at,9.562233632,9.374561806,9.425553382,9.322118745,9.430243631,9.486781995,9.456004905,9.625630056,10.015328,10.1947504,10.49366944,10.53674432
1769324_at,7.053408029,6.838921709,7.004758047,6.983622642,6.977407499,6.970640589,6.919803222,7.225583918,7.227415881,7.477968682,7.631913625,7.639500699
1769325_at,6.343633699,7.12203628,6.951990529,6.726910902,6.70865356,6.560824989,6.456661187,7.194922099,7.799805556,8.09154585,8.223915199,8.217251163
1769329_at,9.240613898,9.39233803,9.704222326,9.428506174,9.220022681,9.126091245,9.14282619,9.299250808,9.792146416,9.588152129,9.522779491,9.377095197
1769331_at,9.786167865,9.492157884,9.404978877,9.437184394,9.691052784,9.735511941,9.98045713,9.590315538,9.298973631,9.237256409,9.387688923,9.388252501
1769333_at,4.498471322,5.069041144,5.864866952,6.110904641,6.30351977,6.616532704,4.681122031,4.948014816,5.53455432,6.591113176,6.950556494,7.130356579
1769335_at,10.4277704,10.53023671,10.97133197,10.85774789,10.6615368,10.72966093,10.44437819,10.36544593,10.47626237,10.22085653,9.858169725,9.933381214
1769336_at,7.420136109,6.097187086,6.093198539,6.716820164,6.806984158,7.160783365,7.209290116,6.919552677,6.747354517,6.867600472,6.935776687,6.775062193
1769338_at,6.152856643,5.898806292,5.977361064,6.339412854,6.330951581,6.42914051,6.174044338,5.72258032,5.371413133,5.6079483,5.473518886,5.494978067
1769339_at,9.379738534,9.083737041,9.461882885,9.74004281,9.847642464,9.770292,9.534662073,9.363086959,9.237553662,9.862586437,10.0581021,9.804447348
1769341_at,11.52863495,11.45643549,11.26766941,11.34246718,11.4159218,11.42599999,11.36094147,11.29833757,11.02454882,10.87451265,10.6726341,10.68333164
1769342_at,3.670733748,4.18352777,6.084004218,5.955288625,5.492429396,5.435342596,3.820935057,4.350989119,5.146536074,6.363108862,6.539277236,6.479816824
1769344_at,10.97327041,10.75753541,10.71516354,11.20388805,11.40479789,11.5066054,10.92699089,10.64202644,10.08173314,9.736385563,9.860885416,9.791916406
1769345_at,8.303102174,8.590206365,8.567084814,8.397407463,8.309885912,8.244780851,8.303102174,8.292729412,8.601096193,8.62060187,8.496678021,8.481702187
1769346_at,8.061481958,8.404577295,8.428785526,8.269398422,8.162622529,8.07939066,8.112548374,8.588451258,9.042011407,9.625768814,9.580572968,9.488088734
1769349_s_at,8.336137897,7.651111649,7.265986115,6.717237509,6.976098152,7.429087789,8.259918446,7.680433641,7.212518391,6.798123976,6.684086498,6.721280633
1769350_at,7.815517052,6.889335219,7.242254755,7.15334143,7.294338981,7.438917085,7.768229919,7.285525381,7.464005732,7.37279081,7.344343084,7.255050615
1769352_at,6.76762339,8.616516457,7.930167405,7.875881019,7.470290858,7.037018591,6.538189727,6.999356813,7.966881626,9.003415019,8.997905565,8.757902865
1769356_at,10.74024285,10.69178768,10.74680952,10.7527448,10.82384823,10.82875928,10.71460571,10.61188422,10.51397989,10.64507902,10.66912502,10.87818886
1769358_at,7.979470379,8.438771289,8.604520731,8.337343376,8.231775745,8.127279149,8.218510297,8.195750075,8.599256226,8.847015664,8.931710089,9.092828529
1769359_at,7.844955866,7.460489843,7.953408915,7.855356603,7.841990225,7.801715452,7.933467036,7.739624986,7.859206358,7.95328863,8.08048473,7.770875938
1769361_at,7.848205002,7.733721868,7.775375492,7.581623536,7.521717985,7.475227193,7.94800243,8.136671025,8.333248774,8.54606314,8.404552301,8.408772218
1769362_at,12.10825901,12.10351323,11.94202136,12.21681464,12.19720832,12.19896884,11.9872806,11.93831088,11.57504566,11.4647024,11.33893948,11.44066858
1769365_at,11.81493877,12.10679727,12.50869973,12.63188635,12.5219873,12.42637944,11.93748215,12.02655256,12.53150311,12.84213989,12.90055529,12.90528149
1769366_at,8.392768483,6.993216428,6.71542236,7.380805803,7.700987137,8.068192382,8.369864262,7.700543169,6.949584164,6.873498949,7.211280446,7.250496303
1769368_at,8.971380974,9.209010403,9.057820513,9.022741296,8.977770424,8.890013866,9.44231396,9.55945385,9.663337585,9.906612502,9.956806757,9.766874372
1769371_at,11.27050221,11.28878386,10.92593085,10.96415387,11.03427128,11.05098785,11.25951038,11.4683968,11.48575358,11.13651946,11.13448245,10.94461832
1769373_at,8.952378766,8.354016493,8.445420081,8.360113134,8.506537406,8.766198263,9.027994091,8.7516373,8.274909776,8.337346505,8.233423124,8.244271681
1769374_at,9.165173567,8.958588613,8.85458596,9.062635147,9.033856556,9.08089817,9.33549573,9.419390455,9.305619351,9.110217196,8.627432395,8.63124073
1769375_at,11.60948293,11.5859807,11.6735735,11.63599484,11.37811612,11.30821021,11.63184238,11.6196573,11.58759464,11.80473493,11.61332061,11.62286214
1769377_at,8.644259202,6.902069798,6.601363274,8.102960155,8.159372193,8.094813428,8.697809625,6.951528169,5.184074588,4.991101607,5.489311028,5.232120142
1769378_at,12.41317064,12.36294273,12.11853414,12.04354915,12.17673248,12.34453288,12.37985767,12.30440081,11.88957528,11.21195119,11.24590231,11.38052133
1769379_at,5.584550443,6.094602829,5.713402104,6.040647563,5.853350218,6.372917374,5.317757078,5.796716359,5.78021839,6.091089048,6.780326438,6.671788963
1769383_at,9.382158943,9.101537248,9.334415469,9.463812151,9.511857673,9.492153282,9.47223104,9.291727775,9.110717196,8.801329753,8.543716772,8.557719537
1769384_at,3.965476805,4.060136361,3.816829898,3.917580502,4.12435175,4.047065944,3.495605358,3.670821651,3.673096428,4.586703751,4.062150886,4.355835925
1769385_at,8.993469307,9.231915418,9.050119506,9.077909169,9.024403434,8.86068663,8.920102134,8.716153363,8.483648931,8.354341449,8.359540378,8.37874664
1769387_at,11.58342144,11.90600002,12.03672455,11.90236308,11.77556044,11.59394572,11.55941034,11.76621683,12.17882169,12.34716896,12.3225617,12.18262768
1769388_at,9.628030531,8.505298751,7.95043469,8.591912066,8.787698711,9.062301036,9.607368941,8.931223895,7.814983264,7.210965428,7.163555086,7.50796018
1769390_s_at,11.89045487,11.9819742,11.8193049,11.90516737,11.83725988,11.90205625,11.81659225,11.82986095,11.60108103,10.99054827,10.92534887,11.01037846
1769392_at,7.92794784,8.102259458,7.899926887,8.033621934,8.017024309,8.032555362,7.677279552,7.712784816,7.82962706,7.692316027,7.800299081,8.164766575
1769395_at,10.46617865,10.44066201,10.50216008,10.38919384,10.41404263,10.51127694,10.40687231,10.62661164,10.7048286,10.71870413,10.71128325,10.41613998
1769397_s_at,12.5838605,12.54102484,12.43151453,12.50103092,12.48534139,12.53487217,12.41105782,12.48016435,12.36755882,12.21495694,12.05678589,12.21217108
1769403_at,10.46163226,11.05643932,11.53686442,11.13487643,10.66912502,10.4648223,10.47764721,10.88944172,11.63485657,11.86087043,11.68519595,11.63679223
1769406_at,10.23210347,9.583790767,9.038434468,9.594830083,9.874616643,10.01306774,10.25192224,9.794533005,8.642428001,7.620983814,7.640992786,7.574928487
1769407_at,8.313191398,8.120220082,8.147253394,8.115666102,7.960429854,8.14414673,8.303654358,8.206347524,8.397407463,8.422917195,8.360338358,8.240520018
1769411_at,11.11547023,11.73071555,12.14162249,12.11989354,11.94291919,11.79021059,11.11635089,11.41116281,11.96388841,12.32650689,12.39761557,12.41345224
1769418_at,8.993931372,8.529373484,8.377888335,8.388161086,8.594735533,8.674965192,9.037191776,8.643099927,8.22781692,8.177785605,8.354681032,8.193419992
1769419_at,9.505618754,9.271193525,9.066139702,9.338365675,9.521968966,9.572355108,9.659254659,9.707397443,9.648989256,9.613133997,9.601217759,9.571525419
1769420_at,8.658503539,8.028995936,7.801821733,8.373347203,8.616931862,8.895092134,8.879107321,8.893432027,8.715461739,8.606876224,8.749660133,8.684955073
1769421_at,8.330131836,8.315529523,8.232017808,7.771925899,7.714249671,7.915392346,8.282076569,8.351035538,8.437214286,8.455249766,8.376626844,8.374536616
1769422_at,9.571357371,9.513604342,9.358028396,8.997720753,9.044678854,9.062552278,9.560054239,9.848054674,9.94548712,9.948094709,9.709117977,9.626012704
1769426_at,7.690763491,7.941383578,9.236169185,9.890837137,9.920006371,9.805379773,7.953186856,8.656469471,8.838556278,8.965233688,9.136137293,9.432608082
1769428_at,9.693837775,9.702435515,9.742898274,9.791036163,9.869845595,9.912815782,9.753000337,9.602927727,9.653509608,9.638631575,9.722068089,9.652332262
1769431_at,9.813880735,8.031096903,7.744974297,8.792572383,8.941013033,9.302496249,9.807393026,8.872229961,7.487131841,6.979688029,7.069970445,7.311192843
1769434_at,10.20663291,9.195488638,7.7890683,8.742970252,9.172975623,9.634352577,10.0831407,9.774271396,8.882224482,7.950424413,7.998319776,8.50589444
1769435_at,8.509480361,8.603668841,8.364232632,8.121209982,8.32970454,8.475954917,8.644206225,8.555660798,8.7443435,8.383233308,8.005273944,7.840384873
1769442_at,7.240754098,7.336148974,7.738273613,7.752924337,7.432749445,7.344405151,7.497797448,7.549455366,8.038565852,8.54215154,8.826046338,8.855489542
1769443_at,6.247013317,6.990810385,7.816590191,7.17988942,6.949431296,6.903778271,5.945132571,8.033122895,8.486565007,8.421869445,8.252274645,8.346559224
1769446_at,6.543954889,7.35287811,7.222286077,6.687959543,6.859586636,6.799248979,6.418398587,7.133353113,7.430691811,7.805378765,8.126812269,8.113569679
1769448_at,10.61424301,10.1409997,10.09690206,10.17655609,10.32419402,10.50254962,10.50865038,10.44539973,10.24855203,10.05519846,9.771652627,9.454689002
1769450_at,9.152803146,10.14210901,10.56528705,10.47079179,10.26203992,9.727133046,9.153257513,10.33455016,11.08758202,11.89159845,12.10654942,12.07978105
1769451_at,6.849990184,7.302328994,7.50567625,7.262746192,7.284824574,7.116671534,7.109438667,7.130118177,7.450400654,7.688289933,7.673093694,7.714283835
1769452_at,9.524267341,9.574721844,9.638624552,9.47883934,9.26788168,9.355366013,9.521984223,9.758477505,10.166453,10.25012573,10.19688728,10.25405442
1769455_at,11.16061995,11.13881104,11.11084702,11.07687839,11.00686332,10.49285625,11.05451239,10.99947237,11.04687563,11.24016386,10.93767908,10.25241564
1769456_at,7.032362131,7.479309067,7.065071462,6.938233916,6.836300672,6.848597696,6.917221766,6.826813926,6.534330811,6.919444615,6.343232855,6.842012693
1769459_at,7.458119756,7.409394828,7.62428124,7.377266464,7.383574252,7.3875002,7.768913678,6.999462987,7.232464392,7.349616199,7.314892373,7.233832672
1769460_at,6.33049084,7.146646808,8.120175399,7.953762755,7.712670641,7.236907629,6.439862835,7.092096956,7.910207568,8.862185473,8.971046631,8.797843723
1769461_at,5.773140561,5.497595654,5.637285107,5.671218716,5.594683566,5.668076501,5.834622231,5.527307435,5.611714024,5.542947614,5.375968584,5.544502136
1769462_at,10.24758618,10.51510254,10.86525504,10.8815986,10.83354198,10.65390873,10.50587799,10.33764303,10.34934336,10.80859728,10.93173673,10.7270164
1769463_at,9.380038511,9.19973081,9.299572185,9.45603609,9.585314774,9.446493855,9.361410696,9.488832091,9.759294335,9.881533538,10.10107542,10.00648268
1769464_at,9.275251667,10.28481686,10.58271635,9.923417525,9.729231871,9.457015008,9.453163573,10.31684722,11.11279434,11.50839656,11.43300038,11.31150878
1769466_at,5.493488698,6.956772414,7.007297479,6.251088343,6.22489403,6.247839945,5.474988875,4.985209632,5.699591602,6.173416364,6.257984269,6.304069644
1769467_at,7.152141972,6.718339385,6.906461275,6.802499821,6.811681457,6.759543037,7.30169649,6.382880913,6.475604443,6.598894555,7.058580817,7.144635605
1769468_at,9.423270675,9.108796813,9.075148558,9.358697095,9.484998207,9.462794099,9.382127899,8.931137505,8.590122725,8.634934656,8.463694797,8.765056374
1769472_at,5.976925996,5.245541164,5.363311565,5.749756687,6.358374744,6.557572372,6.172043519,5.497853848,5.316664784,5.675436868,6.28583478,6.020981076
1769474_at,6.703125064,6.922427681,6.796936396,7.258004083,7.328675651,6.833652585,6.93884506,7.476730974,7.434001418,7.275186896,7.031687027,6.820867127
1769478_at,10.73054621,10.67257248,10.48168954,10.32301677,10.4600899,10.55999036,10.73635746,10.7916833,10.90859594,10.73522334,10.68105949,10.59309933
1769481_at,9.465535303,9.893151857,10.17195002,9.937438675,9.844625306,9.575484848,9.535044169,9.965910212,10.55512179,10.93722325,11.07548712,10.94004663
1769482_at,5.806138999,5.39858664,5.982405826,5.665015914,5.555486456,5.297892955,6.042059169,5.659298144,5.842195653,6.127995377,6.654381219,6.8801968
1769484_at,9.741527128,9.221234785,8.744763217,8.97683956,9.23449803,9.297283244,9.642474818,9.536935305,9.223474984,8.856363157,9.050831668,9.202366545
1769485_s_at,8.712312218,8.650972372,8.708524045,8.763080216,8.814509743,8.620370318,8.625969522,8.754294435,8.816750302,8.964288224,9.215047319,9.188335407
1769487_at,9.572405427,9.269206795,9.287351781,9.276759806,9.300273103,9.354040619,9.32854147,9.278562859,9.423572858,9.352357896,9.393032018,9.471769456
1769495_at,9.627175427,9.742894197,10.14261149,10.4499849,10.33742104,10.13752846,9.616063958,9.531917958,9.936083408,10.38458935,10.49552007,10.45071386
1769500_at,8.365573391,8.064430542,8.077962124,8.08491936,8.046187412,8.148010413,8.436219167,8.362400706,8.523643829,8.554055838,8.714749185,8.589542142
1769501_at,7.074617372,7.850327731,7.823796232,7.628409378,7.643384238,7.643860902,7.031778606,7.801015488,7.893332565,7.751055258,7.854707796,8.162903524
1769502_at,10.76287343,10.18686088,9.938548888,10.12169258,10.27733946,10.48433522,10.6617675,10.34245705,9.917440646,9.557997138,9.366454803,9.336485191
1769503_at,12.66909799,12.48496932,12.2633055,12.26186652,12.51491513,12.72162723,12.63438848,12.52076602,11.84996704,10.4662514,9.835969404,10.30314569
1769504_at,10.47467112,10.23350607,10.10901108,10.30132345,10.31229772,10.4118607,10.38837897,10.17305479,9.941609541,9.912270044,9.928190958,10.06842031
1769506_at,9.255429522,8.214164572,8.35884179,8.577743046,8.896355399,9.148518181,9.177867971,8.757550515,8.460598012,8.33250305,8.373050052,8.706417361
1769510_at,12.53136709,12.47042281,12.53756858,12.62288715,12.6441103,12.59675129,12.53724635,12.5175847,12.59311414,12.50930077,12.54663829,12.61400432
1769511_at,9.814638766,8.578896564,8.332882317,9.033847275,9.111953794,9.370013237,9.824022135,9.330013763,8.380049839,8.195753754,8.327796855,8.474287772
1769514_at,9.3836481,9.959763292,9.699510408,9.22398241,9.199897096,9.149306538,9.522295549,9.775370307,10.24214668,10.60269499,10.58378854,10.3846218
1769515_at,2.710338959,3.053772884,3.178012304,3.007938274,3.660397517,3.108533401,3.359498726,3.232423258,2.997702185,3.043563857,3.141105247,2.864791079
1769516_at,11.17298027,11.12886703,11.41149455,11.46823522,11.37273271,11.3553626,11.11358946,10.91985442,11.04733354,11.22818353,11.35067453,11.31609081
1769518_x_at,6.788300685,6.912751502,6.134685254,6.319732593,6.53007501,6.896324798,6.776861452,6.378261559,6.210758382,6.331868634,5.765321842,5.904371535
1769519_at,9.487788042,9.678615921,10.29816342,10.25033326,10.66710832,10.70231659,9.698991376,9.45570351,10.03350923,9.890464128,8.333806217,6.743381874
1769520_at,9.614125852,10.24080258,10.1119114,9.853633392,9.757166751,9.615532026,9.660072904,10.26236683,10.45762639,10.76048725,10.84489538,10.73754668
1769523_at,9.084109559,9.027342747,9.237857378,9.036019152,9.027342747,8.913530701,9.018750178,9.06511944,9.13142545,9.143446467,9.143868036,9.060160523
1769525_at,9.757220842,9.728351944,9.726693368,9.929739025,9.680835744,9.819198318,9.693992926,9.673179465,9.468915914,9.4881635,9.399877012,9.301591634
1769526_at,9.241758206,9.162532769,9.059652994,8.993008069,9.076910686,9.064801932,9.322938085,9.433307675,9.488181982,9.265714156,9.16553009,9.024966626
1769527_at,7.589623807,7.330992014,7.118762715,7.157074514,7.296569337,7.33218869,7.409760615,7.57969791,7.809490865,8.098344564,8.169461444,8.202300563
1769528_at,7.176581175,8.042700472,8.430272391,8.220562168,8.082218535,7.957223284,7.310685312,7.892906237,8.366777762,8.647878036,8.673382877,8.589932715
1769531_at,2.828325776,2.892258565,2.674414355,2.811886431,2.652611005,2.569736132,2.813340744,3.007905453,3.104853175,3.214152641,2.552284336,3.0586431
1769534_at,9.128954324,8.734227591,8.482920579,8.683640435,8.707817351,8.972249624,9.030494861,8.802712931,8.772442274,8.731595774,8.667682633,8.747480483
1769538_at,10.13876297,9.983000984,9.851455236,10.11861588,10.15774647,10.14272354,10.17499831,9.879196912,9.60892819,9.628305929,9.7066373,9.601218887
1769539_at,9.32202205,9.195597068,9.207679499,9.252123456,9.212344511,9.102249266,9.322661029,9.664374758,10.03769657,10.08983851,10.13202798,10.20215599
1769541_at,8.299933441,8.631592454,8.919074407,8.499926618,8.296045068,8.135169139,8.590064364,8.127289776,7.954767161,8.424953786,8.122333563,7.903378006
1769544_at,5.266176134,8.657095288,9.396301721,8.547262076,8.283209667,7.76750816,5.549939457,7.76435973,9.370836969,10.44995497,10.62869737,10.47425093
1769549_at,11.40998605,11.14944133,10.767674,10.80826446,10.96327245,11.05582938,11.42799741,11.19548138,10.56150774,10.00665349,9.602202386,9.6582317
1769550_at,10.3085895,8.725735713,8.011048415,9.238473651,9.459316719,9.877753783,10.36566835,9.593194777,8.423332929,7.514786248,7.59199015,8.083323993
1769551_at,8.024849439,8.857899661,9.160858304,8.675025565,8.559921831,8.338159903,8.044116586,8.212479383,8.869077417,9.803286499,9.83908938,9.779270755
1769554_at,8.175267499,8.428577725,8.334221326,8.197337942,8.209961231,8.093228724,8.23770815,8.3472907,8.276795916,8.260995006,8.025197342,7.99164023
1769555_at,8.368627039,7.93732644,7.853279866,7.684895053,7.873078369,8.072589281,8.426081214,8.306166652,8.276819105,8.217379645,8.043141516,7.801281921
1769556_at,10.10850372,9.868653083,10.02763524,9.91631659,9.889416717,9.940977722,10.0537005,9.947817527,9.941117302,9.922370426,10.10607215,10.51194273
1769557_at,9.020575033,8.700512144,9.01539592,8.936221034,8.926600636,8.944332667,8.906040244,8.154230791,7.943125573,8.318379591,8.296461469,8.359021176
1769558_at,9.588814553,10.44580729,10.21558373,9.953745368,9.916019804,9.638431699,9.691547274,9.939732317,10.25657049,10.5861969,10.48493857,10.17946852
1769562_at,8.926462047,9.235066961,8.86403483,8.893388134,9.021351912,8.82878449,9.002612395,9.199138143,9.358840599,9.445465135,9.396992965,9.40697273
1769564_at,8.317384453,7.987427162,8.211522383,7.612362469,7.955893016,8.282799096,8.709155806,8.596076516,8.660225385,8.63951746,8.712508278,8.543342818
1769566_at,11.11850522,11.31265135,11.53329122,11.15064908,10.84064413,10.78109815,11.14307803,11.51601802,11.96276382,12.29077229,12.28533979,12.25134118
1769568_at,8.428954089,9.995896145,9.846724414,8.431962366,8.289170989,8.136671025,8.339222205,9.231649361,9.870653771,9.518023239,9.365144661,9.430378996
1769570_at,10.80241617,10.25780017,9.846966182,10.00846348,10.18965586,10.41165355,10.85090462,10.58355962,10.26614411,10.08922555,9.909799427,10.05718475
1769571_at,9.144760324,8.804091557,8.734064148,8.982723828,9.010612644,9.037329674,9.134555165,9.033985035,9.222811004,9.5822671,9.763637954,9.76094477
1769573_at,11.38450396,11.39871032,11.71739158,11.79383775,11.78173321,11.77238338,11.51973833,11.42307492,11.40431917,11.60950279,11.420058,11.31018658
1769575_at,9.296902029,9.283286437,9.58180122,9.635109773,9.483233641,9.242563318,9.374996434,9.269045179,9.564055811,9.803714551,9.894060621,9.712822411
1769576_at,9.102508447,8.313370562,8.157380682,8.467850372,8.768992501,8.98554547,9.133351053,8.552627628,8.445791048,8.386321399,8.197278112,8.308827012
1769579_at,6.148155183,6.881647614,8.506673921,9.2806261,9.1912766,8.672356029,5.941550311,6.238549457,7.789528228,9.418399412,10.08526534,10.16180755
1769580_at,10.29057212,9.686260194,9.677150277,9.847742583,10.00518067,10.29437989,10.40017323,9.897085521,9.520829185,9.183307989,9.109584103,9.236715168
1769585_at,3.417545727,3.918355985,4.030076165,4.65477955,4.346048697,4.526533552,3.54333699,3.864309776,4.687923588,5.268247502,5.473708045,5.236028109
1769586_at,7.417589759,9.513032564,7.928888743,6.955111783,7.2024861,7.417409502,7.64048758,8.057352809,7.67475284,6.832593217,6.84890964,6.74273941
1769587_at,11.1495739,10.99354201,10.96399487,11.00007341,11.04522325,11.21014929,11.20349703,11.10889148,11.1868846,11.28680659,11.3768656,11.35305964
1769591_at,10.18832237,9.944740655,9.732667721,9.841567196,9.813814669,9.88750631,10.11248522,10.1664741,10.39209267,10.41851596,10.40102615,10.35267006
1769597_at,10.90627426,9.829359454,8.588792893,9.694250282,10.12522517,10.50966314,10.9077315,10.40114746,9.031405653,7.940506739,7.673751101,7.896963345
1769598_at,8.014681873,8.278791373,8.357507616,8.016700714,7.95261828,7.850301363,7.875553829,8.479336017,9.203744598,9.43067044,9.597993605,9.651896293
1769599_at,8.408866936,9.172062958,9.52267427,9.240026629,8.947826556,8.72000949,8.329048777,9.043982505,9.767915963,10.35541606,10.51938688,10.56479058
1769600_at,9.860191047,9.474019288,9.479897991,9.527522553,9.677168298,9.765440673,9.89453815,9.916946816,9.980714806,10.12294644,10.11861366,10.18130197
1769601_at,8.633090943,8.408634908,8.541531819,8.480347764,8.287635136,8.241097838,8.703162735,8.697717496,9.413127702,9.73851822,9.912982731,9.973667856
1769602_at,7.445187748,6.619199206,6.467147107,6.945688278,7.234377775,7.263810326,7.461481225,6.942533553,6.66089561,6.702559756,6.540968327,6.288026161
1769603_at,10.14251311,10.33036213,10.56696563,10.39646372,10.20542664,10.04001752,10.28636535,10.38661258,10.74902157,11.12491141,11.39074016,11.51878392
1769604_at,6.315080435,7.231198755,7.793360188,7.235677975,6.984353899,6.349485812,6.496425214,7.146900558,8.077817394,8.646742823,8.870309879,8.769098538
1769606_at,10.29397651,9.601793201,9.862794417,9.8026715,9.853852096,10.02062775,10.29397651,9.976500096,10.05037612,9.999981306,9.995801017,9.976336757
1769607_at,7.83735076,7.479284068,7.538547196,7.386079425,7.515019101,7.571359042,7.837773744,7.642342246,7.459602739,7.075357988,6.999187898,6.692944858
1769608_at,8.91668827,8.832394821,9.067102449,8.745184272,8.762681986,8.76625874,9.019967066,8.91849644,9.037213931,8.878808897,8.704342825,8.548112681
1769609_at,7.183117402,7.874682694,7.9528199,7.859788283,7.48498466,7.383999525,7.278013711,8.199060509,8.56016081,9.059877228,9.146495048,9.310193802
1769610_at,5.982552307,6.261593612,6.172840181,6.06020144,6.096153476,5.553421368,6.395627383,6.446999925,6.285044757,6.628466799,6.414695898,6.587896215
1769614_at,9.948217615,9.488115522,9.623661258,9.650882834,9.779367152,9.86434746,10.04435595,9.564882828,9.081095164,8.883602328,8.747575157,8.627960617
1769617_at,8.012741204,8.235316447,7.663543598,7.590298998,7.783702092,7.51980044,7.997074393,8.989270703,7.577967511,7.05823219,7.050163188,7.143417333
1769620_at,11.76189221,11.86463271,12.05231529,11.9843194,11.8516585,11.75960224,11.78046063,11.77765728,11.8445711,11.85631605,11.60701403,11.42713308
1769621_at,9.949554732,9.964182591,10.05814438,9.859635464,9.770103648,9.744179419,9.911667167,10.00481402,10.07315158,10.04925061,10.09683998,10.15630824
1769622_at,7.873865097,7.905852083,7.767485541,7.490523263,7.509280574,7.862152148,7.975711293,7.587506533,6.943124231,6.060694162,5.845963425,5.600789261
1769624_at,7.912569211,7.992433954,8.233183103,8.149853207,8.076036427,8.01278307,7.737065399,7.767833328,8.48791313,8.581725031,8.610285742,8.530872594
1769626_at,6.857810554,7.662038819,8.967150157,8.690843799,8.48352078,7.86832233,6.917611522,6.653676349,7.943125573,8.735210333,8.34586697,7.953191099
1769627_at,7.338916119,8.270534715,8.697971629,8.375135954,8.248957523,8.094309264,7.574616909,8.247888503,9.304244069,9.876763486,9.975628427,10.04159387
1769628_at,10.10589329,9.877754871,9.72888769,9.820012142,9.916516653,9.896847246,10.1368179,9.757865609,9.681612196,9.629408172,9.557382423,9.564036802
1769634_at,7.879391244,7.475708576,7.668222772,7.551205452,7.520850882,7.698070952,8.023870122,7.376271619,7.090137061,7.060549374,6.856394768,6.652940888
1769635_at,10.37019913,10.34057871,10.72634001,10.68667782,10.60788962,10.59498828,10.36500822,10.51240301,11.15201353,11.33186492,11.23023108,10.9737423
1769637_at,9.417366114,8.629458589,8.097509157,8.703662886,8.868341831,9.093252622,9.244908185,8.51084677,7.401075335,7.073540214,7.113959695,7.265326328
1769638_at,9.088671145,8.178631583,7.730284591,8.216145171,8.660744679,8.787706482,9.15318268,8.634003035,7.667883803,7.630042772,7.582911859,7.617788368
1769640_at,10.55234394,9.925303485,9.626399217,9.856717386,9.994992165,10.08561084,10.46805128,10.23633297,9.935932443,9.639472147,9.771723398,9.801607784
1769642_at,12.21575974,12.29826089,12.39730777,12.3537822,12.19141266,12.0950341,12.27068948,12.38835932,12.61954148,12.86111865,12.8591409,12.88436532
1769643_at,8.608924288,10.31526758,10.81711208,10.16355421,9.824160546,9.316746133,8.763021859,9.838839045,10.3075497,10.9413223,11.78767408,11.73366978
1769645_at,5.488834667,4.87319832,5.236767855,5.258185304,5.593978379,5.833638553,5.435277769,5.044364174,4.588938037,4.823197413,4.969433403,5.547539009
1769647_at,9.278565306,9.327973718,9.336627659,9.357248767,9.323967288,9.319892546,9.367340462,9.258036351,9.407746884,9.649593099,9.517710493,9.633755357
1769648_at,9.365827757,9.587035015,9.7851715,9.431371327,9.361007811,9.286798501,9.535318095,9.874449663,10.50805359,10.76394312,10.91299512,10.90297334
1769649_at,5.650460945,5.285603503,5.754855158,5.454644361,5.558631625,5.55239235,5.734064929,5.389693945,5.079794436,4.983904049,5.157529289,4.969482792
1769650_at,8.877859413,9.106277553,9.0919892,8.865327163,8.958417025,8.869461344,8.933211625,8.953385621,9.193274445,9.177151019,9.204435334,8.939460978
1769653_s_at,5.949501883,6.241198296,5.908521687,5.733771993,5.998132614,5.748753306,5.925990051,5.701838945,5.605536112,5.895812194,6.089672246,5.927285356
1769654_at,9.372738779,9.161377073,9.315196861,9.198905528,9.18288438,9.22180883,9.374536283,9.262926899,9.344227357,9.445788748,9.284335414,9.110829904
1769655_at,10.21697965,10.52981063,10.75465499,10.52301178,10.39762965,10.34824762,10.03970195,10.39650357,10.69739364,10.62905821,10.34812566,10.50986941
1769657_at,9.683919361,8.934421442,8.920936201,9.093783611,8.413824201,8.946051329,9.569710972,9.837923618,10.00595939,9.137860934,8.285951227,7.383792157
1769659_at,7.294046784,8.510551484,9.031198819,9.057442156,8.937258632,8.481906816,7.526578624,7.919103408,8.79915498,9.639529229,9.847690793,9.838829327
1769663_at,13.1552291,13.11881277,13.06646764,13.08837481,13.06647498,13.09287718,13.13996974,13.14931372,13.05503946,12.74025832,12.11515412,12.19268982
1769665_at,7.475831843,6.669811506,7.033533866,6.883484233,6.980676499,7.224850067,7.502813344,7.422128717,7.865256936,8.18990324,8.305607486,8.380992999
1769666_at,6.709778676,6.60949331,6.835378539,6.785273779,6.689416882,6.750781362,6.778351637,6.878158245,7.1961178,7.435497068,7.333342191,7.501357781
1769667_at,8.922009478,10.01114981,9.741067966,9.40521682,9.235248071,9.298495801,9.088214033,8.809016248,8.806684619,8.667565827,8.358807092,8.228689925
1769670_at,7.752817671,8.20699998,8.371507307,8.102526589,8.012423262,7.917460243,7.870899161,8.196128493,8.682323941,8.905625326,9.093810797,8.972452682
1769671_at,8.030395115,8.146050521,8.367957211,8.521672879,8.391201641,8.284815991,8.219478927,7.942263102,7.729743864,7.530451309,7.618241389,7.214165349
1769674_at,6.811910475,8.104387464,8.679095904,7.697075497,7.52262579,7.286535797,6.992702931,7.816651735,8.594680154,9.05415937,9.390054722,9.540568446
1769675_at,8.325005619,7.782060463,7.818442752,7.931845843,8.070457752,8.120536229,8.174862113,7.963504195,7.615255681,7.34596005,7.400056461,7.460204741
1769677_at,9.802492517,9.292616091,9.253054654,9.246496145,9.330462211,9.411025526,9.864954296,10.0070176,9.968499346,9.695557236,9.693496304,9.666666889
1769679_at,9.164991981,11.34227091,11.60404938,11.09815552,10.89863516,10.43257705,9.218531238,10.38510869,11.0900269,11.95210226,11.98888562,11.7157204
1769681_at,9.075042942,9.08862151,9.070003004,8.971605949,9.124719884,8.98254856,9.105395219,9.198122051,9.033209425,8.66729729,8.578424217,8.550093733
1769682_at,8.88202953,8.486583865,8.969323532,8.963654856,9.002685023,8.899710445,8.958371609,8.542392694,8.658969569,8.864530378,9.053388179,9.019659769
1769683_at,10.36174705,11.16427479,11.3196853,11.11265189,10.85741413,10.61985938,10.40511818,10.06184637,9.933174786,10.4189188,10.83145404,10.85781128
1769684_at,9.769342459,9.817177699,10.19683268,10.07473182,9.986104381,9.920756105,9.864933094,9.771936544,10.00259295,10.1196267,10.08275533,10.1248494
1769685_at,9.885468054,9.753659306,9.451460329,10.197016,10.5107884,10.49925045,9.888777355,9.845052091,9.67124234,9.734104184,9.792944112,9.756154679
1769688_at,10.33942189,10.15196221,10.05928514,10.26685419,10.24941616,10.32407656,10.20392914,10.30200232,10.15237694,10.11025055,10.21485189,10.26973553
1769690_at,6.262250579,6.885271558,7.271139536,7.082973696,6.781757767,6.464772965,6.56711657,7.165563758,7.816103697,8.322942987,8.267588585,8.226097073
1769691_at,10.50933412,10.19858705,10.82565399,11.09621515,10.91178211,10.67428841,10.51355777,10.45219571,10.62327985,11.13979847,11.33517766,11.43568461
1769694_at,10.39493275,10.26091782,10.07109455,10.12245848,10.1285217,10.15023997,10.37445657,10.24355555,9.978139673,9.753956588,9.710505408,9.952391273
1769695_at,7.446404911,7.044115874,7.219846429,7.077667247,7.061276763,7.096285555,7.602948782,6.807350514,6.749115267,6.98243979,7.121346892,7.052021429
1769697_at,9.451223703,8.602191023,8.52920458,8.742660262,8.900899467,9.078629768,9.371367488,8.714419295,8.633417701,8.542177194,8.519646375,8.413061021
1769698_at,7.958369137,7.184002254,7.385572075,7.636908066,7.568748241,7.649294058,8.051426281,7.98318958,8.384265723,8.777597963,8.99197289,9.176245369
1769703_at,11.36508356,11.23395297,11.18408398,11.41565465,11.48578465,11.46450823,11.35852317,11.15078178,11.17505837,11.23452871,11.15362745,11.16921745
1769707_at,8.498651759,8.49888178,8.539590576,8.294386787,8.299303666,8.216362018,8.510538643,8.691015773,9.192278938,9.416732485,9.378456224,9.370959144
1769708_at,9.523854591,9.172382278,9.176730039,9.068770571,9.158820344,9.277781487,9.471563749,9.264495514,9.046633481,8.81410349,8.442718387,8.295678345
1769709_at,9.331461736,7.25578448,6.986326202,8.102960155,8.39056472,8.822833475,9.475654335,8.0412008,5.663268542,5.434588861,5.465444536,5.716157398
1769710_at,9.41298684,9.256378699,9.390460071,9.27465973,9.268961512,9.313952587,9.437374062,9.206704716,9.098375674,9.245884717,9.284968605,9.493203514
1769711_at,3.009904194,3.462720456,3.070316839,3.221855797,3.034519238,3.175359795,3.495605358,3.269044245,3.115104529,3.126628164,2.784564662,2.980463708
1769713_at,4.066002102,4.619362977,5.184052582,5.276629752,5.608237574,5.474853301,4.383820512,4.690328523,5.926847909,6.244062717,6.463983714,6.994350012
1769716_at,7.887429121,7.71131588,7.832279028,7.89897127,7.850196069,7.870835749,7.821304345,7.528346996,7.405257563,7.432691769,7.299230339,7.335215012
1769717_at,7.693371878,6.442978132,7.08902328,7.390472326,7.639822295,7.914110516,7.903315189,7.001732759,6.851098953,6.881131699,7.178002144,7.022599564
1769719_at,13.08393199,13.08399959,13.1,13.17851411,13.19962443,13.12090272,13.05904571,13.07165753,13.16054443,13.22879419,13.21963735,13.15884472
1769720_at,8.841096669,8.519826351,8.682775359,8.795566372,8.728040169,8.626308303,8.920663151,9.027355172,8.947337475,8.768935036,8.392337493,7.974672617
1769721_at,9.167097059,8.876276414,8.726699966,8.711071027,8.886393233,8.916861268,9.18192528,8.780608397,8.379044995,8.06326897,7.930298223,7.871404983
1769723_at,2.385563108,2.624222062,3.507994165,3.598503502,2.76517604,2.826574307,2.465205456,2.255955704,3.17403929,3.794995646,4.43189388,4.335730533
1769726_at,7.610374236,8.591399051,8.867057973,8.301210605,7.463097047,7.432000454,7.493054716,8.265749437,8.849478254,9.011281642,8.869269723,9.122518401
1769727_s_at,9.408020187,8.590977022,8.270037845,8.138378735,8.067634395,8.14013056,8.988415258,7.925654503,7.430720016,7.632430164,6.841710625,7.238526853
1769730_at,11.09658231,10.75724704,9.917594905,10.05497174,10.26688898,10.76716811,11.16790161,10.84746074,9.39048996,8.20994846,7.824970384,7.722397906
1769731_at,9.978834022,9.628331708,9.658088322,10.18034551,10.42125683,10.31898811,9.977071258,9.641386258,9.53515395,9.343436346,9.134171075,8.777597963
1769732_at,10.85968041,10.7057245,10.62267101,11.03205721,11.16683458,11.21089899,10.68702938,10.35566492,9.746983946,9.799442912,9.875200629,10.00623029
1769735_at,10.58774505,10.5502865,10.63991003,10.57219086,10.39462497,10.34204677,10.40595701,10.36749651,10.61451389,10.89927628,10.87019943,11.03926986
1769740_at,7.467432278,7.208328251,7.311656366,7.326490624,7.509528442,7.589495487,7.545937975,7.818668184,8.332636625,8.709171741,8.889254216,9.011978501
1769741_at,10.80890953,10.38245863,9.877833848,10.45218897,10.71983354,10.87487415,10.86729407,10.58684656,9.990748884,9.65643496,9.289093183,9.064348592
1769742_at,12.10674245,12.17133973,12.07543042,12.05907774,12.06813993,12.08103358,12.16115926,12.1014152,12.18565265,12.16381506,11.8247417,11.70980005
1769743_s_at,12.8900504,12.82393266,12.70094005,12.70235477,12.78252038,12.81225206,12.7840256,12.80283414,12.64309954,12.14202413,11.63933863,11.69338883
1769745_at,10.25946959,10.15973579,10.36258992,10.49017781,10.47829739,10.2788544,10.22070587,10.38031464,10.58687128,10.84368256,11.03759616,10.78812359
1769746_at,9.864027815,9.057342216,8.879636817,9.285237406,9.441863296,9.502433423,9.85604601,9.5726861,9.281590962,9.134922031,9.136600523,9.068469095
1769750_at,6.567640022,7.191187889,8.059908004,7.06272132,6.968565085,6.471665365,6.539968092,6.750328255,7.316908145,8.503501442,8.502075439,8.423696614
1769751_at,11.54563058,11.60135715,12.24840454,12.51443156,12.42672886,12.13162256,11.49067888,11.6111708,12.12523592,12.52609105,12.6604082,12.75119064
1769756_at,10.82775121,10.3373967,10.12212662,10.57971281,10.67444786,10.6408538,10.97072232,10.72410602,10.46906428,10.46734685,10.53191535,10.5123219
1769758_at,10.7050415,10.47253115,10.27026153,10.29002487,10.34254586,10.39156044,10.72999337,10.78875481,10.69835921,10.63943497,10.64141107,10.42036127
1769759_at,4.184828933,4.33489697,3.940480469,3.972497206,3.762547603,4.126156623,4.420789274,4.756264668,5.166333869,4.121601812,3.417460471,3.308827746
1769760_at,7.541988151,7.314549847,7.675368965,7.510013394,7.508597281,7.530240012,7.535883717,7.669356267,7.70941013,8.03399676,8.30624558,8.331518744
1769764_at,7.908765621,8.566039977,8.814210094,8.46904651,8.260652385,7.824892405,7.850551377,8.254893457,8.919563085,9.509644656,9.632256794,9.642362693
1769765_at,12.44182825,12.35192352,12.22788088,12.16974416,12.28068993,12.45686093,12.40112819,12.31809738,12.04105875,11.04139853,10.65215126,10.95817365
1769766_at,5.903903087,5.750450688,5.912619176,6.214342941,6.181223069,6.452928428,5.590366304,5.65404076,5.96061689,6.138608948,6.406049792,6.623345624
1769767_at,6.23242191,5.557784479,5.384643918,6.145513695,6.341465682,6.623630864,6.219502328,5.980855466,5.556085013,5.516020253,5.504897598,5.658063674
1769770_at,9.044752082,8.707057679,8.644630995,8.564546673,8.876968654,8.929054645,9.006659906,8.937468785,8.977874158,8.970123157,8.746038885,8.470747754
1769773_at,7.218118002,6.692851145,6.813356116,7.225868067,7.290612785,7.279525261,7.260700019,7.193975107,7.409568161,7.684789806,7.897605276,8.253739698
1769774_at,9.605406564,11.65885303,10.88225134,9.664735829,9.541009462,9.395535161,9.570055455,11.16780488,11.72259948,11.55045418,11.38957013,11.54805259
1769775_at,10.69877148,10.62143438,10.6132428,10.71275487,10.77188927,10.69213229,10.70298205,10.59726922,10.52670437,10.32527939,10.33697758,10.36588292
1769776_at,10.90686633,10.10747159,10.57370837,10.77150671,10.76176571,10.66653845,10.94236212,10.98388451,11.27227414,11.68983431,11.79892488,11.67580256
1769777_at,2.874216398,3.06993851,2.998964869,2.854359793,2.649992959,3.016310737,3.229940816,2.750703234,2.936289593,2.927739454,2.941510284,2.755522991
1769778_at,9.367474083,9.06396633,8.841734587,8.854397043,8.928736118,9.208035951,9.285806374,8.748262918,8.261078337,8.124482253,7.896316016,8.274979647
1769779_at,9.817117366,9.941997908,10.13052777,10.28938645,10.35574114,10.08845266,10.0504283,9.810918855,9.84617853,10.25446281,10.48312719,10.34744218
1769781_at,6.752202081,7.367238747,7.280315854,7.010344684,6.960528914,7.025038274,7.021375922,7.206040651,7.490128234,7.35538499,7.188241327,7.084856834
1769782_at,9.305389535,10.0275703,10.04757895,9.659298345,9.309554812,9.274930061,9.356231932,9.613097814,9.993657635,9.900030993,9.531422176,9.478861963
1769783_at,12.00389598,11.99941827,12.00803314,12.05845042,12.19373711,12.19607059,12.07157964,12.03551851,12.01244815,12.02828277,11.95888604,11.96030616
1769785_at,12.92912061,12.81802397,12.70337393,12.81059903,12.84915938,12.8851917,12.88272678,12.79102679,12.42452173,11.82907733,11.69512872,11.58356272
1769786_at,3.11756245,5.169028401,4.234407313,3.414669438,3.311181841,3.36527826,3.426173708,5.148292609,6.240759983,6.464298523,6.439768851,6.406914469
1769788_at,8.684699218,8.367141918,8.285694725,8.492927941,8.607462993,8.755370594,8.774663326,8.552036691,8.290416665,8.329119013,8.614771119,8.827141504
1769791_at,10.15477855,10.38516592,10.62859906,10.45201783,10.17332963,10.11545624,10.11142162,10.3660896,10.86730663,11.11873832,11.20405272,11.42626124
1769792_at,8.32241434,8.650213193,9.242598316,8.867906232,8.564987154,8.186110838,8.270112813,8.414204692,9.326184509,9.642376538,9.58550093,9.341815273
1769793_at,8.159383809,7.471128425,7.677866789,7.824310649,7.904013192,7.951435845,8.081058856,7.441067012,7.167388523,7.386156366,7.316123366,7.290519956
1769795_at,8.916855139,8.785856429,8.855023355,8.839758654,8.826548726,8.941900152,9.0526423,9.143247823,8.991190402,8.561253288,8.804198425,8.604074313
1769796_at,6.265331207,6.08206634,6.561990183,6.844425547,6.864089003,6.59778843,6.218853513,6.081151249,6.847997914,6.976086403,7.317236919,7.402244978
1769798_at,8.236059985,8.573195589,8.591154148,8.367420385,8.465845334,8.489689046,8.357768364,8.619823073,8.923381668,9.046221639,8.944938316,8.745193016
1769799_at,9.374465456,8.9378368,8.831257139,9.23518636,9.292307839,9.358535657,9.401764771,9.447126392,9.245733809,9.453062923,9.560400241,9.71255868
1769800_at,8.612331184,9.632392392,10.06516652,9.455541385,9.323365139,9.040575267,8.583649463,9.303057252,10.17727386,10.50354507,10.58400861,10.5877881
1769801_at,9.483954699,9.455722469,9.593118839,9.716148043,9.684832823,9.556457351,9.701929714,9.487465229,9.733927802,10.11226839,10.31302436,10.31694821
1769802_at,9.224008879,8.874707887,8.763834969,8.709941607,8.90525638,8.887194693,9.408539336,9.055790953,8.868182932,8.933506401,8.789723635,8.796255342
1769803_s_at,12.82620873,12.98875144,12.92988519,12.73976311,12.5106865,12.41429398,12.82570647,13.04563047,12.91854524,12.62632221,12.90395442,13.02586733
1769804_at,8.379395097,9.286343851,10.09447977,9.69828402,9.455566304,9.008365147,8.382327039,8.926508918,10.0225827,10.60870467,10.70428197,10.68630428
1769805_at,4.502834218,6.48668421,7.81178332,7.13663116,6.31805138,6.212281343,4.913174238,5.678231462,6.573001969,7.601311351,8.247852879,8.544484752
1769806_at,12.15170606,12.01629317,12.22992059,12.43816862,12.43409071,12.43379033,12.16004135,12.07785768,12.18452027,12.3054891,12.46623947,12.47120418
1769808_at,9.339175265,10.29181735,11.05350808,10.76716015,10.39903315,9.963318713,9.286895598,9.822928405,10.7188881,11.01405005,10.76479112,10.72079056
1769809_at,10.85598779,10.72625886,10.77777123,10.58282585,10.56406924,10.4370802,10.76416039,10.57283531,10.3896521,10.27519738,9.88613183,9.969234852
1769810_at,9.548426833,9.162206001,9.014999802,9.392666622,9.472767416,9.362857413,9.524243365,9.256999217,9.083908832,9.23998149,9.309270745,9.478171921
1769812_at,8.720357484,9.426374935,8.901457446,8.320170382,8.418110492,8.492142857,8.698661302,8.952699146,9.144437579,9.103745818,9.016402209,9.203195163
1769813_at,8.320211659,8.651794671,9.010304428,8.689779808,8.498932494,8.352300777,8.381051344,8.668570205,9.209717109,9.789568841,9.874947323,9.845614056
1769818_at,8.827754556,8.920362326,8.660316611,8.295755627,8.214611076,8.477057002,9.109858159,8.448767068,8.11308688,7.886177443,7.824433487,7.679652531
1769819_at,9.199110086,9.030845668,9.251815693,9.396321055,9.21637289,9.217257726,9.065544971,8.937474537,9.172427463,9.349669913,9.451050698,9.768356739
1769823_at,9.321871242,9.202703171,9.219528276,9.352612751,9.516069435,9.464716713,9.239199179,9.348396091,9.327753455,9.234184313,9.107359766,9.139675971
1769828_at,8.212065049,8.768047501,9.342135951,9.022024895,8.819181343,8.726033224,8.383939895,8.624128813,8.86201797,8.871331612,8.492934945,8.312081991
1769829_at,12.90501956,12.87282316,12.75158543,12.75912758,12.78593277,12.87079313,12.78786934,12.83068439,12.65204668,12.03849753,11.43682561,11.23081705
1769832_at,3.637744992,3.488216786,3.259265865,3.471200641,3.333813207,3.563703155,3.495605358,3.267142645,3.281214291,3.078682672,3.120790635,3.386413936
1769833_at,9.480327504,9.209393331,8.763834969,8.546975019,8.827289366,9.099348777,9.405135707,9.711379548,9.736479307,9.448306271,9.344508212,9.287884465
1769834_at,8.224437549,7.361395982,7.658803641,7.077159337,7.357002543,7.610029502,8.315319871,7.896963345,7.310414962,6.619915018,6.431331966,6.125371849
1769837_at,7.603184772,7.874375806,8.122485095,7.948041402,7.961770903,7.918884864,7.676378979,7.936390801,8.348322567,8.444764064,8.060017656,7.981861875
1769844_at,9.490945512,9.431009282,9.432759474,9.304969305,9.322931671,9.283876044,9.372580343,9.555452279,9.55855173,9.344104902,9.006071706,8.898024721
1769845_at,7.588598429,7.804954156,8.29624731,8.153735736,7.97325061,7.675181598,7.644807311,7.719163224,8.124276263,8.602542034,8.684610094,8.575521317
1769848_at,10.03115561,10.12712316,10.27626947,10.21023811,10.16652874,9.980348289,10.07854626,10.06995773,10.39466371,10.66897161,10.73735608,10.45495065
1769850_at,10.04920427,9.858940092,10.20426193,10.17529794,10.0353535,9.959196806,10.08717473,9.995643941,9.921412585,9.800594483,9.466968731,9.06220429
1769851_at,10.96217665,11.02790476,10.76547226,10.75765168,10.74301274,10.61779193,10.95664686,11.50027704,11.68765454,11.09980555,10.77497728,10.32720181
1769852_at,10.26273284,9.244747299,8.186853621,9.105262748,9.453058038,9.868118834,10.34227331,9.89352106,8.88499738,8.153641742,8.504556142,8.573100756
1769853_at,8.325666571,8.335051108,8.198193428,8.1107704,8.168761869,8.284010796,8.13917665,8.197140682,8.16030053,8.36537116,8.556456082,8.616725629
1769854_at,3.178362831,3.756016453,3.327887022,3.516163905,3.487637925,3.324389406,3.478864471,3.670733748,4.017035224,4.148935553,4.563173471,4.786985563
1769857_at,10.62007318,10.95790843,11.47862042,11.77801724,11.79432429,11.53118854,10.59330262,10.63324971,11.15063122,11.9573173,12.39749088,12.37476108
1769858_at,12.75192574,12.66961506,12.58599928,12.59309571,12.63730558,12.70771146,12.6813241,12.67080976,12.5372185,12.29751841,12.17937062,12.22801326
1769860_at,7.585778447,7.200082081,7.291278352,7.348638092,7.261328858,7.69301168,7.310908155,7.476577873,7.546936615,7.552582054,7.66891147,8.574342863
1769863_at,7.228185008,5.776841064,6.2135332,6.696088462,6.917478849,7.151880397,7.291497244,5.948137335,5.963993348,5.845570478,5.927684529,5.748753306
1769865_at,8.040146806,7.362790455,7.469738372,7.833921494,7.968570468,8.029378454,8.085960165,7.805962882,7.583766099,7.435928504,7.327147146,7.301454146
1769866_at,8.779115305,8.901979472,9.031410557,8.927266524,8.701956356,8.836905252,8.738817647,8.741569799,9.033629626,8.763005,8.822467327,8.4451013
1769868_at,8.162076828,11.05918956,9.514589546,8.518889031,8.652654517,8.550665547,8.324168813,10.26115603,10.08955322,9.264173718,9.201476478,9.583797847
1769870_at,9.933302815,11.66649577,11.51119059,10.9162542,10.43692846,10.1764266,9.996006102,10.87732375,11.56503266,11.66470782,11.5553353,11.6293191
1769871_at,10.32180942,9.309553106,7.946867799,9.30440951,9.555747565,9.941322839,10.46265064,9.875781421,8.752676096,7.813557203,7.730894994,7.801913706
1769874_at,8.203657554,8.658688495,9.003576665,8.816073136,8.714868847,8.404756624,8.31017198,8.824002067,9.553189382,10.11891382,10.31868819,10.42896823
1769875_at,8.902860699,9.300064101,9.41523088,9.262339702,9.287009631,9.087896601,9.08653221,9.415005521,9.943630622,10.3599577,10.6533863,10.47962042
1769876_at,7.054009228,6.335680648,5.968750028,7.02362936,6.838318515,6.911483642,7.124631312,6.170147514,5.752555496,7.041887824,8.102532168,8.611744422
1769877_at,12.12228953,12.10740349,11.94430082,11.97604395,12.04498775,12.11472922,12.07604313,12.01873247,11.80345829,10.96591957,10.58102151,10.6982784
1769880_at,8.580042411,9.10406947,9.289803962,8.949829765,8.963483878,8.876856319,8.58366975,9.221431892,9.755300869,10.0166383,10.13189608,10.25848282
1769885_at,11.16513897,11.17770915,11.35662809,11.46944047,11.52945898,11.56949517,11.15670922,11.02963899,10.9639553,10.90047772,10.48932347,10.52305958
1769887_at,11.54001704,11.49023064,11.39182889,11.3347505,11.34769922,11.4294972,11.53568801,11.43688769,11.26387171,10.83397354,10.79439634,10.83649456
1769888_at,8.241607413,7.903886685,7.984537427,7.908931798,8.051105932,8.118772969,8.226837535,8.235003148,8.261801348,8.285367066,8.441913561,8.293567678
1769890_at,12.04035716,11.21794828,10.02565449,10.97808785,11.40417498,11.73511095,12.05098409,11.54243771,10.41520804,9.057371432,8.963845657,9.22926307
1769891_at,11.63875,11.89630877,12.21824736,12.43345314,12.47510155,12.39742377,11.68060308,11.78755781,12.06342532,12.3327438,12.39542862,12.42997557
1769892_at,7.353660251,6.843660029,6.910617061,6.766862869,6.788336534,6.851185323,7.416435241,6.88722077,6.721842881,6.80031849,7.045121115,7.031816618
1769895_at,9.734003355,9.477861668,9.558778477,9.51209963,9.484330861,9.704690053,9.905091956,9.800124784,9.636326938,9.51322186,9.462162517,9.176943603
1769900_at,5.800524084,6.780229136,6.965154096,6.57351299,6.430322649,6.206334543,5.284322375,6.954703802,7.932222012,8.574340472,8.877503488,8.856356843
1769901_at,9.93302476,9.694990271,9.72999796,9.823546831,9.800142738,9.773579651,9.948609638,9.606422311,9.745506304,9.802828556,9.969881337,9.997273427
1769903_at,8.520419525,7.915951964,8.003884025,8.052154326,8.213178099,8.212685048,8.571505988,8.557598921,8.508517109,8.46576192,8.587105753,8.483228174
1769904_at,9.122299932,8.978636669,9.023783062,8.977837861,9.003078109,9.094382948,9.00168533,9.3043213,9.560511148,9.607219757,9.662689106,9.672712758
1769905_at,6.780645307,8.377423271,7.515703899,7.280731571,7.270446733,6.979304809,6.93884506,7.56933882,7.218563732,7.385323618,7.360727534,7.268252938
1769906_at,10.65232867,10.89174017,11.1678974,11.02507055,10.86212432,10.67140005,10.64706219,10.8568853,11.33433351,11.71986247,12.05795612,11.94585958
1769907_at,9.636923598,10.2543262,9.937649754,9.22650929,9.343568148,9.32610185,9.804227429,10.27136007,10.65799624,10.57072784,10.44213607,10.36155561
1769908_at,10.44908803,10.24636955,10.14263251,10.02923623,9.939016329,10.17919894,10.22913736,10.32495074,10.06441141,9.838857099,9.85092823,9.834377787
1769913_s_at,5.416333239,5.82071214,6.308401905,6.85555327,7.074028636,6.986287903,5.379315319,5.701019037,6.407140967,7.129240685,7.47394471,7.649720766
1769914_at,6.376849796,6.047179509,5.860581011,6.197001588,6.295712233,6.470766435,6.543391779,5.916535212,5.864673798,5.921956327,6.216454205,6.134318121
1769916_at,12.51291938,12.58093617,12.60232226,12.70850996,12.69046592,12.6224708,12.48541531,12.54550694,12.63466417,12.65630958,12.67532106,12.61320324
1769919_at,12.95797871,12.9162253,12.84429936,12.82379613,12.88405166,12.91410285,12.90735329,12.90632402,12.82754635,12.50497055,12.23664325,12.22294513
1769921_at,10.52922683,10.34303182,10.17295639,10.42706438,10.45943035,10.45714836,10.46566414,10.25873237,9.948291825,9.775622111,9.645027651,9.619921042
1769925_at,8.788281813,8.314672866,8.521926041,8.493230664,8.586305604,8.600053661,8.761603876,8.774495734,8.952849298,9.117009732,9.134561903,9.147138526
1769927_at,7.568748241,7.36689186,7.637004733,7.721003682,7.5848476,7.662451113,7.300420665,7.324280082,7.41815006,7.428396255,7.320894075,7.19520518
1769929_at,11.32438882,10.92097735,10.85302026,11.29100218,11.14900443,11.52449082,11.24803807,10.9841366,9.875952805,8.831618826,8.700148256,8.966618955
1769931_at,11.05216024,10.85956127,10.86320578,10.76670358,10.79790512,10.89552616,10.89498736,10.91043753,11.0012549,11.09631526,11.13942889,11.50032344
1769932_at,7.629135206,7.580330526,7.774876857,7.742489222,7.704652732,7.529515079,7.659244923,7.611278357,7.549319025,7.653246649,7.827739974,7.874773707
1769935_at,10.21562993,10.65628181,10.28329788,10.36173346,10.21625336,10.06842202,10.16885599,10.09816926,10.13335993,10.51291861,10.4685584,10.47114169
1769936_at,7.625822683,10.24569482,8.986246311,8.229183342,8.238954152,7.932252393,7.709490987,9.312570573,9.524339329,9.303163946,9.019937907,8.985492524
1769937_at,11.42531705,11.18545624,10.23530291,10.25460738,10.7239015,11.1003833,11.45305522,11.22147273,10.64566432,9.771438709,9.130243502,8.741557961
1769938_at,6.785221859,6.58025934,5.844720558,6.243602901,6.371463031,6.573702273,6.809768787,6.908512278,6.486003591,6.629526776,7.011618862,7.132307181
1769942_at,11.08965752,10.95815418,10.77349431,10.72395367,10.70442167,10.66820205,10.90319045,10.73101588,10.53751769,10.39228593,10.15072579,10.0908783
1769943_at,11.84573354,11.48479281,11.40955199,11.74698123,11.78781877,11.72262878,11.84079608,11.87003898,11.68303462,11.4512838,11.12512511,11.00669108
1769945_at,9.795074045,8.342026254,7.533106169,8.551357838,9.101439271,9.579516634,9.952447597,8.899806237,6.711113045,5.771324625,6.214550657,6.317110534
1769946_at,12.24419628,12.64388941,12.76177551,12.70004771,12.62068813,12.52030669,12.25406791,12.28497105,12.40279114,12.43773851,12.28704161,12.20260592
1769948_at,8.444736384,8.236625873,7.759472462,7.958287017,7.993702792,8.201818762,8.426156749,8.464958792,8.482335522,8.570227676,8.737221775,8.683276838
1769951_at,8.212394096,8.393257546,8.827864069,8.950895588,8.890153579,8.657195753,8.182911832,8.283963717,8.404309501,8.96876278,8.909780558,8.673631626
1769952_at,11.21921239,12.05583362,12.01065452,11.39083913,11.20269359,11.1792542,11.20646898,11.9559904,12.15954646,12.10965439,12.28364903,12.46786669
1769954_at,10.53402218,10.50802975,10.07731211,10.14419366,10.28324679,10.39581933,10.60311182,10.50635504,10.08953124,9.675998142,9.414206523,9.193648497
1769955_at,6.674880008,10.96295325,11.7261553,9.788968463,8.498492869,7.939057218,6.901684833,8.049452706,9.458954479,10.18644771,9.642101102,8.89116975
1769958_at,7.749380927,9.080851357,9.039567724,8.763558366,8.859951456,8.512372262,7.930145478,8.78916094,9.659822819,10.24391735,10.68964305,10.98814243
1769959_at,4.130718926,4.431551387,5.996944027,6.152372529,5.893302774,5.5947702,4.310825868,4.610171743,5.286250451,6.429147334,6.626975674,6.625763105
1769961_at,11.21443507,11.01633259,11.05860756,11.2234682,11.24032574,11.2382715,11.20802019,11.12178931,10.81206033,10.49287374,10.21870627,10.07812423
1769962_at,11.95767853,11.39963803,11.75353437,11.89520448,11.8554618,11.88567256,11.9829763,11.7031556,11.14292943,9.958502921,9.252517729,9.214167438
1769967_at,10.02589162,10.44818284,10.65471189,10.2901989,10.14351742,10.18624131,10.05822726,10.30657812,10.90621606,11.03989607,11.02332728,11.09974621
1769968_at,8.222940496,8.884563157,10.03442356,9.950950794,9.861286643,9.409431626,8.518914862,8.656321277,9.229969987,10.54341557,10.39611344,9.866608631
1769972_at,9.541459763,8.906039721,8.530232299,9.537027457,9.571702442,9.706675964,9.544271718,8.403511156,7.753290906,8.227650357,8.268054826,8.348082859
1769973_at,8.83640068,6.96698662,7.947848646,8.227210019,8.738058048,9.015378483,8.904884055,8.022785743,6.978780771,6.827363999,6.632087158,6.352602936
1769977_at,11.42552353,11.34780212,11.51997839,11.62083295,11.66581064,11.64241193,11.45082171,11.36778865,11.48608181,11.60644995,11.7787372,11.96942716
1769978_at,9.188861746,8.88701297,8.848549937,8.953280118,8.985901364,9.045812982,9.31313406,9.472340518,9.729797829,10.01049849,10.02156925,9.94887355
1769979_at,8.50246083,8.738933651,8.937866624,8.615636,8.690248966,8.563417376,8.682629914,8.803929453,9.197081259,9.445916437,9.624880636,9.577164863
1769981_at,9.809440258,9.946732676,9.973812787,9.765301516,9.64545339,9.675102452,9.973981677,10.2349714,10.50368868,10.70789215,10.87220185,11.05763543
1769982_at,4.473530963,4.232967831,3.775327374,3.943409188,4.669566036,4.806875443,4.506160386,4.300257702,4.38996149,4.134385499,4.024445843,4.015354648
1769986_at,6.448215707,6.790349164,7.458637823,7.655010182,7.619025599,7.45669676,6.808634384,6.452761047,6.730803501,7.944461967,8.545347428,8.466295472
1769988_at,10.21871693,9.545891799,9.606704309,9.906593009,9.507293214,9.502114767,10.32952646,10.09621232,9.70835749,8.922836633,8.15608623,7.265575795
1769992_at,7.555170358,6.939994066,6.942642965,7.285956292,7.403440874,7.398990662,7.739923577,7.393677588,7.275295434,7.465359074,7.451162707,7.362372027
1769993_at,2.938122345,2.932784511,3.215966534,3.229681104,3.132347158,3.155790418,2.865498507,2.986247501,3.441187554,4.008730997,4.080945273,4.494372661
1769994_at,8.088660472,8.148698184,7.918779996,7.748240495,7.818203856,7.829934724,7.878488803,8.342167516,8.873133351,8.970734344,8.969478416,9.046342481
1769997_at,3.161976212,3.383960631,3.753050869,3.996674897,3.855608304,3.299345792,3.27374406,3.075044616,3.151672393,3.708147677,3.889261339,3.52514829
1769998_at,8.336257357,10.52382742,7.478706152,7.206404414,7.075034013,6.979941806,7.857797053,11.03761715,9.865332975,9.155155272,9.582139535,9.869666867
1770001_at,8.437298569,10.31235977,11.20503238,10.94716513,10.72953193,10.13698156,8.382700184,9.335839583,10.63842963,11.71322252,11.71957601,11.3702383
1770003_at,8.637587324,8.183728298,8.260426366,8.496548359,8.564793766,8.476435261,8.910705337,8.908881757,9.296429703,9.69426122,10.04668374,10.06639979
1770008_at,10.25211941,9.069750635,7.316261196,8.573729607,9.223649927,9.632911004,10.12672262,9.443651104,8.300448132,7.170033016,7.279683947,7.66414234
1770009_at,9.294539544,9.724527233,9.946544925,9.378069344,9.236317196,9.119048127,9.288333006,9.977241798,10.83606684,11.08825163,11.30464983,11.39866706
1770010_at,10.11339552,9.983695071,10.0574376,10.0168283,10.01267887,10.0163026,10.16188336,9.976736365,9.500318548,9.123981396,8.824214673,8.779145498
1770011_at,8.633071089,8.19128141,8.291266881,8.325241229,8.378497369,8.313211343,8.709838625,8.71964497,8.707562573,9.02876855,8.983650192,8.689779808
1770012_at,12.20109487,12.32517076,12.58406104,12.54555198,12.31996307,12.19160913,12.29366539,12.34296277,12.65480316,12.76951974,12.73405397,12.79170827
1770013_at,4.001999239,4.898917124,5.93300421,4.855053452,4.908637395,4.880401487,4.071665842,3.945907508,4.898740764,5.085471578,5.044496073,4.94755843
1770014_at,11.82814604,11.72257959,11.72489483,11.74866053,11.80630803,11.79797324,11.84243704,11.65110148,11.63021207,11.37921826,11.65787963,11.45444051
1770015_at,2.320142028,2.374356913,2.682030065,2.762973344,2.544744036,2.615077973,2.756349282,2.495450942,2.769867679,2.583637349,2.955724874,2.682030065
1770016_at,9.52056712,8.857047178,8.467977519,9.109813598,9.291774131,9.297380548,9.587938249,9.202782482,8.788831146,8.963667968,9.194885119,9.271900792
1770017_at,9.683518789,10.28827,10.55826664,10.30637035,10.12439547,9.951459641,9.829194425,10.03609435,10.48549249,10.75747542,10.63912749,10.45542578
1770020_at,9.305419596,8.323312847,8.268001496,8.521633267,8.674226862,8.877127605,9.238523394,8.41871119,7.928020097,7.835652749,7.958013219,7.995458934
1770023_at,12.26907602,12.27133525,12.29661331,12.16816861,12.1145566,12.09773453,12.2446241,12.08174661,11.93040686,11.556037,11.05694471,10.48606185
1770026_at,10.57869756,10.56380694,10.5682173,10.69822931,10.67031751,10.53750475,10.66194456,10.52950439,10.56465928,10.58033965,10.70877958,10.46179843
1770027_at,10.81819311,11.00121327,11.1796652,11.18685612,11.09065299,10.95300239,10.8579816,10.95020658,11.12433634,11.37480503,11.51115546,11.57700588
1770032_at,8.391877132,8.812686092,8.223695753,8.243408947,8.302388501,8.354847583,8.331733231,8.412733616,8.507695271,8.724852533,8.998593719,9.280155398
1770034_at,10.00840065,9.859641413,10.28423753,10.22935476,10.15025834,10.15486375,9.951166576,9.931547936,10.0703336,10.01485365,9.721521477,9.858247309
1770035_at,9.434382735,9.579911637,9.844392232,9.7590911,9.591068991,9.448727285,9.468737564,9.436858396,9.664550528,9.791948772,9.779933378,9.526833869
1770036_at,9.334280917,8.998326129,9.365891325,9.454727402,9.311839641,9.441341819,9.394576161,9.374717023,9.540370595,9.6849313,9.63996201,9.416186117
1770037_at,10.74767648,10.61724347,10.69070058,10.55252409,10.58400774,10.59964224,10.85648088,10.7344921,10.68301632,10.55903026,10.46098468,10.22186354
1770039_at,9.654316259,9.869356619,9.591137227,9.371904989,9.573009359,9.598570933,9.677510008,9.736578186,9.641058882,9.614868142,9.756580219,9.65726438
1770040_at,11.06343408,10.95108204,10.87918902,11.12547913,11.07470917,11.09039499,10.91357492,10.68589382,10.30437402,10.25446281,10.29846841,10.64979419
1770043_at,11.49275762,10.40581198,9.299894404,10.28182583,10.60619317,11.07176902,11.50266758,11.02258849,9.733790277,8.754902058,8.861966218,9.258405344
1770044_at,11.33390616,11.22618187,11.18954118,11.2274781,11.28609921,11.2454023,11.35872909,11.19125475,10.98645157,10.71766029,10.41894452,10.09818417
1770047_at,10.58632522,9.942248349,9.388779402,9.787959675,9.972816107,10.18875002,10.63601322,10.44760685,10.07814926,9.759275057,9.745933871,9.999102549
1770048_at,8.141362373,8.331573504,9.358121057,8.975346191,9.011838912,8.564800536,7.970705386,8.483897088,9.738255895,9.900144824,10.01582859,9.9820054
1770049_at,11.32315404,11.48672071,11.79506599,11.48513247,11.19008262,11.0698378,11.27564919,11.7041426,12.22969588,12.42564474,12.33983295,12.29275502
1770050_at,9.576641513,9.717334138,9.686391185,9.485526321,9.516609716,9.499676488,9.840895968,9.703300286,9.561912065,9.343787289,9.327973718,9.350372865
1770054_at,7.483321624,7.007997724,7.35003139,7.589555494,7.640266066,7.672621781,7.304309321,6.963943912,7.020823731,7.202835523,7.109002783,6.796002702
1770055_at,5.364637954,6.768665263,6.913873304,6.25742043,5.995740389,6.122308347,5.879331253,6.012189923,6.41820487,6.580708637,6.555631293,6.480340363
1770056_at,8.150699549,7.848232022,7.763500608,7.77460687,7.712508521,7.830654607,8.173564565,7.901841841,8.053636733,8.228104027,8.313245141,8.338328663
1770058_at,10.84948424,10.7929343,11.11202044,10.8738047,10.74302382,10.68978677,10.91189246,10.86133156,11.27089149,11.50402599,11.6815226,11.80352702
1770059_at,8.884471332,8.760464477,9.000520465,9.24980279,9.187492712,9.101887495,8.93430606,8.828868798,8.980018088,9.063452707,9.019105653,8.763558366
1770062_at,10.22900299,10.20606585,10.31257812,10.34994693,10.34976179,10.36591816,10.18930091,10.14320475,10.30312284,10.59413622,10.69799479,10.72286104
1770063_at,10.78131296,9.988591432,10.00910812,10.09206674,10.14740974,10.32439987,10.76685882,10.49295045,10.2871593,10.23408469,10.25416752,10.14665941
1770065_at,12.76144771,12.69605288,12.69723193,12.72696527,12.7142788,12.7218349,12.65232684,12.64389726,12.68104138,12.64615085,12.65519995,12.68139245
1770067_at,8.292630294,7.875985498,7.865573112,8.186447074,8.259015409,8.2068924,8.511546465,8.216148442,8.028420917,8.098540724,8.098706341,7.826057617
1770071_at,6.188939779,6.218600989,6.13027149,6.507327886,6.736906212,6.798016597,6.187036802,5.835264814,6.022831277,6.208089507,6.361698105,6.784388233
1770072_at,10.78577542,10.7649143,10.52382158,10.94411139,11.04401476,10.87234041,10.91815085,10.74895814,10.48961889,10.58854501,10.6628389,10.3801364
1770073_s_at,4.20383956,4.717888787,5.644680133,6.23938107,6.53134711,6.352249184,4.703430824,4.729895076,5.610035708,6.121346451,6.90371395,7.179287614
1770074_at,9.159081688,7.858304031,6.84679689,7.844791571,8.124841387,8.575299696,9.041602228,8.707130771,7.80554602,7.275454538,7.497994128,7.934247912
1770075_at,9.075898133,8.759957686,8.801650325,8.763083881,8.94651217,9.038420111,9.090281064,8.694772517,8.557445816,8.415304586,8.224996061,8.200157282
1770079_at,10.82137205,10.80924169,10.55796742,10.57206234,10.79933001,10.8529188,10.82386408,10.87471197,10.73408549,10.48571231,10.52435985,10.63473984
1770080_at,8.778741041,9.185397988,9.539513912,9.61872971,9.397586076,9.132316781,8.71288537,8.726622853,8.956969463,9.044864746,8.907220935,9.107265142
1770082_at,12.46114967,12.33871548,12.19296687,12.16635274,12.28337173,12.3456709,12.42457107,12.35616316,12.11142478,11.68407037,11.67571027,11.75075526
1770084_at,9.100191245,8.088761406,8.392049259,8.646333878,8.482359417,8.509946549,9.057468569,8.354872274,7.720226659,7.159693616,7.180490666,7.057304954
1770087_at,11.46424085,11.44136312,11.50127295,11.65147071,11.77910944,11.80090572,11.55662177,11.387639,11.33800091,11.44790007,11.56153659,11.5408366
1770088_at,5.940048048,5.876017379,6.386365217,6.09847187,6.125991029,6.139456199,6.217996074,6.122829055,6.302500875,6.794746665,6.51444594,6.341397644
1770089_at,8.056130612,7.438294589,7.294016466,7.680079408,7.93252431,8.109769535,8.088458151,7.960210973,7.784133925,7.889325048,7.875653931,8.166197921
1770092_at,9.491199874,9.121781083,8.857009184,9.058737195,9.220672597,9.324677964,9.497727219,9.472639358,9.2763341,9.047266198,8.941259894,8.607173441
1770093_at,8.438405127,8.975492236,8.962558213,8.962233441,8.974469299,8.684245279,8.604012809,9.001470131,9.263342513,9.343195539,9.373951901,9.105715701
1770095_at,9.203106766,8.912546939,8.968486953,8.992743618,9.097209278,9.275290261,9.031086087,8.903788497,8.759293257,8.809650922,8.929417772,9.123380135
1770098_at,11.77098536,11.51916241,11.6115605,11.5714552,11.35702519,11.387983,11.73984335,11.78788845,11.96491714,11.94108584,11.97152773,12.14764052
1770099_at,11.58239997,11.61803218,11.91837414,11.70098707,11.38919814,11.24312474,11.45825797,11.73792077,12.18657979,12.35129728,12.45285049,12.42735437
1770101_at,8.630920684,8.212169164,8.146586205,8.37715911,8.342266096,8.468905831,8.623236847,8.540311199,8.352741341,8.099901495,7.89044162,7.667950517
1770102_at,7.936197526,8.135058901,7.68431067,7.479494718,7.378833813,7.609480108,7.964253485,8.337716091,8.710582351,8.811337516,8.89055595,9.009371521
1770106_at,9.744234375,8.433550176,7.562175006,8.553709478,8.923637142,9.246181843,9.631006575,9.051174837,8.076767218,7.398922229,7.44233042,7.622350343
1770108_at,8.99804287,8.659294558,8.612639725,8.802703446,8.761154934,8.813488585,8.91106274,8.965660586,9.177360604,9.223142696,9.410880387,9.57208964
1770109_at,11.93109075,11.81924387,11.41963912,11.66064213,11.82944099,11.92445049,11.79701624,11.59831753,10.71130529,9.794953502,9.83182612,10.13104097
1770112_at,8.37588529,7.506195205,7.546394785,7.793347429,8.018849082,8.239125788,8.520834102,7.864725649,7.395431298,7.330284835,7.355471467,6.961730273
1770113_at,11.11350103,11.00570037,11.01787348,11.02143393,11.065093,11.01871012,11.20014512,11.08785829,11.13155733,10.96111858,10.88579282,10.67528276
1770114_at,8.538593326,8.576086673,8.575096965,8.21202842,8.238147937,8.317507062,8.488009928,8.820535344,9.220075483,9.306773379,9.365745068,9.404121608
1770115_at,6.829914996,6.377635127,6.782961009,7.022175049,7.100747516,7.107581057,6.931841796,6.953556701,6.788592804,7.072684387,7.037739767,7.205647276
1770116_at,11.20396749,10.8872996,10.73013941,10.87535028,11.01196987,11.07588164,11.41380058,10.93622087,10.60813418,10.53996442,10.77142588,10.44302188
1770118_at,2.707558136,2.944710996,4.360568796,3.843276112,4.138281035,3.571292717,2.904876363,2.958780941,3.220285615,3.506955169,3.31970964,3.028492554
1770120_at,8.625528491,8.686658333,9.477156247,9.532952052,9.489683241,9.258531279,8.767334917,8.763342242,9.165186963,10.26406303,10.50573502,10.29036839
1770122_at,7.120900528,7.040650268,6.880199854,6.759376824,6.739924286,6.960483453,7.009115952,7.449805367,7.818942064,8.067754695,8.153360771,8.055912839
1770123_at,8.395138871,8.357041581,8.833644479,9.419119077,9.646635934,9.898515323,8.298433671,8.109544103,8.148215327,7.961085829,7.788825852,7.820362814
1770125_at,4.310454223,11.38002698,11.93459296,11.03730983,9.248380648,7.200219645,4.255660063,5.479321046,7.647747272,7.98286866,7.792640396,7.915054452
1770127_at,7.537031112,7.224660845,7.322233361,7.410556719,7.434540771,7.439611684,7.703164208,7.560204333,7.614819477,7.709994907,7.613598078,7.574034043
1770128_at,8.429044012,7.932910315,8.472446799,8.45847524,8.139190765,7.881751591,8.626516931,8.777674433,9.135410924,9.379709466,8.979176384,8.467801606
1770129_at,9.509193798,9.546262882,9.238972044,9.279915483,9.340189954,9.451081936,9.473534077,9.508206423,9.690612517,9.771767516,9.867119756,9.813912461
1770132_at,8.940374929,9.149694974,9.423750872,9.368621187,9.274231618,9.214442146,8.861889732,8.826614851,9.245528325,9.589623614,9.579747637,9.720017731
1770133_at,7.415386288,6.724621389,7.100881849,7.552431802,7.702030038,7.671660335,7.482823564,7.26607627,7.031164109,7.298021521,7.187208429,7.21571982
1770134_at,7.807724915,7.604723986,7.625588716,7.705416154,7.93451069,7.92404119,7.773359277,7.839975186,7.525296711,7.534197379,7.621563024,7.865019723
1770136_at,12.89173622,12.89725086,12.81105251,12.82224761,12.81752085,12.88014838,12.80270773,12.84483813,12.67242996,12.10477767,11.86946109,11.97395023
1770137_at,3.553937182,3.242419674,3.615294357,3.752860117,3.649687684,3.324389406,3.338086518,3.289909011,3.557767158,3.674206895,3.939974226,3.806809383
1770139_at,11.67044416,11.50426375,11.42882507,11.46143768,11.64489066,11.61741835,11.82397614,11.55795228,11.39270607,11.61061544,11.74462969,11.52279153
1770140_x_at,8.986354523,9.041557674,8.820496013,9.046623118,9.002356303,9.159536688,8.742379791,8.38738933,8.043346948,8.140253115,7.942536008,8.160985159
1770142_at,5.392066626,4.80981394,5.036585246,5.424785946,5.655978196,5.737219464,5.581005024,5.189067503,4.986827929,5.108983503,5.079388263,5.058326047
1770144_at,7.222176197,6.752275669,6.447421194,6.784640804,7.298049968,7.494689353,7.459542092,7.402490523,7.39372347,7.659603665,7.783629699,7.717191382
1770145_at,11.0391095,10.95658469,11.16869943,11.46842538,11.60036795,11.64972686,10.99607258,10.51535328,9.869171673,10.22556532,10.24614358,10.29233793
1770147_at,10.10900513,8.515367607,7.823353094,8.783299272,9.175783978,9.592488735,10.11775897,9.507500997,8.3700709,7.99379301,8.286917486,8.613158646
1770149_at,9.195606298,9.843182467,9.62321617,9.080503045,9.12058937,9.056082354,9.263318231,10.1361504,10.48747344,10.54744914,10.72754655,10.90188827
1770150_at,8.819214544,8.634920747,8.552123361,8.52653448,8.76156084,8.801054923,8.794241305,9.007507476,9.214804147,9.321182365,9.504517877,9.844290679
1770154_at,9.669865041,9.167979185,9.216500614,9.437535693,9.451664063,9.552261797,9.556067019,9.738268308,9.909979141,10.25473006,10.53217842,10.80023198
1770155_at,12.37496219,12.33962026,12.18183109,12.22481661,12.23976468,12.25222667,12.2062982,12.17453652,12.01300043,11.66740506,11.37270422,11.27546146
1770156_at,10.39811848,10.2595665,10.12307065,10.21827953,10.25969696,10.1972818,10.39511017,10.25433246,10.44257386,10.7530904,11.02386774,11.27657065
1770157_at,10.74158109,9.95052355,9.051223991,9.644102769,9.97336307,10.30604321,10.62411601,10.17512693,9.33654105,8.66269502,8.877103283,9.166217606
1770159_at,9.297397051,9.334646271,9.49699412,9.481764729,9.407046888,9.309530149,9.324736,9.359179248,9.382095342,9.386773403,9.376831342,9.321854836
1770162_x_at,5.459052892,5.671877179,5.55903949,5.926972162,6.032301332,6.053262514,5.363118871,5.382446391,5.672397581,5.886099805,6.127649154,6.229408499
1770166_at,7.887433652,10.11949144,10.14711376,9.218774225,9.181635055,8.747007317,7.962948921,8.994705076,10.2584045,10.832469,10.38776169,9.842656573
1770167_at,12.43601269,12.48438763,12.42760541,12.55485326,12.50659433,12.54492376,12.43075602,12.30919917,11.98057402,11.73683843,11.74130202,11.85221271
1770168_s_at,8.761193276,8.07943632,8.034497679,8.1493856,8.076577589,8.235650648,8.608155316,7.88199947,7.25713838,7.262412718,6.959464968,7.249188607
1770170_at,7.518923379,8.055079849,8.351333223,7.89887206,7.78368194,7.498453458,7.550266201,7.910018359,8.763745693,9.475816556,9.792432252,10.07990692
1770173_at,13.07621579,13.03226461,12.89794255,12.8389891,12.97445167,13.05318154,13.09259915,13.04449747,12.43485082,10.72332324,10.30912109,10.70752095
1770178_at,7.64573794,7.865406182,8.081837044,7.968610943,7.85360836,7.843831881,7.624961991,7.978328961,8.360604994,8.330016321,8.007224518,7.786114121
1770179_at,7.311354297,7.276817025,7.203455998,7.624778633,8.186421773,8.427005378,7.340217171,7.068107026,6.720751476,6.291939033,6.080984842,6.107199667
1770182_at,5.656426364,5.782088104,5.874639884,6.111428968,6.170829969,6.384111053,6.097314715,6.089672246,6.273408054,6.296082688,6.67701161,6.833726997
1770183_at,8.427634553,7.556436844,7.781732494,7.909989792,8.081884416,8.255936009,8.388183208,7.813953222,7.469942672,7.357356618,7.298440478,7.305374607
1770184_at,9.022585886,8.243880623,8.359841277,8.445229655,8.662848866,8.77850158,9.104045753,8.67488427,8.293399115,8.059264268,7.817170865,7.72729358
1770189_at,4.308606613,6.057580907,5.821876322,4.733184306,4.567806024,4.616904561,4.405865173,5.834308428,6.328167903,6.499627348,6.224546964,6.227637847
1770191_at,8.203324813,10.06501511,10.58801157,9.725861109,8.706956945,8.407043948,8.188720354,9.88504081,10.76758105,10.86691452,11.11315886,11.4236084
1770193_at,8.373318547,8.481547397,8.618128156,8.18492297,8.033334112,8.095946661,8.575618222,8.535973265,8.483228174,8.149285876,7.974865635,7.981579404
1770200_at,11.17189772,10.12941726,8.975191327,10.06828452,10.38858798,10.73725728,11.14822289,11.00534632,10.03733407,8.810276567,8.931567724,9.422141357
1770201_at,10.69331545,10.67935185,10.97884695,11.07260003,10.92860238,10.74929555,10.69692036,10.72137481,10.93104516,11.13608947,11.18976062,11.35720624
1770202_at,7.968616907,8.571956043,9.369949308,9.076572667,8.675565084,8.292801153,8.043292653,8.286654252,8.785693471,9.526053868,10.766087,11.12614776
1770203_at,8.733727972,9.114230493,8.911829635,8.874739984,9.003691717,8.825699507,8.773757541,9.065213621,9.379996106,9.682239728,9.915499941,9.855604498
1770205_at,10.19363671,9.400412907,8.136671025,8.925507475,9.374212869,9.735223451,10.08760103,9.77258234,9.01283117,8.121447292,7.795555489,7.848593493
1770207_at,8.790355426,9.008677725,9.319103888,9.169939724,9.064079646,9.103543508,8.905545615,8.882693696,9.16719616,9.131113578,8.994719017,8.772593074
1770209_at,9.745791553,9.779165287,10.25355028,9.963289912,9.719537557,9.732349585,9.914144572,10.02555289,10.1337131,9.941700182,9.80963048,9.92292212
1770210_at,11.92932791,11.78762536,11.82624832,11.98954418,11.96416072,11.98115142,11.8049189,11.68024609,11.31592163,11.21242222,10.77225848,10.88349803
1770211_at,8.391360156,8.570394412,8.682894841,8.456568171,8.426656684,8.344243722,8.308598396,8.5861605,9.201153627,9.686579926,9.766384761,9.695781781
1770212_at,7.270879774,7.697851404,7.958059167,7.60226952,7.591154775,7.295181537,7.614561538,7.843528856,8.230006197,8.524073844,8.585477914,8.427991949
1770213_at,9.662474808,8.513180941,8.920642926,9.175498805,9.409841412,9.636324588,9.833637226,9.237048605,9.226462492,9.643865705,10.05565554,10.26802714
1770216_at,9.419724502,9.277668058,9.399605452,9.398125036,9.388241678,9.457213094,9.64156514,9.873778229,10.22148439,10.4938333,10.79783832,10.86286592
1770217_at,9.440354216,9.20891496,9.057442536,8.924093873,9.045954413,9.137014237,9.389479591,9.560365444,9.83002537,10.0628815,10.21974264,10.13623701
1770219_at,8.340541402,6.693496511,7.370592341,7.91317591,8.176692864,8.318878148,8.503638589,7.67545916,7.447878629,7.838107788,7.962295571,8.094970163
1770221_at,9.382121442,9.031997251,9.004289131,9.11491082,9.184310015,9.390393014,9.334692402,9.21894423,9.167546484,9.147712957,9.093623385,9.275061876
1770226_at,8.876755985,8.63035251,8.849776794,8.809596087,8.843102223,8.736768579,8.907918761,8.748922342,8.724765472,8.988200513,9.114447416,9.290120834
1770227_at,5.741557077,5.629709906,5.945384068,5.818583488,5.944542689,6.03128112,5.927285356,6.229220368,6.528997555,6.861772907,7.033576688,7.300861628
1770228_at,9.626218281,9.307278588,9.203315099,9.366439685,9.19992528,9.406264198,9.714497687,9.473004756,9.103598803,9.226748972,9.271156331,9.099102848
1770230_at,3.572336481,3.724348879,3.981226293,3.642575289,3.957613564,3.848369028,3.88956486,3.508924482,4.029145411,3.868399401,4.22513902,3.661185042
1770231_at,9.941497339,9.184824276,8.452127926,9.363760213,9.623264661,9.777849142,9.938439768,9.902208078,9.173440288,8.717814902,9.000714017,9.272481247
1770236_at,8.801989015,8.593405737,8.489998671,8.759012258,8.942923426,8.950528487,8.842107092,8.624789261,7.995903512,7.864972453,7.467172044,7.256544965
1770238_at,8.407795651,7.851091737,8.119481815,7.944485349,8.026736007,8.012275631,8.231020081,8.187568577,8.230388307,8.395590167,8.361471214,8.239909248
1770239_at,7.894220059,7.321436888,7.350746114,7.623424664,7.791396385,7.850910133,7.863283205,7.415469209,6.763806491,6.560802831,6.452640823,6.470609239
1770240_at,10.10981719,10.02141711,10.45279898,10.69168905,10.6507433,10.5889772,9.911548111,9.669769188,9.33376112,9.164610367,8.93904529,9.103576446
1770243_at,9.5346638,9.015245565,9.014590845,9.033574546,9.171477618,9.242446518,9.392501073,8.74630454,8.693269321,8.862929279,8.704241258,8.689604747
1770245_at,9.140244101,8.62187056,8.693050983,9.075210097,9.016139928,9.053239038,9.138538598,8.946498405,8.947291628,8.938169264,9.010103786,8.787080191
1770248_at,8.306554515,9.081071166,9.273983999,8.860896838,8.737199213,8.556377358,8.249982441,9.04451173,9.878168884,10.14085462,10.16257754,10.06725016
1770249_at,9.172062958,9.79569642,9.514289648,9.408356991,9.411317783,9.298501258,9.090388273,9.355918892,9.179893884,8.6662995,8.538219499,8.789873389
1770250_at,11.96508939,11.92032008,12.14435448,12.29203857,12.37817671,12.29032278,11.99278826,11.78634623,11.68162062,12.02209152,12.24179841,12.18626481
1770253_at,7.827309381,7.702969246,7.863799421,8.012813571,8.156592273,8.09015721,7.809098528,7.87614029,8.009041335,8.157873475,8.351586797,8.274452651
1770256_at,11.1640303,11.20064492,11.17602941,11.22604817,11.12428888,11.11559977,11.02754567,11.09148522,11.12247821,11.15132856,11.33508498,11.48961006
1770257_at,9.886599004,8.683819543,8.402153932,9.037605793,9.29069487,9.632415643,10.02946522,9.541332019,8.443992931,8.062210978,8.105797886,8.344123132
1770258_at,12.84015233,12.80968422,12.70148262,12.63408928,12.74875824,12.83150085,12.80143936,12.73759824,12.37849993,11.58023736,11.08279934,11.18607794
1770259_at,8.534295849,8.772152725,8.824789407,8.489962188,8.414615718,8.376420752,8.519242659,8.678466722,9.385300824,9.884366102,9.84796645,9.75891421
1770261_at,2.708056452,3.118511416,3.063910945,3.001877766,2.8127249,2.979061404,3.104853175,2.979061404,3.062451623,3.255701928,2.979061404,3.881028867
1770263_at,8.760523436,8.20382356,8.402786059,8.296817771,8.358788513,8.37979224,8.732336854,8.371527874,8.16957127,8.110077032,8.059485679,8.004878022
1770267_at,9.013216713,8.954257055,8.261424713,8.429911712,8.686438091,8.774660156,9.120929284,8.975817636,8.711026494,8.530113968,8.482288324,8.393810932
1770269_at,8.828872314,8.4047888,8.805987353,8.918458119,8.64860418,8.825535497,8.670656312,8.238137105,8.346519097,8.353423601,8.204405944,8.381458616
1770271_at,8.647290157,7.712129566,7.957223284,7.977979765,8.234880177,8.232511949,8.66172223,8.268232147,7.805325722,7.773124989,7.686647726,7.632158586
1770276_at,10.2557323,9.258223953,8.401679744,9.469004271,9.713226757,9.969676112,10.14731381,9.883193243,9.284319654,8.849780047,9.128805128,9.323150257
1770277_at,9.308955308,9.257741696,9.135048348,9.257437074,9.247348617,9.254900463,9.42912405,9.140980726,8.844841609,8.795197686,8.81663826,8.847849794
1770279_at,12.29447582,12.28292687,12.37179481,12.5630938,12.48635064,12.28166725,12.25174012,12.63092187,12.90742406,12.92031147,12.83552846,12.8632952
1770280_at,9.021643009,9.211932057,9.311685053,9.168582222,9.002554258,8.961422538,9.004602936,9.296522378,9.816778373,10.08300706,9.941924385,9.899641483
1770281_at,10.07617544,9.627386363,9.528920024,9.583663447,9.836214847,9.997370396,10.13951248,9.845123736,9.734118938,9.520620946,9.412834856,9.451479902
1770284_at,12.86855332,12.79668353,12.76815109,12.74045502,12.78977786,12.8608283,12.78009695,12.78332568,12.68006172,12.21594023,11.21515826,11.34667692
1770288_at,5.249697312,5.547913306,5.892010909,5.87475806,6.323300102,6.113307305,5.336397628,5.366448324,5.935336086,6.250000971,5.931459978,5.740843809
1770289_at,8.898438453,9.104830734,9.254053984,8.747309557,8.525971858,8.434009905,8.88474306,9.383039375,10.2094672,10.5958046,10.75466555,11.06908527
1770290_at,8.110476642,8.373384245,8.371681461,8.263316038,8.21469874,8.229780871,8.301838396,8.086276362,7.959909383,7.758715448,7.571789208,7.420365879
1770292_at,10.36741903,10.30370845,10.13256903,10.32495407,10.37417146,10.58570456,10.24494522,10.00983106,9.55923576,9.401533029,9.370385405,9.56708264
1770294_at,9.417561643,9.106777803,8.896964655,9.247498894,9.433152836,9.415433801,9.391633373,8.921652753,8.384905864,8.3077957,8.43340324,8.593992005
1770297_at,10.48957569,9.01650598,8.220377997,9.186516339,9.583417826,10.02059508,10.53820854,9.736098609,8.140247399,7.34199066,7.28090255,7.43188689
1770298_at,11.33412944,10.62295709,11.08803396,11.34022838,11.14506703,11.37963463,11.18170848,10.78744353,9.673815727,9.019854626,9.165473196,9.738983784
1770300_at,7.881399189,7.739355811,7.984092074,7.699428214,7.660085217,7.93140456,7.851594965,7.946067645,8.103688364,8.318866422,8.485867004,8.521702605
1770302_at,6.620594897,10.59713631,11.72452467,11.0138293,10.45044574,9.613683884,6.607639306,9.527164197,11.61653173,12.93001329,13.01767619,12.9481005
1770303_at,5.164995283,4.916985154,5.39872094,5.487847779,5.106108071,5.056673754,5.209349462,5.448157682,6.117350301,6.269389033,6.375255066,6.659325008
1770307_at,10.51465058,10.35900576,10.36415752,10.66924378,10.1041086,10.23640193,10.59333867,10.54966648,10.61795558,9.270604928,7.844528484,6.744704003
1770308_at,7.566044243,7.60596316,7.774271477,7.599912455,7.647975025,7.511734081,7.491044866,7.597925731,7.783018171,8.264346821,8.473327774,8.611167092
1770311_at,7.808520696,8.691760001,8.928204627,8.471592414,8.472501345,8.396137474,7.942148221,8.2566035,8.391997565,8.05377793,7.301638892,7.280948487
1770312_at,6.45665598,6.564142494,6.665849271,6.554394763,6.375357356,6.349458337,6.468160494,6.56013796,7.032426313,6.921395201,6.779826519,6.837460423
1770313_at,8.65923723,8.858022182,8.955756112,8.79168765,8.699820667,8.568464017,8.80950972,9.056582474,9.326357751,9.54000702,9.580478213,9.515123254
1770315_at,9.867826383,9.945488959,10.06129101,10.00792429,9.906795116,9.902480622,9.940381118,9.78127462,9.694149888,9.393496851,9.118472995,8.900393642
1770317_at,10.86947205,10.1021649,10.770745,10.5163046,10.64293536,10.82070573,10.77336436,10.5107989,10.08135433,10.00940345,9.684801611,9.579355282
1770319_at,8.16704184,8.302252637,9.106169164,8.602969138,8.561289084,8.206330873,8.339253062,8.463950244,8.777655389,9.208931993,9.48355411,9.23921303
1770321_at,12.04137462,11.85371173,11.98023356,12.16911935,12.1242551,12.17848097,11.91903586,11.69181245,11.53016937,11.49551968,11.22056269,11.15146004
1770323_at,11.24199559,11.49018649,11.68277634,11.34066483,11.00616963,10.94097926,11.17024597,11.56917583,11.94521231,12.14841527,12.07197644,11.97842828
1770326_at,8.324427888,8.126928748,8.124668929,8.276378942,8.413011025,8.316327452,8.414276938,8.233270462,8.161358984,8.295950473,8.422516408,8.739506288
1770332_at,8.606658478,8.716048166,9.030241464,9.039064979,9.001338713,8.755709812,8.492222257,8.579460637,8.990660062,9.38686517,9.543645971,9.766929543
1770333_at,9.886003497,9.813417675,9.905382311,9.850546296,9.917047084,9.914046112,9.97687645,9.948161288,10.25057205,10.31626544,10.34506261,10.10797921
1770335_at,7.918452452,8.671344157,8.852965075,8.632100679,8.471684777,8.142213708,7.913877793,8.789477382,9.565823786,10.15036809,10.44238029,10.61210267
1770337_at,8.235177705,8.644782461,8.731765082,8.254981012,7.993489105,7.908858047,8.229150651,8.757851487,9.401804858,9.622342237,9.625121587,9.716225064
1770339_at,12.05405436,12.0837759,11.93860627,11.82263664,11.80553077,11.91198276,12.0593171,11.99589972,11.58203773,11.1733169,10.55770919,10.38235409
1770340_at,7.994249917,8.584050126,8.036125694,7.927901694,7.88282837,7.522611903,7.994249917,8.446349833,8.879021742,9.250105208,9.259593497,9.04098995
1770342_at,8.112924511,8.005741782,8.17478932,8.152057829,7.909828868,8.027090992,8.240421904,8.26501001,8.858616822,9.175834554,9.078363255,8.892343447
1770343_s_at,6.736090915,7.887422818,8.567289769,8.150450593,7.771288955,7.798714743,6.721086328,6.894543275,7.765095937,7.821450317,8.028481953,8.280868453
1770344_at,11.41412367,11.3952642,11.39049753,11.31224693,11.25840698,11.30105375,11.39404163,11.46404969,11.33379926,11.24171795,11.0325333,11.04880457
1770345_at,10.29709756,9.97872741,9.998726103,10.20814085,10.31738351,10.43433476,10.24635551,9.928903371,9.6787923,9.43067044,9.118298819,9.305159365
1770347_at,4.875914395,6.183412256,5.849606728,5.473772288,5.50002374,5.054899542,4.84671778,5.200510662,5.612910319,5.904429326,6.119374533,6.351373466
1770349_at,8.833353621,8.121624613,8.144433485,7.843570113,8.255708764,8.619837841,9.038579592,8.767071511,8.134743161,7.400277405,6.868677608,6.286968492
1770352_at,10.37894963,10.97965046,11.09845604,11.13539297,10.40147648,10.27389074,10.39755909,11.59437538,12.12035692,12.15116338,11.79297645,11.59520785
1770353_at,3.496811823,3.608149672,3.857896105,4.02957924,3.715058911,3.85767133,3.898599314,3.691608902,4.058634834,4.300536016,4.510520116,4.858781957
1770357_at,7.888357358,8.206328274,8.084393566,8.000638945,7.944562332,8.069916382,7.827739974,7.993401681,8.329974479,8.422753096,8.282542959,8.052154851
1770362_s_at,10.09165416,10.15518404,10.41466735,10.62169566,10.71309336,10.70441493,9.881131222,9.818486561,9.971034879,10.27133432,10.25320158,10.21178024
1770363_at,8.371386367,9.474114256,7.859382737,7.767569671,7.630156343,8.115538933,8.276360843,9.466949233,9.474517593,8.859515668,8.779432074,8.981328434
1770364_at,10.46427328,10.64957434,10.99833518,11.06761189,11.00556702,10.83987633,10.57947812,10.71745277,11.20820687,11.64685492,11.94594903,11.94291919
1770367_at,4.227131757,3.688269968,4.076914164,3.836029779,4.195332385,4.16885775,3.988943663,3.981222302,3.837668811,3.435187252,3.670048256,3.897817649
1770372_at,9.422492752,9.335161828,9.30071509,9.438243931,9.493948218,9.524866774,9.393220074,9.480204999,9.647328994,9.855228382,9.957001879,9.932203947
1770374_at,9.030769087,9.044894938,9.437286364,9.527574512,9.442283798,9.369097572,9.14147983,9.139409084,9.535853056,9.786020226,9.767153584,9.812901192
1770376_at,10.67498266,10.5645141,10.35762364,10.23218234,10.39222148,10.36946509,10.56272354,10.82914085,10.93575517,10.66933993,10.4745251,10.18522869
1770378_at,6.40389784,7.04097516,7.326295002,7.156547471,6.992150414,6.91151896,6.393831034,6.940957291,7.485326601,7.739018101,7.967219099,7.960007598
1770379_at,7.13082111,7.805077459,7.974537297,7.678217236,7.504117218,7.177208269,7.354010939,7.419568803,7.909699818,8.314864527,8.1216417,8.166089931
1770381_at,12.71603516,12.85388703,12.91696216,12.91035163,12.80880459,12.642645,12.66053435,12.87147615,12.97646384,12.98143722,12.84516726,12.71120504
1770383_at,11.7045619,11.67886604,11.58677141,11.5963456,11.64759732,11.72898271,11.64718789,11.58690905,11.46295106,11.01083406,11.08464393,11.04760685
1770384_at,9.348102361,9.373828426,9.342233014,9.324362588,9.299345601,9.222955826,9.377255838,9.396225712,9.40713942,9.331336971,9.236647887,8.971124531
1770385_at,10.02355105,9.476047297,9.687504329,10.22995992,10.22466015,10.30585738,10.11350895,8.887347716,7.995414142,7.971901005,8.143230498,8.052022847
1770388_at,8.200426306,7.758284045,7.291093749,7.47994905,7.471629285,7.683691991,8.062988561,7.727374633,7.600670879,7.753821688,7.929337468,7.860549022
1770393_at,10.2081582,10.85365555,10.09833905,10.61005362,10.77928212,10.94703667,10.27480628,10.66047566,10.5846844,10.5362287,10.81241561,11.31048264
1770394_at,7.593637082,6.813457557,6.872675511,7.639143223,7.672944857,7.551179126,7.675972205,7.202818833,7.233663629,7.603386552,7.516105824,7.317837853
1770395_at,9.050523708,8.730901475,8.939150802,9.190693209,9.273139457,9.178094343,9.044544799,8.710787668,8.750749093,8.782489864,8.912197721,9.048108339
1770397_at,9.615208232,9.757660264,9.850074304,9.914023396,10.01683737,9.795532469,9.505548455,9.504887436,9.769183637,10.3543472,10.78699895,11.2185437
1770399_at,12.9785571,13.02736389,12.8563827,12.86416415,12.82334262,12.8819682,12.98344808,12.9243333,12.62441515,12.68662,12.776374,12.71327497
1770400_at,10.65676749,10.81220367,10.91005588,10.71715934,10.82636646,10.75168825,10.66394265,10.72040464,11.01548707,11.24710582,11.41012227,11.52319657
1770402_at,8.353974048,8.824963323,9.017605996,9.007377191,8.935354205,8.851395896,8.373318722,8.572773263,8.974026799,9.273917651,9.604339434,9.712297789
1770404_at,9.425959026,9.054866274,9.160870705,9.358577592,9.286798501,9.361790758,9.452809441,9.35979542,9.05588381,9.126758372,9.12719285,9.230334559
1770407_at,10.10704656,8.516769657,8.202090557,9.031708313,9.377315038,9.689365774,10.17015294,9.662260491,8.621994388,8.628422202,9.073901489,9.313601983
1770409_at,8.739569847,7.871279687,7.276408622,8.162707827,8.339464412,8.801245648,8.753760002,7.927150532,7.078343027,6.6999435,7.008662623,7.164278953
1770410_at,10.2088372,9.861166997,9.483411783,10.11941038,10.04487797,10.01877894,10.15141423,10.0446198,9.538739661,9.384129221,9.688141099,9.972169771
1770412_at,5.525397888,7.353823963,7.550665388,6.104651421,5.671210271,5.296920272,5.388024549,6.067564982,7.284875481,6.836949019,6.40449879,6.529774206
1770413_at,13.01283463,13.0580373,12.94002807,12.91828555,12.96414202,13.03441219,13.07118024,13.01565751,12.84970238,12.12869239,11.4056171,11.2751833
1770414_at,10.87094626,11.28118483,11.26723783,11.4623849,11.37606888,11.36701607,10.79194855,10.78987679,10.86145171,11.16631475,11.22123583,11.44326766
1770417_at,8.48596586,8.104721349,8.118156784,8.179345326,8.219867287,8.252556806,8.459425631,8.287673714,8.40374766,8.385143775,8.550039119,8.556924062
1770419_at,8.923658122,8.556974403,8.697830017,8.535834795,8.616667649,8.777681693,9.095452104,9.14498238,9.088802802,9.136604087,8.942069685,8.790812987
1770423_at,9.681403699,9.349035743,9.411811792,9.330257849,9.322870073,9.454539774,9.70153334,9.682111581,9.418426455,9.221238619,8.959030877,8.875269203
1770424_at,9.743857375,9.930305382,10.30306519,9.779621592,9.524461091,9.441797624,9.807120172,10.21294623,10.79227651,11.36110365,11.46598359,11.65057605
1770427_at,6.647699194,6.355533615,6.683411577,6.828184584,6.732405519,6.51223536,6.49310825,6.422212365,7.095557672,7.71921161,7.888708626,8.133712806
1770429_at,9.345452942,8.803929453,9.031184403,9.077984111,9.149768859,9.27617684,9.365637766,8.816986077,8.717317335,8.944167809,8.96680598,9.009568784
1770430_at,8.73522351,8.737163528,8.899576835,9.048542181,9.02683603,8.955720894,8.711860655,8.882831019,9.199695262,9.586384846,9.789272785,9.717970787
1770431_at,9.440127459,9.458785955,9.4302404,9.200768417,9.162903464,9.234972074,9.500991103,9.701549349,9.76545886,9.815392494,9.950196429,9.812174852
1770435_at,7.394109286,7.194575904,7.186049175,7.047368573,7.095383961,7.185895808,7.513223451,7.031978384,6.974079632,6.834939502,6.997696707,6.923870852
1770436_at,10.32710822,10.29812306,10.44668656,10.62818162,10.57559436,10.50157635,10.3077938,10.10258705,10.07624551,9.888025547,9.912689858,9.983620764
1770437_at,4.418975984,4.132303219,5.174416136,5.442344032,5.271413768,5.021384567,4.640682876,5.45197326,5.927285356,7.100234542,7.761160837,7.512252278
1770440_at,12.81967036,12.66666324,12.70513552,12.90010527,12.88696357,12.84284409,12.78265971,12.79287206,12.74698321,12.76047235,12.70101838,12.62699626
1770442_at,5.9069483,4.868698143,5.376871087,5.800975288,5.992246302,6.208235357,5.823085855,5.788286798,5.388774483,5.100567874,4.992480347,5.265409479
1770443_at,8.552148634,8.941204252,8.618864532,8.318178839,8.300295504,8.194981436,8.45463442,8.862765371,9.390559729,9.49755932,9.541668584,9.533218815
1770447_s_at,5.050861169,4.003617508,4.094595867,3.943111893,4.05506828,4.588091463,6.169049172,4.013249317,3.765655118,3.792966634,3.406327894,3.070345599
1770448_at,9.798262897,9.712434075,9.730557184,10.10725563,10.11524064,10.15934914,9.804579424,9.666566627,9.740016405,9.843141985,9.915876748,10.01722281
1770449_s_at,13.05808398,13.09461211,13.05641948,13.072238,13.07500999,13.11464055,13.04864295,13.08084979,13.05058483,12.78778227,12.57045652,12.58509446
1770450_at,4.747587741,4.626565326,4.475056544,4.416565701,4.453948476,4.43814079,4.785943632,4.817654658,4.518869269,4.153614123,4.435301011,4.692466267
1770451_at,10.29242878,10.14018603,10.12913303,10.02012706,10.01987091,10.06441213,10.28768052,10.05931123,9.953070447,9.5571205,9.200522113,9.305295696
1770452_at,11.02303588,10.76655668,10.44236744,10.53618164,10.7549372,10.91981816,10.97167767,10.67868262,10.11636353,9.490012799,9.569652045,9.371875642
1770453_at,8.507058693,8.362954141,8.363514415,8.398675651,8.443149231,8.50517286,8.430463695,8.728712803,8.960608666,8.936828448,8.845176979,8.919814945
1770455_at,10.25275599,10.00820613,10.23508002,10.25865414,10.10303039,9.941839921,10.33541367,10.94417828,11.21292386,11.35792289,11.0122937,10.83243272
1770456_at,9.891958418,11.05249206,11.57350449,11.37408123,11.28523687,11.00738468,10.06096517,10.84578319,11.8276237,12.4478635,12.70446658,12.80386625
1770458_at,3.723997854,4.921728354,3.943865797,4.169344392,4.166273134,4.244887343,3.797888694,4.126156623,4.50134367,4.489390875,4.666411461,4.86739754
1770459_at,3.29368734,3.601750283,3.186914336,3.311598997,3.356847479,3.324389406,3.142082794,3.424963095,3.366575842,3.303041709,3.338086518,3.486899107
1770460_at,7.934002759,8.544354546,8.85234301,8.304537457,8.141788103,8.190633538,8.004283112,8.275110776,8.654987195,8.389084321,8.122177766,8.038343322
1770463_at,7.717349809,7.396685964,7.684998609,7.535906426,7.548982807,7.701683921,7.820026057,8.100904139,8.712224276,9.180113718,9.355671309,9.453514044
1770466_at,8.438074413,8.741352933,9.202065223,9.041425487,8.762178307,8.696721525,8.517566437,8.356011915,8.58942736,8.647884004,8.4835099,7.984453427
1770478_at,9.045361652,9.154066212,9.317423745,9.197788194,9.109824825,8.980156892,9.009241833,9.47530477,9.966262463,10.26156858,10.41285762,10.57027085
1770480_at,9.937407136,10.91565292,11.32723154,11.01498127,10.13143188,9.591288341,9.95088446,10.02119378,10.05488417,10.20964239,10.03554576,9.843281854
1770481_at,10.7221909,10.72773026,10.67967094,10.76800206,10.68770773,10.62863755,10.70414138,10.44813689,10.23088569,10.26586809,10.31827918,10.33152964
1770483_at,3.802210647,4.270924251,4.301428955,4.389369741,4.579975264,4.265479546,4.234973572,3.963149295,4.08517512,4.233936729,4.637045959,4.341556625
1770485_at,11.74105438,10.57595285,9.736296307,10.67185435,10.96031436,11.34507412,11.76098335,11.34672133,9.722633746,8.512602546,8.76702792,9.373935597
1770487_at,8.670246579,9.590688822,10.0706135,9.818582495,9.388332496,9.222374331,8.680780763,8.896439692,9.225237506,9.251024116,8.767160215,8.679993829
1770488_at,8.514796431,8.333164922,8.254120583,8.203714195,8.151661553,8.242682854,8.645161604,8.650112994,8.663445657,8.541713536,8.224504445,7.932107826
1770489_at,8.112931869,7.857428427,7.688548327,7.744278654,7.820121604,7.71953178,8.135598397,8.639817045,8.449618573,8.098580718,7.98063535,7.763153558
1770495_at,9.894753501,9.50137,9.205128154,9.409739834,9.427824233,9.645604514,9.865034214,9.66679295,9.316936431,9.064877583,9.153355158,9.183192074
1770500_at,12.59333764,12.56572026,12.41447375,12.43047773,12.44964719,12.56443321,12.51510539,12.49234101,12.2883915,11.25214122,10.83855251,11.23387162
1770501_at,13.28847295,13.20542181,13.09643915,12.99579315,13.17207734,13.22053551,13.27847539,13.22689194,12.88779577,11.74977748,11.30749734,11.58788036
1770502_x_at,12.83197107,12.76597675,12.69612869,12.69077288,12.67373286,12.74985841,12.7755927,12.6867799,12.5664694,12.37494537,12.08517652,11.80290546
1770503_at,3.775253865,3.090877689,3.369783812,3.508136137,3.597626362,3.844251601,3.524173821,3.813550133,3.63158738,3.416092937,3.361611208,3.780465701
1770506_at,8.105536282,8.270600782,8.759034384,9.117449564,8.849610681,8.489428471,8.124218508,7.815648057,7.752056381,8.46760827,8.603703798,8.451296241
1770507_at,9.588424472,8.378415642,8.266884362,8.747628183,9.000323849,9.354239823,9.652721551,8.977578215,8.367505817,8.503482883,8.726997921,9.022658308
1770508_at,8.42285345,7.965423861,7.945994093,8.241685532,8.482327642,8.406860391,8.427125731,8.962813496,9.250558228,9.389713283,9.561375391,9.652781341
1770510_at,7.440547239,7.439697304,7.245787119,7.453047739,7.427440798,7.41732555,7.639988598,7.202616755,7.174507231,7.189686719,7.391066374,7.535841483
1770512_at,7.26409066,7.379864286,7.585752024,7.260561061,7.236213241,7.303840414,7.406408509,7.410986799,7.355162646,7.46058724,7.308643103,7.300924959
1770513_at,2.482068642,2.579914963,2.322618317,2.538202652,2.673334265,2.569678557,2.406726044,2.562834887,2.437721497,2.534643162,2.647421843,3.100523734
1770514_at,10.11656787,9.321251726,8.561077453,9.269938563,9.464118374,9.785693521,10.29221969,9.887361987,9.195004141,8.787021414,8.802690549,8.954681691
1770515_x_at,6.339927837,6.952583611,5.797620129,5.886665456,5.905734859,6.14646868,6.228439239,6.431271256,6.097771143,5.879247084,5.879781956,5.982893908
1770517_at,9.3616028,9.440072637,9.597700429,9.320471631,9.23612135,9.291679664,9.339047952,9.424035141,9.56058948,9.526270713,9.727506238,10.10457742
1770518_at,10.52517983,10.63754249,10.71542367,10.71678309,10.59338939,10.59489666,10.57346489,10.61693598,10.98795958,11.22219835,11.29148985,11.31041412
1770519_at,6.094531973,5.791347856,5.825043143,5.487172138,5.691245649,5.558282847,5.919115331,5.139768694,5.482395421,5.525029161,5.409378589,5.458877648
1770527_at,8.846922743,8.636268679,8.622990734,8.550185825,8.617160467,8.621456282,8.736225682,8.702950632,8.788656441,8.845293268,8.714671292,8.629432704
1770529_at,9.011102791,10.4085079,10.24775454,9.725941194,9.353077325,9.081595307,9.016873771,10.67895453,11.17233638,11.51789629,12.09645182,12.00082618
1770532_at,11.44759711,11.88783805,12.4231214,12.35964092,12.03867449,11.63475012,11.54143354,11.71925513,12.01344352,12.49198492,12.40730985,11.8329116
1770534_at,7.902431556,8.340797061,8.256905965,7.836132194,8.112386517,8.02890901,7.861282182,8.193501414,7.941082167,8.013419227,7.906559528,7.702346692
1770535_at,8.417589056,8.323245611,8.44495953,8.46904354,8.275398378,8.325056458,8.564325094,8.626000643,8.728543319,8.847011857,8.716475244,8.879822372
1770536_at,11.32844251,11.03424935,10.92383817,11.35353558,11.551493,11.64523822,11.26661834,11.04078932,10.6608442,10.16067311,9.906651736,9.55537122
1770538_at,4.199820391,8.975170194,7.897277308,6.156379807,5.448663601,5.236028109,4.159679321,6.153367346,6.345376656,6.211786082,6.327003859,6.677449483
1770539_at,9.838323092,10.63197892,10.65127272,9.762543386,9.433294142,9.418935169,9.755519617,10.82985534,11.68801405,11.98478189,12.1647003,12.12798152
1770540_at,9.299564799,9.63344287,10.24043695,10.5461997,10.48152502,10.15974022,9.422131688,9.428230227,10.10109719,10.76601598,10.90107059,10.99192737
1770541_at,9.544913359,8.03214434,7.193184881,8.29624731,8.436882927,9.086755018,9.396649484,8.703391837,7.210970446,6.704022724,6.538189727,6.814810948
1770542_at,11.90128334,12.13752723,12.09290028,11.89316801,11.79807518,11.86737331,11.91154731,11.84756184,11.64077759,11.25440619,10.51646877,9.999921019
1770543_at,10.0288623,10.19881889,10.11098218,10.08473558,10.05796302,9.928035331,10.18989732,10.43264908,10.37722152,10.22426836,9.914064514,9.663364645
1770548_at,3.739528902,3.286696467,3.483053066,3.234408341,3.292856205,3.681563461,3.474781898,3.495165651,4.218495262,3.847269054,3.733484304,3.670733748
1770549_at,6.705836955,7.3928781,7.879362752,7.986525645,7.799462799,7.556875206,6.836592335,7.279293335,7.976688391,8.673322769,9.058690546,8.827144354
1770551_at,8.318260575,11.05362744,9.432935263,8.395830427,8.567084814,8.41789793,8.389518013,9.367402683,9.884584009,9.227266199,8.998119053,9.045134088
1770554_at,9.715999232,10.01650689,10.16306079,9.858040743,9.839764797,9.727567367,9.787664622,10.10335747,10.62402246,11.00644404,11.1094004,10.96877836
1770556_at,6.876158448,6.595258245,6.70230837,6.294869243,6.312900245,6.438633318,7.263181446,6.27946494,6.513979759,6.413993294,6.96986673,6.752392985
1770558_at,7.205907406,6.474729201,6.520332443,6.552533823,6.8398355,7.147370561,7.185479366,6.767674513,6.567989624,7.000235372,7.484668118,7.649547003
1770559_at,8.034508437,7.837136479,7.803037377,7.722324643,7.881290017,7.789282444,7.879276031,7.720281889,7.780397305,7.901490557,8.263405795,8.364468489
1770562_at,10.67075048,10.3947645,10.32108507,10.68415542,10.76007559,10.75371378,10.54493628,10.27615388,10.14476601,10.04240749,10.13285102,10.46808343
1770565_at,11.64326436,11.64313629,11.40176253,11.60797986,11.71761398,11.59808718,11.77627741,11.98564771,12.07715649,12.13168332,12.09882276,11.99929491
1770566_at,8.045475806,11.54382019,9.438835267,7.610929203,8.201718152,8.052774705,8.128905002,10.94865698,10.24514142,8.940020144,8.623348263,9.552869289
1770567_at,7.238598734,6.67246551,6.493117392,7.199421201,7.374277647,7.591427428,7.29828399,7.01151626,6.775328595,6.709906803,6.944167097,6.82998759
1770569_at,13.27794421,13.19902367,13.10131008,13.07468706,13.14434516,13.21749264,13.1884457,13.14194404,12.96875945,12.48771212,12.27455601,12.29750351
1770571_at,11.59704956,11.28155582,11.02517485,11.24108877,11.31119252,11.44655669,11.64363121,11.32803209,10.33486099,9.428983049,9.074115449,8.751593624
1770572_at,10.15030607,10.16339615,10.26172224,10.27698939,10.19823203,10.00464141,10.18025544,10.24308784,10.50285319,10.75989406,11.0045078,10.9596626
1770575_at,9.223620767,8.931465407,8.994823523,9.254963917,9.460390875,9.549331378,9.150799859,9.007543652,9.098055175,9.024687965,9.006709233,9.120355963
1770576_at,6.156926807,6.176862168,6.073312483,5.96299672,6.062375108,5.962783444,6.300624157,5.953334115,5.734050571,6.071910323,5.676975359,5.764729275
1770577_at,12.82635001,12.74082799,12.42179602,12.52713444,12.68773871,12.75699199,12.75160073,12.74987872,12.47504181,11.2664757,11.08620538,11.57108939
1770578_at,11.81288771,11.9618077,12.17698585,11.81453843,11.51979885,11.44519813,11.81348562,12.04080587,12.43739509,12.58250873,12.60913293,12.53806264
1770580_at,4.064336268,4.410222627,4.21262233,4.054823118,4.203630524,4.452621549,4.302845912,4.558538032,5.236028109,5.182732081,5.182732081,5.155107949
1770583_at,11.94497467,13.00531825,13.19919354,12.81101444,11.78982947,11.57587814,11.9871136,12.78911893,13.09396247,13.03420914,12.84194353,12.79477221
1770584_at,9.178219107,9.23045847,9.60858399,9.526053474,9.6587915,9.432514701,9.199473423,9.190314728,9.782526018,10.14420811,9.953157082,9.614531171
1770587_at,2.916918431,3.690529086,3.106774558,2.997414516,3.197441209,3.613718712,3.23083774,3.613718712,3.599156819,3.148027458,3.338086518,3.289614917
1770589_at,9.865649525,8.530817254,7.782818165,8.617197012,8.938711896,9.370032895,9.743378615,8.932245192,7.546004566,7.385402507,7.671442635,8.085392445
1770590_at,9.034303995,9.734886082,9.514859671,9.03119117,8.935472176,8.839314495,8.942625454,9.020575033,9.496701394,9.771406814,9.727249918,9.635604861
1770592_at,3.925910425,4.277661339,5.080771957,4.757250538,4.628340794,4.898315797,4.205222225,4.3813333,4.82969688,4.87221926,5.46412299,5.566967457
1770593_at,8.654950002,9.15221814,8.116882392,7.948812289,7.929703181,7.920211956,8.552749335,8.973437117,8.47290469,8.587444421,8.553564082,8.502251897
1770594_at,10.83915875,10.55759196,10.39983912,10.28685734,10.34910647,10.56335374,10.73402168,10.82800492,10.71257793,10.51288657,10.26613018,10.33606746
1770597_at,9.516767698,8.47018491,8.309440182,8.695105765,9.003661514,9.330637943,9.549688235,9.464915294,9.244725563,9.086523074,9.105371933,9.074890231
1770599_at,8.959202619,8.466017234,8.596132811,8.748830421,8.680801833,8.858765937,9.000292757,8.990713405,9.361486303,9.8395671,10.11631169,10.44353799
1770603_at,5.234084085,4.703443223,5.278722429,5.870879671,6.29596398,6.109736483,5.460905703,5.187557175,5.207126058,5.798285027,5.863965293,5.984770307
1770604_at,8.299174184,7.330951049,7.610932655,7.959318551,8.055679403,8.06405376,8.552951374,8.207443034,7.459766129,7.379024911,7.248992988,6.84261289
1770607_at,9.026698167,7.885137111,7.533824629,8.163787024,8.349121055,8.783416599,9.024604125,8.661565594,8.023021568,7.820010237,7.966984137,8.324715181
1770610_at,9.146128283,8.891208106,9.234109111,9.279287595,9.174151842,9.144551173,9.176379552,8.98200343,9.096011587,9.06292583,9.005459707,8.807279802
1770611_at,8.755192234,8.875045521,9.292964575,9.03342463,8.956031209,8.877295289,8.874687662,8.964464737,9.32430095,9.397542321,9.409614246,9.155967725
1770612_at,12.62360339,12.5571656,12.47449288,12.47638948,12.5662956,12.6492198,12.69394145,12.59592048,12.3256388,11.3102622,10.9039079,10.92672659
1770615_at,11.51019206,10.77816165,10.95143266,11.23617429,11.33597762,11.36483646,11.51090742,11.45873752,11.26387303,11.13170559,11.1648736,11.09817927
1770622_at,9.92588688,9.422226492,9.364058819,9.608504202,9.734065134,9.796701455,9.958127133,9.639562371,9.546240263,9.710929746,10.07394521,10.01863762
1770623_at,8.781378012,8.684237426,9.008565755,9.284294073,9.344953501,9.259022477,8.780300475,8.578172604,8.712382465,8.900184606,8.960563813,8.692548355
1770624_at,10.12640879,9.707258012,9.493450406,9.469514739,9.515373292,9.622696633,10.13532855,9.958439951,9.744165893,9.514818761,9.282284852,9.016107322
1770625_x_at,2.527657447,3.11442795,2.957823464,2.805227665,2.699665731,2.572674655,2.764735543,2.79154747,3.202439114,3.20524638,3.162885595,3.483577954
1770626_at,9.468474645,8.764354585,9.1454475,9.163376734,9.280289569,9.424737069,9.509970423,9.815618077,9.780564051,9.487191414,9.018855339,8.470653218
1770628_at,9.996028853,9.459986631,9.298195702,9.510090628,9.717468107,9.866204997,9.947537987,9.646344442,9.322055089,9.085200919,8.981227122,8.934279578
1770632_at,12.06413879,11.71664065,11.9184342,12.35046009,12.48750344,12.47711644,12.02601184,11.82607049,11.86624628,12.31628272,12.62737445,12.82652994
1770634_at,9.064122014,8.947811713,9.139749495,9.151358025,9.191003876,9.087688292,8.888282642,8.751335008,8.628261747,8.459237892,8.34771386,8.198578156
1770635_at,10.44216558,10.47341821,10.45201255,10.54908277,10.614604,10.53709982,10.58310876,10.54168153,10.46537673,10.59710387,10.65728808,10.68979787
1770636_at,5.535085695,6.105075579,6.501866108,5.673016027,5.346359032,4.844606596,5.999982193,5.535100395,5.696068699,5.816451691,6.126158482,6.398412425
1770637_at,9.131199977,8.238856707,7.220294138,8.064919214,8.444609215,8.694611805,9.092791364,8.446122929,7.390619412,7.01064306,7.125197199,7.300026241
1770639_at,8.344259146,9.247807556,9.464105987,9.041829037,8.986269078,8.731302096,8.350419286,9.0134354,9.356028983,9.317853461,9.115749686,8.782647247
1770640_at,5.113105432,5.093920672,5.08801415,5.096628814,5.10228832,5.154424292,5.128985323,5.086908778,5.143501835,4.988219566,5.096872245,5.107704394
1770645_at,8.632235486,7.872560282,7.861416472,8.336165263,8.581644756,8.7073763,8.739949652,8.819514141,7.998089941,7.66459131,8.021926098,8.276675711
1770650_at,4.504779873,4.812933354,4.761668023,5.06348543,5.095461284,5.316683281,4.683450079,4.895898586,5.05070214,5.040233303,4.646195786,4.39827611
1770651_at,2.550842668,2.827375553,2.580403419,2.591534,2.885294347,2.737563675,2.47791598,2.649311808,2.732945251,2.520754709,2.449503201,2.492151552
1770653_at,12.60310955,12.47582425,12.322427,12.30648008,12.43632855,12.54428258,12.60726616,12.45814358,11.97624933,10.77582754,10.01797809,10.17542146
1770656_at,9.806501744,10.5906049,11.26949213,11.34386669,11.10765834,10.82455001,9.857724992,10.12443005,10.94475384,11.52015099,11.80188335,11.83868176
1770659_at,4.287001956,5.697742588,7.173042477,7.053816788,7.080174713,6.363948216,4.644369279,5.501538666,7.30639804,8.692626203,9.104342652,9.110698338
1770660_at,10.50175776,10.22775352,10.39126602,10.4048676,10.34784232,10.49700026,10.34321202,9.77005133,9.672051736,9.692847103,9.55538481,9.679678481
1770662_at,11.23863933,11.10319271,11.04607938,11.01632013,11.05982661,11.02733407,11.11435242,11.0730383,11.06892681,11.05043528,11.11778811,11.20416367
1770666_at,9.642260918,8.524949952,8.341451885,8.870403728,9.049716846,9.251531844,9.483931205,8.788043839,8.025594603,8.237649491,8.527307401,8.976543163
1770668_at,3.119986546,3.323789117,3.399968033,3.579989851,3.401585994,3.685856198,3.343656317,3.226619918,3.562298205,3.62901754,4.094372466,3.984113614
1770671_at,2.796518454,2.745876486,2.745169221,3.230337199,3.005453816,3.172662556,3.075146961,3.104853175,2.844365623,2.765413603,2.842447051,3.054974988
1770672_at,9.008571859,8.654779369,8.723345012,8.818804072,8.800272653,8.731107028,9.020962148,8.802642273,8.726506225,8.641828725,8.570110762,8.33367719
1770674_at,8.304995602,8.371498668,8.528282014,8.354227007,8.417222137,8.299309854,8.336895892,8.65346968,9.096126321,9.331084467,9.334113319,9.164645218
1770677_at,8.699103198,7.625381399,7.8848068,7.963042127,8.413150621,8.544245422,8.747680137,7.695135014,7.188557628,7.275543033,7.261184307,7.655686315
1770680_at,9.395535198,8.268605352,7.63677602,8.409125928,8.718891289,8.987917424,9.303650216,8.748262918,7.957489665,7.72859874,7.890810796,8.04241648
1770682_at,12.35884293,12.11345906,12.23717644,12.53483481,12.37859584,12.30632136,12.29062011,12.11549224,11.72329551,12.23872484,12.24099281,12.35048551
1770683_at,8.66244604,8.20167881,8.305777002,8.379921979,8.45912039,8.528320637,8.619649892,8.493376202,8.650145514,8.643305231,8.705352827,8.534380294
1770684_at,8.339130919,8.117827389,8.093728962,7.712670641,7.807421402,7.816689374,8.458980179,8.419799739,8.631274604,8.486023535,8.466595245,8.438171109
1770685_at,10.18376466,10.00474789,10.10155594,9.9412713,9.931179215,9.963352149,10.25654806,10.49369685,10.63810109,10.68609649,10.83615788,10.69593504
1770686_at,7.365701799,7.88467109,8.013618017,7.547492422,7.500377263,7.289559071,7.639380926,8.10822799,8.355361513,8.474603951,8.451958721,8.405997727
1770687_at,8.36025738,8.082030076,8.302182992,8.462291177,8.642702975,8.88474306,8.374328163,8.091263901,7.590127768,8.12790477,8.515125081,8.803849056
1770690_at,7.972378614,7.968413033,8.257848614,7.930162747,7.684554559,7.736641004,8.088803619,7.706927993,7.617638119,7.805435192,7.820636795,7.868755329
1770692_at,8.833376257,8.106156623,8.370388501,9.814516323,10.52994849,11.16820003,9.098306427,7.818221075,7.060921607,7.169053661,7.737741136,8.54679529
1770695_at,10.04708494,10.15063992,10.75460967,11.04414833,10.90924641,10.80789032,9.973704147,9.774062121,9.846252415,10.24742523,10.50228616,10.58106541
1770696_at,6.505455238,7.238679968,7.549666341,7.30145432,7.023523924,6.934729194,6.566962789,6.941339992,7.259155251,7.447598082,7.069011641,6.681171316
1770697_at,9.642014602,9.663456265,9.900381424,9.80550886,9.754356554,9.619489202,9.573649701,9.680139091,9.972247769,10.55124854,10.80976228,10.77335282
1770699_at,6.997051016,6.705452108,6.873577886,6.995782992,7.054891028,6.985251027,7.173630916,7.220062525,7.515327516,7.761261449,7.836422801,7.735625504
1770700_at,7.748892004,7.977484598,7.928124333,7.848389681,7.962510785,8.006209468,7.760811582,7.725224575,7.896283909,7.975012297,8.128303764,8.286873776
1770701_at,11.07599444,10.86136163,10.91769844,10.83616614,10.75204461,10.77553921,10.99476647,11.06739495,11.17563183,11.17312335,11.24992039,11.3143118
1770705_at,7.254822995,7.020828615,6.946920862,6.989569795,7.150054668,6.9924669,7.475783317,7.591443189,8.053867486,8.345721474,8.344416926,8.41414088
1770706_at,11.49497749,11.38204298,11.39789324,11.51652231,11.47746581,11.35923422,11.50270473,11.42877879,11.24705144,11.10977884,10.94020216,11.07086774
1770707_at,5.904593868,6.724785327,7.276131242,7.514272751,7.360906352,7.159012664,6.229220368,6.214710206,6.515739866,7.109531433,7.632588012,7.478601524
1770708_at,11.05778043,10.83283287,10.71683582,10.67054572,10.67319005,10.84590118,11.14719109,11.11011626,11.06489423,11.02157831,10.81392896,10.80515713
1770709_at,11.80068431,11.60946693,11.43387888,11.47352818,11.58905287,11.68152808,11.72794577,11.6920027,11.39910003,10.95751872,10.84566325,10.74437539
1770710_at,7.816496751,7.682732712,7.98063776,8.034455377,7.977648515,7.880672803,7.953671496,8.117453037,8.303179253,8.608332027,9.016662576,9.333347935
1770713_at,11.00892858,10.86917072,11.08769295,11.14931206,11.01546559,10.96788052,10.93454171,10.8439609,10.79740826,10.65900027,10.51402051,10.41836482
1770716_at,7.507519897,6.959002805,7.067210804,7.035633132,7.189238991,7.291343026,7.494857458,7.414719905,7.181255133,7.444105604,7.774508872,7.960369384
1770717_at,8.316119766,8.234621578,8.065385121,7.936789694,7.865284923,8.02105869,8.344391296,8.633965135,8.917661394,9.009089026,8.829197123,8.778128427
1770718_at,8.502179392,8.419050098,8.575272374,8.297512973,8.185578313,8.363584867,8.471480796,8.951748563,9.484697146,9.96868134,10.022578,10.1067523
1770720_at,9.623060128,9.122268831,8.996100551,9.221002518,9.329941618,9.512481746,9.668755166,9.399802654,8.89625864,8.592194517,8.494904625,8.432082928
1770721_at,12.26058269,12.10389565,11.85532052,11.78192795,12.00960269,12.07423209,12.16968645,12.09679443,11.66466629,11.29723572,11.16186606,10.9117283
1770725_at,7.497405813,6.649855216,6.773837135,6.887297838,7.091644234,7.416617205,7.686203432,7.212318305,7.098539253,6.840020865,6.648709537,6.859457196
1770727_at,8.655797664,8.669844871,8.906827083,8.634736611,8.572949596,8.562958065,8.670296473,9.008705139,9.310326487,9.606685681,9.65606318,9.749101583
1770730_at,10.48622522,10.31644438,9.96357815,10.17452983,10.21123576,10.27673351,10.49246855,10.45484872,10.33789509,10.18878879,10.14232651,10.02759152
1770736_at,8.643481535,8.708969846,8.728841812,8.572680348,8.522993859,8.481537472,8.731837879,9.189481298,9.687057294,9.934213084,10.24605084,10.21851672
1770737_at,7.967630229,7.454672167,7.595349655,7.488738215,7.376563416,7.684266029,7.903241555,7.61795301,7.565350219,7.581506073,7.591186998,7.679705236
1770739_at,8.603721879,8.608209567,8.440391824,8.451351642,8.624246917,8.600731343,8.690664796,8.672692882,8.831905514,9.169955813,9.530418509,9.620436282
1770740_at,10.34744153,10.27380737,10.21372977,10.06649221,10.01630402,10.10976952,10.28662956,10.59578732,10.90411601,11.00136756,11.08186102,11.12898358
1770742_at,8.581022124,8.381003338,8.609525947,8.937054372,9.23021392,9.31893448,8.502903104,7.828797959,7.741192699,8.189418546,8.320995364,8.09110865
1770743_at,9.430877285,8.876627192,8.894121999,9.129643335,9.266774343,9.427452807,9.485268942,9.313646535,9.160275789,9.374713867,9.538876096,9.42097472
1770744_at,11.17138446,12.18093315,12.54578575,12.22500037,12.16140094,11.91311996,11.13941556,11.85487863,12.5870341,13.00725636,13.10748342,12.93633921
1770746_at,6.959864216,7.321290196,7.638424853,7.431297885,7.337195075,7.331912917,7.033426754,7.195156884,7.282104002,7.30303684,7.249506943,7.372321401
1770747_at,10.75790402,10.33299769,9.956320541,10.16151753,10.32297597,10.3818745,10.72467136,10.58968885,9.788969862,9.643334991,9.594033126,9.662157471
1770748_at,10.5604324,10.7310166,11.27598935,11.26550733,10.98318665,10.89782677,10.44425753,10.39242519,10.5804033,10.57529641,10.31379878,10.33465568
1770749_at,9.164789704,9.0984898,8.983542584,8.966242123,8.361965233,8.200241158,9.287235213,9.350028369,10.0659722,10.18187777,9.969272392,9.357295959
1770750_at,10.76506846,10.18613598,9.662211637,10.1400955,10.36835841,10.56864522,10.73860253,10.62808479,10.1204046,9.731172147,9.754125709,10.03471307
1770751_at,6.287545933,6.231653043,6.171590562,6.102269047,6.039420005,6.045449909,6.217452143,6.24038287,6.27122599,6.249621522,6.424072679,6.523815767
1770753_at,11.73747466,11.84759971,12.04183361,12.10447479,11.9791829,11.88473051,11.70574662,11.7481433,11.94026735,12.04797472,12.01346618,11.81689486
1770754_at,12.03044726,12.52079899,12.64655446,12.28082521,11.91409861,11.83750531,12.05029337,12.46737903,12.70817968,12.61644054,12.53635664,12.36668256
1770758_at,9.536575294,9.955556196,9.695101315,9.331553903,9.389635773,9.386837419,9.434203967,9.92800091,10.46240941,10.48945083,10.55328628,10.32853331
1770759_at,10.05781736,10.13728205,10.18746844,10.26624221,10.3284155,10.255982,10.05855703,10.09090663,10.17523277,10.18742939,10.15088249,10.20079328
1770760_at,8.291094732,8.018035054,8.385158325,8.369636855,8.296219672,8.476792279,8.199600026,8.002686703,8.185634404,8.432049448,8.568035467,8.832964865
1770764_at,5.804739294,7.218065332,7.717507204,7.266892381,7.054026978,6.566349585,5.985011508,7.338521178,7.816644226,8.551739588,8.71974549,8.576289858
1770765_at,9.581770801,9.191015041,9.247353278,9.468678154,9.637743975,9.675741709,9.595696043,9.620690085,9.882237293,10.27377843,10.71263493,10.8110175
1770766_at,8.154772844,8.082448707,8.207787194,8.445790216,8.689488634,8.707073329,8.114994558,8.301591691,8.246956916,8.014842582,8.037105496,8.042472994
1770767_at,5.468345536,10.07378991,9.944838081,7.618396528,7.004048637,6.585586961,5.505543813,6.899239431,7.963644876,8.076294774,8.093913408,8.135871457
1770768_at,8.269243849,8.226876925,8.359784973,8.376525344,8.19166173,8.277771943,8.173750759,7.95043469,7.962991764,8.173307974,8.562708596,8.721725817
1770773_at,9.02142167,9.01333562,9.058089637,8.624447073,8.436325761,8.598874482,9.16029544,9.475944095,9.344867998,9.15483246,9.044061665,9.003584164
1770776_at,11.82476952,11.79052671,11.73209195,11.70861906,11.73527315,11.70825994,11.76769173,11.6331451,11.41287578,11.30436635,11.20738301,11.37555577
1770777_at,11.97278215,11.53176308,11.12467335,11.39235098,11.55533178,11.7953305,11.92928649,11.48172589,10.5602243,9.91895449,9.833186671,9.984782141
1770778_at,8.574463053,9.286849404,9.405787298,9.204214627,9.109014553,8.884356254,8.490411068,9.333061553,10.23267156,10.829617,10.90485088,11.0303105
1770780_at,10.75022135,10.19313714,9.124175307,9.842140928,10.32408252,10.75898163,10.60717713,9.513882454,7.207351918,6.282668311,5.99957719,6.478770448
1770783_at,5.131995882,5.189062153,5.498873088,5.377718323,5.163623979,5.210267934,5.743985554,5.475215959,5.582073854,5.769337476,5.228175203,5.349585329
1770785_at,5.859062501,6.45137115,7.898877472,7.269792456,6.264707319,6.408745104,6.227676401,6.534470247,6.842949952,6.635902139,6.97389214,7.012425566
1770788_at,9.093277305,8.505406287,8.196995439,8.558830639,8.526953358,8.758734619,9.024789775,8.553100361,8.043747287,8.131423967,8.413978128,8.523932041
1770790_at,8.936634322,7.626469931,8.062759609,8.63274994,8.866251934,8.990545728,9.059418499,8.291262268,7.715032496,7.70653446,7.706544569,7.748952431
1770791_at,10.48886531,10.47912769,10.63536571,10.52341907,10.48601449,10.40965235,10.53060312,10.62475117,10.67114173,10.66201931,10.61546654,10.69459372
1770792_at,9.084774468,8.775070859,9.021339124,9.273859318,9.498858216,9.78388866,9.13307261,8.766491796,8.455658877,8.382942221,8.340684882,8.471082644
1770793_at,10.00367373,10.08722951,10.34982643,10.45512735,10.32009744,10.25975347,10.09452686,10.14368093,10.25592643,10.43633073,10.49787075,10.46937191
1770795_at,5.450512162,6.976813733,7.272387383,6.828287996,7.002391607,6.561197334,5.740989086,6.685302634,7.59201156,8.114593651,8.337305335,8.549551964
1770797_at,10.27233369,10.65584667,10.91522469,10.70081903,10.58717202,10.36754606,10.22914432,10.44780625,10.7470369,10.98877376,10.85720977,10.69852811
1770799_at,11.36960873,11.33907291,11.55498077,11.72920715,11.67025355,11.67478008,11.38006645,11.20251668,11.26770701,11.31846154,11.39242441,11.52675726
1770802_at,9.119077713,8.969114983,9.182923492,9.018641706,8.974934595,9.019798328,9.233513282,9.027543573,9.065797409,8.905951189,8.910398225,8.943139931
1770806_at,9.407319856,8.725890043,8.26714857,8.796964366,9.116787174,9.364727559,9.455938862,9.045342135,8.343851242,8.042202517,7.981551411,8.179521944
1770808_at,7.726541186,6.450732295,6.762311424,6.954869953,7.203587498,7.200434972,7.69884969,7.539966943,7.572350362,7.462124366,7.441588787,7.316019209
1770809_at,9.299446657,8.998977551,9.070937222,9.158031193,9.336111529,9.32491084,9.268410232,9.453313615,9.142243571,9.298476066,9.710786733,10.01180491
1770812_at,7.109194121,6.677893701,6.881597343,7.011082504,7.087749305,7.109194121,7.354296902,7.402464777,7.276571851,7.040891981,7.06272541,6.907217225
1770816_at,8.715544019,8.063992286,7.873600805,8.267149012,8.463337935,8.628339241,8.849835908,8.447401926,8.345778883,8.49587817,8.790148686,8.758635185
1770817_at,8.260895224,7.939268526,7.950515324,8.007618683,8.124679825,8.22438084,8.191785249,8.094429683,8.193560665,7.960781637,7.805023401,7.439412811
1770818_at,9.158696894,9.772312799,10.12983703,9.894255969,9.812706859,9.5849233,9.231273014,9.628402143,10.10530892,10.71633302,10.88820561,10.69596555
1770820_at,11.32153804,11.08915386,10.50581124,10.55760693,10.84210057,11.02067063,11.35378403,11.19543679,10.61333853,9.601176267,9.216084671,8.931395323
1770821_at,9.756193775,9.531770832,9.670032734,9.607557818,9.56386596,9.65985758,9.768510223,9.526263985,9.43808448,9.333141285,9.209165114,9.053379591
1770824_at,11.19714071,10.42532589,9.252034149,10.16929997,10.60619317,10.9517971,11.39517312,10.97019624,9.729529008,8.531528794,8.48418811,8.560978175
1770825_at,6.215696243,6.919491167,6.861346066,6.471424299,6.278214934,6.272644458,6.379353562,6.539791266,6.482222999,6.907230735,6.40767069,6.310458809
1770828_at,10.55221601,10.67967363,10.88630013,10.85354756,10.78787094,10.68059944,10.48688115,10.75093797,11.08470207,11.37477569,11.40158276,11.27697768
1770829_at,9.926879686,9.977400718,10.11284216,9.95568025,9.890762784,9.859929482,9.820911954,9.557667883,9.501714899,9.258553025,9.184236047,9.258684817
1770832_at,8.890786883,8.289089689,8.382714301,8.593774245,8.682902691,8.732823704,8.835257474,8.535734166,8.416001867,8.691872242,9.127296789,9.229994775
1770834_at,8.561110879,7.965423861,8.191098409,8.237258596,8.426865636,8.557535444,8.380393118,8.319766422,8.40131932,8.589689737,8.666266446,8.904697489
1770835_at,7.978317879,8.06456226,8.050192157,7.803727857,7.710612048,7.750009397,7.997467629,8.528535655,9.290190063,9.687207436,9.705524486,9.610455112
1770836_at,8.862570833,8.756317071,8.475027934,8.80441797,8.999514577,8.903377695,8.968966871,8.947061188,9.100784069,9.317208024,9.545165245,9.608753473
1770837_at,9.468475658,9.687798308,9.661119655,9.437574291,9.540275469,9.615375893,9.497032035,9.59384215,9.771413696,10.09193495,10.29371178,10.24728377
1770839_at,9.198490765,9.004201772,8.643158227,8.733237917,8.790977055,9.005968363,9.193037582,9.104370506,9.310756611,9.25903892,9.503514839,9.444409246
1770841_at,8.282799096,7.965423861,8.043300573,8.049962243,8.085255618,8.188669898,8.22518836,7.827962053,8.116219187,8.252764216,8.434920592,8.846384254
1770843_at,4.847134513,4.7927036,4.9620312,4.884369115,4.881972309,4.935846199,5.047987274,5.033701544,5.391831493,5.170322346,5.291161588,5.515127397
1770848_at,10.38825718,9.823316271,8.907244012,9.52179538,9.72988802,9.913294677,10.42249127,9.966804054,8.78950073,8.425086837,8.641678549,9.043796682
1770850_at,4.513654432,5.007903921,4.389921838,4.782128624,4.733572845,4.374090685,4.561122027,4.544494273,5.002169969,4.530107742,4.251101276,4.672665218
1770851_at,7.384676197,7.324918318,7.357356278,7.523916189,7.72783057,7.571279007,7.539301741,7.818948821,8.145825404,8.463208222,8.429096199,8.358670454
1770852_at,7.720543172,7.426833701,7.625965647,7.727732396,7.621996858,7.792342129,7.677988797,7.821586084,8.032906349,8.217233661,8.10773593,7.781608729
1770854_at,8.229021082,8.510356038,8.856333993,8.653299259,8.312977701,8.377388271,8.233719773,8.454429335,8.949917818,9.259927684,9.212521906,8.925677282
1770855_at,7.059695995,7.253954963,7.266086416,7.062428825,7.134581539,7.225225472,6.91854456,7.26382215,7.506522674,7.661568775,7.855937266,7.885823767
1770856_at,9.343137562,9.233331691,9.500739602,9.327235873,9.177679194,9.128114386,9.404617282,9.233331691,9.023257016,8.964847862,8.915271297,8.808295286
1770858_at,10.9134199,10.92297151,11.3116613,11.29651838,11.20433348,11.2981953,10.88196401,10.55690209,9.959670023,9.935069434,9.929134196,9.937721761
1770859_at,4.787794322,5.468499839,5.894991199,5.816168321,5.699963261,5.624827979,5.204162313,5.410805907,5.852695514,6.022183022,6.113006699,6.245601205
1770861_at,9.742188823,9.027427155,8.13623964,9.110199089,9.412447602,9.658974164,9.71583394,9.477891271,8.567040182,7.776730836,7.677144529,7.962443183
1770862_at,10.32413636,10.24014396,10.27815855,10.19742408,10.25561113,10.15129213,10.30509727,10.55668571,10.75576668,10.95392946,10.70182991,10.45191946
1770863_at,9.222845066,9.248108794,9.253699902,9.331773021,9.315526812,9.389015111,9.337047866,9.45894884,9.857356302,10.15914538,10.35900832,10.31060637
1770864_at,7.718546769,7.742615795,8.204911465,7.777302278,7.846909995,7.908945837,7.778756171,7.964545488,8.117583345,8.239544831,8.232411386,8.170029616
1770865_at,8.979448906,8.325399388,8.478405262,8.617863314,8.720139138,8.795369239,8.907359746,8.772657252,8.872695049,8.66688989,8.848057539,8.788013797
1770867_at,10.18480517,10.18387549,10.38305917,10.53841633,10.5886624,10.4633168,10.22401345,10.09432445,10.09507462,10.11273212,10.21935736,10.13687955
1770868_at,9.194113736,8.844212855,8.804995764,8.901669964,8.832256063,8.947925055,9.033036614,9.155804703,8.643164629,8.106552402,8.005805416,8.1400178
1770871_at,10.32253248,9.82368199,9.642361631,9.798749943,9.950070044,10.20536246,10.32097837,9.911880925,9.05550874,8.910680852,8.821271555,8.852294036
1770876_at,10.94430996,9.847742583,8.822730744,9.704766446,10.10719862,10.3823992,10.94838036,10.26110888,9.180277582,8.012920771,7.966226981,8.327272167
1770878_at,7.983489461,7.003123825,7.354760634,7.486938698,7.974181498,8.21744974,8.083646716,7.376229582,6.997790066,6.914136553,6.93724349,6.555094425
1770879_at,9.185823959,9.637182663,10.14231181,10.16070427,10.12261267,9.939416382,9.140803153,9.040478999,9.304378086,9.472285349,9.207775539,9.027338613
1770882_at,12.76110636,12.71327652,12.6547842,12.66215179,12.6573439,12.68042447,12.69117354,12.6215608,12.48676958,11.8722879,11.60949508,11.55947704
1770883_at,7.285438978,7.929507259,8.167948321,8.052545545,7.793897585,7.544994347,7.207909911,7.816703803,8.22798644,8.784913312,8.701393018,8.64927041
1770884_s_at,13.01980195,13.04450272,12.89991539,12.86863287,12.97529698,12.9653334,13.00060865,13.01542483,12.63445399,11.76125303,11.51935612,11.58164748
1770885_at,8.332914701,8.917935147,8.913582399,8.756069953,8.578671536,8.411677477,8.305153793,8.651172019,8.826981395,9.301081426,9.334506194,9.384443212
1770886_at,3.372260924,3.173890026,3.375165329,3.356989733,3.518261312,3.360316916,3.222103164,3.312928067,3.514944985,3.796097735,4.027470214,4.501101318
1770887_at,5.86816667,8.588888458,9.463531507,7.437991499,6.507691116,6.598503169,5.901505746,6.413981317,7.295800816,7.615222315,7.187673092,7.269748732
1770888_at,10.2408737,10.59980444,10.86197878,10.6675422,10.69487286,10.51464636,10.30502801,10.60403178,10.89316036,11.19255252,11.12201827,10.98403775
1770889_at,9.412159086,9.550305993,9.918866681,10.11651199,10.02690897,9.741502185,9.569045904,9.411916162,9.520867427,10.00747949,10.16004851,9.849579742
1770890_at,12.74771469,12.68963477,12.60538914,12.71589071,12.72523988,12.77152817,12.69077823,12.67664113,12.57487668,12.35119808,11.95199043,11.42073325
1770891_at,7.789265382,7.884115721,7.904867914,7.875634642,7.961805291,7.940939877,7.540434662,7.99266167,8.460882674,8.803909829,8.948302113,9.124175307
1770892_at,7.546666627,6.909559448,7.105749723,6.81748426,7.074990292,7.461424595,7.609700493,7.811754587,7.854479153,7.769328531,7.82436201,7.478636388
1770896_at,9.012065221,8.859480439,8.856584773,8.822467745,8.898438707,8.931967833,9.225367555,9.154242935,8.999526072,8.901134539,8.736654157,8.508543576
1770897_x_at,5.331559473,5.393845141,5.692140015,5.83144207,5.819216895,5.877114186,4.726468141,5.129218731,5.816295009,6.399594468,6.394561357,6.919964132
1770898_at,7.921965179,8.139645834,8.296225408,8.102208214,8.028942326,7.842400363,8.151819133,8.266103525,8.788708757,9.020026811,9.035496701,8.927795731
1770899_at,8.396525252,8.575287618,8.478777215,8.253644338,8.253747638,8.224484321,8.445962495,8.7705026,8.857313433,8.86116181,8.775479078,8.609401124
1770900_at,5.572853196,7.025830228,7.378396799,7.024294848,6.582770011,6.088023134,5.64287657,6.336753589,7.197421994,7.916086212,7.834998428,7.403938406
1770902_at,2.811711557,3.655199892,3.339027444,3.449756606,3.342124797,3.336036833,3.399566509,3.43498741,3.336036833,3.420428359,3.329864377,3.356683849
1770908_at,9.395757362,9.048026437,8.876907584,9.071643362,9.294330693,9.301046575,9.410950439,9.531414694,9.644846958,9.614148211,9.612673698,9.73207592
1770911_at,9.893309675,9.931237834,9.968943113,9.724946371,9.619080857,9.752444046,9.70325808,10.27326633,10.81200219,11.27199737,11.78971856,11.89151209
1770913_at,4.761736111,4.865150237,4.54601512,4.8321005,4.603724381,4.988395862,4.448792182,5.292582151,5.133612798,5.20942959,4.712165386,4.7365546
1770916_at,10.87307688,11.14709641,11.37189599,10.96040112,10.81976785,10.78641416,10.91708747,11.05503887,11.49784983,11.71364597,11.76460598,11.44957608
1770917_at,9.260230325,9.836526259,10.58400678,9.972324024,9.190576148,8.910126703,9.367225551,10.01612041,11.05215399,11.34066778,11.3177708,11.34769365
1770920_at,8.164448922,8.003854515,8.76969612,8.53333741,8.787698711,8.917640446,8.04120405,6.850116726,6.765479957,7.426018711,7.090837963,6.98961291
1770922_at,11.47218179,11.69578111,11.64713468,11.4668848,11.57891489,11.42770374,11.47592707,11.70272059,11.92530364,12.01034051,12.18468135,12.29509933
1770923_at,7.979509606,8.216159321,8.230801316,8.341674738,8.390882485,8.411814825,8.066689535,7.977715009,8.257801382,8.411794315,8.514906547,8.577940555
1770924_at,8.150455573,7.368795872,7.282809346,7.672526558,7.792271636,8.022327481,8.08447651,7.751683867,7.661154268,7.807673494,8.212748831,8.040897883
1770925_at,11.25694136,11.19174826,10.40064964,10.38460359,10.81943974,11.17575784,11.26129072,11.23589128,10.90852011,10.19988333,10.02908272,10.1234795
1770927_at,9.262866332,9.489599928,9.70418203,9.358602457,9.349161455,9.242417185,9.388741143,9.943848693,10.49616513,10.52248889,10.74059998,10.93166111
1770928_at,8.004567205,7.14444322,7.466550451,7.666380815,7.740555761,8.019210959,8.118322737,8.075864785,7.835848922,7.718310964,7.972040866,7.594335886
1770933_at,9.049837849,9.42446996,9.579910949,9.11321807,8.958090188,8.902114125,9.219468046,9.623356897,10.1091095,10.08949306,9.939384189,10.06980405
1770935_at,9.105090185,8.913718565,8.751604029,8.734058669,8.915822097,9.013450342,9.200955112,9.03113492,8.916539078,8.985036551,8.89816063,8.91564537
1770936_at,11.17360147,11.24146967,11.49123294,11.46830542,11.1114422,11.00201117,11.06034566,11.21944298,11.44586359,11.55239895,11.34051084,11.54359235
1770938_at,7.882016225,7.326617201,7.501505069,7.551679694,7.391230046,7.632222024,7.860215104,7.783135002,7.594354942,7.507575211,7.773780912,7.786479266
1770941_at,8.381236528,7.237240558,7.537920699,7.706927993,7.803441127,7.994380179,8.290975896,7.343538499,7.199544725,7.049574668,7.08111915,7.172616503
1770942_at,7.898596815,7.70130754,7.811877577,7.847317807,7.902296565,7.700529956,7.996252579,8.008489279,8.493652676,8.748181812,8.910777395,8.653694331
1770943_at,9.645862658,7.848232022,7.175609404,8.505486972,8.923637142,9.296901968,9.610244302,9.011175407,7.718922232,7.18622752,7.346661194,7.616149066
1770945_at,8.224209083,8.126574704,8.16032905,7.972302277,8.124649346,8.072928093,8.175594415,8.605377519,8.980380276,8.979386565,9.356369363,9.604533834
1770947_at,8.653517063,8.54436943,8.691047805,9.086197533,9.307438129,9.245758053,8.570567483,8.337459642,8.328195112,8.703678935,8.927053718,8.896295301
1770948_at,13.24778956,13.3560113,13.27803441,13.28407723,13.24499967,13.25310947,13.21088776,13.27071197,13.32205286,13.31075069,13.28579667,13.34731136
1770949_at,10.22422789,10.21768712,10.06703437,9.851572095,9.970512048,10.02066177,10.27308222,9.805374502,9.652236995,9.637785394,9.504586349,9.495281345
1770952_at,9.560639169,9.92215005,9.851001234,9.87698335,9.725755411,9.644130957,9.556519116,9.736760315,10.22699142,10.64848371,10.92504359,11.20145728
1770954_at,10.703782,9.611256761,8.21198991,9.254684308,9.65509727,10.10872021,10.57240422,9.677649975,7.55730453,6.878933078,7.137816208,7.878187445
1770957_at,4.277699538,4.116455269,4.657868813,4.435959294,4.483518299,4.308601991,4.136299421,4.4584117,4.4584117,5.07196131,4.979022382,4.493732059
1770958_at,9.284821345,9.721761801,9.972890137,9.57005343,9.456761015,9.271176351,9.396405761,9.836623016,10.5901285,10.98349804,11.11390946,11.07725709
1770962_at,13.15378642,13.2035255,13.14073057,13.25660565,13.22742036,13.16872804,13.11006467,13.15217191,13.13776879,13.11010388,13.14294274,13.15679897
1770963_at,8.765768904,7.638980293,7.227415881,7.887331978,8.142118302,8.260604189,8.68660569,8.345128219,7.612325916,7.344491786,7.181808794,7.378837157
1770964_at,6.318054768,5.980405132,6.415801566,6.423418515,6.357358173,6.677705152,6.24508143,6.324171129,6.547761894,6.619034772,6.678176066,6.629269687
1770966_at,2.712725497,2.482859761,2.621006692,2.497243957,2.637381175,2.921763314,2.98701861,2.838923862,2.840960269,2.645431611,2.559664504,2.52117712
1770967_at,9.511844585,7.92533424,6.68775633,8.158289225,8.63751044,9.267170728,9.481113157,8.539063116,6.800878883,6.428010657,6.670012254,6.828218751
1770968_at,11.64358526,11.50809294,11.5174429,11.74388318,11.85218171,11.95244701,11.53407064,11.46401456,11.06584966,10.56662844,10.65524581,10.59940907
1770971_at,12.9564714,12.8934003,12.84305542,12.84928754,12.88363307,12.93234898,12.91086652,12.89208316,12.79117094,12.23608276,11.89267722,11.86490841
1770974_at,6.278063161,5.651338197,5.545974748,5.832775544,5.936330722,6.274926162,6.170878349,5.612354076,5.481801507,5.589234138,5.753461013,5.999712402
1770979_at,8.699156262,8.57299534,8.896023425,8.82789627,8.776228384,8.75440672,8.799888854,8.346435019,8.305894457,8.113343482,7.886750846,7.829371396
1770981_at,6.126495286,5.46943125,5.853847295,6.081384509,6.590808804,6.413981317,6.16374267,5.850625023,5.429309168,5.128366877,5.068899895,4.60123224
1770987_at,9.914042559,9.72171126,9.467544442,9.470542783,9.586107051,9.696467195,9.870188386,9.740224294,9.409163448,9.026320618,9.024143011,8.936775737
1770988_at,10.18451954,10.01028241,10.05685087,9.867376432,9.794611979,9.814208181,10.09467945,10.07733248,9.769183637,9.610866057,9.645759307,9.562156575
1770990_at,9.583942737,10.02897088,10.19040619,9.765016915,9.67324121,9.703721183,9.750192291,10.08110771,10.29359145,9.968355854,9.9753635,9.863390731
1770995_at,10.20337071,10.10633311,10.21856073,10.188109,10.11903633,10.15436762,10.01255152,10.27030058,10.49656259,10.64456893,10.78254352,10.8711653
1770996_at,7.835349076,6.780324418,7.189687528,7.79564885,7.658629772,7.907516937,7.788226932,7.725384131,7.53680245,7.964813704,8.121155987,8.262081157
1770998_at,4.274796549,4.160069847,4.575067938,4.152586137,4.071492682,4.685084299,5.004844938,4.441284817,4.30952394,3.726869286,3.859082593,3.96290877
1771000_at,6.892443677,7.151110222,7.370085076,7.008463,6.964898398,6.938393095,7.083891404,7.087508769,7.071977347,6.905569933,6.841975567,6.810588583
1771002_at,9.476443339,8.986229984,9.18209591,9.2760672,9.367064658,9.536935305,9.402851639,9.25488923,9.468235203,9.520364568,9.893070364,10.11616739
1771004_at,9.373714519,9.560740709,9.754091559,9.485544807,9.553890522,9.478907096,9.437868107,9.691511164,10.02243163,10.15465465,10.02244567,9.97920202
1771005_at,6.01022346,6.176832156,6.473829798,6.505481587,6.715365546,6.646559447,6.181779961,6.36959824,6.693778039,7.079769056,7.160491069,6.829604384
1771006_at,8.665905291,8.801548491,9.266938156,9.080601354,8.932096409,8.964045396,8.687331063,8.756347996,8.84994432,8.593755428,8.320066341,8.277937384
1771007_at,9.174263008,8.988433223,8.942406151,8.78195819,8.920405715,8.837650964,9.305149539,9.421235875,9.481311985,9.30810258,9.059962842,8.894351974
1771009_at,10.08663944,10.27670126,10.64951262,10.58630782,10.32091402,10.12037663,10.06114495,10.21529232,10.56345202,10.75097012,10.6468324,10.40764389
1771012_at,10.66030081,9.536529587,8.636839952,9.71741689,10.01463661,10.33027165,10.62903934,10.03356039,8.422844404,7.88342512,7.858198301,8.139111483
1771013_at,6.597623374,7.200377707,7.383725734,7.482039879,7.243559522,6.931969226,6.642508461,6.621776002,6.92401727,7.722778512,7.954409118,7.787875532
1771015_at,7.027726888,7.00983741,6.819606264,6.779446453,6.727070255,6.62097215,7.018972083,7.292123986,7.858282492,8.051562522,7.966773112,8.179183669
1771019_at,7.153843661,7.315338749,7.814537747,7.713356015,7.850439656,7.791298909,7.168238489,7.053786839,6.909619789,7.106920968,6.915273732,6.787447288
1771020_at,9.926812349,9.998797657,10.52577616,10.18405213,9.937867378,9.911661968,9.821679811,9.782650416,9.868160459,9.848333876,9.535096418,9.429422922
1771022_at,9.031128117,10.26721948,10.92469811,10.80789241,10.69153781,10.39497394,8.879191765,9.570828652,10.92141519,11.80772802,12.06464796,12.12928971
1771023_at,7.641044064,6.818943235,7.386638168,7.237892598,7.501869738,7.634011774,7.619761839,7.916881233,7.832376177,7.641044064,7.421183151,7.155469288
1771027_at,11.93029658,11.67381382,11.02561546,11.21135642,11.45683569,11.59714997,12.08415347,11.54425784,10.32269631,9.796596616,9.769699357,9.818803024
1771031_at,8.928144382,8.846339374,9.221503635,8.695318118,8.826793457,9.009842775,9.491473186,9.515622032,9.525638896,9.840540215,10.37487886,10.17443426
1771040_at,8.895890953,9.116551163,9.348042348,9.438887071,9.395776289,9.245475175,8.877707269,9.046794506,9.458037481,10.07564551,10.36149339,10.5416642
1771041_at,7.467665612,8.12606151,8.850513662,9.062313899,9.083983013,8.672796475,7.653623454,8.077632114,8.619145841,9.378994102,9.560562324,9.593243447
1771042_at,9.477206854,9.133593815,9.126367869,9.312094153,9.434020659,9.440993639,9.469123134,9.353868258,9.26968359,9.110994258,8.870351631,8.768557048
1771045_at,6.774286924,6.632087158,6.647229096,6.409063893,6.388880617,6.463437888,6.693658413,6.75012732,6.616137334,6.602071801,6.518620593,6.516271903
1771046_at,7.489625839,7.892931296,7.797419454,7.408848423,7.486667863,7.554514506,7.504793033,8.016095393,8.278030158,8.351270605,8.031779101,8.01799406
1771051_at,11.53909957,11.34584008,11.03667012,11.5134408,11.5366215,11.51431971,11.57006495,11.67930601,11.31984507,10.99626458,10.67924519,10.63846896
1771052_at,5.008581982,5.70965839,6.982998901,6.566371998,6.564552171,6.10354333,4.959276725,5.135761415,6.208835357,8.022021254,8.086098518,8.123048848
1771055_at,11.73315523,11.33289003,10.76687238,11.25100067,11.4671505,11.71748201,11.68362065,11.23595948,9.618796523,8.674196271,8.308054792,8.273115894
1771057_at,8.624040764,8.314165142,8.060015837,8.110553616,8.153887041,8.287754608,8.692920128,8.529123621,8.393309429,8.0925792,7.620559666,7.330202526
1771061_at,8.837227565,9.31339932,9.629433298,9.388181846,9.271477503,9.178094343,8.975396667,8.934999263,9.187838847,9.21937864,9.167282864,9.019397194
1771064_at,7.152635274,6.727563024,6.510424152,6.907837359,7.094634301,6.916854577,7.033762717,6.820661849,6.644157458,6.778213987,6.865114793,6.872217188
1771065_at,7.932365778,8.751564458,9.076871392,8.533532346,8.46054143,8.427594682,7.940744088,8.268064502,8.625311907,8.471047642,8.321839276,8.386601399
1771067_at,8.436018391,8.308813533,8.51288069,8.187465229,8.417589056,8.522336522,8.738894605,8.798007687,8.789636242,8.405565176,8.046365008,8.110181996
1771068_at,7.057125758,6.68218437,7.043749303,7.004121323,7.038327479,7.097548883,7.052875935,7.139709269,7.727653359,8.279685244,8.62801604,8.852658323
1771069_at,7.319430322,5.691758652,5.924637804,6.43739064,6.963908501,7.165745057,7.336768201,6.434288328,5.914649733,5.903206052,6.360602817,6.635774439
1771070_at,5.850701799,6.564595625,7.395744631,7.369478866,7.304240711,6.747521302,5.84946035,6.721214896,7.613571662,8.353934165,8.44987505,8.181394602
1771072_at,4.410647103,4.673710781,4.853564553,4.140769291,4.24888427,4.4072661,4.420827717,4.440880396,4.685782837,4.678963127,5.230274863,5.5206352
1771073_at,3.755363149,6.20238584,5.236028109,4.502000669,4.304038426,4.584749887,4.019213334,4.965857941,5.608098933,5.283489594,5.089556753,5.249740073
1771075_at,10.2137427,10.01246086,10.46306544,10.39297286,10.19525449,10.32352379,10.07589995,10.01597672,10.12170302,9.896956217,9.505059344,9.580464525
1771076_at,10.66877082,10.61369583,10.96648332,11.02410336,10.73985915,10.80157251,10.65585784,10.53991382,10.43638048,10.33968665,9.996897636,9.919512341
1771078_at,5.319303712,12.54531144,12.48258216,11.39871032,9.310266472,7.574439362,5.5297049,10.91492807,11.57982135,10.59314502,9.291227643,8.435090887
1771079_at,10.44251431,10.40533683,10.51814233,10.2418487,10.20476474,10.21661847,10.0855649,10.10629793,10.34323349,10.50442596,10.65249028,11.14038609
1771081_at,7.601592407,7.994490477,8.202650848,7.69066666,7.700053203,7.671945544,7.521983195,8.14372168,8.617286165,8.767059157,8.572740812,8.1836662
1771083_at,2.824966628,3.309996469,3.136742079,3.158996756,3.245400117,3.043793521,2.960479624,3.139876254,3.601263183,4.054914704,4.416578286,4.217217121
1771084_at,5.822939741,5.234820249,5.537447617,5.16761165,4.851597675,5.115862114,5.789010314,5.355082821,5.500861723,5.881087583,6.136501261,6.264843806
1771085_at,12.93213698,12.91219547,12.83895153,12.83309876,12.81793815,12.90979219,12.87775584,12.87258933,12.72200839,12.07844837,11.53663803,11.48114082
1771088_at,9.317712084,9.315058115,9.596257028,9.530886652,9.427532576,9.419840859,9.18037553,9.354033293,9.724817926,9.918878188,10.01475095,10.06274894
1771090_at,5.967414127,6.277093604,6.192574585,5.959306369,6.187881836,6.022871183,6.332783429,6.470362932,6.207122769,6.317767504,6.225299436,6.355183223
1771091_at,4.708006842,4.430435386,3.323955956,3.815445098,3.715942412,3.585468459,4.804752828,5.08866062,3.685920595,3.167952855,2.840639368,2.915620667
1771095_at,9.503164522,9.249057035,9.324914924,9.215354601,9.278007164,9.260341756,9.665907345,9.532438314,9.596323566,9.438131091,9.228922278,9.112595587
1771100_at,8.259905968,8.393531488,8.657158287,8.124826291,7.86069935,7.842526899,8.224093356,8.393782009,8.872866264,9.005757249,9.353995546,9.488256598
1771101_at,8.229319785,8.71584467,9.002684222,8.624416511,8.386366454,8.245515038,8.536328372,8.678790366,9.16964575,9.422222265,9.429898695,9.225314861
1771103_at,11.04506886,11.05858863,11.05783826,11.26543194,11.42395592,11.43094632,11.08648216,10.80007982,10.30274935,10.02368294,10.12820854,9.981316076
1771104_at,6.280819049,6.907836007,6.728520205,6.424930042,6.285070421,6.260042374,6.588505304,6.804355827,7.195713681,7.326617201,7.463927933,7.333657967
1771106_at,12.12450506,12.14047236,11.76036857,11.84248943,11.8948232,11.76909069,11.91284005,11.69339519,11.09866438,10.85800115,10.33383093,10.24077269
1771108_at,9.179845755,9.160802875,8.983059105,9.086546572,9.193741786,9.090752418,9.189464378,9.316517363,9.429762227,9.338496372,9.040306075,8.769355932
1771109_at,6.141973528,5.973746211,6.440579612,6.02596167,6.209860471,5.929877359,6.227566269,6.140690358,5.924076786,5.412536091,5.441847188,5.33738874
1771112_at,9.765136795,10.09869848,10.42977648,10.07128158,9.967382098,9.739140845,9.668655157,10.15789959,10.87474591,11.08151352,11.22177506,11.14093328
1771117_at,9.394807523,10.52276546,9.50176579,9.233023306,9.322538597,9.360375698,9.433699733,10.87786302,10.69343722,10.33835473,10.35387739,10.58109078
1771119_at,8.731848961,8.434803046,8.726622526,8.683100168,8.569936788,8.607237466,8.98387845,8.870811403,9.174519898,9.418162685,9.723730618,9.797032912
1771120_at,10.97306209,11.37396033,11.18470475,10.89697884,10.93611485,10.8942293,11.06514246,11.19776044,11.1606239,11.08229475,10.98469814,10.88890649
1771125_at,9.155054736,8.928252611,8.642746162,8.658610916,8.736543739,8.869861,9.063312034,8.896527652,8.300195048,7.866876377,7.485563561,7.266550826
1771126_at,11.27514612,9.881293748,9.053516991,10.11435217,10.44416697,10.77338899,11.16790016,10.67340417,8.987318197,8.14446242,8.350277323,8.605762079
1771133_at,10.61932189,9.365092232,8.624609589,9.415520912,9.673985097,10.09485139,10.54496534,9.926623605,8.361686505,7.706927993,7.738439996,7.703882786
1771135_at,11.62842502,11.50132641,11.60236876,11.28401112,11.19135574,11.19940347,11.74612746,11.60427666,11.63618526,11.57944986,11.45677916,11.4985896
1771137_at,7.804164076,8.02525522,8.004378458,7.855545924,7.744282637,7.791915863,7.853937527,8.259183481,8.408788535,8.337558616,8.220562015,7.999491206
1771138_at,3.988333569,3.761266625,3.4706256,3.745075283,3.48321877,3.911598525,3.902889927,4.359672362,4.552416052,4.483506048,4.104158143,4.132741037
1771139_at,9.751414701,9.32570984,9.386956456,9.51839656,9.626262993,9.715758295,9.59265474,9.176858142,8.762207565,8.340297966,8.34343421,8.45939512
1771140_at,9.202365082,9.518730672,9.735477253,9.541307536,9.413781554,9.426780908,9.281541863,9.452417522,9.769241887,9.804314138,9.748050147,9.728965399
1771141_at,10.14472483,9.960394252,10.28377894,9.951129747,9.809641404,9.892045453,10.230538,10.33776888,10.62601848,10.4563788,10.53141448,10.62612349
1771143_at,4.237455658,4.350861706,5.570839308,5.093713821,5.138222893,5.261276289,4.246330706,4.780991091,5.223180066,5.549789517,5.508360208,5.522115636
1771145_at,9.19998273,8.667372416,8.336844411,8.487037247,8.640115121,8.796279448,9.203549144,9.113600377,8.797085809,8.742665255,8.954536011,8.679395072
1771147_at,8.584995927,8.406685958,8.344758463,8.189428461,8.335699411,8.370449467,8.651494178,8.442878481,8.618268777,8.658887801,8.76097011,8.542467852
1771148_at,6.932804218,6.774897944,6.932110614,6.658509769,6.789712147,6.766197431,6.699566214,6.878734641,7.426398414,7.818248571,7.999409787,8.11973206
1771150_at,8.487707752,8.258283318,8.58182937,8.540376521,8.50015506,8.436432472,8.472672165,8.063957045,8.063228968,8.31185226,8.374405801,8.408902863
1771151_at,7.706747086,8.299878224,8.926648296,8.575905644,8.189335361,7.911749516,7.842685202,8.186932237,9.11008939,9.480415002,9.464413512,9.272396472
1771153_at,8.039211189,11.83965114,12.30979995,11.56721925,11.04137151,10.31746842,7.741223564,11.09829416,12.37513563,12.87134201,12.810054,12.76725376
1771154_at,8.573858988,8.15636559,8.128639587,8.173575441,8.13034445,8.237676562,8.651820604,8.18856205,8.036845019,7.847196799,7.676935096,7.40898294
1771157_at,13.08088823,13.14694759,13.14546124,13.09979202,13.06630001,13.06703488,13.06422895,13.04410342,12.96241263,12.93660678,12.83116409,12.76843828
1771158_at,8.84711209,8.607617421,8.173524423,8.44049436,8.51340618,8.795947421,8.854712757,8.665599243,8.405549664,8.381365151,8.264988184,8.246048024
1771159_at,11.07822951,10.15894039,9.488781026,10.15570828,10.47086859,10.7024578,11.02792809,10.72769896,10.17439773,9.523920032,9.454513053,9.635814573
1771160_at,8.411281397,8.607663132,8.926677058,8.391817663,8.196291041,8.15512166,8.504440864,8.865145928,9.38214453,9.745395275,9.961239655,10.13173958
1771162_at,7.402914556,6.480440511,6.707752969,6.928241021,7.02549365,7.035317614,7.407211624,6.887973096,7.158172752,7.383005744,7.417149781,7.464326433
1771165_x_at,2.694163106,2.905699146,2.681894433,2.887524396,3.141718737,2.951238063,2.731842435,2.847743914,2.55587312,3.047662219,2.747855415,2.867879169
1771167_at,9.384338596,10.82031355,10.22519519,9.108937642,8.820466416,8.800654531,9.312558884,10.54825947,11.17236463,11.13529394,11.27262191,11.33642669
1771169_at,12.71510849,12.68605813,12.42235835,12.4870657,12.6068284,12.67268581,12.69510707,12.61286962,12.21591846,11.33745168,10.97906682,11.32001312
1771170_at,8.754290664,8.062766116,7.948180928,8.273517246,8.357943819,8.449042702,8.657785095,8.377558069,8.203027922,7.982725937,8.005088391,8.234386369
1771171_at,11.12154704,10.65453291,10.41541174,10.8065402,11.02602246,11.24654028,11.16502477,10.75823909,10.04278256,9.589898402,9.471358032,9.28734486
1771172_at,8.345262478,8.578457424,8.179783925,8.196321428,8.109069117,8.278388828,8.461532679,8.238633529,8.016128927,8.156912879,8.172955161,8.021688643
1771173_at,10.11857712,9.442345115,9.381907397,9.498445409,9.520910169,9.678080853,9.97034148,9.431730016,8.968473136,8.693353898,8.548867043,8.594182209
1771176_at,10.82095749,10.36967318,10.50334025,10.66402133,10.72805495,10.81417469,10.93524684,10.62463621,10.36390184,10.02709316,9.700186909,9.369863691
1771177_at,9.298085212,8.788220737,8.930306476,9.072308819,9.024970059,9.123476762,9.201812608,8.75586045,8.682746383,8.988526414,9.145519389,9.330171852
1771179_at,10.79480959,10.68182328,11.01319729,10.90551218,10.81039943,10.71066859,10.6838066,10.62600866,10.57663431,10.63993001,10.78184261,10.9702661
1771183_at,12.87365808,12.78861205,12.72018495,12.78582857,12.85198132,12.86985586,12.79466954,12.81629949,12.4675169,11.75351928,11.39224346,11.16935202
1771184_at,8.644049972,8.745147136,8.651975399,8.444993623,8.613707331,8.634097975,8.672303572,8.825311263,9.138766519,9.191429036,9.119701602,9.0850612
1771186_at,9.206093021,9.232457722,9.556613066,9.701162619,9.76972087,9.535199368,9.416214163,9.212190163,9.274696668,9.744622173,10.02588992,9.932878607
1771187_at,9.788952168,9.813203086,10.06347206,9.936529301,9.927375723,9.856520663,9.794614277,10.03311853,10.15631924,10.30808865,10.58246486,10.76566488
1771188_at,9.339101468,9.017023297,7.89989328,8.484458723,8.682755644,8.631091978,9.291410671,9.025197392,8.273967278,8.212138144,8.415053126,8.353664661
1771189_at,7.803541906,8.532980031,8.67877039,8.503646872,8.451418161,8.200183664,7.733959293,8.281632435,8.799442892,9.375261319,9.412214117,9.271223506
1771190_at,9.254552602,7.862971841,7.391660356,8.269893017,8.653542643,8.964455571,9.260085738,8.283871188,6.801022262,6.266306745,6.215300585,6.143459477
1771191_at,10.43959421,10.72229747,10.88125649,10.5023624,10.44348168,10.24605885,10.43030014,10.87963775,11.61504232,12.08468299,12.28130606,12.30391889
1771192_at,2.613777713,2.738424217,2.395427159,2.516301421,2.338229243,2.543260405,2.563930549,2.385563108,2.853965552,2.610801391,2.686344998,2.545324205
1771193_at,10.22495337,9.731071576,10.11474556,10.11614365,10.13192101,10.13156806,10.2238587,9.558730649,9.446262094,9.497218485,9.39576953,9.407253731
1771195_at,9.461473036,9.316370149,9.469514739,9.477094891,9.453735285,9.440739529,9.608649387,9.438450524,9.75913869,9.989183804,9.966818863,9.955490296
1771196_at,7.795825598,7.488677421,7.603781247,7.791597879,7.842935402,7.791298909,7.807544314,7.693033501,7.583657427,7.658081029,7.706951292,7.548260708
1771197_at,9.003666417,9.527598376,10.11443326,9.844295248,9.524256121,9.26019939,8.974223039,9.393893146,10.28529488,10.80375243,10.95057314,10.69995269
1771199_at,10.58300064,10.70384956,10.86760778,9.800907307,9.587724303,9.715919884,10.56007933,11.46959014,11.99800351,12.14978013,12.07526487,12.05142631
1771200_at,7.588307228,7.870884714,7.703121336,7.530556034,7.634879814,7.568136112,7.58931841,8.078680676,8.223078577,8.232583431,8.244230536,8.275191496
1771202_at,9.171196152,9.588581026,9.750139522,9.557732973,9.480232201,9.246438386,9.247002089,9.660098014,9.993973299,10.13269096,10.16731059,10.17134074
1771204_at,4.996859637,5.269105641,5.321129776,5.441712228,5.402861575,5.462016789,5.135898635,5.117590898,5.184074588,4.794095996,5.331020452,5.410100956
1771206_at,9.185546671,8.867858022,8.85396762,9.192517428,9.318804314,9.458828225,9.341771319,9.038352996,8.721600578,8.268289603,7.846413991,7.614308885
1771209_at,10.54542289,10.31149386,9.994223161,10.06950764,10.21046704,10.3425721,10.46726443,10.64938214,10.56025399,10.54287342,10.49093515,10.64892922
1771211_at,10.96210365,10.99118197,10.88456807,10.92690652,10.8339649,10.90434393,10.8372357,10.48891923,9.886634447,9.756447893,9.406137482,9.552168677
1771212_at,8.489774907,8.372393124,8.36978826,8.646296995,8.773108698,8.525591301,8.288076363,8.303403367,8.36991588,8.506807774,8.502179833,8.358357448
1771214_at,8.368984864,9.589726951,10.35036932,10.10701857,9.750323251,9.392787628,8.338912866,8.784262383,9.400566904,9.982291139,9.78292256,9.465363588
1771215_at,10.13016322,10.3612964,10.50338645,10.33133372,10.11333528,9.933929768,10.11340088,10.79558316,11.18209636,11.19761748,10.89051729,10.54405137
1771217_at,11.03475362,10.9536335,11.05893387,11.15562205,11.10686284,11.0649895,10.98706859,10.99538078,11.04717143,11.17200556,11.31751864,11.29657594
1771218_at,10.63144511,10.27696058,10.23985551,10.42396678,10.49107779,10.49421513,10.68260359,10.27303763,10.08304863,9.837829431,9.776006662,9.795670504
1771219_at,8.533572497,8.420326385,8.859948562,8.977339704,8.846218926,8.714609851,8.633389917,8.703110685,8.884079421,9.422873635,9.526758219,9.370022827
1771220_at,8.399161626,7.778773061,7.909018311,8.173719931,8.200374657,8.270914054,8.708636998,8.290883058,7.997356342,7.932338104,8.009571745,8.043879697
1771222_at,7.245051239,8.929917397,8.56891463,8.035867714,7.845008264,7.516920782,7.24170121,8.527381784,8.856670525,9.095114791,9.088663679,9.532362841
1771227_at,11.19199744,11.18665285,11.20716246,11.06629775,10.97263475,11.09029168,11.20433385,11.27704154,11.450275,11.55315107,11.75452747,11.84284006
1771230_at,8.122577167,7.865944242,7.935491903,7.89498907,7.947124184,7.986053974,8.034628062,8.04886595,8.190102257,8.415844311,8.544152974,8.50733831
1771231_at,8.479940418,8.442339004,8.377380263,8.293371835,8.320818686,8.238846145,8.590041372,8.584133329,8.851170489,9.027114015,9.250150472,9.107041517
1771233_at,6.859278495,6.730470833,6.951544348,6.705581,6.675206041,6.633989795,6.672864989,7.077584455,6.95576365,7.295578104,7.264915562,7.367757978
1771234_at,10.38817296,10.21059585,10.22926078,10.24438554,10.22914834,10.2508686,10.49102092,10.33523723,10.41371551,10.5116273,10.55736536,10.73309925
1771236_at,8.373292668,8.093395694,8.233320328,8.133062868,8.13022874,8.248227778,8.439225086,7.869453056,7.739449135,7.663269595,7.716023575,7.651953539
1771240_at,7.245579663,7.093582905,7.364825443,7.188694185,7.22026019,7.026832862,7.220793044,7.235339941,7.525757827,7.929730545,7.986413038,8.02938473
1771246_at,11.44337129,11.01014919,10.61833871,10.78970571,10.96340179,11.1150488,11.35820397,11.01791738,10.24297086,9.960552008,9.788916282,9.620939914
1771249_at,9.518535768,9.544929041,9.919059344,9.719740401,9.586188706,9.531190214,9.432314848,9.532531991,9.981213993,10.20990077,10.20785072,10.58293973
1771252_at,7.475797006,7.326617201,7.233934476,7.389786006,7.444239247,7.408153234,7.346981069,7.863847416,8.270421496,8.574421229,8.971843034,9.076301911
1771253_at,7.152537413,8.610797199,8.360971863,7.808968067,7.76672182,7.770334641,7.292233111,8.036147014,8.571306861,8.714917256,8.989719038,9.060519133
1771258_at,9.11926853,9.161621041,9.026513901,9.025874594,9.049078697,9.156792578,9.098306427,9.027020795,9.062792147,9.05027292,9.082129465,8.798027463
1771260_at,6.898520006,8.313690554,7.830386787,7.812093492,7.840291397,7.595492964,6.722662243,8.253447389,8.138272969,8.025716624,8.041786896,7.931353413
1771261_at,8.306536665,8.232293694,8.633895109,8.426061355,8.489008242,8.356427626,8.346101105,8.535787545,8.58664796,8.670531931,8.596888758,8.431629907
1771262_at,10.02233042,9.707496983,9.695989554,9.544430831,9.508581929,9.604246094,10.00048772,9.877407475,9.909825929,9.883987508,9.953188815,9.859361414
1771265_at,9.482971886,9.667574657,10.38300677,10.52315617,10.5852958,10.40888788,9.337110925,9.260576674,9.861274204,10.79517583,11.08573577,11.15012706
1771266_at,11.62527148,11.04883401,10.37333526,10.94295738,11.13807033,11.35279204,11.56507121,11.04152158,9.521976178,8.948199606,9.203505533,9.414877774
1771269_at,8.77213356,7.991492531,8.319013695,8.495511888,8.610282391,8.826658856,8.780892008,8.837168146,8.923141903,8.914063204,9.09212958,9.126758372
1771271_at,11.82386711,11.64705406,11.08327712,11.1604136,11.4486144,11.5458557,11.73355257,11.78994396,11.46147189,11.07566374,11.14063013,11.16486286
1771272_at,10.41416823,10.06215671,9.966054838,9.724718608,9.756830072,9.846698405,10.2757384,10.004172,9.73373653,9.586747711,9.391313858,9.506160047
1771274_at,2.945651215,3.025353828,2.617228172,3.066328159,2.593244143,3.019054824,3.154165285,3.131427758,3.172198238,2.739651905,2.935372608,2.982704364
1771276_at,8.327686412,7.548532433,8.494154776,8.478957264,8.593489325,8.786009628,8.446048631,7.18163405,7.268359768,7.519898315,7.411201311,7.328753939
1771278_at,8.74473356,8.790494587,8.886280753,8.688183164,8.795193021,8.622652168,8.924177946,9.051182991,9.171181165,9.167006111,9.409788792,9.453963497
1771279_at,12.06372128,11.70017869,11.24380761,11.46900518,11.70210737,11.83040447,11.97319292,11.85414521,11.18292274,10.53934064,10.38977741,10.32766356
1771282_at,12.29618403,12.19646859,12.1421709,12.11244631,12.13606325,12.17587362,12.15534102,12.11824526,12.11661183,12.02592538,11.95133366,11.96552125
1771286_at,7.073165589,6.788455799,7.096531256,7.300026313,7.413121411,7.472355678,7.268996172,6.867171555,6.903027213,7.157176697,7.436305859,7.39326038
1771287_at,12.08068421,12.02432678,11.98888663,12.19648048,12.21351564,12.12043478,12.02502755,12.02828953,11.76392921,11.70508323,11.28927165,11.23067374
1771288_at,5.620123739,7.191645662,7.493758962,7.155433574,6.970657326,6.557470824,5.549519095,6.869068809,7.828623996,8.16661163,7.827058441,7.725276772
1771289_at,10.34694574,10.55770173,10.67086599,10.65852485,10.50983802,10.3959459,10.36030048,10.80616995,11.285116,11.38705111,11.41909522,11.38322055
1771291_at,2.84137673,2.708436786,2.831093911,2.958340323,2.893732893,2.853518258,2.784345919,2.991373732,3.059958038,2.844939142,2.90256671,2.872850199
1771292_at,12.67059873,12.38545219,12.19588963,12.30373852,12.35007136,12.52312841,12.49070231,11.82237998,11.91472714,11.9598847,11.98191304,12.07398115
1771293_at,9.665099875,9.187736162,9.129258604,9.292024773,9.315385578,9.418072315,9.56926237,9.868930551,10.02019468,9.798040286,9.972795535,10.04722351
1771296_at,6.452870334,5.938187497,6.01562413,5.882029777,6.057541637,5.968498344,6.337142343,6.051317721,6.155594202,6.365938504,6.35204433,6.637829158
1771299_at,10.18194843,10.11535818,10.67752105,10.64942465,10.44809621,10.39511017,10.10569675,10.0537702,10.21183746,10.42309586,10.12947051,10.08341433
1771302_at,10.71184204,10.288187,10.19544347,10.42288096,10.49205367,10.53040509,10.6962504,10.32805737,10.07535078,9.806356507,9.887173801,9.854859066
1771304_at,10.46372525,8.968663354,8.41365847,9.520529927,9.713175267,10.12608608,10.44469276,9.666476805,8.057642876,7.089968357,7.374276274,7.770091049
1771305_at,12.51408115,12.52157035,12.51839906,12.61386131,12.6028746,12.61506771,12.49311184,12.42647594,12.40772032,12.32944514,12.34674579,12.30737458
1771310_at,12.07361949,11.65147295,11.4958147,12.04045116,12.20707155,12.22946718,12.02438426,11.87085571,10.8737732,10.41873471,10.59310759,10.66318323
1771312_at,8.123360527,7.606984213,7.784733058,7.341690337,7.499465898,7.960810711,8.329965178,8.018780022,7.730002564,7.346396506,7.161604351,7.040061917
1771313_at,11.23641398,10.15534702,10.70472379,10.83897958,11.22828349,11.42089098,11.33326478,10.39460439,9.259652672,8.799680012,8.541437379,7.945508522
1771315_at,10.2640675,10.12195725,10.09700427,10.24277858,10.35598473,10.27515365,10.16654404,9.792316139,9.303261549,9.279847751,9.034352883,9.037869979
1771317_at,10.97795012,11.14275616,11.3606263,11.19438604,11.07150308,11.05005882,10.90534573,11.23656934,11.55269569,11.59173273,11.65401617,11.75185201
1771319_at,8.727142257,10.1663038,9.706044698,8.967086366,8.847196707,8.729687675,8.699925733,9.443295884,10.13291983,10.39222138,10.51826388,10.50032836
1771320_at,11.53880733,10.93573163,9.653513978,10.52604344,10.92733998,11.22575645,11.55380755,11.16969974,10.16150959,9.068187165,9.026293518,9.292460326
1771321_at,9.339326782,9.067399449,8.914247297,9.021157903,9.049714996,9.174735881,9.349081188,9.404737132,9.474314416,9.522166637,9.540363335,9.362886684
1771323_at,5.57249729,5.743702593,6.048979147,6.057541637,6.132850923,6.152949142,5.535931357,5.870995782,6.188589859,6.61621738,6.586054042,6.874518622
1771324_at,10.88307619,10.51948657,9.614342383,9.662429287,10.10939745,10.46087092,10.81603011,10.6250751,10.09869418,9.048356876,8.721217065,8.6386465
1771326_at,4.572250425,4.46899844,4.406945799,4.653348592,5.013444304,4.995831041,4.615736858,5.252930524,5.152868056,5.131828593,5.155360167,5.407664234
1771328_at,11.44409214,11.53623909,11.87818,11.42847795,11.17212202,11.0145925,11.39308059,11.70138515,12.03815546,12.12505779,12.11840094,12.22630686
1771329_at,9.817416822,10.43274312,10.01105361,9.651238687,9.487151698,9.452694405,9.65006359,9.987358821,10.20363196,10.14938809,9.933110319,9.907338272
1771330_at,8.959181856,8.678533864,8.830697423,8.669652444,8.78207415,8.84624993,8.914812021,9.066727186,9.382993615,9.573880566,9.696763125,9.670223016
1771331_at,10.23621931,10.16061985,10.05550738,10.08798962,10.05259642,10.16556658,10.24354078,10.27609911,10.39010736,10.23842606,10.40526297,10.56825815
1771334_at,8.219429786,7.88750975,8.054039254,8.109816654,8.298069554,8.261040547,8.291425608,8.283570952,8.510472665,8.600997913,8.251204351,8.118184331
1771337_at,11.6402264,11.61958024,11.85843735,11.89616733,11.80453859,11.76191095,11.63350266,11.53668525,11.69661444,11.91079498,11.97144764,11.98219135
1771340_at,4.618629622,6.954200387,8.501388498,7.601117731,7.561581883,6.943614739,4.444241268,8.257808073,9.960878489,10.2856639,9.936781459,10.32129402
1771341_at,9.178210151,9.325860922,9.388957566,9.533369215,9.451579526,9.390863102,9.298591056,9.289595237,8.830573654,8.568974882,8.163321246,8.0350453
1771344_at,4.643030462,4.972755781,4.756398682,5.039173717,5.059834177,4.825093379,4.969930893,5.190795861,5.316664784,5.247657232,5.245566175,5.063106242
1771346_at,10.3446448,10.4495528,9.744151857,9.864231504,9.959811897,9.951031043,10.33652398,11.12175553,11.18581792,10.77699239,10.57878549,10.23145792
1771348_at,11.90665159,11.79535372,11.73229674,11.8091736,11.82418829,11.82267632,11.82470192,11.88136405,11.60470358,11.19505985,10.720126,10.35818614
1771349_at,8.830555703,9.110288949,9.117520225,8.763256729,8.781853317,8.749800231,8.889113232,9.100076522,9.320019665,9.465655514,9.290960635,9.147683423
1771353_at,12.17552886,12.11206615,11.94460237,11.88884924,11.96452412,12.02203898,12.19092352,12.1030978,11.78339402,11.09705236,10.61664461,10.38078716
1771355_at,6.96366089,6.586786678,6.632087158,6.677136913,6.728039275,6.739064404,6.804517477,7.064974746,7.248941414,7.151836457,7.42839562,7.338774378
1771358_at,6.54987941,6.039377168,6.79232876,6.58402371,6.385166795,6.356907193,6.644768106,5.971995329,6.461070171,6.984181659,6.942678284,6.658811593
1771359_at,10.08217729,8.634850801,8.108796162,8.812751342,9.203235384,9.614083243,10.02835483,9.766951245,9.224067613,8.919173854,9.153687021,9.650049289
1771363_at,6.299645307,7.474130658,7.403549128,6.945688278,6.704038316,6.517342123,6.390343612,6.720244959,7.357888293,7.974423548,8.015201396,7.885935018
1771364_at,6.641331321,6.976853572,8.29046856,8.439285611,8.271950405,8.003148771,6.560422728,6.645041799,7.236214046,7.806450177,7.800813206,7.723131975
1771367_at,9.282943732,8.19077819,7.917618923,8.422070477,8.655104198,9.008674164,9.169971189,8.721706746,8.256951266,7.972090154,8.041451354,8.23210573
1771372_at,10.81254844,9.939968576,9.70177582,10.11696109,10.19307744,10.46991739,10.80106063,10.5712194,10.04123141,9.790789766,10.06770416,10.22073026
1771373_at,4.373569662,5.395587235,6.030976373,5.846013957,5.723946712,5.310620162,4.39980934,4.959276725,5.969053033,6.654223657,7.213222326,7.081459034
1771375_at,4.743445097,6.098948126,6.307201742,6.178665871,6.246510848,6.147366087,4.876972374,5.12407235,5.912188139,6.913984695,7.339293756,7.50796018
1771376_at,7.937051121,7.785647206,7.720672137,7.927901694,8.321803871,8.764940937,7.858677712,7.712389692,7.330988845,7.182449757,6.99541171,7.033183315
1771378_at,9.059447764,8.649431236,8.578479228,8.718752343,8.808384265,8.858743639,9.207645128,8.49881657,8.265100825,8.375625511,8.225376576,8.163982162
1771382_at,8.87007382,8.186087636,8.166517415,8.414072497,8.575346762,8.690517349,8.814491854,8.637401756,8.367120187,8.090708115,7.984537427,7.951406447
1771383_at,9.208503296,9.64447697,9.791393165,9.21115798,9.092849809,8.999071954,9.108231936,9.879386612,10.763356,11.01120645,11.19466624,11.12317897
1771387_at,9.171040218,9.7350896,10.03644608,9.862551257,9.808630291,9.595287657,9.210000608,9.372835555,9.822909215,10.07142631,9.987056786,9.778109876
1771388_at,9.390539581,8.566767791,8.726197471,8.839389466,9.097673484,9.094218172,9.407974453,8.563254184,8.122798677,8.035003039,7.730894994,7.693632506
1771389_at,8.828893251,8.562337097,8.886610426,8.597554721,8.744925575,8.593668655,8.873112727,8.820557634,9.2049035,9.243388011,9.200874917,9.146812975
1771390_at,9.268488016,9.012158251,8.962233441,8.862797703,9.037154069,9.14437932,9.405442889,9.608075647,9.803023311,9.628933851,9.724119062,9.705524486
1771391_at,8.37814273,8.624402538,9.06524796,9.026819651,9.003810829,8.740469985,8.469976938,8.61617188,9.101592874,9.571876933,9.782347343,9.603670661
1771392_at,11.21849979,12.52047595,12.18810102,11.84784617,11.82834513,11.84247072,11.04891977,11.76380889,12.0005325,11.90292708,11.68183321,11.69679628
1771393_at,9.315351102,9.851083359,9.039466178,8.835913546,8.928726783,8.98315901,9.293772335,9.731778727,9.701902081,9.399772642,9.372353649,9.402263034
1771395_at,10.11872096,10.51639625,10.55453868,10.27384432,10.22854819,10.21923544,10.1565791,10.06917142,10.1826112,10.43794111,10.46179147,10.54460656
1771396_at,12.27561858,11.73069127,10.70530542,11.32829447,11.63835341,11.98190457,12.12460715,11.95487701,11.02129968,9.389138458,8.904195704,9.409395129
1771397_at,7.765219019,7.795644579,7.760879391,7.808973127,7.71553573,7.760879391,7.874410297,8.005886648,8.146173158,8.355101411,8.484341089,8.514138904
1771399_at,9.683356332,9.510206613,9.70911981,9.909059627,10.00782703,10.17806843,9.755318961,9.546917209,9.679634557,9.849056135,9.920157797,9.853431103
1771401_at,8.991615757,9.26802679,9.67600474,9.699034864,9.755019611,9.649025876,9.031152567,9.089199267,9.441574943,9.618949092,9.623157617,9.483257308
1771402_at,11.71129735,11.46685132,11.85045323,11.9079583,12.06996019,12.18323698,11.78999378,11.41045475,10.08723972,10.85637545,10.96662591,9.942151853
1771403_at,6.575673375,6.430877956,6.731321794,6.489097439,6.340118065,6.060405381,6.669654756,6.753033339,6.811571972,6.951528169,6.950335484,7.041065826
1771404_at,9.087902924,11.12671044,10.28985642,9.571278453,9.43183294,9.214980546,9.267673722,11.81301514,11.9307389,11.93900465,11.66033457,11.52634474
1771405_at,11.0276901,11.02352262,11.03902219,11.10816805,11.05156038,11.07310349,11.01471272,10.96744544,11.1346938,11.22052836,11.17083009,11.10219311
1771408_at,9.49583628,9.659706804,9.795529496,9.750790538,9.728522957,9.590331414,9.563241097,9.659604049,9.901778342,10.29429489,10.47941156,10.54733576
1771410_at,7.969446087,8.223427909,8.734510594,8.569816507,8.373214121,8.271246992,7.91063552,8.190809049,8.676106685,9.05065813,9.149635714,9.175391187
1771413_at,5.534533187,5.630364413,5.76350763,5.443344851,5.357367618,5.360814046,5.59737251,5.6079483,5.450077918,5.409585588,5.292765034,5.148785048
1771415_at,9.043234176,10.73446183,10.06637875,9.312058215,9.272546119,9.099674029,9.193168245,9.672174748,10.45815903,10.55770906,10.39571061,10.25931739
1771416_at,5.500511965,5.290831882,5.44426069,6.130634508,6.121032192,6.040298425,5.717106588,5.516283021,5.561010359,5.939002961,6.347130985,6.303665711
1771417_at,10.8136596,10.90458762,11.08889153,11.0442619,11.01707777,10.9440874,10.87997451,10.91001033,11.08615014,11.19143974,11.38656449,11.32973202
1771419_at,7.532354089,6.178665871,9.006237757,8.632162353,8.827645668,8.60384795,7.478601524,6.335777604,7.734855378,8.154571755,8.439489636,8.500317037
1771422_at,9.788529481,9.510163676,9.615150624,9.560845509,9.656760115,9.672632627,9.89824286,9.128611366,9.017412835,8.986798255,9.000321983,8.832041495
1771426_at,9.448859667,9.16589984,9.114459869,9.219363916,9.276607987,9.073315005,9.437101681,9.340737192,9.506679591,9.571950205,9.455242979,9.323477148
1771429_at,11.57103662,11.44171326,11.49692567,11.45981513,11.45100717,11.41210103,11.59457713,11.42521651,11.28111274,11.03120244,10.96839675,10.83654605
1771432_at,7.984854957,8.808549216,9.34990902,9.25403126,9.111372098,8.845180697,8.116435795,8.479527876,9.164720995,9.727228991,9.736550774,9.42655738
1771433_at,8.403691354,8.47716819,8.344277067,8.062158874,8.000117691,8.09292737,8.451295079,8.560412647,8.929678395,9.046348818,9.19521852,9.384225255
1771435_at,7.51904842,9.700948847,9.007665504,8.539187552,8.171370168,8.120346157,7.559435853,8.963919747,9.307087069,9.709499903,10.05829305,10.14438856
1771438_at,9.407109702,8.924115351,8.803312175,8.986887408,9.129041165,9.190082338,9.542946153,9.278851476,9.306873531,9.373635636,9.322434265,9.218906993
1771440_at,10.25485918,9.334152188,7.913425868,9.0730384,9.449969261,9.882935555,10.24646501,9.839130492,9.013977584,8.153979794,7.945190249,8.043943809
1771442_at,8.392049259,7.937741921,8.340684882,8.224505429,8.382319748,8.531952152,8.386525028,7.873325292,7.836708212,7.801573978,7.845350926,7.779423184
1771443_at,5.870036905,5.366381906,5.458448305,5.716529735,5.487492859,5.76105005,5.92120393,6.404625177,6.333679696,6.504579108,6.424200894,6.65980824
1771444_at,11.57148436,10.84863928,10.37299718,10.82056875,11.04167344,11.16910472,11.59228687,11.50517963,11.18142903,10.78020395,10.64017848,10.52631795
1771446_at,8.89766761,9.135233677,8.997938711,8.828024963,8.796966608,8.681604637,8.822259449,9.039720477,9.190294391,9.373936234,9.306795538,9.058106868
1771447_at,10.49772521,10.16071148,9.904051195,10.06402354,10.15085075,10.26236149,10.50509797,10.50936788,10.36997256,10.33769773,10.31155729,10.19665683
1771449_at,8.483884263,8.025966815,8.211051562,8.275833748,8.413011025,8.425054152,8.47989712,8.41009428,8.440430871,8.531174626,8.555332456,8.471714436
1771450_at,9.448505633,9.756857043,10.05617016,9.872219432,9.692404867,9.552008119,9.509003559,9.686026371,10.21901083,10.50976344,10.52635664,10.50781533
1771451_at,8.215644102,7.955763378,8.153434761,8.140809603,8.235152325,8.158715126,8.189020359,7.822580749,7.927356526,8.199255143,8.38800572,8.189139559
1771458_at,10.59151927,9.780786793,9.603562726,10.05332287,10.12466946,10.2495333,10.53005595,10.19422815,9.836533385,9.734476818,9.629059493,9.615012413
1771459_at,8.249024598,8.408919561,7.850006636,7.968756175,8.032544942,7.898570009,8.170558514,8.252650851,8.074956485,8.24644396,7.919025286,7.974144002
1771460_at,4.906205908,4.789491711,4.449279901,4.111631245,4.483669218,3.880227405,5.431259896,6.42832132,5.181158271,4.608606049,4.290679147,3.940381197
1771461_at,9.01563113,9.256931405,9.370232088,9.259150394,9.147246716,8.916702497,9.109993768,8.742660484,8.757061269,8.945382642,9.290610707,9.342235937
1771462_at,4.707157651,4.914471944,5.516280459,4.664125597,4.867885735,5.086377458,5.746296017,5.950800072,5.996493361,6.159568515,6.420176845,6.559297603
1771463_at,11.76990952,10.67399297,9.520542817,10.63892761,11.08629125,11.44456983,11.76251233,11.37561958,9.870928496,8.605672528,8.281175904,8.444277071
1771464_at,12.11308528,11.78932735,11.63431773,11.73496959,11.73957281,11.86906964,12.1686052,12.01005237,11.91782284,11.91852044,11.87818703,11.98634862
1771468_at,11.23675882,10.91573872,10.66772069,10.90515794,10.94531098,11.08576356,11.16434395,11.04954374,10.60437451,10.2849778,10.3786106,10.64877993
1771469_at,10.55372915,10.17513039,9.958039983,10.03935481,10.17948842,10.19962263,10.56236134,10.39511017,10.53092087,10.51410556,10.48097153,10.50499454
1771470_at,10.53594593,10.01416163,10.28887579,10.44269285,10.46398996,10.42758632,10.4857706,10.12067264,9.898577467,9.969180621,9.863015185,9.698304248
1771472_at,10.34868504,10.23508992,10.20367944,10.1869034,10.2600747,10.14609711,10.2740104,10.10648122,10.15045311,10.3731271,10.37558175,10.33590837
1771473_at,9.735977667,9.461459088,9.512746165,9.862655639,9.986143823,10.00839966,9.717221404,9.561771577,9.494137472,9.520092863,9.440668936,9.302840098
1771475_at,9.718427482,9.338833471,9.264346156,9.48528633,9.505904385,9.59474398,9.830270683,9.750246725,9.988044097,10.30189275,10.40840651,10.5113515
1771479_at,9.936506829,9.314282725,9.757886372,10.66735187,10.69343313,10.61426936,9.658530021,9.462009618,9.209624631,9.711917443,9.834671294,9.828694875
1771489_at,3.665723507,3.685350886,3.589398432,3.445500076,4.088061402,4.173973927,3.805257052,3.832975038,4.474401626,4.326191659,4.156700759,4.778115422
1771490_at,11.99570811,11.42258756,10.6104381,11.07375125,11.49286086,11.73269019,11.86295838,11.48697989,10.73185487,9.620987739,9.295254447,9.444328285
1771492_at,12.87194525,12.77972165,12.73024733,12.70823157,12.73659385,12.78061841,12.79372608,12.68015587,12.61308349,12.40068492,12.09664468,11.89040692
1771493_at,9.981554104,9.793037002,9.4442644,9.871657557,9.83252753,9.971211276,10.16051722,10.14343573,9.918984226,9.974136461,10.12023959,10.21557182
1771495_at,8.181406121,6.103341642,7.427303916,7.742909171,8.11218844,8.168046124,8.221775509,7.011972109,6.458486824,6.586923849,6.427051252,6.473079103
1771497_at,12.7020404,12.59431185,12.31335394,12.55824632,12.6758567,12.74693508,12.70639566,12.61526486,11.66897126,10.58437161,10.63032744,11.19648422
1771498_at,7.173520623,7.270117077,8.66994287,9.039535969,8.927337373,8.605851349,7.182871837,7.151926076,7.973242719,9.116267481,9.405363208,9.324077551
1771499_at,11.4875616,9.848829502,10.17590651,10.93848763,11.38092325,11.8003059,11.35744685,9.381762256,7.372322298,6.78393396,6.435113903,5.909654821
1771500_at,8.038047985,7.578402171,7.560758687,7.942692901,8.007096751,8.206291201,8.007341313,7.985960788,8.070680295,8.280866682,8.323714098,8.541014211
1771501_at,9.150011804,8.792439632,8.727090123,8.681309699,8.616186031,8.874705673,9.073780065,9.006327647,8.884641802,8.923398184,9.051634573,8.962113556
1771502_at,13.04075055,12.99391506,12.97171612,12.97939083,12.97558483,13.01431476,12.94675577,12.98607109,12.89527032,12.61257022,12.46983788,12.5618413
1771503_at,3.097349691,2.846413122,3.097520024,2.942372155,3.017877676,2.926807795,3.216392093,3.193369846,3.126714204,3.032551705,2.719755615,3.011433759
1771505_at,9.746598112,9.604243071,9.594947421,9.584604723,9.494010855,9.657187427,9.595899994,9.604696145,9.515761074,9.00047312,8.864186736,8.557938169
1771507_at,9.044401613,9.078315927,8.905054438,8.731800106,8.659762548,8.7117318,9.030494861,9.088013358,9.004954896,8.866054841,8.797449359,8.771814465
1771508_at,6.341398234,6.39809192,6.105627339,6.400206371,6.388112225,6.20938441,6.133867363,6.284466898,6.366066496,6.138302259,6.138272849,6.066586421
1771509_at,11.70514445,11.22637459,11.0742448,11.78802353,12.01298621,12.12315819,11.72146418,10.34838243,8.733475824,8.334996325,8.53533542,8.228157034
1771510_at,8.604012809,8.520203092,8.693758652,8.528144149,8.522381473,8.397351503,8.720807489,8.677769858,8.719010276,8.918484623,9.065396649,9.082702025
1771512_at,10.23893901,10.23169852,10.57195059,10.75796562,10.57276022,10.50818996,10.11859651,9.720357808,9.458260606,9.165617308,8.672073895,8.643765395
1771513_at,9.867328924,10.45991721,10.17095884,9.978144448,9.752084663,9.461187248,9.906014939,9.736271402,9.408323559,9.028834691,8.53799165,8.397532162
1771514_at,6.474678428,6.756518529,7.167447785,6.908860561,6.966023025,6.877127793,6.590232768,7.131505915,8.010286721,8.454257162,8.856283632,9.267768685
1771515_at,10.32841787,12.79734539,12.90227546,12.54193215,11.62055132,10.85349194,10.39216093,12.48138752,12.89254488,12.97429921,12.90378837,12.9723556
1771518_at,9.563544114,8.053061805,7.283871821,8.518226565,8.742404899,9.142419437,9.621802286,9.288997405,8.581593099,7.958514067,8.015875059,8.146080891
1771519_at,9.885417097,10.66073483,10.89607225,10.78693146,10.65972775,10.42986656,9.888931379,10.46923085,11.31591986,11.66720789,11.88303384,11.97248728
1771520_at,11.48286759,11.40702006,11.54255533,11.58313177,11.20576224,11.23621278,11.37708693,11.39574001,11.45660579,11.41634717,11.36964966,11.77216458
1771521_at,11.75025067,11.73413108,11.70597473,11.73621792,11.74856452,11.78727761,11.84947168,11.77328604,11.48948464,11.3240345,11.23587284,11.22444943
1771522_at,8.647747114,8.854757817,9.155204326,8.997611597,8.879065524,8.817617682,8.630254386,8.944828114,9.333516288,9.409849794,9.242872821,9.077077819
1771523_at,9.080366822,8.88569242,8.738258824,8.677426494,8.643352552,8.636599891,8.991407637,8.658073469,8.409034798,8.403317876,8.381940334,8.542890547
1771525_at,8.756333794,8.4790115,8.529612227,8.518129298,8.611751982,8.598206673,8.863392389,8.797410529,9.023744119,9.161908217,9.395426797,9.367885364
1771526_at,8.136688464,8.407833903,8.520625561,8.637777409,8.603579499,8.494684937,8.167351584,8.016111633,8.19397826,8.450138754,8.355731281,8.132590422
1771527_at,8.418711333,8.810635418,8.762560638,8.544833884,8.753894244,8.738584889,8.614078441,8.83421016,8.984240571,9.372905628,9.551464462,9.585438506
1771529_at,4.020923414,4.094283725,4.404801667,4.90417762,4.619235349,4.379386251,4.093200501,4.972530246,6.473014425,6.859510981,6.153586544,5.1772613
1771530_at,9.555323714,9.606111461,9.962447762,9.525645516,9.277360527,9.388831939,9.796634748,9.56466125,9.108915652,8.77115498,8.434708746,8.286588733
1771531_at,8.316815789,8.690350539,8.824109757,8.568948777,8.290083215,8.225619589,8.241110605,8.33133734,8.566522807,8.78436571,8.793400265,8.983806786
1771533_at,8.492061814,8.38173604,8.310928163,8.453700193,8.54800293,8.33703587,8.344519872,8.225697586,8.216291463,8.073175114,7.997552555,7.644370838
1771534_at,8.719065791,7.663706703,7.202003558,7.745867428,7.857500328,8.43582333,8.625845963,7.83884143,7.248229832,7.15355134,7.174810071,7.151156979
1771536_at,7.302278519,7.957706963,8.164208309,8.08491936,8.003969022,7.813718889,7.160275734,7.801720775,8.440923369,9.180577646,9.429496255,9.553550226
1771539_at,6.647115866,7.421487657,8.03787427,7.483299884,7.36447282,7.066279031,7.003525943,7.408156753,7.907668884,8.574630814,8.537876711,8.336919287
1771540_at,11.28285734,11.19833705,11.32445256,11.23904629,11.15745132,11.22946869,11.42169206,11.23586495,11.27772699,11.16195463,11.1754387,10.89067473
1771542_at,11.68400144,10.78873537,10.2284536,10.87469391,11.15345758,11.38127656,11.63578459,10.87492361,9.466385359,9.029953438,9.160256927,9.394836467
1771544_at,10.33009618,9.671972867,9.147436707,9.670281052,9.988390778,10.19018825,10.53002469,10.22739487,9.86592701,9.435701286,9.532992165,9.709794955
1771546_at,9.441710678,9.876848975,10.23918334,9.639554992,9.369219097,9.273861257,9.379604107,9.989749559,10.95389554,11.36825608,11.58316192,11.74011131
1771549_at,8.868151667,9.146238024,9.322386456,8.866051332,8.692038015,8.858318734,9.105669781,9.243118738,9.311626835,8.887238581,8.586074951,8.311480039
1771550_at,3.841983795,3.728173018,3.75580228,3.621518792,3.31490446,3.699112283,4.541212972,3.611694968,3.393242455,3.456444902,3.741319116,3.235235086
1771551_at,8.212784651,7.658845221,7.858713906,7.948599187,8.004595038,8.122089526,8.153350766,7.868271455,7.588176844,7.747447944,7.770279057,7.921469365
1771552_at,8.309787755,7.665537336,7.780293891,8.036086479,8.119036586,8.30395353,8.339873644,8.120865945,7.78912638,7.644408293,7.563267999,7.680648652
1771554_at,4.606165888,4.037842363,4.121023127,4.184523903,3.971589783,3.943764545,4.593926919,4.147778285,3.614443563,3.84279399,4.077815776,3.846313157
1771557_at,8.00032334,9.535149207,9.04324,7.988917452,7.696722601,7.728145309,7.874306005,8.268742266,8.162526831,8.083881262,8.10819799,8.199973105
1771559_at,9.356120246,9.829730973,9.413209786,9.121624385,9.02286456,9.081170279,9.469380931,9.985186427,10.17941287,9.914674206,10.05717641,10.04147267
1771561_at,8.397892257,7.227453851,7.632929611,7.170112754,7.67305584,8.188472468,8.579407033,7.972023534,7.294812647,6.774969155,6.478727395,6.24362292
1771562_at,8.63372717,8.822720212,8.891340858,8.79255708,8.67688543,8.513098202,8.565695818,9.137471635,9.637924543,9.97921684,10.14860905,10.17350706
1771565_at,9.293634589,7.474288372,7.497808472,8.349531397,8.72433183,9.091554655,9.302496249,7.846694357,6.33081143,6.084908926,6.659699375,7.046381469
1771566_at,11.71954036,11.62922286,11.55733773,11.6728434,11.6996535,11.75231972,11.61357247,11.52353994,11.44692177,11.22470495,11.24815352,11.39576843
1771567_at,9.239960487,8.518303371,8.646068543,8.950617552,9.084649213,9.162479091,9.205250797,8.733505269,8.467321428,8.531137941,8.423822907,8.477779604
1771568_at,8.673067165,8.173761363,8.209206959,8.301498747,8.34758625,8.603223677,8.896771977,8.366385332,7.96365702,7.963623,7.869796905,7.69841087
1771569_at,9.00702126,8.638239344,8.202102932,8.239591258,8.537238708,8.803425181,8.957494759,8.67102517,7.970405917,7.559061411,7.395377643,7.471301199
1771574_at,6.401761638,4.932265938,5.552535381,5.699954754,6.06569012,6.060776803,6.464078796,6.100461321,6.153553069,6.311130523,6.714567503,6.731555236
1771575_at,8.44411271,8.476342488,9.040229586,8.662361938,8.261409604,8.138281297,8.561566944,8.551587227,9.19871864,9.372191856,9.545267701,9.764838876
1771577_at,10.92657735,10.80275909,10.56828554,10.83011554,10.97912061,11.09319515,11.08869959,10.72926341,10.28930315,10.04092493,10.07091767,10.10705048
1771578_at,8.953514284,10.34659047,10.24121361,9.494388779,9.028290769,9.062352208,9.074045338,9.564194521,10.08534714,9.912795874,9.828705176,9.676404808
1771579_at,12.88183142,12.92587428,12.83068439,12.85550182,12.84580019,12.92641575,12.86517761,12.89236046,12.7593141,12.08429819,11.67147859,11.98549941
1771580_at,7.989959862,8.532317701,8.285870143,8.377301144,8.306515561,8.349035773,8.070627354,8.664985898,9.160626763,8.344165379,7.795957358,7.180541796
1771585_at,10.09997761,10.44881766,10.0667174,9.951431759,10.121377,10.09503861,10.13622973,10.09108431,9.808801957,9.931144839,9.793583432,9.60196622
1771588_at,7.798489318,8.231604719,7.835884227,7.543694563,7.688737573,7.777782769,7.83652504,7.842198576,7.888774593,7.853613627,7.575161343,7.779044315
1771591_at,10.1294666,9.587485133,8.191758896,9.52512454,9.873094654,9.864569561,10.09460288,9.411998387,8.078579069,8.239432149,8.235619343,7.983595436
1771596_at,12.16408515,12.41331022,12.60960485,12.47355972,12.31258951,12.23140845,12.01131564,12.51572509,12.63135604,12.96393101,13.13795318,13.19049744
1771598_at,11.20554919,10.86301847,10.68211856,10.84474397,10.96013533,11.04017079,11.17307368,11.04645619,10.8582173,10.69510143,10.53026904,10.11517922
1771599_at,8.114836522,8.076481875,8.331414182,7.987965101,7.964173468,7.806146599,8.235571487,8.01541187,8.164148103,8.758422999,8.985610973,8.893766481
1771602_at,10.35946415,10.32876155,10.3507334,10.03544976,9.94004477,10.03436232,10.34291575,10.64456022,10.94554641,10.62908168,10.59426128,10.66109704
1771609_at,9.402402114,9.334847866,9.539631118,9.609848578,9.61164965,9.329906496,9.293328065,9.406987775,9.858283666,9.796018469,9.80912833,9.71978637
1771611_at,10.06800344,9.807738219,9.925109845,9.888158034,9.881902103,9.949084964,10.1176363,9.883325261,9.830337431,9.531909477,9.477976657,9.425591239
1771612_at,8.133649088,7.809451423,7.852436246,7.916410004,7.872028482,7.899417163,8.216361851,8.419493105,8.696271566,9.020923764,9.257483523,9.383116647
1771614_at,9.131887396,9.992605225,9.615257067,9.382528881,9.387619373,9.181618829,9.136664535,9.77802024,10.17074864,10.57513514,10.67885834,10.67774829
1771615_at,3.891406491,4.066952544,3.481882536,3.527228001,3.404728003,3.985604541,3.783313517,3.801284271,3.631608308,3.283572856,3.598634351,4.05611116
1771619_at,9.212531788,10.17862663,10.90634263,10.29395566,9.655006847,9.391954713,9.148317816,10.1410387,10.97995929,11.15546548,11.14448957,11.25169578
1771620_at,8.432049892,8.012741204,8.085797234,8.153381112,8.242162804,8.205895295,8.45653424,8.566184225,8.85205873,9.413212325,9.714894057,9.732712362
1771624_at,5.330656906,12.55293995,12.96740449,12.98013803,12.65820385,12.17940415,5.955680222,9.95519589,12.1794232,12.53380432,12.45796297,12.36247636
1771626_at,11.7976394,10.8562178,9.332556079,10.4477936,10.86532101,11.32625877,11.84280895,11.40794268,9.08598195,8.079151679,8.473480915,9.162707436
1771627_at,9.338144805,9.506018397,9.766951864,9.951065854,9.927817801,9.921454104,9.369019344,9.400960618,9.622691218,9.801532728,9.964189357,10.18086752
1771629_at,8.999701096,8.378385402,8.310203479,8.451228567,8.519240855,8.729460958,8.888586242,8.435010338,8.203946933,8.234783868,8.313376226,8.65953279
1771630_at,10.75705475,10.80301829,11.02839115,11.07499163,11.07628864,11.01127403,10.70489781,10.7546962,10.95123921,11.2829237,11.51841576,11.40129174
1771632_at,5.583084425,5.520912444,5.440871611,5.820361777,6.065715095,6.006151578,5.6025993,6.390828696,7.138745113,7.767048461,8.087343301,8.304547367
1771633_at,10.59849107,10.61045969,11.00156681,11.14537729,11.17337788,11.05654888,10.63113415,10.25474004,10.03240124,10.47059228,10.47634545,10.20795975
1771634_at,9.373622841,9.352451063,8.934528068,8.68742039,8.835296449,8.884865944,9.405769191,9.526702723,9.088875797,8.923502697,9.358513288,9.655120815
1771636_at,9.377377246,10.69528633,9.853731984,8.981583383,8.910340698,8.92128227,9.377265797,10.32314218,10.6342779,10.31619484,9.837670382,9.594119543
1771638_at,9.418950748,9.563918144,9.921995933,9.755585453,9.594176137,9.660102227,9.451781465,9.51721923,9.537345084,9.292898485,8.868107126,8.678839704
1771639_at,10.09133106,10.10582675,10.17344785,10.01904053,10.06849796,10.15989736,10.33872602,10.49186353,10.69401325,10.87189254,10.99606471,10.95261288
1771643_at,9.520101728,10.67083078,10.29395159,9.553334133,9.442314124,9.24955805,9.51084881,10.64562673,11.49006743,11.8047294,11.90608586,12.03202372
1771644_at,10.35786789,10.35408096,10.82328889,10.70341702,10.51184525,10.36124429,10.2167266,10.46728718,10.78529029,10.96884662,11.10104278,11.24573799
1771645_at,5.817956163,6.152218306,7.342990589,6.994154761,7.207197303,7.342658484,6.11144218,5.498869038,5.478019618,5.633221082,5.954248061,5.846091126
1771648_at,8.913123374,9.364102433,9.668431132,8.77711196,8.467693611,8.419333694,8.969025964,9.588753765,9.73492477,9.606943839,9.46812733,9.553142657
1771649_at,10.15469623,10.08004617,10.44341167,10.63535919,10.58291454,10.40241533,10.22013248,10.06031095,10.2810146,10.55619315,10.57119121,10.33773809
1771650_at,9.972884469,8.048235443,8.166622766,8.859405387,9.24116046,9.536935305,9.908861468,8.768145874,7.79327458,7.689770288,8.0493509,8.521105567
1771651_at,9.983686735,9.89845555,9.965779188,9.85113275,9.841590405,9.845917352,9.903662289,9.939499518,10.24203155,10.47613443,10.46895633,10.55706662
1771652_at,9.093691638,8.071425902,7.571279007,8.276470825,8.561359193,8.838992129,8.936132944,8.609871476,7.857056318,7.312177872,7.304477128,7.545356639
1771655_at,8.926021077,9.272787718,8.702782424,8.601168691,8.643325679,8.629746683,8.852311425,8.940970917,8.89262904,8.972038893,9.024618498,9.068930442
1771657_at,10.59946393,11.25803512,11.43553547,11.41612505,11.30163693,11.08296773,10.61708598,10.55875114,10.64177679,11.10104082,10.95056485,11.09719748
1771658_at,11.30377664,10.68208539,10.47220433,10.83064044,11.04591682,11.17971512,11.3418547,10.73859659,9.493652076,8.877603831,8.722594274,8.675586455
1771664_at,11.11960316,12.05293718,12.28225611,12.23851274,12.06494623,11.90723129,11.18001709,11.00714293,11.27599112,11.54330305,11.52390408,11.37208679
1771670_at,6.272508292,6.44330639,7.338362479,7.038721037,6.893448228,6.61624326,6.263745853,5.968631852,6.632510996,6.757149377,6.764983738,6.703521788
1771671_at,2.925198917,2.899480785,2.915595776,2.694531619,2.720268149,2.821152742,2.97753857,3.104853175,3.247059199,2.792775835,2.837639219,3.305634463
1771675_at,10.19874811,9.799130722,9.757649988,9.740093512,9.769666662,9.948743361,10.21784193,10.13936183,10.2921248,10.21463596,10.27543012,10.29994094
1771677_at,10.39492447,10.29055178,10.15848854,10.21751208,10.34228614,10.2720232,10.20561754,10.1734204,10.06218693,9.880378885,9.6755654,9.577940261
1771678_at,8.937482387,9.008837224,8.899300888,8.673157253,8.934739871,8.926852063,8.764322852,9.025888978,9.043954915,9.110867689,9.085451147,9.045134088
1771679_at,9.937756648,9.304490636,9.388421078,9.707089096,9.849499593,9.954432568,9.89282557,9.547161674,9.050471117,8.990446935,9.012043542,9.097243735
1771682_at,9.059175576,8.568152124,7.895280842,8.856260198,8.659618418,8.454219661,8.881942575,7.563558272,7.140195044,7.908110478,8.303966131,8.280635222
1771685_at,8.469210519,8.642396625,8.820021742,8.946967327,8.816412725,8.737929715,8.502383019,8.484787697,8.693456743,8.778181879,8.721533244,8.543524285
1771686_at,9.78846717,10.06521984,10.21745715,10.04982128,10.06780411,9.927132016,10.16470809,10.17472449,10.51246474,10.85444881,10.88019869,10.66749971
1771687_at,11.59767435,11.51558654,11.56828385,11.81605357,11.88802717,11.78243893,11.76382795,11.66358406,11.36897434,11.52212083,11.45450885,11.27147517
1771691_at,2.916918431,2.93393697,2.907281173,3.006578305,2.829959876,2.951238063,3.194082031,3.35238371,3.327890805,3.129735212,3.083271287,3.112757192
1771692_at,5.096655704,5.310620162,5.173059218,5.316664784,5.610077211,5.477298209,5.069018486,4.817195954,4.568163851,4.866181554,4.90881963,5.064954267
1771693_at,6.876778672,6.500845665,6.92604946,6.945688278,6.807432164,6.779256036,6.768631059,6.608093641,6.903137476,6.857946374,6.949687537,6.949687537
1771695_at,4.367024564,4.94448666,5.180170561,5.155778769,5.511861336,5.397107923,4.34958596,5.172129303,5.727740227,5.870672758,6.068331546,6.209840866
1771696_at,7.806569135,7.883365845,7.759760117,7.533326618,7.49111862,7.496314221,7.855680174,8.000001378,8.264294766,8.021872752,7.890181694,7.809098528
1771700_at,9.064771465,9.448852154,9.443399479,9.145647641,9.050834864,8.920038388,9.097157115,8.913020723,8.763827703,9.095631817,8.862248792,8.758547519
1771702_at,6.638026012,6.451186675,6.554288417,6.698824814,6.651933894,6.632689713,6.716707991,6.664326175,6.382070938,6.609048746,6.76607042,6.71218677
1771703_at,12.40846558,12.858298,12.79064029,12.65248424,12.56406887,12.45406581,12.40155616,12.82587969,13.04621941,13.09448936,12.97636944,13.00328172
1771705_at,7.310598714,9.45776572,9.710040414,9.257437074,9.344666917,9.016634349,7.285917349,8.431701987,9.120029927,10.37533368,11.43492619,11.45135869
1771706_at,11.65622239,10.79165474,10.14384299,10.74673407,10.95359468,11.23479673,11.59471,11.13414443,9.643580938,8.942211614,8.501917304,8.508229589
1771708_at,8.367193243,8.179909157,8.047088788,8.078677153,8.228123151,8.152391681,8.568914898,8.467588844,8.576563271,8.65355192,8.58152569,8.753243021
1771710_at,10.01491109,8.641675048,7.384537347,8.687317961,9.042856683,9.486282795,9.928035149,9.41201923,7.923804287,7.076211886,7.014551915,7.622127362
1771711_at,8.794547975,7.835470669,8.126520838,8.341933791,8.41288686,8.780940908,8.778049753,8.570717905,7.999740308,8.030906949,8.297012007,8.658955416
1771712_at,7.462122726,8.08330105,8.152398734,8.003893795,7.995100928,7.788602423,7.518826378,7.928392977,8.131674348,8.47311513,8.490429878,8.855710504
1771713_at,9.232397859,8.481771881,8.376637139,8.469796857,8.48376255,8.728104586,9.103201426,9.095800995,8.923141903,8.826942881,8.80997857,9.051669419
1771714_at,8.665107331,8.900096695,9.016547203,8.77218018,8.723209614,8.729407921,8.789406137,9.070847838,9.272183141,9.517339744,9.43409095,9.389841632
1771716_s_at,8.94060937,12.56192932,12.41047448,10.98443827,10.01062236,9.608882896,9.020435729,12.25102004,12.52119465,12.5843162,12.60300484,12.66296508
1771719_at,8.763949991,8.551258588,8.799730828,8.972082456,9.006631503,8.912503818,8.787862533,8.751335008,9.135826937,9.484025754,9.780842362,9.952650332
1771722_at,8.865024536,9.341420765,9.834629449,9.330013195,9.298492336,9.041852641,8.87062098,9.514292786,10.10603507,10.32764886,10.23738946,10.30856225
1771724_at,10.31083666,10.07655413,10.36105283,10.44746183,10.42692344,10.3858235,10.29849156,10.00715968,9.993602243,10.03510668,9.664906188,9.44902665
1771725_at,10.3539808,9.947854333,9.464482015,9.8036331,9.920435016,10.04454503,10.31360021,10.23380367,10.09443519,9.962760678,10.05156138,10.40125009
1771726_at,9.073992267,8.86856833,8.863953723,9.110690378,9.15123011,9.333575414,8.611908632,8.018780022,7.33002746,7.528913713,7.830578975,8.005667799
1771729_at,9.195385278,9.252785234,9.256749874,9.168128632,9.206048477,9.17743578,9.246914555,8.978625,9.225835189,9.636819287,9.663942637,9.727316342
1771731_at,7.619751895,7.535443596,7.8848068,7.71607101,7.777409197,7.691902667,7.712714372,7.599495554,7.488546076,7.840325232,7.596451182,7.46503136
1771733_at,9.866747414,10.15600411,10.04384879,9.748698791,9.709568731,9.763779925,9.852437706,10.0661173,10.06990319,9.593996053,9.281793818,9.150437608
1771734_at,6.451404044,6.641901685,6.729042274,6.851773619,6.789786721,6.696503047,6.656736375,6.765514765,7.08930616,7.626920455,7.86716204,7.964782785
1771735_at,11.89852981,11.95868725,11.82328726,12.02717668,11.97048186,11.98593829,11.7621747,11.74242964,11.2431714,11.15651769,10.98615317,11.07676931
1771736_at,10.98594252,10.96703402,10.93622388,10.92564346,10.94486718,11.03307472,11.04734549,10.93961927,10.57367819,10.36512804,10.19938374,10.12031062
1771737_at,11.23939622,10.79037588,10.66456891,10.66100828,10.64701888,10.82956346,11.11288746,10.64860105,10.4820727,10.1792094,10.03058259,10.14668251
1771738_at,5.760683607,5.197238152,6.169574283,6.07069172,6.844529114,7.312697914,5.91625648,5.801084724,5.875513654,5.852213205,5.322684841,5.331729472
1771743_at,10.32497459,9.37018801,8.744018486,9.434006035,9.884334549,10.14000432,10.25604582,9.791243044,8.906429999,8.384435326,8.45856958,8.512259303
1771744_at,8.576785638,10.64550293,10.02652528,8.546798145,8.466024223,8.349913883,8.62465035,10.9988472,10.98751849,10.76560679,10.60228612,10.49578192
1771745_at,10.59710367,10.47443696,9.85947111,10.03449993,10.30067423,10.33528822,10.60557468,10.56336451,10.34885155,10.21119594,10.17339896,10.30433413
1771748_at,9.443912824,10.72026928,10.13903012,9.472314386,9.299512355,9.33558289,9.573564342,10.4060447,10.80965095,10.73910071,10.78788331,10.86208981
1771751_at,9.475962252,9.341037797,9.505686535,9.043811354,8.994642369,9.073408284,9.355740872,9.99995075,10.40070033,10.1949311,10.28224389,10.42870249
1771752_at,9.620393474,8.684237426,9.532117246,9.296930854,9.044678854,8.911704217,9.712132973,9.401115649,9.539845514,9.682858094,9.598936377,9.398724042
1771757_at,6.657189025,6.245169048,6.480390847,6.900315002,6.96080492,6.558047715,6.653444285,7.004846155,7.129921389,7.381977343,7.27178917,7.246086066
1771758_at,8.373318547,8.177076622,8.250558092,8.118799649,7.957123509,8.090403529,8.070643537,8.478063021,9.019151369,9.338968572,9.553249791,9.565935175
1771762_at,7.696261811,7.237011224,7.535711094,7.742169407,7.721361615,7.873490822,7.554964566,7.538699185,7.842481623,8.213205749,8.232484791,8.606759149
1771763_at,10.18231682,10.17786077,10.63583866,10.57632311,10.41144484,10.22600972,10.21794395,10.10304169,10.37375584,10.2805368,10.18022959,10.25073736
1771764_at,10.33981885,8.973445059,9.10797366,9.621897805,9.852960724,10.0533737,10.20088964,9.496010353,8.433008213,8.300066744,8.511391473,8.783102222
1771766_at,11.17592637,10.80104878,10.25296604,10.5940307,10.86381527,11.06113618,11.13743151,11.03206012,10.68823974,10.19037633,10.1658917,10.19106654
1771772_at,9.83197518,9.83359142,9.907728358,9.871544143,9.789857736,9.761413666,9.860472804,10.09336821,10.40755551,10.81216607,10.93832469,11.00110333
1771773_at,10.08228459,9.959201079,10.61094939,10.43553872,10.09482856,10.20402426,9.977907143,9.64141367,9.783273231,9.63153655,9.050340824,8.895744597
1771775_at,4.967806679,5.721596841,5.367295063,5.115837493,5.197238152,5.346518909,5.268335342,5.236028109,5.108343264,5.045330873,4.804259983,4.689426593
1771776_at,8.311843135,8.19262188,8.302484556,7.867368297,7.97429316,8.098525488,8.420617499,8.641152953,9.051107597,9.075246601,9.036786655,8.855132899
1771778_at,11.09813472,10.9118151,10.5628698,10.68608223,10.86212655,10.96685158,11.09367704,10.92105773,10.47570516,9.931961697,9.612529902,9.444886253
1771781_at,11.14278783,10.85862504,10.24893026,10.50866824,10.85737415,10.9672416,11.10459385,10.94136453,10.43554613,9.852871343,9.902115828,10.14089636
1771782_at,9.849922804,10.77933836,11.66023822,11.94512201,11.90619169,11.54598005,9.606447046,9.930606614,10.79179597,11.37480694,11.35256525,11.420615
1771787_at,7.834897599,7.693524252,7.685926837,7.622911912,7.731460812,7.771113871,7.84791268,8.118527708,8.294195993,8.208912355,8.293969401,8.251822396
1771788_at,11.65971324,11.51980649,11.43590517,11.51612067,11.51620499,11.60791785,11.65941111,11.47057097,11.27429975,11.02004304,11.07310093,11.00015381
1771789_at,11.29506915,10.9555635,10.07633494,10.46107391,10.57770767,10.86136163,11.39009993,11.14454221,10.10949886,9.807871244,10.68638475,10.87628249
1771791_s_at,8.860322469,9.059319543,8.481357722,8.137695263,8.656416792,9.080696798,9.839610226,7.570875578,7.295917579,6.856287179,6.688172806,6.896000701
1771792_at,9.930196318,10.11253005,10.46042019,10.28537268,10.25584562,10.07348932,9.891355481,10.06479884,10.57684694,10.87468712,10.38380399,10.05213626
1771794_at,6.068554985,6.178665871,6.294351906,6.10969638,6.166029449,5.864703306,6.08076726,5.896824015,6.163972716,6.34887965,6.566371998,6.610493907
1771795_at,11.40246707,11.30175393,11.21531303,11.11924575,11.2230462,11.24323365,11.537507,11.401725,11.20921592,11.08543551,10.93286795,10.64057233
1771799_at,7.970011855,7.921365467,7.88444546,7.861900162,7.792043495,7.878628623,8.204994119,8.215566708,8.146285137,8.142213708,7.883079902,7.55296499
1771800_at,10.29885652,10.68515069,10.88308966,10.69902806,10.55328722,10.46030708,10.41748369,10.77213747,11.18215362,11.32393591,11.05226814,10.96425873
1771801_at,9.084211891,9.725999612,10.35353747,10.4080662,10.11581831,9.751346045,9.051072031,9.555108444,10.18954153,10.67632934,10.95671622,10.97602606
1771802_at,3.813706405,5.153411217,6.607644434,5.897424119,6.060511237,5.310916471,3.693432162,5.012508392,6.657545079,7.861217264,7.656100536,7.491778014
1771803_at,7.464256002,7.793459413,8.052958458,7.915008229,7.712670641,7.765099046,7.543607606,7.825002543,8.362476155,8.452463819,8.357071114,8.159507673
1771804_at,9.975486495,9.350033557,8.648025336,9.222510356,9.454588455,9.71657483,9.817827209,9.608614618,9.037885586,8.705724446,8.763769444,8.796107391
1771805_at,9.450782238,9.090956353,8.945716863,9.158362676,9.25235568,9.367110887,9.565394134,9.094082327,8.715705354,8.755204428,8.987080639,8.915841266
1771806_at,3.242197087,2.915360987,3.365984984,3.530184077,3.12625723,2.907215059,3.630659344,3.378462636,3.637277555,3.926911011,4.17344954,4.500725981
1771809_at,4.112411245,4.061516051,3.90942257,4.171749732,3.64157677,3.883108992,3.962837232,4.011454512,3.990205804,3.995749821,4.172617355,3.544968248
1771810_at,9.158911285,8.565830251,8.713972313,8.738301231,8.669334974,9.019789277,9.058499287,9.158567867,9.233070101,8.807867811,8.164939804,7.47427677
1771812_at,8.488334797,7.934641501,7.889846371,7.769042639,7.934878052,7.974666897,8.237662531,8.504589138,8.831088579,8.908888249,8.872092618,8.699474726
1771813_at,10.27408965,10.42006057,10.74542416,10.80562,10.8386581,10.76759304,10.31626454,10.39222565,10.71902764,10.88623506,10.91907156,10.79864004
1771814_at,6.964403606,6.9999337,7.559527617,7.7140135,7.612447525,7.548825937,6.884133521,7.173575529,7.651441531,8.059968379,8.153631568,7.957706709
1771816_at,11.08891247,11.30851388,11.23376737,10.92420291,10.8535747,10.97025245,11.05224258,11.17701721,11.30415033,11.1805568,11.23013766,11.22282574
1771817_at,9.582183176,9.295280362,9.235032994,9.238633012,9.379926438,9.552735914,9.539261618,9.635604861,9.381456755,9.200026591,8.91260992,8.719885054
1771819_at,9.936271946,8.217827106,7.821838916,8.846078147,9.09786883,9.506429493,10.12152855,9.244883797,7.713580403,7.056404916,7.340082121,7.921721775
1771820_at,11.51000021,10.79787936,10.64672996,10.94915992,11.08853297,11.42361305,11.36683792,10.69095626,9.764311984,9.566093942,9.49819404,9.842769723
1771822_at,9.031692676,9.405063334,9.620506564,9.379837757,9.327635458,9.27443335,9.037250525,9.261234247,9.504287012,9.318056719,8.988743997,8.931713079
1771824_at,9.426552964,10.59562123,9.963119116,9.763514043,9.492371076,8.966313493,9.351482383,11.16220117,11.05358184,11.28377154,11.18329372,11.26754959
1771826_at,8.714705527,8.483547965,8.56919906,8.569812698,8.538214803,8.55530237,8.64724578,8.42430929,8.574685439,9.010672965,9.311408917,9.501908962
1771827_at,9.517543732,10.08079725,10.05148751,9.553547458,9.388978843,9.34059042,9.424035141,10.36702628,11.13348887,11.27960235,11.1266097,11.42385219
1771828_at,11.10339198,10.96857996,11.35296821,11.57088621,11.60760968,11.66287383,10.9883429,10.91436353,10.93705823,11.14549702,11.34007207,11.57409713
1771829_at,11.84218293,11.91622939,12.18872407,11.96967105,11.61805089,11.50763984,11.84262396,11.95319859,12.17980019,12.35278919,12.3722819,12.39446575
1771830_at,9.336853939,9.060657976,8.822334776,9.146043174,9.261579637,9.427111654,9.317464628,9.327200012,9.002054128,8.506825189,8.611839712,8.574123995
1771831_at,9.066914769,8.683318155,8.808864399,8.953529738,9.038352566,9.074949982,9.152269261,9.109687172,8.995649673,9.096359923,9.249386895,9.305891243
1771832_at,12.53674374,12.42500278,12.07495067,12.22958278,12.39113727,12.52123904,12.46489269,12.33393262,11.40869621,9.803759356,9.807021868,10.39592538
1771833_at,6.557767301,6.905059835,7.53867435,7.014253566,6.466440517,6.198882715,6.440020589,6.963750345,6.875587762,6.680382928,6.851448509,7.113280972
1771835_at,10.13018378,8.27530727,8.100054148,9.16971206,9.443069953,9.830481276,10.0981726,9.413130941,8.153106331,7.781755595,7.927642858,8.528105094
1771836_at,11.48600915,11.24086833,11.28999256,11.00103889,11.11547059,11.35598933,11.48942226,11.2613886,11.03523741,10.71359343,10.46372477,10.41507396
1771837_at,10.67384421,10.29469764,10.22133195,10.25408986,10.34608439,10.49709961,10.72942342,10.46416853,10.293877,10.10073908,10.18314433,9.955337173
1771840_at,10.26601513,10.49426362,10.74728415,11.149337,11.33229013,11.30423313,10.29885022,10.52796541,10.94504044,11.65659486,12.0516249,12.16269705
1771841_at,10.05897991,9.949409942,10.06105215,9.937477101,9.920452518,9.933475589,9.922615448,9.938749582,10.23753623,10.19411098,10.34005126,10.47771351
1771842_at,9.710892363,9.773603394,10.2803146,10.13433405,10.09347835,9.937649754,9.821579879,9.8677181,10.42988598,10.87776862,11.06134173,10.91286236
1771843_at,8.366911903,7.920947502,8.10935641,8.036650234,8.011244782,8.149020746,8.434715306,7.822682871,8.210773045,8.800494009,8.97239258,8.820528857
1771849_at,10.62672968,10.60424292,10.44418459,10.71180502,10.77565986,10.83565504,10.50703007,10.43017322,9.968936807,10.12619988,10.04305091,10.19096058
1771851_at,11.00490791,10.95145316,10.91767348,11.04328873,11.04266482,10.99958893,10.92556611,10.96862334,10.95830927,10.91333039,11.00000185,11.0181756
1771853_at,3.985181343,4.43762418,3.728201141,3.691574612,3.452616877,4.122201573,3.991114281,4.497201249,4.514220703,4.126505136,4.564597216,4.663605776
1771855_at,8.794716795,9.038873405,9.324793356,9.048429193,8.959244998,9.0607886,8.964097055,9.022600595,9.471535898,9.431044054,9.167556351,9.069820468
1771857_at,11.19254269,11.49183484,11.73759879,11.5292355,11.40365661,11.27780131,11.27372764,11.4330048,11.81657851,12.19475993,12.25959241,12.13436343
1771859_at,8.847368822,8.557303824,8.70553384,8.82024562,8.836898034,8.740914147,8.933998096,8.856794551,8.71381151,8.724532357,8.48205437,8.424210819
1771860_at,11.95064992,12.23749947,12.64395023,12.80227149,12.69962197,12.39998124,11.93895155,12.39250192,12.70027039,12.9551181,13.13627189,13.1418787
1771862_at,9.764694501,9.373385722,9.250424798,9.309278028,9.424698657,9.673096392,10.01279931,9.88598237,9.663055618,9.550103525,9.604781332,9.450833161
1771863_at,10.00209857,9.806490959,9.72198929,9.79829492,9.988129427,10.02989117,9.99530773,9.864197338,9.709713059,9.338909898,9.123959843,8.925363924
1771868_at,8.46332436,9.107817994,8.495066836,8.362994045,8.268361266,8.330746831,8.47480338,8.874170516,9.125878383,9.400461776,9.638392476,9.567510249
1771870_at,8.274878608,8.298231473,8.348414288,8.252511331,8.236114679,8.252920835,8.113404855,8.162136303,8.416716682,8.529528263,8.498628595,8.632717072
1771871_at,10.47371802,10.15724248,10.10719275,10.39233984,10.49270734,10.50403672,10.52427931,10.37192284,10.17060945,10.02299736,9.993971887,9.856584207
1771880_at,7.816364155,7.593778439,7.474115646,7.238004577,7.485953059,7.612761937,7.80211275,7.713766584,7.574855368,7.475997393,7.316944647,7.386761102
1771881_at,10.55335838,9.931276685,9.272019735,9.606755949,9.805732005,10.13039301,10.39587682,10.08749513,9.533976508,9.201398181,9.441556216,9.546059228
1771884_at,5.838080735,5.506902155,5.154693307,5.545839318,5.519832756,5.54120922,5.999093084,5.643982662,5.172105333,5.076355023,5.017720455,4.85957786
1771886_at,10.61836408,10.82480051,11.01662831,10.66095392,10.61630302,10.49716193,10.5294151,10.69967214,11.17141916,11.78011922,11.86972593,11.94512235
1771887_at,10.27850392,9.952665881,9.899625383,9.881785485,9.947389412,10.07565696,10.30182248,10.1955105,10.16640291,9.985663143,9.641091844,9.513514851
1771892_at,11.19519064,10.98774315,10.98018852,11.16429183,11.25796386,11.23698346,11.22537592,10.98383627,10.66210323,10.62920222,10.66985276,10.56418752
1771893_at,9.781329956,10.13438276,10.14816179,9.972448289,9.90518717,9.653654674,9.80174013,10.46622823,10.61434167,10.64193425,10.50607516,10.66957839
1771894_at,8.239596566,8.93372208,9.112609477,8.626382132,8.360798016,8.373318547,8.239083799,8.592078291,9.111902282,9.303454165,9.111456511,8.846339374
1771896_at,9.72297225,9.543507571,9.542141911,10.32623629,10.58400468,10.51522711,9.689015261,12.53736881,12.63815799,12.68338787,12.64493614,12.70143734
1771897_at,12.15237068,12.13837605,12.16882879,12.11492611,12.13878934,12.12658927,12.25317667,12.26866319,12.33204239,12.4157838,12.41666419,12.21252738
1771900_at,9.307684323,8.833539475,9.092255508,9.070914172,9.226194598,9.253183958,9.412084741,9.188120703,9.446858856,9.848928696,10.01097209,9.829552689
1771901_at,8.946629566,8.467214591,7.942600646,8.431432688,8.749592139,8.878010255,9.086513276,9.003656084,8.539596015,8.244800345,8.135921878,8.051829681
1771902_at,8.528210097,8.469362503,8.462766371,8.49346196,8.489526118,8.343278492,8.531626124,8.561461891,8.79376911,9.119317642,9.068162609,8.867261001
1771904_at,2.641194109,2.567805266,2.723293414,2.760945312,2.35876897,2.747821621,2.561872806,2.689102031,2.657045226,2.53998143,2.452856994,2.536227604
1771906_at,12.8327142,12.72887529,12.54576862,12.47223603,12.69360876,12.79767482,12.84526073,12.75820111,12.23589197,10.51261921,9.963805481,10.47787624
1771908_at,11.03282103,12.60313181,12.90499604,12.8013482,12.56318139,12.3137598,11.23888213,12.21753941,12.8156838,13.1225682,13.11697717,13.1224809
1771910_at,8.093811799,7.573174173,7.595322434,7.470123848,7.692675245,7.776570449,8.046328535,7.672255433,7.706977036,7.739403841,7.437987875,7.074365045
1771911_at,12.47423936,12.50004802,12.33199472,12.33449321,12.34833058,12.43541198,12.43043436,12.42270274,12.12514175,11.00797066,10.5072727,10.72337631
1771914_at,7.078818496,5.303087812,5.317476114,6.205336436,6.177511461,6.317713757,7.06949651,7.111740828,6.890443659,6.983437013,7.300267725,7.373398194
1771915_at,10.04284257,10.63209862,11.5687822,11.45786395,11.59747345,11.92641595,10.18113361,11.05947961,11.49207065,11.53565421,11.82341572,12.25262233
1771916_at,8.044631514,8.072558765,8.122346971,8.000648296,7.804215382,7.898715845,8.073040067,8.077840634,8.314150958,8.295467815,8.431672647,8.646061802
1771920_at,13.06589677,13.08741021,13.00142552,13.04137367,13.01471665,13.07204085,13.06201321,12.99609026,12.90521114,12.57398767,11.99172723,11.76567111
1771921_at,9.188094746,9.194817125,9.354111721,9.3805024,9.311369082,9.246205033,9.434671767,9.397181109,9.596754694,9.840682133,10.05421056,9.98833662
1771925_at,8.384317841,11.06382157,11.42342016,10.99379079,10.72832715,10.1415616,8.503222387,10.02095915,10.93261597,11.58137561,11.61900962,11.35942147
1771926_at,7.979287352,8.033723301,7.416732638,7.551548454,7.935366512,8.083420016,8.074306398,7.913643038,7.566915274,7.892289476,7.924695352,7.801152078
1771929_at,8.498955743,8.364314476,8.39532589,8.452073889,8.354126384,8.342338634,8.624413885,8.323440615,8.408952388,8.504983492,8.928802288,9.137028085
1771930_at,9.49172796,9.604505048,10.11726095,9.820812184,9.615305173,9.452227295,9.286661022,9.382669164,9.656929676,9.546346632,9.200153934,9.538876096
1771931_at,8.524812746,7.508795173,7.749280286,7.87981672,8.055860302,8.305028124,8.580403472,8.127635885,8.116875776,8.25734708,8.086275916,8.043423405
1771934_at,3.489232082,3.872977391,3.899735486,3.467290745,3.481342821,3.841983795,3.512612142,3.947232838,3.750685641,3.653076475,3.760850117,3.87618985
1771935_at,8.149496204,7.048051503,7.2337993,7.656725058,7.716819815,7.781442268,8.111879561,8.07927904,8.32931769,8.582847821,8.69103685,8.5536377
1771937_at,8.37179454,7.630245229,7.722706877,7.900394094,8.003931432,8.11904332,8.465245361,7.950268206,7.891087593,8.094747302,8.34784475,8.447108604
1771940_at,9.780197284,10.33632387,9.658563424,9.829095134,9.883089173,9.811684089,9.67424662,10.6876283,10.46674568,10.26489768,10.38932226,10.7195558
1771943_at,10.49753089,10.27377808,8.895789327,9.404479973,9.376788588,9.42217638,10.58601017,10.87250805,10.63192553,10.82314054,10.91146981,11.02891901
1771944_at,7.967435973,8.533986409,8.831410956,8.488928213,8.358934668,8.105822905,8.054743646,8.341847284,8.597832177,8.788025775,8.736472574,8.843201517
1771948_at,7.631159499,6.730470833,6.995403512,7.329015472,7.493598685,7.458801585,7.633163089,7.106398142,7.045693177,7.258370218,7.43591482,7.671302086
1771949_at,7.709234371,8.869856687,10.36415752,10.43629951,10.21363593,9.80140357,7.902056282,8.294141711,10.02689809,11.50434511,12.06790315,12.17858715
1771951_at,5.977758099,8.901822654,8.706412615,7.737603498,7.367804387,6.812036288,6.157953733,9.244293989,9.445909628,10.50922495,11.26591604,11.3025458
1771952_at,10.09141768,10.11252443,10.2778909,10.12358092,10.1553062,10.08394039,10.12802215,10.37786912,10.89280349,11.12008713,11.38303018,11.29748531
1771954_at,8.242774164,8.400632215,8.625095336,8.232648283,8.04615517,7.978170867,8.39050244,8.351417787,8.447369731,8.515899274,8.786886216,8.589575483
1771955_at,11.35928154,11.43079957,11.75771928,11.86513222,11.84729444,11.7044581,11.30074582,11.32132952,11.50993934,11.74926423,11.88569578,11.96348496
1771956_at,11.59691098,11.35607587,11.0009608,11.02907153,11.18280921,11.30923954,11.4586251,11.16847629,10.42427571,9.60071996,9.428578378,9.581867567
1771957_at,8.567317323,8.136320544,8.594485078,8.661198013,8.726261927,8.699386814,8.534825237,8.293920542,8.572559216,8.962540466,9.300540219,9.492536745
1771958_at,7.565442959,8.186358672,8.339802303,8.088016876,7.921199488,7.702259828,7.707052378,8.315511545,8.796648208,9.115799025,9.186393841,9.134691074
1771959_at,10.50456352,10.40169059,10.41840779,10.3857052,10.3649136,10.37473717,10.52116346,10.58792737,10.67581287,10.85505875,10.82151491,10.8275898
1771960_at,5.760129783,5.99704463,5.843922338,5.843174103,5.734680648,5.796041635,5.974131287,5.627535442,5.653780597,5.843939677,5.914996908,5.71797034
1771961_at,8.147043663,8.224674601,8.208548402,8.128573346,7.961459898,7.920627813,8.207458029,8.745133041,9.086498679,9.226700719,9.264103467,9.396626341
1771962_at,10.23641637,9.85775434,9.751187531,9.887704012,10.04270877,10.08848661,10.26497642,10.279988,10.22774139,10.03448035,10.27522667,10.41756085
1771963_at,9.181986517,9.828048304,10.6171805,10.34389387,10.12489483,10.0369624,9.080651138,9.454296121,10.47227621,11.04731576,11.16784147,10.8861839
1771966_at,9.415557548,9.161798391,9.147551729,9.443482412,9.5418321,9.46529602,9.459072236,8.994427712,8.637403004,8.834540754,9.022960201,9.045921681
1771967_at,3.139780167,2.958340323,3.147956261,3.066128378,3.066128378,3.305756083,3.582389344,2.966533978,2.982264036,2.877989141,3.020454046,3.025468928
1771972_at,5.877422769,6.276513127,6.17895628,5.749737026,5.896128106,5.526882666,6.068732101,5.974097973,6.262319298,6.319296707,6.277966429,6.113547895
1771973_at,11.60432609,10.88361386,10.43867215,10.77402074,10.96013436,11.17055025,11.5935351,11.24013617,10.12544044,9.636798352,9.786674231,9.928058324
1771975_at,7.350387195,6.80184989,7.352315959,7.448369462,7.287446446,7.351168639,7.485058685,7.368040395,7.751477882,8.078824065,8.136209615,7.98757065
1771976_at,6.905747566,6.096716234,6.574116606,6.862550006,6.942455766,6.894643589,6.951528169,7.248441347,7.570386964,8.034400242,8.060815072,8.133627304
1771977_at,8.748524377,10.16562661,10.62225024,10.18132496,10.03642532,10.11630522,8.72207905,9.552067201,10.71321732,11.27657258,11.4376552,11.92849356
1771978_at,8.670867476,8.43804518,8.352668936,8.217080507,8.26749976,8.292772318,8.788627893,8.577761155,8.585666962,8.614029108,8.599627236,8.432228182
1771980_at,8.841520314,8.729885771,8.653218476,8.725308589,9.006547167,9.131784373,8.660161687,8.489931769,8.162775164,8.154284623,7.946605693,8.056869068
1771981_at,8.606652758,8.653610937,8.542709426,8.528874127,8.419403714,8.447727863,8.659934274,8.915565692,9.169897233,9.508675739,9.631090934,9.611808356
1771982_at,7.982828261,8.294057253,8.632743649,8.862443801,8.863992796,8.653758779,7.882866414,8.057794113,8.400394813,8.958613277,9.396018265,9.513447546
1771986_at,8.532652357,8.570484001,8.95251741,9.298567988,9.448615144,9.445141139,8.500926061,8.405322333,8.59076447,9.221749143,9.741646582,10.06040307
1771988_at,5.96153325,5.420622562,5.466950777,5.346518909,5.603770075,5.888088441,6.212226186,5.169838351,5.159106383,5.049041486,5.006542239,4.630505101
1771990_at,7.666416027,8.599060548,9.645507526,9.671936323,9.314272769,8.679561627,7.480988349,7.830873343,8.316367856,8.415181587,8.125924931,7.871723295
1771992_at,10.8723594,9.602648503,8.494181094,9.485940097,9.896541143,10.24476744,10.84129295,10.14345714,8.758433159,7.886251921,7.860314139,8.10819799
1771993_at,9.91054044,9.96208532,10.06112096,10.05788199,10.03416839,9.74441497,9.55798226,8.978505215,9.033509213,9.592328777,9.586713334,9.791776099
1771997_at,8.653176876,8.794349376,8.95328984,8.799619078,8.793809671,8.562958065,8.597033691,8.920911218,9.367389031,9.696067742,9.784581796,9.762517737
1771999_at,7.643143144,8.320722519,8.431003054,8.276660574,8.13895779,8.066651521,7.659080947,8.148243363,8.789735313,8.794179559,8.672568228,8.618896881
1772001_at,9.217805516,9.49119269,9.743162855,9.68683329,9.397259477,9.116388029,9.3395254,9.28760133,9.423050665,9.572044552,9.608031661,9.446071118
1772003_at,12.81778485,12.81315027,12.83717601,12.98186622,12.96006192,12.89650981,12.82057105,12.84990931,12.9608038,12.99404542,12.96362871,12.94249999
1772005_at,9.005876284,9.590081799,10.07843182,9.765182568,9.651571378,9.40056828,9.187582855,9.872836027,10.63443388,11.19845786,11.40778639,11.32298317
1772006_at,7.455106453,7.504998883,7.218750713,7.384246645,7.373644716,7.274766869,7.322203106,7.930047592,8.34219526,8.467351023,8.465517007,8.381761556
1772007_at,5.083160356,5.862497312,5.877227679,5.986614128,5.777530655,5.581317416,5.050709345,5.738393778,5.871544794,6.259912276,6.439083655,6.543179372
1772009_at,9.867347624,10.52913977,11.1283159,11.32976134,11.28757285,11.01849862,9.946018618,10.343394,11.06836502,11.68982649,11.88522446,11.92638816
1772010_at,13.24274354,13.24191123,13.3010315,13.35218144,13.35284888,13.28383047,13.23247776,13.26689087,13.23534426,13.28453803,13.28114155,13.3040478
1772015_at,10.85404002,10.411446,10.11665873,10.28990522,10.3294421,10.51413852,10.85467519,10.49230681,9.908446518,9.781097757,9.759227518,9.735781754
1772016_at,9.891409084,9.876842056,10.57593645,10.55296474,10.30662604,10.34930433,9.912909418,9.811448563,9.800646757,9.686841454,9.315514116,9.165695616
1772017_at,4.39181902,4.963132154,4.757014297,4.520111438,4.574582543,4.485448846,4.893790574,5.808811735,6.09143647,6.251534093,6.446724668,6.579002363
1772019_at,10.97380161,10.9349991,11.01169574,11.2395036,11.55944805,11.66193581,10.76851347,10.89510876,10.99135949,10.97186547,10.86301392,10.59243789
1772020_at,8.089022642,7.137466683,7.06485094,7.603099567,7.742911972,7.903745616,7.989276513,7.47713645,7.218674225,7.220065499,7.187149681,7.131031251
1772022_at,13.01950899,13.00772046,12.89751856,12.9331073,12.96422457,13.02053681,12.97362643,12.98114793,12.84459541,12.29672587,11.99301654,11.79306615
1772023_at,8.569302031,9.7479754,10.43383815,9.943326607,9.612940442,9.195664573,8.548982137,9.279078635,10.28622253,11.1122945,11.17052226,10.93140686
1772025_at,11.09635758,10.93756895,11.07289988,10.84279975,10.85127472,10.93652172,11.25586814,11.24576955,11.19333288,11.00525753,10.86840201,10.78205031
1772027_at,9.259792415,9.492943204,9.376650556,9.272289698,9.455541385,9.417359495,9.268515792,9.463449924,9.715711886,9.537523215,9.387797945,9.183273652
1772029_at,7.015751798,6.629216955,6.655058701,6.579100692,6.350915942,6.800579011,7.079707539,7.207560082,6.92539063,6.52913999,6.115857156,6.239730369
1772030_at,9.931189479,9.117793981,9.478785709,9.402165879,9.255180752,9.489365985,9.938529141,9.812344111,9.636369683,8.812782485,8.219226653,7.635492091
1772031_at,11.73354388,11.94489089,12.16859935,12.16366278,11.9925836,11.92707842,11.77204821,11.86697736,11.82316536,11.74312493,11.68016474,11.58730146
1772032_at,8.191724301,7.687329899,7.594231103,7.583017119,7.695953584,7.945566063,8.396809401,7.93565929,7.836669727,7.796316983,7.75752064,7.609054015
1772033_at,10.95987958,10.98109179,10.99848707,11.29886746,11.19972794,11.07936018,11.08409151,11.06529071,11.24897764,11.7930816,12.06828114,12.29208256
1772035_at,8.112113925,8.037390669,8.002522128,7.761429266,7.857057005,7.818257911,8.004297243,8.230932494,8.056041823,7.761058099,7.486142933,7.508781794
1772041_at,11.89835019,11.94370774,12.06626765,11.88949708,11.66289218,11.53528427,11.90339387,12.05473272,11.94398902,11.85850199,11.79460717,11.79945747
1772043_at,10.29927914,10.36938307,10.08481738,10.08176927,10.02399759,10.21403365,10.25572131,10.25032315,9.911423275,9.46431307,9.007977157,8.824483265
1772045_at,8.428243362,8.110806184,8.177516907,8.533602291,8.672499188,8.689878319,8.512224762,8.676894799,8.22134103,8.524901278,8.481550936,8.486573615
1772047_at,9.49643047,9.306831074,9.251796196,9.323878551,9.48255952,9.357170709,9.603788388,9.439323215,9.106171199,9.198911724,9.212465187,9.350301689
1772048_at,8.495354157,8.834149415,9.191144016,9.008175997,8.818897898,8.612612311,8.624963607,8.959320413,9.4436798,9.85920379,9.552456902,9.066720597
1772049_s_at,9.107221652,9.590002396,9.227212195,9.307937798,9.051881752,9.324454234,9.03877398,8.989930179,8.539542159,8.402112271,8.164775314,8.285258395
1772051_at,7.883258675,10.54338258,10.4895238,9.586292122,9.654470143,9.151456132,8.253025767,9.664461944,10.74824662,11.55039964,11.90626905,11.94903086
1772052_at,9.068162609,8.586749916,8.405813371,8.418292081,8.511945487,8.673868835,9.122936757,9.198727963,8.959620604,8.666678026,8.451661995,8.21155599
1772054_at,5.821096306,5.51407264,6.111631134,6.846492365,6.996881557,7.083911595,5.717106588,5.367448879,5.599975281,6.157550941,6.406914469,6.671871662
1772055_at,5.773140561,6.811885631,7.319928516,6.354891548,5.939034205,5.661873988,6.119904467,5.976244219,6.233534778,6.043469047,5.82053726,5.716350378
1772057_s_at,9.118024463,9.293465655,9.449991931,9.358697095,9.459371866,9.411362103,9.200405818,8.63941443,8.594335699,8.961404075,9.250710057,8.973531628
1772060_at,10.26520344,10.06633067,9.896507905,9.75395834,9.821885516,9.972941251,10.07342738,9.956686487,9.75606455,9.287058793,9.086336588,9.389122453
1772062_s_at,5.541229447,5.868870054,6.603620405,6.942367841,6.909292111,6.754607234,5.50213867,11.43006548,12.70188852,13.16054443,13.06287885,13.18070239
1772064_at,8.21420815,8.343784577,8.108858042,8.053429151,8.030517201,8.021463554,8.234127615,8.004135066,8.269444712,8.470743805,8.797146405,8.820979713
1772065_at,12.75423991,12.76480605,12.59068967,12.5586236,12.59164563,12.70131398,12.71273412,12.68099217,12.40101896,11.48702906,10.99819083,11.39664658
1772066_at,5.337183138,5.668375851,5.618007357,5.822063816,5.962735964,6.03264093,5.177232186,5.511143869,5.370343353,5.808955092,6.17201175,6.031317414
1772068_at,7.175653265,7.252322994,7.217151231,7.441042567,7.405207819,7.224117776,7.133784935,7.39501439,7.642055983,8.127672231,8.281640537,8.235462012
1772070_at,8.692845942,7.673751101,7.493801361,7.57312321,7.770780377,7.933977892,8.661607379,7.957223284,7.246543171,7.005257721,6.756537651,6.858254291
1772073_at,8.734722086,9.846739834,10.29878724,9.848407555,9.467478292,9.195540762,8.666609366,9.560669456,10.91953088,11.57810732,11.91084831,12.01971969
1772075_at,8.020312166,6.777255989,7.065827762,7.517533279,7.667234889,7.74158135,7.815517052,7.143171122,7.165954314,7.209785302,7.629151255,8.173785354
1772076_at,5.796023531,7.627052324,6.290746871,5.659682235,5.280006375,5.405033952,6.070787112,6.589689886,6.331627783,6.0595637,6.138272849,6.398373296
1772079_at,8.464688134,8.208741468,8.330852374,8.154168459,8.171968733,8.150181232,8.420811155,8.273309066,8.616636072,8.895549773,9.320661476,9.502746244
1772084_at,9.763763174,9.237857378,9.454270756,9.454931029,9.463325203,9.471957025,9.805801172,9.746415944,10.02077992,10.25831155,10.17324417,10.15501408
1772087_at,7.383743041,8.512663173,8.018634327,7.576459855,7.512341161,7.30792591,7.395939812,8.147981673,8.478761471,8.808037087,9.004747301,9.11724683
1772089_at,7.380615681,7.882885392,8.286654252,8.145445912,8.093915175,7.667484397,7.546822662,7.740685537,8.095946661,8.607414022,8.502616891,8.537103106
1772091_at,9.030073948,9.76628742,9.961632773,9.697872637,9.492990304,9.324303663,9.015496588,9.164866455,9.555108444,9.704922211,9.813659002,9.813209418
1772092_at,10.42835982,10.24592541,10.01758255,10.03430927,10.03649262,10.2060077,10.3090441,10.32629176,10.10793818,9.963499503,9.928413658,10.1363029
1772095_at,10.25269013,9.367276914,8.917149571,9.429769501,9.603220272,9.915738237,10.2672138,9.93909039,9.003031505,8.516408798,8.684771517,8.789243053
1772098_at,10.21122146,9.730780589,9.67702229,9.645815221,9.757567833,9.820934683,10.1603795,10.11528761,10.343394,10.26707794,10.48309588,10.29713128
1772100_at,8.443030074,8.470851917,8.521559279,8.146961457,8.03104154,8.081624361,8.467895891,8.58806904,8.728408336,8.56232032,8.449780847,8.525345211
1772101_at,9.112789993,8.038792209,7.432642478,8.716410989,8.952672969,9.173665959,9.117012241,8.710963601,8.203216954,7.677842647,7.826879222,8.194683562
1772103_at,10.09369334,9.810953806,9.551346368,10.14833553,10.41194455,10.42828447,10.19382066,10.17231829,10.01739462,10.01140702,10.3656016,10.24196768
1772104_at,8.389577656,9.11048738,8.75281354,8.367819473,8.267274622,8.257486303,8.375402751,8.952116451,9.368496076,9.168955564,8.908204849,9.03637914
1772105_at,10.14182977,9.671512296,9.466034763,9.602047281,9.816199967,9.907983605,10.16220502,9.831828666,9.678712162,9.627251587,9.427958645,9.359023521
1772112_at,7.060128551,7.745796187,8.188003945,7.859246573,7.74647727,7.582310866,7.008110931,7.788185019,8.584889312,8.728165911,8.808616083,8.636107383
1772114_at,9.043321274,8.318755274,8.38800914,8.747807516,8.914166203,8.967567396,9.13371747,7.97757654,7.663818104,7.77306549,7.684550706,7.823325746
1772116_at,10.46797301,10.32347185,10.39546193,10.28205079,10.27220697,10.27354986,10.51440474,10.41088803,10.50698939,10.48454328,10.45709705,10.27411864
1772120_at,12.3501401,12.38927821,12.30037395,12.45816557,12.51942478,12.49234311,12.2797784,12.37256511,12.28455762,12.38480835,12.51345975,12.64309051
1772121_at,11.68972385,11.89977328,11.46953637,11.28021397,11.32622111,11.4304784,11.6937081,11.5061884,11.48121848,11.06713906,11.03291129,11.20541143
1772122_s_at,4.122314439,4.008559983,4.155856833,3.682721176,3.907125169,4.272689252,4.560313962,3.713700725,3.479412937,3.537794926,3.004817657,3.262252544
1772126_at,7.246153515,7.283481746,6.990871236,6.984181659,6.594110048,6.409888916,7.106521334,7.359165598,7.188316095,6.641373224,6.197256831,5.544786624
1772130_at,13.10589864,13.13244283,13.23564938,13.32528116,13.23944351,13.13054013,13.0383432,13.06084027,13.21227537,13.32788882,13.31196317,13.342483
1772131_s_at,6.160484288,5.950441667,6.064665404,5.86128829,5.843390613,5.732477226,6.251317021,5.997493915,6.1961062,6.106559956,6.080290666,5.982540193
1772133_at,8.321393312,8.4010273,8.361484384,8.215056561,8.257411971,8.273115894,8.372720396,9.079720881,9.582572276,9.889358604,10.01779702,9.825479953
1772134_at,11.62732525,11.33359023,11.69862145,11.79401693,11.72000374,11.72270973,11.57369122,11.54240554,11.62161779,11.79775239,11.59452875,11.53695234
1772137_at,9.969348258,9.831042217,9.984210824,10.02127374,10.02343071,10.04174218,9.778073488,10.04025416,10.29086197,10.30543206,10.31987656,10.26871672
1772138_s_at,11.11542327,11.33272939,11.17284529,11.26995266,11.20286643,11.30562287,11.03292704,11.07591301,10.8402143,10.64046865,10.4477936,10.75221695
1772139_at,10.56444498,11.21491359,11.02995975,10.73841078,10.67820561,10.59353899,10.67533031,11.00990153,11.69295257,11.91056305,11.65462959,11.41508275
1772142_at,11.11409946,11.17622083,11.2507467,11.34411903,11.47666477,11.35065012,11.06792439,10.98677619,11.04889838,11.22436777,11.37207743,11.32827984
1772145_at,9.280026685,9.260481435,9.451914001,9.446949599,9.349833805,9.145785932,9.334398225,9.240703163,9.192693568,9.275660318,9.240889096,9.084589132
1772146_at,9.61857767,9.141281492,8.817392959,8.977339704,9.239697551,9.329522755,9.532852381,9.490767607,9.206397143,8.898936744,8.985006115,8.803086928
1772147_at,8.724648849,8.643559718,8.575957917,8.586199894,8.643134243,8.588758989,8.772223515,8.694915952,8.206368565,8.128881239,8.111761901,8.186212469
1772148_at,8.757196161,8.949010981,9.082472133,8.789242107,8.750606341,8.746422719,8.869022923,9.038845183,9.220495272,9.21541856,9.241510472,8.956090495
1772156_s_at,13.00568988,12.98866169,12.91707727,12.93503806,12.93745741,12.97449017,12.9429085,12.91839358,12.80992436,12.63008644,12.44971448,12.50675123
1772162_at,7.58948267,8.971569474,8.13224896,7.56154497,7.534098548,7.494689353,7.391772526,7.846342768,8.057106902,7.898533893,7.850883494,7.845145461
1772164_at,8.254397056,7.355652819,7.449173871,7.510346711,7.65179953,8.000117691,8.375664078,7.625593494,7.202461277,7.36842767,7.260624303,7.209656932
1772165_at,8.792384516,7.941201857,7.686616538,8.050954622,8.45199718,8.715802694,8.895160721,8.185263327,7.764271033,7.378114636,7.250496303,7.184242147
1772166_at,7.366891119,6.430549354,6.803259342,7.274439268,7.179382825,7.019997789,7.340424962,7.318305789,7.823547303,8.086108982,8.402138077,8.469525247
1772167_at,8.80310529,8.69994643,8.906267967,9.016698335,8.857618224,8.843344792,8.694458095,8.490163315,8.541115984,8.598711664,8.647002794,8.776697171
1772170_at,8.538593326,8.039579488,8.113992369,8.414290448,8.583627146,8.609041289,8.638839619,8.418576601,7.821143364,7.353644738,7.313781271,7.095617335
1772171_at,7.737220245,8.753972241,9.518725536,8.828934781,8.413011025,8.138490295,7.646986099,8.56143569,8.702870843,8.973701944,8.61999085,8.722012174
1772172_at,9.623469533,8.649928199,7.657856058,8.604321754,8.919983665,9.217117193,9.627463935,8.900626662,7.712617886,6.963451992,7.264907902,7.554977368
1772174_at,10.47988124,9.272413367,8.630491736,9.147724361,9.39411225,9.906810975,10.68515934,10.24253532,9.141811899,8.00800384,7.488913005,7.955945999
1772181_at,7.327365972,7.91297481,8.581440886,8.544843332,8.25203014,8.029971104,7.347226758,7.926795031,8.817359579,9.412904026,9.59323964,9.519498118
1772183_at,9.895441725,10.33823572,10.80636505,10.78031261,10.67148036,10.44792217,9.912974872,9.639628598,10.18887692,10.7548541,10.5627718,10.38336685
1772185_at,8.164767831,8.42370688,8.513600135,8.348521858,8.23413341,8.177350177,8.238799636,8.586240711,9.311329294,9.704796966,9.742063859,9.785792775
1772186_at,9.929995005,9.731653871,9.520750776,9.657674597,9.657734008,9.723990038,10.05748266,9.906921981,9.876028635,9.938818204,9.881018417,9.720432923
1772188_at,9.369772383,10.11434102,10.55203683,9.897227433,9.281397671,9.145346499,9.35507729,10.33866113,11.18692613,11.55356328,11.87127846,11.89619619
1772190_at,7.755737425,7.755737425,7.981821009,7.838410588,7.814819786,7.652397229,7.707740627,8.062733731,8.557119667,9.01584933,9.184294403,9.211939103
1772192_at,9.573471437,11.47697174,10.22817929,9.050332208,8.860843903,8.815551512,9.623963562,10.78091023,10.79293238,10.32707796,10.51750956,10.66766256
1772193_at,7.655382012,11.81892333,10.20805546,8.895373755,8.721170585,8.169359664,7.783535327,10.58865613,10.79806839,11.30126213,11.2360597,11.25648945
1772195_at,10.6103118,9.981815462,9.414968655,9.858982516,10.02850135,10.28127475,10.52303029,10.46482595,10.13295492,9.991837653,10.16380151,10.4737064
1772196_at,12.51364874,12.56256793,12.64684753,12.70744001,12.60200286,12.49637066,12.58387565,12.60402429,12.47699067,12.51773778,12.67232648,12.6671623
1772198_at,6.664448013,10.90560894,10.55068672,8.854442043,7.286814765,7.111834964,6.641319819,9.364228301,9.405904423,8.575811124,8.587109304,8.739601344
1772199_at,6.594746988,6.523950205,6.48373304,6.675521757,6.720488374,6.797357963,6.614471678,6.753007148,6.690291646,6.84826944,6.95368459,6.846025964
1772201_at,8.648953464,8.09154585,7.894770459,8.078411373,8.292369456,8.392533086,8.711062275,8.296397484,8.065304204,7.851160923,7.979036548,7.957223284
1772202_at,8.365190927,9.239898849,9.763546561,9.702626576,9.421056285,9.20352781,8.489046936,8.773778826,9.104767513,9.397507586,8.949006222,8.780798855
1772203_at,9.305428029,7.994608101,7.846236905,8.371308531,8.646808903,8.84033425,9.368045042,8.796839147,8.102759826,8.033963747,7.98029713,8.342678533
1772204_at,12.55877767,12.50192529,12.601451,12.67100196,12.70474095,12.66768568,12.59509177,12.57888337,12.61569222,12.74035724,12.75913658,12.80398787
1772205_at,8.347311213,7.613627642,7.776183769,7.828256013,7.920975851,8.01420682,8.462929024,8.089043844,8.174292367,8.545450981,8.668210631,8.533351092
1772207_at,7.864836696,7.857516517,8.298402278,8.287357953,8.117107935,8.013088581,8.235578707,8.323174224,8.512890157,8.634475575,8.378385402,8.102269783
1772208_at,11.59390658,11.50931283,11.38709388,11.42237913,11.47332799,11.51792567,11.44885606,11.41280784,10.88195838,10.07282141,9.416978176,9.27923011
1772209_at,8.927389667,7.452797899,7.5488097,8.180492379,8.301081614,8.624262567,8.966004325,8.612748636,8.303921981,8.468125519,8.782247631,8.928922106
1772212_at,9.882915891,9.858346757,9.803081876,9.810360349,9.818640569,9.860346473,9.843299598,9.776960522,9.90337625,9.766563501,9.687117285,9.738536571
1772214_at,3.330670029,3.376760205,3.367367751,3.504560613,3.432538561,3.44457762,3.349608426,3.539428403,3.390414881,3.516359191,3.708543137,3.789543455
1772218_at,6.774525184,6.299590571,6.176809872,6.281468396,6.5214991,6.450743792,7.139324785,5.803471149,5.586824572,5.582624498,5.908309582,5.586041158
1772220_at,10.1280017,10.54532011,11.091861,11.21940911,11.03811968,10.80123023,10.07692895,10.10711183,10.489017,10.97571291,10.71175129,10.70674709
1772222_at,10.80633415,10.69429162,10.66613897,10.80727754,10.8477644,10.93285713,10.88408095,10.71450184,10.33565677,10.0015389,9.712256107,9.573504321
1772223_at,11.82357284,11.7188944,11.71134239,11.99500894,12.16904059,12.13321808,11.75351567,11.68587046,11.61749743,11.43578472,11.60632171,11.71523621
1772224_at,9.132948297,9.981298459,9.926397437,9.467409778,9.472543468,9.283919726,9.164406879,9.739449966,10.60765786,11.03266419,11.21809366,11.10673254
1772225_at,9.989896457,9.880853634,8.66467046,9.040246969,9.260843789,9.523281089,10.04974995,10.24350839,9.923692065,9.250937173,8.919202987,8.973239766
1772226_at,9.68995487,9.494357198,9.494010519,9.410264635,9.40109053,9.432359481,9.755534076,9.507721995,9.287416031,9.137621647,8.932730055,8.463609725
1772227_at,6.992296524,6.995532207,7.646059322,7.789649192,8.090298999,7.964299921,7.045855169,7.175965824,7.919132102,8.292652298,8.44259324,8.271491352
1772228_at,7.031902304,7.682484942,7.957223284,7.66109878,7.572562346,7.449397357,7.386073377,8.037661621,8.88608368,9.395291844,9.555296724,9.629896354
1772229_at,6.67732741,7.699428214,8.898221663,9.015181996,9.096122101,9.147512207,7.133784935,7.254836063,8.04724998,8.661397178,8.490766779,7.520024909
1772231_at,10.64291645,10.43541911,10.48377044,10.39162481,10.32831694,10.32166983,10.66921799,10.70646942,10.9669406,11.1446327,11.29666041,11.38139108
1772232_at,12.03594707,11.78783324,11.7292965,11.80033928,11.9227366,11.91453861,11.96995724,11.78297706,11.42305246,11.03723582,10.99239618,10.87101503
1772233_at,7.891404308,8.544534612,8.617695584,8.256141886,8.109069117,8.137903354,7.671116681,7.987209489,8.257486303,8.399901165,8.358225684,8.45421901
1772234_at,11.16767315,11.19815188,11.43861889,11.50781997,11.23375839,11.06767458,11.07547368,11.09842889,11.24539214,11.2980189,11.27085344,11.3482465
1772238_at,8.08089609,7.732703552,7.718405879,7.936750191,8.092623135,7.945566063,8.201591322,7.652375161,7.477900293,7.676538423,7.73047886,7.921878371
1772239_at,11.30000741,10.31714051,9.383929357,10.27355977,10.55421912,10.85614976,11.10705664,10.67353473,9.291709161,8.643062128,8.774306799,9.287952927
1772240_at,9.445757748,9.621106211,9.924230255,9.780209086,9.741239804,9.604875469,9.561886168,9.79016057,9.885762395,9.853897597,9.772276839,9.46356276
1772241_at,9.605703999,9.329619928,9.599765648,9.601775416,9.578084036,9.5705786,9.735164866,9.377835806,9.281279357,9.19980686,9.379170571,9.49333862
1772243_at,11.36268588,11.23291823,11.19254564,11.20234071,11.25259173,11.28068623,11.3048232,11.24284624,11.12385834,11.02911316,10.93391502,10.96231128
1772247_at,8.94786296,8.70842673,8.708601434,8.996903926,9.083313245,9.001902136,9.006955551,9.163204311,9.123959843,9.286798501,9.375457417,9.311038828
1772248_at,11.57287845,11.36267907,10.90776918,11.26054426,11.46896622,11.54816119,11.43126774,11.22668585,10.49454751,10.10890864,10.08383947,10.09724918
1772249_at,10.42112347,10.51440317,10.5564947,10.64362498,10.48003398,10.43326046,10.40611814,10.33180195,10.25363531,10.03334831,9.698540272,9.874514984
1772250_at,12.17305898,11.99748091,11.98395325,12.04720943,12.16040076,12.18419838,12.13381787,11.93793274,11.82088302,11.75219365,11.7700186,11.79881428
1772251_at,12.26157095,12.28275665,12.10839163,12.15849995,12.12010569,12.22926806,12.14197957,12.12996337,11.93979128,11.52495998,11.09782047,11.30303659
1772252_at,6.935529163,7.223972766,7.195216916,7.010914438,6.877458144,6.931215303,6.938515335,7.156123725,7.709543794,8.538872276,9.12697792,9.405725969
1772253_at,8.130994197,8.384977714,8.456874712,8.431698192,8.23083,8.276151987,8.337715037,8.875544851,9.45091829,9.845284042,9.783441732,9.945596318
1772255_at,11.00084752,11.2220201,11.69698331,11.92724853,11.89900242,11.65221494,10.95539112,10.72664179,10.96710527,11.66471055,11.85572732,12.00928829
1772258_at,9.236501317,9.722477711,10.13989777,10.19783168,9.954380894,9.696318508,9.21547064,9.193549257,9.715711886,10.10700206,10.12349933,10.08821991
1772259_at,11.13194863,11.26686398,11.66292909,11.88618083,11.85463343,11.67039875,11.16926771,11.13955791,11.54234751,12.03909596,12.14672772,12.28592342
1772260_at,8.90142613,8.888193541,8.852428833,8.819991307,8.792513411,8.790071494,8.887007237,8.971637499,9.181955769,9.379604107,9.50834229,9.48085128
1772261_at,12.84984482,12.83894692,12.80341578,12.87750557,12.86576218,12.8815276,12.77757188,12.76956731,12.45155135,12.22225437,12.29377215,12.43467075
1772263_at,9.290128054,8.930201999,8.971603573,9.341009225,9.356319972,9.422338043,9.291013037,9.046690283,8.864139167,8.881347542,8.938905852,9.09354787
1772264_at,11.56408736,10.56472428,9.436230341,10.51874843,10.84345041,11.17386618,11.4430159,10.60144373,8.23052445,7.298245714,7.716354072,8.178249456
1772268_at,9.362254888,9.573110086,9.816497654,9.572324382,9.614011656,9.462283922,9.387826532,9.352453984,9.556487916,9.759053904,9.803373175,9.640843302
1772275_at,8.899412788,6.156482496,5.991976121,7.523486501,8.103138099,8.587337433,8.840283744,7.344896428,5.557693462,5.338070062,6.266326297,6.888135962
1772278_at,6.32785823,6.299590571,6.370335186,6.555138957,6.28164205,6.243305159,6.447428515,6.395382708,6.993424888,7.22040848,7.395250719,7.609195357
1772279_at,12.64566525,13.07308063,13.42376727,13.38445283,13.30051052,13.21582346,12.73549149,12.81378475,13.27939233,13.5020093,13.56325836,13.51766113
1772281_at,7.261480996,7.26341476,7.61179367,7.226075834,7.205513053,7.152390628,7.182069332,7.35846851,7.667265525,7.845544876,7.652150113,7.48953132
1772282_at,12.27046787,12.34052264,12.49762699,12.55373015,12.51071409,12.27405241,12.13585063,12.20803746,12.3866711,12.58943512,12.61995711,12.68416753
1772283_at,7.398503703,7.48548656,7.561233177,7.512177126,7.259381114,7.170403615,7.366974292,7.215057596,7.30932851,7.82798571,8.05118033,8.322302528
1772284_at,9.698203213,10.04612934,10.17734173,9.787685088,9.513977539,9.546452489,9.584042153,10.2678848,11.12611413,11.58899763,11.56614328,11.46637811
1772287_at,11.42020194,11.92472748,11.37318996,11.52115843,11.44211771,11.10343627,11.34981148,12.46777414,12.73347555,12.74752964,12.41921478,12.26408214
1772288_at,8.411487156,8.060495736,8.058438219,8.036995305,8.213984383,8.251856134,8.378359673,8.410242769,8.982660602,9.112676857,9.130081214,9.054313535
1772289_at,8.505074459,7.669079511,7.093216369,8.049962243,8.255913991,8.2554253,8.437001696,8.635175065,8.624416562,8.737271662,9.020177455,8.923803398
1772292_at,8.065757423,10.02646145,10.04442265,9.411899491,9.170025947,8.884363155,8.100499745,8.185604034,9.035627563,9.735625772,10.00044564,10.01590778
1772294_at,12.64336334,12.50315735,12.31254095,12.29726339,12.44732276,12.58445523,12.525598,12.49810749,12.09215254,11.10662829,10.41526176,10.68152305
1772298_at,9.303436056,9.425751551,9.60790352,9.574826331,9.506630799,9.485060359,9.356153396,9.050049704,9.012016127,9.17877186,9.043087343,8.728200175
1772307_at,9.829451317,9.812350054,10.16624904,10.08964426,10.0508624,9.983834283,10.0111373,9.739675232,10.18624329,10.61661465,10.44885704,10.11724548
1772308_at,4.175940166,5.11454564,5.326242015,5.156242993,4.921408113,4.825182914,4.111501498,4.658094355,5.520251684,5.353267453,5.554490132,5.821831705
1772310_at,8.454532424,8.499738126,8.467848422,8.298552573,8.191620505,8.171253379,8.552749335,8.471118671,8.646607828,8.63575328,8.693918924,8.364407377
1772312_at,3.666149644,4.005981827,3.749293588,3.773441683,4.020187611,3.679988455,3.941004458,3.629400384,3.729221233,3.645060021,4.005279536,3.841318699
1772313_at,9.187156333,9.092171963,8.894232775,8.856970705,8.941074224,9.130738341,9.264178385,9.25043397,9.171018875,9.089136401,8.946774263,8.833517456
1772317_at,11.88648477,11.64404451,11.15464253,11.20536602,11.48625894,11.65572502,11.94012352,11.86338213,11.30906184,10.39528872,10.02442941,10.01120986
1772320_at,10.53680042,10.7956508,10.83494835,10.97056219,11.03855954,10.98266498,10.59630331,10.70182991,10.69946734,10.85143357,11.01070164,11.01463012
1772321_at,7.56713442,7.65884844,7.953260287,7.561222782,7.380305565,7.159139754,7.514755009,7.774452954,8.365837016,8.705128541,9.008111637,9.108808936
1772326_at,8.163956882,8.172089202,8.398796937,8.35572456,8.303729454,8.258222402,8.132392885,8.154385815,8.366777762,8.086517355,8.008545627,7.916593642
1772327_at,7.805584745,9.223814025,9.436977992,8.924229267,8.854735066,8.462141331,8.245366768,9.370442648,10.07534493,10.25471955,9.855141952,9.675196799
1772328_at,8.143586593,8.617134415,9.237504639,9.227076642,9.228324495,8.952074002,8.012555685,8.701207235,9.119600277,9.493238611,9.527191993,9.656851933
1772330_at,8.746557427,8.403004779,7.908821937,8.119414789,8.34637379,8.612964976,8.71792095,8.650229209,8.220828737,7.529088194,7.488310005,7.518408705
1772331_at,9.246988075,8.925004634,8.807006357,8.801212214,8.9156748,8.910687431,9.270631935,9.214951864,9.322702223,9.428640905,9.591061992,9.723987172
1772333_at,9.948208152,9.186272932,8.462384978,8.992441094,9.491059833,9.687282808,10.10448701,9.574677568,9.052261641,8.624923156,8.660203986,8.683360364
1772336_at,12.16050336,11.60076266,11.20078598,11.96002632,12.0870558,12.08956774,12.03455279,11.59295406,10.33085135,9.997496361,9.723049693,9.362364043
1772338_at,10.49270512,10.65092089,11.09296486,11.31005655,11.26825173,11.13098922,10.60837775,10.62828027,11.03479724,11.50906853,11.65656919,11.81794774
1772341_at,7.853234939,8.291266881,8.553305495,8.261409604,8.150698661,8.036358024,7.892922248,8.529074074,8.922350777,8.980074236,8.842852842,8.58538454
1772342_at,8.954984006,9.038435142,9.204733221,9.060181182,9.071898833,9.07891859,8.867431237,8.899595196,9.137701743,9.326819143,9.418242787,9.544727196
1772343_at,7.050982855,7.983188585,8.637449217,8.493735542,8.023331073,7.676692076,7.184537213,7.501922494,7.977876445,8.549865066,8.097511688,7.931868876
1772344_at,9.246988075,9.214545798,9.309963602,9.242484974,9.295560231,9.195161062,9.163702212,9.013772401,9.074182815,9.115533893,9.096505467,9.30448864
1772346_at,6.897778724,7.425297034,7.377677756,7.080693447,7.100881849,6.888997488,7.147710353,7.103910028,7.289851163,7.647608693,7.752184769,7.726408559
1772347_at,8.910525671,9.51297362,9.788400843,8.836144561,9.153410839,9.248037203,9.14257573,9.187837339,9.29025901,9.096989749,9.09836335,9.075538161
1772348_at,8.850247998,8.747937173,8.760900385,8.704617314,8.617801467,8.438813313,8.836936337,8.758730545,8.714208603,8.738889925,8.717834792,8.43038044
1772349_at,9.270975664,7.482492402,6.778130728,7.985522334,8.211023965,8.736232801,9.22188496,8.497153073,6.973106365,6.476091744,6.687197672,7.118976239
1772350_at,12.07620843,11.29967311,10.81593365,11.60633196,11.90536352,11.91889721,12.13414988,11.12432273,9.509237243,9.734140533,9.453999449,9.032714384
1772352_at,10.7185548,10.27189959,9.924184361,10.17312676,10.27585543,10.5168735,10.67136214,10.6300775,10.40835552,10.3222907,10.32608211,10.37498935
1772356_at,2.750416831,2.739390928,2.65974858,2.506132663,2.657298045,2.493684228,2.559421911,2.91166764,2.456037513,2.670891074,2.653298996,2.652682133
1772358_at,4.290977552,8.325550215,6.381544447,4.268283999,4.218209423,4.251509739,4.570759091,7.383314039,8.910734289,8.545693163,8.52556278,9.044106726
1772361_at,2.818384925,5.240852502,4.609792226,3.444992602,3.222503915,2.889039938,2.53941813,3.102889941,3.216142883,3.254258761,2.851970639,2.965190222
1772362_at,10.994451,10.76479445,10.50404405,10.70039786,10.79114247,10.85540492,10.8110122,10.77967603,10.46189577,10.37079898,10.49847157,10.60012731
1772365_at,8.219938181,11.32420248,10.32364999,8.363349571,8.358649266,8.516064081,8.256584757,11.18777737,10.90534003,10.60240895,10.82037008,11.07061214
1772366_at,12.26422088,12.29938498,12.16480649,12.17354468,12.14444771,12.23783826,12.19563301,12.19238015,12.01420114,11.33327403,10.90714847,11.04484278
1772367_at,9.256765488,8.984542553,8.821840566,8.701852195,8.69386364,8.86517639,9.318567488,9.53287144,9.759856983,9.509184496,9.48844283,9.406378119
1772369_at,8.756200639,8.608636734,8.723778101,8.713344528,8.689488634,8.72552375,9.01713906,8.568852586,8.488366728,8.580365274,8.418875937,8.153440864
1772371_at,8.883515568,10.71056076,10.68678829,9.76197037,9.513238117,9.29477683,8.779269774,9.892541217,10.15479991,10.3835385,10.03163063,9.743284792
1772372_at,11.56463583,11.54420971,11.40119613,11.32369078,11.36822565,11.39427915,11.75018374,11.3431111,10.9319225,10.40749056,10.26780024,10.01993236
1772373_at,10.69772556,11.46223904,12.00180011,11.94355826,11.68009879,11.22532665,10.63647158,11.32770806,12.02412876,12.30902168,12.36767068,12.47823124
1772374_at,8.400112434,7.687945425,7.750174246,7.924199965,7.98726093,8.058370419,8.352655484,7.741045922,7.399693547,7.238592372,6.892522625,6.798166605
1772375_at,10.25009517,9.75909334,9.597470746,10.18423518,9.708601675,9.701002659,10.23159508,10.61939854,10.65312244,10.45063139,9.786603599,9.548974886
1772376_at,9.156535598,8.972512837,9.160103356,8.858822999,8.795768153,8.73904625,9.04630517,9.119044321,8.995040737,8.871250619,8.661361192,8.636700322
1772377_at,2.546298974,2.664892901,2.546526298,2.445409661,2.28569851,2.242928543,2.512349495,2.3702381,2.491100788,2.754537752,2.656953884,2.750971216
1772384_at,11.83390771,11.76138663,11.67145655,11.73688078,11.82947708,11.87091442,11.81024178,11.82766211,11.7927799,11.57411109,11.41729541,11.16063381
1772386_at,7.950693276,9.419761927,9.049360258,8.396380027,8.178286441,8.042400768,7.868387362,8.640142263,9.3623037,9.307898104,9.304206392,9.450194361
1772391_at,2.944448413,3.180469778,3.257834669,3.086921489,3.186144105,3.09643007,3.227439973,3.043885222,3.658961194,3.984522038,3.67231789,3.305078164
1772392_at,9.765238,9.202551617,9.024211745,9.23832536,9.404776394,9.596707067,9.785907637,9.659842641,9.581372556,9.65930846,9.772592322,9.928967998
1772393_at,8.109798859,8.169778866,7.595599516,7.241791182,7.16949458,7.827268015,8.71250725,8.310990975,7.913513079,7.570840996,7.421165478,7.308529112
1772394_at,4.402455846,5.712406389,5.752263577,5.255048781,5.56420352,5.504660977,5.100116613,6.029964168,6.709281998,7.188981842,7.72442574,7.563320793
1772396_at,8.505893018,8.515125081,8.766949772,8.846988873,8.740829074,8.559521879,8.58034156,8.876612778,9.061298294,9.427007552,9.780445038,9.797637432
1772398_at,13.01321391,13.06652051,13.04715588,13.12350131,13.11505902,13.0473342,13.00735219,13.02560228,13.06109994,13.06322502,13.0473342,13.06724554
1772399_at,7.317516096,8.536697422,8.435956677,7.836580952,7.573398317,7.381070573,7.194558128,7.446096282,8.018766324,8.386821235,8.347164898,8.33631956
1772400_at,11.43108397,11.15623398,10.97113939,11.12532179,11.27978075,11.32283649,11.43181606,11.13333994,10.57518701,10.10966001,9.976571584,9.858325013
1772401_at,8.443005083,8.560963625,8.55004074,8.325908895,8.299458932,8.330745562,8.50965859,8.51616203,8.66452154,8.96546671,9.224092116,9.273259777
1772405_at,9.538054252,9.888134852,10.00430113,9.723268351,9.813446674,9.737789352,9.698117051,10.26371728,10.87333418,11.39198725,11.4895511,11.31365739
1772407_at,11.10606234,10.78069861,10.52180664,10.62766321,10.79046737,10.86258246,11.05707396,10.92024816,10.14774376,9.478881184,9.097648238,9.001766377
1772408_at,10.60764767,10.59853657,10.68179609,10.85298803,10.82687712,10.73775152,10.49058152,10.49418307,10.46307011,10.51317247,10.73916534,10.72948691
1772410_at,7.943125573,8.233572589,8.377956108,7.836187823,8.012820131,7.714929926,8.063495941,8.313947656,8.578571836,8.869742472,9.0427604,8.801202879
1772412_at,11.41299352,11.3554509,11.1368484,11.25154264,11.3845758,11.39834489,11.55837851,11.4296067,11.06087177,10.74391758,10.2801428,9.937658231
1772414_at,9.409008253,9.21627331,8.758973871,8.980939889,9.088291147,9.202515553,9.43316645,9.516964296,9.255554719,9.389512222,9.419086069,9.726482272
1772416_at,9.386267743,9.070260419,9.070847838,9.150011804,9.130336962,9.156267286,9.471989576,9.067218802,8.835470105,8.756222892,8.908537052,8.824632793
1772418_at,9.723836652,10.36304052,10.71193101,10.59932426,10.41358843,10.11589728,9.73001171,10.19565647,10.76676598,11.34483865,11.48576579,11.35365179
1772420_at,7.638871627,7.588863782,7.469067238,7.44303117,7.40238695,7.179440664,7.560032372,7.456560757,7.404702878,7.518447674,7.78963316,8.118184331
1772421_at,11.07965442,11.13200921,11.4153486,11.62944617,11.5874283,11.45197426,10.96889465,11.06615201,11.29451345,11.88808524,12.05112448,12.09800666
1772426_at,7.20884449,7.278072273,8.160154771,7.921099857,7.652166641,7.296199341,7.416999929,7.629952548,8.271065434,8.703734525,8.845816872,8.680990061
1772433_x_at,12.74332448,12.64405884,12.43209057,12.44266664,12.55729626,12.6489194,12.62800041,12.54133652,12.18559261,11.2428619,10.68235461,10.83408516
1772438_at,8.703896176,8.017972285,8.122250116,8.424452589,8.419628562,8.70406605,8.780881636,8.520559139,8.470702539,8.383794499,8.369634908,8.454723329
1772442_at,11.86642435,11.16837615,10.26909582,10.93824044,11.18428807,11.45572689,12.02494128,11.48984199,9.933847149,9.44172271,9.54801787,9.841993175
1772443_at,8.788336364,9.651587561,9.762963685,9.399200813,9.060302022,8.871443086,8.673677319,9.450273965,10.35100124,10.76612902,10.75876276,10.64674069
1772446_at,9.336701904,9.291161931,9.141055948,9.134043716,9.186784991,9.283965087,9.457688027,9.374978093,9.556865345,9.38461829,9.225053038,9.038290442
1772447_at,6.257372918,9.155922355,9.945508882,9.235907324,9.053180028,8.539144284,6.21136844,7.834298524,9.311038828,10.25843496,10.61112093,10.59020637
1772448_at,8.772300238,8.371529855,8.967055576,8.99700316,9.146896909,9.129226804,8.948790159,8.403364506,8.525184174,8.379797893,8.235747779,8.063803961
1772452_at,7.065316981,8.046239234,8.243378581,7.847751056,7.534713328,7.406252555,7.227042134,7.764892029,8.399579002,8.777773168,8.650394393,8.442316208
1772456_at,9.762729216,10.07891822,10.74228972,10.74614211,10.47939499,10.19070444,9.725262779,9.912042955,10.6485212,11.30273755,11.60313646,11.83752493
1772457_at,11.55802702,11.29778235,11.18901161,11.35793186,11.46362449,11.54224366,11.60174688,11.5539872,11.50397688,11.48516797,11.6186275,11.7021078
1772459_at,8.940374929,8.103689864,8.917976413,10.03146433,10.32584671,10.33009996,8.680698048,7.547055574,6.629660932,6.536936805,7.236061723,7.410621978
1772460_at,8.868017403,8.620228413,8.102855779,8.49947023,8.480718367,8.337582247,8.747400968,10.0042498,9.843168714,9.505881052,9.293328065,9.328530551
1772463_at,9.527665415,9.26251821,9.128032779,9.348775149,9.362103743,9.377469502,9.499389263,9.513369852,9.264254385,9.113674152,9.257437074,9.175928721
1772464_at,8.4953638,8.870952806,9.095997587,8.641885918,8.601180104,8.356653541,8.490025226,8.606666639,8.835795013,9.160885476,9.437408315,9.197849889
1772465_at,7.837463174,7.475236408,7.603816743,7.692470565,7.835387464,7.847305078,7.842323567,7.963016762,8.484653499,8.950840789,9.157399702,9.147727673
1772467_s_at,7.961530055,7.945764646,7.802546578,8.014187869,8.046406321,8.096134356,7.871943102,8.079741003,8.151654008,8.079382863,7.978762481,7.890969788
1772468_at,12.26417009,12.28994671,12.09246494,12.06923298,12.11312492,12.23206701,12.14985687,12.18408113,11.8434713,10.80998336,10.12574717,10.27791717
1772470_at,9.437103351,9.357411344,9.217764436,9.260756959,9.320162382,9.320810903,9.449191749,9.379422207,9.498602222,9.250799279,9.079448328,9.038643764
1772473_at,8.675414469,8.967851376,9.272197748,9.025743109,8.90860987,8.675217588,8.697907087,8.815183294,9.353603652,9.517895839,9.503169523,9.443076061
1772475_at,8.055481074,7.649269091,7.07837678,7.738753231,8.063422546,8.148479651,8.134460102,7.78432003,7.341209152,7.345589835,7.270101096,6.913509538
1772477_at,8.539269407,7.710130717,7.295936658,7.964039841,8.29704379,8.418016714,8.504929071,7.888216979,7.035040735,6.907214453,6.907214453,7.292176362
1772483_at,9.370130121,9.250934958,9.111413633,9.094907826,9.085219468,9.018217272,9.337945035,9.514100258,9.825737324,9.546734011,9.375260818,9.15250961
1772484_at,7.892124008,7.716209464,7.495558059,7.680840299,7.840337625,7.76772562,7.991572864,7.763138311,7.646517187,7.668078167,7.746835059,7.935804395
1772485_at,7.744106994,7.177245422,7.189271798,7.633484354,7.498168264,7.775055391,7.822784999,7.491218545,7.112785919,7.030013688,6.931810827,6.728504122
1772487_at,8.07033397,8.158323155,8.200093235,8.141454923,7.888425668,8.034805331,8.112375475,8.182734034,8.596129324,9.030461535,9.041762866,9.164658103
1772491_at,5.449661876,4.757250538,4.986286464,4.988570071,5.172537998,4.95621431,6.0493662,4.988570071,4.664261769,4.849758428,4.677532728,4.168850673
1772496_at,9.488058267,9.462228265,9.414832109,9.378692209,9.249948854,9.33539234,9.47030488,9.668101214,9.678493788,9.624655593,9.373033689,9.194742848
1772497_at,8.06525821,8.052583059,7.808337124,7.895540205,7.845240883,7.874469449,8.161303101,8.10437027,8.192950155,8.514006325,8.718117191,8.884871349
1772499_at,7.929493781,8.02221689,8.077420442,8.141466644,8.06636752,8.035492075,8.085458,8.290971991,8.65230349,8.95883847,9.054609075,9.044280056
1772500_at,12.39757056,12.47506437,12.50700665,12.50632213,12.42283679,12.41370705,12.24654994,12.33704272,12.27609173,12.41522726,12.28609967,12.27667621
1772505_at,9.048137388,8.423089398,8.346166867,8.220479347,8.453230894,8.67542877,8.907801512,8.221813446,7.491453503,6.921594497,6.400275808,5.835576745
1772508_at,10.98419839,10.21472487,8.496099099,9.545835037,10.0187554,10.40003402,11.03245819,10.40527869,9.205912007,7.905623818,7.728181297,7.816691631
1772509_at,8.448580259,9.115980055,8.978891889,8.617935932,8.794754463,8.696827227,8.726416126,9.21247073,9.730155667,9.51997041,8.923111186,8.698987968
1772510_at,11.87937672,11.98004756,11.92854351,12.07568608,12.09358474,12.09907655,12.03876602,11.97674344,11.88601224,11.9721921,12.00166719,12.00664145
1772511_at,8.863413017,9.747860987,10.62157215,10.74556074,10.80423944,10.75464895,8.926078275,8.937336845,9.577581437,10.05334098,10.38371119,11.38677709
1772512_at,7.774273858,7.161082631,7.365884258,7.741429889,7.800087933,7.720802999,7.699006887,7.298903863,6.959206852,7.36165827,7.638281194,7.87796805
1772514_at,11.18658785,11.03081811,10.73792185,10.72098485,10.86136148,11.05580383,11.27471293,11.07572272,10.56488796,10.07383154,9.533703631,9.091126828
1772516_at,8.299106952,9.412111633,9.62614216,8.942573421,8.875621804,8.671360802,8.354745774,8.847966491,9.289868329,9.198695297,8.819146182,8.711365915
1772517_at,7.327365972,7.85795305,8.951052897,8.476142902,8.269473593,7.919364657,7.565994478,7.23614231,8.588742843,9.080146948,8.817996468,8.57128684
1772521_at,12.24459955,12.15256264,11.96419162,12.18859277,12.26635346,12.31449475,12.34352796,12.26182762,12.00389609,11.76965701,11.71992648,11.40152714
1772524_at,9.224857951,8.039136168,7.243956736,8.168461515,8.576878149,8.983795053,9.023960227,8.474616668,7.232148518,6.961209094,7.160531005,7.79601242
1772528_at,3.710123295,3.199478407,3.533428761,3.581441435,3.592501955,3.628727702,3.522476047,3.522476047,3.754832128,3.240012782,3.354831379,3.804361836
1772529_at,8.846852145,8.622740252,8.94988764,8.882568132,8.803137035,8.801848956,8.773266531,8.126357276,8.425628935,8.56568772,8.392118556,8.533882805
1772533_at,8.479212809,7.837353264,7.845621045,7.936587688,7.908892652,8.081491935,8.356570933,8.103657952,7.753813648,7.559684018,7.339010615,7.417576863
1772534_s_at,4.119086711,3.860183185,3.449105407,3.69100874,3.479253862,3.477903594,4.098040647,3.840192224,4.149299672,4.286542961,4.290336758,3.726748127
1772536_at,3.09285651,3.146934181,3.036573938,3.146078282,3.568189591,2.886935374,2.986513644,3.345001217,3.326444105,3.113815679,3.181387076,3.585148886
1772540_at,7.208135743,6.41110603,6.963596436,7.037691562,6.883600801,7.198375456,7.293202926,7.155580711,7.951391028,8.403227985,8.622650575,8.445742961
1772541_at,9.963162825,10.55441973,10.7559353,10.30615939,10.28213639,10.31431071,10.10473237,10.26753706,10.62950259,10.39156692,10.06817085,9.832130631
1772545_at,9.909925832,9.682029243,9.776713708,9.917776163,9.93279244,10.06122687,9.75082067,9.585066544,9.26076143,9.122835461,9.024706883,9.223685425
1772547_at,10.03745929,9.237681882,8.059908004,8.87222613,9.113620759,9.419818847,9.952532965,9.650201968,8.510338418,8.157912828,8.131953329,8.550976245
1772548_at,2.92239692,2.708436786,2.844828174,3.053642847,2.828976524,3.187991626,3.170647547,3.120480274,3.364708579,3.274137946,3.607847332,3.175359795
1772549_at,4.888146991,4.976186461,5.622870647,5.854428554,5.842998978,5.717459074,5.225615911,5.408215348,5.663027258,6.246894271,6.412352596,6.553840006
1772550_x_at,11.07551298,10.70582689,10.56750051,10.59763771,10.76577714,10.9056021,10.89047017,10.71533053,9.784562676,9.235057749,8.87898858,9.023639228
1772552_at,9.912258723,9.842755443,9.770040167,9.803978296,9.718071829,9.855268494,10.03686901,9.836436281,9.349903656,9.098670902,8.737044255,8.750180789
1772554_at,5.042198474,4.763324231,5.045289434,5.156123901,5.253931437,5.000544579,4.738833007,4.792596852,4.902189707,5.15257658,5.157118521,5.499755387
1772556_at,11.61233662,11.33452054,11.11956494,11.32369719,10.97169129,11.29658898,11.62016385,11.57569842,10.8132413,8.876544179,7.459272255,7.07631397
1772558_at,12.61604524,12.63255163,12.52095113,12.65420568,12.7636763,12.61776274,12.54246834,12.63706351,12.53132132,12.37497443,12.27490394,11.80976631
1772560_at,10.44608793,10.16262199,10.07156965,10.18793398,10.18970486,10.28433118,10.45006854,10.21110253,9.961220855,9.897033162,10.12638219,10.05287389
1772562_at,11.20138318,11.01141659,10.57173209,11.11127075,11.00351197,10.90104658,11.27091853,11.88839502,11.60321101,11.43489275,11.27974953,11.00340456
1772563_at,7.805013363,7.606604422,7.562401833,7.474670868,7.47583263,7.565645466,7.988471849,8.073614942,8.048840293,8.080410167,8.233320328,7.971233415
1772565_at,9.629167943,10.00236681,10.45776416,9.996906661,9.666024359,9.59411138,9.60583698,10.11127317,10.92468082,10.96139205,11.02320236,11.18130921
1772566_at,6.865719296,6.953984483,6.709330026,6.657585084,6.614792118,6.560466475,6.935770895,6.838119402,6.878788585,6.746032236,6.375001531,6.128415939
1772567_at,9.368322566,9.385505751,9.575578735,9.456994934,9.379784585,9.501878743,9.514728134,9.669479938,10.1238251,10.08979597,10.24102516,10.27103452
1772570_at,7.962488916,7.526354386,7.471919859,7.374179981,7.493620424,7.547017278,7.849255215,7.767219235,7.675375814,7.379373767,7.479350854,7.364432772
1772572_at,12.1916866,12.17350129,12.18763367,12.22060733,12.23367937,12.22415259,12.23113066,12.25952723,12.29335712,12.33018482,12.3958854,12.45063442
1772573_at,11.31198905,11.32964981,11.42046231,11.55732198,11.52330771,11.4493484,11.32230463,11.37423578,11.45196717,11.41880724,11.4099506,11.28181943
1772574_at,9.110919539,9.995668586,9.90441518,9.884329616,9.685049846,9.478574117,9.095098953,9.455926932,9.636525006,9.928426966,10.00201473,10.13318575
1772576_x_at,5.992377446,6.384610476,6.37683167,6.252943026,6.248447155,6.273408054,6.068922108,6.512532688,6.707235803,7.008662623,7.001607752,6.983884615
1772579_at,10.44500415,10.41666542,10.35853927,10.28662853,10.26265388,10.34396173,10.37494137,10.5184201,10.71900442,10.69660996,10.64076849,10.60704562
1772580_at,10.8498775,10.84037965,10.75728451,10.84849598,10.91094248,10.8617528,10.71247331,10.68527481,10.55828124,10.29703572,9.95568025,9.873269844
1772581_at,10.7505832,10.70478665,10.53107982,10.52905769,10.58904277,10.56781726,10.70875343,10.63462882,10.49891812,10.30875589,10.16517094,9.878343279
1772583_s_at,10.59710115,10.7821963,10.89954802,10.477948,10.35790294,10.48140197,10.5681437,10.70244479,10.72580318,10.56054569,10.17500293,10.11129595
1772586_at,7.06894275,6.325508367,6.640890436,7.151788949,7.051959628,7.051959628,6.8871025,6.823039572,7.31839955,8.110254274,8.672654513,9.148085931
1772589_at,7.098904806,6.80869675,7.134640753,7.099431663,7.181419372,7.13770443,7.30137675,7.106905352,7.177320852,7.527361347,7.4502048,7.378837157
1772590_at,9.969975773,9.837792246,9.89634051,9.975770944,9.970695215,9.880709974,10.08563744,9.949385083,9.932651901,10.00848613,10.08252139,9.863349936
1772594_at,11.2028408,11.99860625,11.08707789,9.685386775,10.10491216,10.38366033,11.25748241,11.45314017,11.30243194,10.58803143,10.46945136,10.33465939
1772597_at,3.408770689,3.779727,3.841983795,3.625390423,3.48454913,3.699112283,3.922540242,3.82627769,4.585183183,4.807569647,4.715951841,4.145706701
1772603_at,9.179800791,9.694766989,10.11328339,9.510257368,9.099380399,8.92786732,9.237830041,9.973609017,10.67481232,10.81922463,10.93931854,11.04652928
1772605_at,7.748892004,8.184199046,7.843846142,7.464843647,7.594480508,7.605634221,7.699986872,7.966385487,8.135157047,7.79391102,7.585119419,7.644759213
1772606_at,10.00391566,9.802218082,9.484384159,9.693397399,9.877949502,9.884409215,10.01798779,9.941850652,9.638711296,9.366081222,9.320817958,9.257028625
1772608_at,8.978421586,9.321721495,8.898976252,8.152782352,7.541705133,7.783951295,8.82829664,8.928078629,8.960834455,8.427872034,7.988562049,7.787251708
1772609_at,3.717486657,3.973066449,4.168420661,3.514677654,3.706529597,3.86206298,4.098690207,4.051389506,3.902739995,3.946659728,4.384883809,3.87027153
1772610_at,9.164653027,8.883906968,8.916190638,9.165595458,9.263905031,9.344040152,9.14611353,9.131754649,9.314265132,9.528332109,9.847663856,9.797695379
1772611_at,8.904478343,8.613165581,8.63744903,8.648369044,8.672255939,8.815839655,8.912596618,8.547310121,8.239188965,8.243871442,8.20238381,8.049598961
1772612_at,6.357987738,5.024185454,5.579990109,6.125346044,6.292179549,6.389811448,6.369711479,5.899939294,5.726502961,5.846287244,6.020911923,5.950800072
1772613_at,8.886173318,9.354055874,9.04030585,8.784703166,8.780007741,8.71974549,8.89387046,8.908940998,9.288756616,9.099183244,8.871336816,8.789873389
1772615_at,12.75308854,12.75758241,12.65678089,12.71595883,12.5670806,12.49421793,12.79885674,12.94051096,13.06117504,13.11162926,12.94431341,12.83047613
1772617_at,10.06576131,10.12713021,10.19325566,10.28205079,10.32907765,10.13694923,10.14987947,10.04714254,10.00475629,9.919999745,9.914310236,9.751576211
1772618_at,10.78755621,10.73252441,10.73131298,10.8143287,10.81596199,10.77926838,10.9047842,10.74347131,10.71567643,10.8020046,10.78075961,10.76557968
1772620_at,8.478179957,8.781941423,8.964560401,8.706574871,8.567084814,8.418947827,8.51537868,8.879663957,9.320746144,9.691489181,9.53032065,9.316009709
1772621_at,8.85363461,8.987916929,9.425533504,9.061197431,9.102685361,8.929813336,8.743543152,8.968486953,9.2784639,9.374536903,9.139695529,9.160453716
1772622_at,11.02169524,10.50526068,11.16781494,10.75491818,11.08574606,11.21183061,11.05102873,11.09227134,11.08591364,11.08894529,11.19737806,11.2242153
1772624_at,9.661577085,9.773374999,10.07617544,9.92485347,9.697859364,9.773329251,9.62362696,9.825920447,10.0555129,10.03648959,9.899611609,9.84605743
1772625_at,11.53256903,11.73628671,11.41118188,11.41931287,11.35618764,11.33668588,11.55819151,12.07449959,11.6844062,11.50178043,11.60268552,11.70241566
1772626_at,7.557360626,7.524005482,8.01646039,7.959672672,8.092755462,8.008543243,7.586905306,8.125071167,8.73638098,8.734546094,8.844184097,9.038992043
1772627_at,8.311460006,7.657800689,7.540316982,7.730139003,7.879436117,8.03612523,8.44100583,8.118406685,7.879835287,7.75089692,7.458815085,7.318459981
1772631_at,9.300191485,7.040949951,7.1138718,7.992454164,8.442389838,8.915577439,9.126979378,6.792573352,6.155829414,5.956704078,5.887831991,6.010438645
1772632_at,12.23953877,12.04524931,11.79924392,11.80295605,11.89477246,11.97340089,12.22410821,12.1477981,11.92036396,11.71363358,11.54122775,11.71992684
1772635_at,8.260110534,8.351880248,8.308339013,8.098426812,8.185986818,8.276129917,8.345015238,8.411996511,8.603228782,8.772638062,8.928578989,8.77780427
1772637_at,11.59578048,11.63755538,11.70114517,11.74479076,11.72006809,11.66703817,11.67338316,11.64520148,11.68734607,11.85724683,11.78726476,11.70982473
1772638_at,12.83134899,12.68985391,12.37510485,12.50738408,12.73240948,12.80688081,12.78077275,12.71939139,11.94153758,10.70194505,10.42590358,10.70291132
1772640_at,9.629785817,9.361349487,9.456539907,9.663702189,9.86130224,9.80030861,9.432759474,9.339044091,9.400924007,9.614605542,9.818086373,10.24552564
1772642_at,4.584327076,7.582612837,7.585155942,7.160721321,7.080310886,6.62129731,4.897927707,5.905070568,7.124742756,8.258153822,8.858296994,9.004598003
1772643_at,12.35408894,12.22292071,12.22699575,12.33849021,12.33049874,12.34949609,12.28574273,12.28574273,12.28343501,12.19878395,12.19944871,12.20383251
1772646_at,8.486635982,8.501202608,8.479514461,8.529826362,8.468396771,8.33250305,8.590492893,8.821043314,8.710758027,8.889265354,8.444477673,8.206508278
1772647_at,4.82956871,5.098778603,6.021131976,6.160685925,6.364941611,6.370881868,4.933076264,4.957669271,5.752901856,6.398388303,6.250178403,6.186483368
1772648_at,9.279873583,9.069759783,9.218684616,8.971275745,9.181149665,9.161501929,9.37561253,9.03928713,9.107247401,9.627779918,9.876621238,9.619587472
1772651_at,8.256164786,8.675976688,7.916427791,8.200592389,8.305166867,8.768654171,8.366207142,8.073290795,7.379081911,7.304446523,7.500012342,7.61938414
1772654_at,10.1320981,9.934827376,9.771427263,10.01552677,10.05354016,10.09311498,10.1859237,9.912795874,9.333480842,9.226657931,9.135682565,9.33970848
1772658_at,12.36212434,12.31165338,12.43560585,12.45289026,12.28030835,12.23211064,12.29363775,12.24533222,12.11215448,11.97916626,12.0838643,11.99200149
1772665_at,10.07288054,9.868580572,9.886367651,9.948217125,10.0042498,10.03771692,10.09126508,10.08233211,10.16396505,10.23174099,10.20947593,10.11087055
1772670_at,7.316847647,8.830414973,9.102196886,8.466125154,8.334058626,7.86442128,7.394641762,8.550382826,9.46737847,10.01497946,10.06094927,9.863249213
1772671_at,9.837129414,9.94609454,10.18061282,10.17087262,9.871381899,10.10072221,9.740741683,9.844180124,9.779123259,9.479361223,9.091555064,8.873695769
1772672_at,12.58686423,12.46693009,12.49670175,12.54936168,12.4998273,12.5121489,12.56116185,12.50844371,12.43861768,12.28422653,12.27494716,12.47591692
1772674_at,11.96976291,11.88246233,11.9784769,12.03937259,12.09380956,12.09843672,12.03136832,11.99566641,12.1307314,12.20491816,12.24832882,12.0858995
1772675_at,9.883643303,9.310479794,9.167404689,9.279938823,9.414471108,9.570371693,9.908184072,9.675526122,9.64741282,9.77108668,9.919760735,9.841204037
1772676_at,12.38968176,12.02160012,11.10563414,11.54351882,11.88451742,12.09749038,12.33648914,11.96585803,10.60254643,9.747791713,9.714786343,10.13516738
1772677_at,11.59447284,11.61348739,11.74230002,11.87844835,11.98665456,11.91832558,11.6157519,11.67752103,11.91513613,12.30833593,12.50743193,12.40372199
1772681_s_at,4.562962585,4.748004963,4.10477687,4.357098496,4.30429782,4.763410223,4.323395958,4.414033564,4.784899839,4.525275527,4.511937657,4.533595165
1772682_at,9.343958693,9.757898531,9.176401002,9.167936646,9.297452976,9.295903733,9.327119649,9.57917308,9.706517889,9.547324387,9.40928799,9.276033835
1772684_at,9.065929059,9.40168488,9.569846453,9.330188182,9.264431645,9.180168299,9.135134131,9.569040602,10.08277245,10.16296301,10.09526548,9.839717926
1772686_at,6.725226579,7.735572329,7.541573078,7.387859642,7.239850685,6.93760691,6.795381378,7.437997804,7.425192372,7.530490123,7.849969186,7.85539826
1772687_at,8.399965693,8.656826337,8.422928563,8.302806035,8.453175619,8.388593173,8.575113694,8.97765024,9.17133094,9.292553762,9.336883623,9.039593595
1772689_at,10.05043648,10.18859656,10.7474118,11.11608086,11.10510107,10.94369004,9.943816275,9.761176688,9.90705885,10.70984284,10.7531562,10.49304238
1772690_at,8.704373174,8.631579754,8.691609954,8.553544849,8.538503095,8.498960518,8.780162499,8.794078025,8.984240571,9.028927469,8.779762264,8.568708435
1772692_at,6.455088855,8.42445473,9.321607232,8.590300926,8.280097612,7.765901291,6.624796204,7.863901176,9.177564237,9.841615799,9.938898039,9.880787073
1772693_at,8.376560131,8.140155978,8.157995269,8.182737101,8.197498359,8.327646431,8.651223519,8.543527392,8.183237218,7.707158868,7.24809981,7.085307404
1772694_at,8.646525869,11.08896357,10.62060256,9.489452287,9.437394637,9.159493955,8.944407981,10.45037364,10.82186622,10.3679797,10.27399523,10.16935749
1772696_at,11.82101979,11.62908529,11.55274554,11.62029131,11.71049259,11.7470194,11.69071887,11.64104532,11.41174271,11.12123301,11.07494154,11.01327287
1772697_at,9.154375805,9.922089159,10.02412729,9.624579361,9.547577491,9.252230783,8.975626306,9.670389965,10.31405522,10.46644509,10.09498966,9.849644857
1772699_at,7.905857653,5.962544964,8.469436976,9.934251454,10.11630948,9.926735419,7.554480637,6.735332891,6.537257112,7.125377799,6.770356667,6.494329796
1772700_at,11.60695817,11.54561277,11.36828868,11.39386108,11.42035816,11.41570879,11.57196,11.57188831,11.43576794,11.1853948,11.43561259,11.48927308
1772701_at,9.758459036,9.556333271,9.666410115,9.906929887,9.989996765,9.957486708,9.712132973,9.971286931,10.2350188,10.3730296,10.49504308,10.81523462
1772703_at,8.895724525,8.494061558,8.461032626,8.558828563,8.628140785,8.613036382,8.726623577,8.452405453,8.064954436,8.009976633,8.058577846,8.217405341
1772706_at,9.037200006,8.154965871,8.37754086,8.616492814,8.587155016,8.720317207,9.162647934,8.721653079,8.593418059,8.766422212,9.32141214,9.552410168
1772709_at,8.408692589,8.439763427,8.413462834,8.566428253,8.453942147,8.455937453,8.37024131,8.436954339,8.489883887,8.484502822,8.474830155,8.668389778
1772710_at,8.461140968,7.445842354,7.452070025,7.433151354,7.703984439,7.749961937,8.463588578,8.503354967,8.492938254,8.261969546,8.234045569,8.272174564
1772712_at,9.731083146,9.413597423,8.787937369,9.523766228,9.76836816,9.877907111,9.77715719,9.536125871,9.036761241,8.264247782,7.339115866,7.431141967
1772716_at,9.130260163,8.828172344,8.526022319,8.668142772,8.948999002,9.075447898,9.142719729,9.187197529,9.005278838,8.369848516,8.325952895,8.255615916
1772718_at,11.61573255,11.48649629,11.42615237,11.4919496,11.59608708,11.57632177,11.607692,11.56169569,11.44432394,11.44709402,11.40236306,11.4564243
1772719_at,9.682234062,8.968246933,8.45109757,8.904216436,9.086094254,9.241288209,9.747528752,9.457681179,8.990135985,8.93266433,8.908401656,9.023037386
1772720_at,7.092096956,7.475242795,7.676550868,7.322059936,7.161476006,7.233875816,7.285829097,6.915060906,7.232964311,7.118573597,6.770532435,6.741823468
1772723_at,10.36991727,9.094540046,8.600616814,9.394471953,9.780163887,10.05501562,10.41364918,10.07234059,9.20440277,8.606051354,8.590597141,8.781913005
1772726_at,7.736443754,8.183737331,8.774593656,8.51543547,8.800669215,8.846935213,7.823500692,8.20098061,8.501337552,8.770590106,8.67859793,8.424953786
1772729_at,8.367343401,8.108288254,8.33540641,8.104335747,8.282209977,8.188692115,8.489143357,8.599093533,8.942956893,9.166072509,9.157399702,9.035736137
1772730_at,5.722164803,6.632087158,6.092552,6.07354781,6.416167479,6.504142863,5.510426221,5.417863475,5.316322426,5.267577986,5.145561436,5.276909021
1772731_at,7.456438941,7.50773651,7.61651721,7.555313407,7.574497393,7.61048501,7.667051334,7.664037527,7.815662254,8.199871917,8.230050321,8.093222577
1772733_at,7.019107331,6.931457491,6.811410779,7.039840504,7.406453559,7.413222791,7.235677377,7.497271616,7.382183413,7.328903114,7.307887666,7.352576456
1772734_at,11.70994818,11.47191713,11.01668923,11.36800098,11.63186862,11.76259621,11.53552844,11.30084131,10.52140317,9.879615234,9.84054855,10.0970031
1772736_at,8.11904945,7.737678684,8.08765269,7.928872984,7.738522257,7.818253937,8.245400388,7.35846851,7.269842176,7.174302056,7.322666528,7.24077836
1772737_s_at,7.978500568,7.426600734,7.852755884,7.466890964,7.80224565,7.85791682,8.894339418,7.336866676,7.149092605,6.981335897,6.741700414,6.664448013
1772738_at,7.040397048,7.574935615,8.058950297,7.742383432,7.651679268,7.507958996,7.163290298,7.430711193,7.779926746,7.936104618,8.044587673,8.24546987
1772741_at,5.54724415,5.1658384,4.856344085,4.150841031,4.813585274,5.293378395,7.545513895,7.301013812,6.842972642,6.796996968,8.103891031,7.644193775
1772742_at,12.76537848,12.74107975,12.60228177,12.55533254,12.73389016,12.87270385,12.8452107,12.78527599,12.24126861,10.77157465,10.38120657,10.96250626
1772743_at,7.767793065,8.063881106,8.076481875,7.958943655,7.805753086,7.708711385,7.730726317,8.051872479,8.472326211,8.794212936,9.257844733,9.538899365
1772744_at,11.53872449,11.4614475,11.28507626,11.3602585,11.43076628,11.35897582,11.5914565,11.54274233,11.4173554,11.29405904,11.02774768,10.95486737
1772748_at,11.30342698,11.26676447,11.0242307,11.17080932,11.10134174,11.24687399,11.15242567,10.98814887,10.666873,10.15146592,10.0556794,10.47005131
1772749_at,7.310602307,7.442561834,7.70745375,7.359863949,7.069463705,7.287847351,7.37831814,7.12825748,7.684792736,8.073843157,8.115224824,8.107047441
1772750_at,11.11300422,11.36058424,11.23487597,11.10566988,11.09440218,11.07966537,10.99192261,11.0515185,11.21134336,11.47349407,11.62429861,11.77539347
1772751_at,4.695605796,4.558839344,3.807841412,4.420598274,4.142764342,4.775858815,4.736056729,4.796753258,4.572707933,3.859909807,4.193143514,4.149066618
1772752_at,9.651983686,9.6299403,9.642743278,9.443825319,9.667118052,9.717215682,9.718505983,9.835974736,9.778150489,9.43565747,9.340788545,9.302623812
1772753_at,6.796206906,7.069423578,6.83913514,6.63998514,6.709648004,6.642057058,7.18611634,6.654425848,6.587431981,6.441073988,6.364705502,6.113965591
1772755_at,9.789160101,10.17178804,10.40808649,10.04115027,9.872603695,9.709313544,9.94760022,10.42052822,10.84865628,10.89704021,10.87120759,10.81013739
1772756_at,8.979514457,9.030411287,9.875849199,9.463240919,9.453142105,9.425609419,9.233368918,9.247978553,9.447533927,10.07619885,10.80174534,10.76630248
1772763_at,7.097100198,7.881801738,8.141518157,7.513727295,7.22024874,7.152840525,7.141078112,7.706230545,8.554576008,9.17107079,9.353777607,9.438817755
1772766_at,4.010845937,3.761218766,3.570867066,3.532179576,3.692868173,3.790020936,3.934674063,4.086926384,3.290472704,3.827425039,3.432340296,3.685065277
1772772_at,10.09117851,10.49337499,10.60961835,10.30951747,10.16325662,10.05898114,10.22999097,10.63626591,11.21494175,11.29734033,11.57650515,11.65352479
1772774_at,9.621121574,8.996297081,8.753817661,9.141590995,9.350080935,9.44117735,9.653240953,9.269932574,8.959391521,8.912199286,9.135376391,9.228868906
1772778_at,9.181765348,10.39957575,10.97834112,10.52459589,10.04307557,9.697005518,9.176633926,10.13721594,10.7880704,11.10204556,11.31258615,11.35476594
1772779_at,8.495936869,8.132722479,8.284154125,8.121319437,8.162136202,8.36122853,8.480667745,8.318021366,8.396667004,8.479733395,8.65860713,8.873037951
1772780_at,10.58834381,10.60869246,11.05967761,10.90373245,10.71142345,10.7619547,10.49361687,10.42666749,10.62065321,10.59259753,10.53804435,10.62062271
1772781_at,10.84644627,9.742225374,8.912071231,9.674670529,10.01790419,10.36828267,10.82315181,10.45898503,9.878218824,9.653034967,9.706605585,9.973488182
1772783_at,9.929819206,9.64731135,9.341312058,9.495245023,9.623131739,9.798489098,9.889093307,9.692591516,9.156385854,8.742435563,8.470659315,8.455635028
1772785_at,4.072200598,7.045097777,7.15635157,7.023556819,6.986308454,6.606869833,4.551456533,6.541975609,8.051420775,8.652808287,8.766393746,8.340639946
1772786_at,9.71783591,10.16212032,10.81748138,10.54275614,10.19745155,10.00569869,9.686423131,9.326641079,9.901558673,10.16653556,9.948196635,10.0088827
1772790_at,10.54154986,9.97173079,10.40388287,10.77363724,10.81284074,10.7788604,10.51658366,10.04272276,9.730615962,9.679113859,9.404543517,9.242345767
1772791_at,10.74935758,13.0195342,13.2912251,12.87866514,11.69943751,10.94969049,10.8231274,12.50665785,13.00947901,13.03958595,12.76143983,12.71098054
1772792_at,9.844117513,10.09630344,10.12037296,10.04515779,9.967328519,9.917937127,9.997561821,10.25552572,10.41393948,10.51625758,10.33953619,10.07113544
1772793_at,9.185893854,8.58043915,9.202730564,9.088260427,9.212123639,9.234646069,9.143861612,8.221940401,7.868442227,7.778864452,7.654858523,7.650588501
1772795_at,10.77102518,10.67917068,10.65711972,10.89930665,10.82773666,10.83435027,10.47388318,10.45112644,10.09822778,9.927981475,9.651278923,9.717190807
1772796_at,7.858493149,7.619838106,7.595102426,7.562084527,7.474578773,7.481796882,7.78912638,7.778608606,7.924371584,7.829298383,7.703395595,7.465056586
1772797_at,9.697098457,9.122163461,9.082920092,9.113377385,9.302413148,9.506370847,9.72679071,9.434165495,9.314784648,9.207575555,9.067858576,9.12353952
1772802_at,8.877859413,7.864123787,8.13853076,8.352146173,8.395976037,8.539163926,8.67898027,8.549827856,8.861158376,8.905936257,8.997670262,8.934363232
1772804_at,10.62870266,10.79811498,11.02561546,10.76608744,10.57019039,10.55378864,10.58730152,10.58235716,10.60842643,10.62557826,10.38485626,10.3536432
1772805_at,9.895388204,8.97904054,8.765415918,9.243602813,9.5391955,9.766855976,10.02753749,9.590041716,8.600717284,7.808957619,7.710841369,7.62259747
1772806_at,8.458191984,8.271199997,8.528141982,8.516517722,8.515640578,8.529421647,8.599702715,8.579596558,8.624559351,8.974888138,8.998627884,9.076129921
1772807_at,2.212207058,2.35013204,2.453229089,2.308241812,2.431323688,2.498849937,2.265582827,2.364669369,2.657087411,2.931750646,2.639961837,2.958378997
1772809_at,10.67138654,10.66198396,10.81581282,10.58525476,10.45256225,10.45591133,10.75577636,10.9371099,11.0916115,11.19344684,11.23009482,11.35027021
1772810_at,7.460430848,7.143059526,7.105825222,6.873694956,7.050753726,7.299711757,7.573765829,7.707846633,7.697730249,7.27620072,6.999245075,6.722735084
1772812_at,10.12486599,10.20371297,10.63619037,10.87245654,10.76502709,10.51654592,10.17794541,10.03904606,10.14500343,10.3693419,10.54927247,10.2827358
1772813_at,9.204214615,9.1529651,8.962891934,8.565701967,8.210130759,7.807426755,9.371986302,9.236166995,9.2869068,9.579439416,9.645617648,9.569070867
1772816_at,7.579894688,7.089053971,7.228515726,7.356434749,7.348476254,7.473094913,7.692796371,7.596714559,7.575611076,7.855622577,7.8154888,8.054378104
1772817_at,11.7683965,10.68271899,9.009187265,10.66931327,10.97693702,11.38255367,11.71230192,10.72924328,7.921786419,6.985213455,7.279726457,7.507178121
1772819_at,7.244532893,7.319319471,8.04441606,7.471537045,7.105792191,7.153041449,7.423905163,7.010030593,7.191988559,7.463414107,7.562693396,7.177449843
1772820_at,9.12799999,9.232925429,9.067644118,8.951503226,8.995434241,8.869806895,9.052307846,9.316995611,9.841487291,10.2062365,10.4951094,10.45930047
1772821_at,8.290223828,7.569037592,7.789669819,7.943919569,7.954479371,8.02121101,8.375853183,8.030137249,7.690143872,7.639608476,7.290627316,7.06667443
1772824_at,8.273937911,8.932226076,8.661902212,8.075374972,8.213831867,8.117284695,8.417589056,8.611863739,8.684142666,8.731957209,8.878466661,8.911584771
1772826_at,8.188401316,8.137533117,7.224450981,7.62229139,7.708774026,7.902471896,8.166519024,8.221399839,7.930860816,7.812404564,8.091174993,8.458479722
1772827_at,10.3371354,9.684483869,8.580051102,9.323649355,9.592785891,9.959851605,10.21506258,9.948348199,8.530726497,7.850728147,7.826562172,8.141748113
1772828_at,8.504767071,7.213659179,7.142204407,7.436660206,7.757251436,7.950327429,8.517641877,7.995414142,7.38172363,7.158032492,7.296898406,7.48998786
1772830_at,9.443728522,9.246012559,9.366977016,9.296485715,9.326875976,9.378930627,9.578755309,9.494462087,9.278104736,9.226173348,9.312923015,9.205153304
1772831_at,6.242538185,6.83921913,6.929152763,6.931969226,6.866966785,6.654877172,6.484171609,6.601736903,7.044526993,7.560408052,7.541551195,7.566426135
1772832_at,11.13212078,10.87079868,10.5181819,10.57416024,10.73017574,10.85642201,11.04583371,11.02904877,11.06939927,11.17606719,11.36715662,11.44798266
1772833_at,8.373017243,8.040479916,8.215348054,8.511642949,8.739938535,8.630543131,8.407482324,8.286021093,8.356623743,8.489760522,8.450250515,8.198037198
1772837_at,11.20044991,11.38420643,11.69240666,11.45179124,11.09095323,10.91440142,11.07672008,11.50290534,11.93946445,12.17086888,12.11501596,12.12135451
1772838_at,7.854479153,10.65695006,11.76936188,11.32030395,10.57369497,9.968382277,7.948326418,9.273316683,11.32521163,12.27943141,12.57101325,12.58932516
1772839_at,7.066084663,7.297525244,7.681573583,7.809098528,7.747454009,7.82037176,7.089791136,7.189550068,7.446394273,7.420704481,7.485430342,7.422630836
1772846_at,9.055308732,8.838873395,9.00101494,9.067702073,8.986618169,9.076159392,9.189995256,9.102808452,8.981042529,8.963329894,8.88137512,8.72751088
1772847_at,11.18865974,10.08170896,8.800677763,9.848198175,10.19145442,10.54530783,11.11960965,10.4841549,8.646333878,7.732026409,7.708078353,8.036948583
1772848_at,6.056733696,6.995532207,7.226476334,7.444841409,7.296931514,6.716048615,6.151406695,7.298731227,8.452147277,8.999531469,8.833498004,8.595565192
1772850_at,7.129994841,8.701391122,8.744771186,8.408994606,8.382354055,7.992857941,7.182748825,7.934451503,8.932689397,9.480400886,9.470890676,9.33231888
1772852_at,6.234146019,6.935894255,7.366395339,7.156316819,7.093779468,6.844111592,6.466878459,6.989212678,7.408725838,8.032322662,8.176460875,8.281187858
1772853_at,8.794328789,7.945946556,6.896314099,8.874027567,9.468405835,8.948487486,8.741783435,8.262809335,7.443300449,8.227439706,8.966532067,9.104757589
1772854_at,8.544496928,8.226722326,8.781808681,8.847665901,8.920984993,8.961316404,8.490805782,8.73417398,9.148508933,9.811193967,10.03763239,10.15833079
1772855_at,7.036602908,7.850580535,7.2853102,6.804400616,6.834965278,6.882789309,7.172185594,7.547592005,7.897605447,7.862479579,8.031872621,7.994921285
1772856_at,8.529523839,8.837491855,8.768873595,8.604321754,8.45483853,8.315869563,8.750147324,9.132192579,9.398851477,9.651248327,9.43357367,9.272983924
1772857_at,13.07817813,12.9704643,12.91432461,12.88769576,12.87954483,12.94396848,13.05508994,12.94467013,12.76375884,11.99690116,11.47990525,11.5638927
1772863_at,5.836239294,7.552039977,7.919550176,7.145361102,6.855616886,6.556014509,5.666889637,7.240774999,8.241685532,8.719695327,8.672228961,8.781730441
1772864_at,9.801214609,9.881454336,9.674982984,9.5428893,9.815065144,9.743814599,9.818985662,9.819021514,9.929769602,10.01042108,10.03833607,10.13112865
1772865_at,6.521083218,4.71983582,5.413147166,6.033926654,6.59640918,6.729312212,6.622429306,5.562813088,5.007202493,5.529432374,5.518464258,5.644709894
1772868_at,7.93452712,8.179891342,7.744075782,7.508618012,7.663060803,7.760118572,7.812229553,7.737341089,7.605155662,7.40531921,7.228994062,7.03684889
1772870_at,9.990842691,8.327739793,7.888171319,9.198905528,9.430205415,9.747603387,9.985609262,9.378772923,8.293753954,8.286654252,8.709718164,9.111948621
1772871_at,8.732502213,8.321703643,8.58494303,8.511964096,8.544841364,8.582142547,8.793204787,8.537346632,8.671802001,9.145516092,9.300182265,9.300437855
1772873_at,7.517755767,7.586756117,7.783135002,7.562278389,7.616625971,7.326617201,7.6347779,7.729500074,7.777457389,8.004611472,8.005811967,7.82612163
1772874_at,7.523072229,7.381873698,7.392055534,7.365993951,7.068244607,7.168252722,7.330521631,7.137184509,6.849522073,7.391890442,7.467096451,7.535698086
1772875_at,11.86639872,11.83551081,11.58180162,11.51221284,11.66890382,11.81103113,11.82273022,11.94647184,11.71336104,11.28271889,10.90824568,11.03587486
1772876_at,11.75630839,11.6479401,11.59850892,11.6402607,11.643043,11.6114272,11.89094337,11.66462995,11.5639877,11.29840871,11.14132222,11.1402373
1772880_at,5.488599844,6.634563607,7.871530339,8.279173349,8.45431283,8.359421334,5.215595534,6.158134935,6.620994967,6.665484973,7.185631006,7.684998016
1772882_at,11.82131111,11.68971596,11.6450097,11.78557563,12.06205985,12.38873341,12.03632157,11.97375638,11.73408597,11.54657844,11.65305483,11.37556273
1772883_at,3.470434333,3.664001023,3.919062276,3.396097553,3.324936867,3.622989364,3.504808916,3.508466187,3.573169807,3.502769999,3.578849308,3.26739638
1772884_at,7.829855169,7.946343458,8.353161672,7.90076402,7.722013176,7.066004415,7.801556169,7.50286324,7.907516937,8.375854199,8.51762047,8.555794736
1772887_at,9.927061871,10.13813678,10.40871446,10.33925913,10.22438229,10.02684332,9.860871371,10.17494319,10.4712586,10.84867061,10.74521356,10.62548259
1772888_at,11.08396178,11.02054259,10.65792692,10.77872349,10.95436455,10.88645283,11.21957646,11.17504514,10.98301686,10.74712785,10.52517513,10.24320593
1772890_at,11.58462291,11.48111995,11.63752841,11.78661989,11.86528488,11.83261483,11.66126782,11.1568461,10.66999627,10.9527269,11.0567083,11.19968576
1772891_at,8.765769711,8.747507685,8.81491058,8.611409285,8.730094025,8.767629548,8.870782003,8.685974594,8.897039571,9.009378276,8.772840596,8.79681575
1772892_at,11.1004023,10.25680273,9.684937435,10.08359866,10.41000976,10.81290578,11.16375029,10.69287215,9.659610097,9.105064791,9.112044312,9.21719432
1772893_at,7.577301462,6.910601115,6.875926464,6.790349164,6.892037407,7.329712725,7.909518422,7.334007534,6.875098319,6.508404843,6.643805569,6.375328528
1772894_at,4.24850252,3.831605971,3.97812996,3.982593307,4.192036169,4.284126626,4.050505802,3.931343513,4.057221933,3.571607163,3.477608032,3.871507654
1772896_at,11.811716,11.79589457,11.95775088,11.93044993,11.93018318,11.83453566,11.82665835,11.98182948,12.24378589,12.42894934,12.43368752,12.41833826
1772901_at,9.653038807,9.165773363,9.023426877,9.231475479,9.247028697,9.374325938,9.672341797,9.670398166,9.722641586,9.832069654,9.844211903,9.842472667
1772902_at,2.873305334,2.754211662,2.817358163,2.559329472,2.477368974,2.682820656,3.168227273,2.740857557,3.023735105,2.732130036,2.822109149,2.793238591
1772903_at,7.805066017,7.383202124,7.339263858,7.614913035,7.849778208,7.856659009,7.861823069,7.830844544,7.780103366,8.040750843,7.988306575,7.773916265
1772907_at,7.825072727,8.987496852,9.457536284,9.236298016,8.917179715,8.489897431,7.816242577,8.005247869,8.458491334,9.085275325,8.961802233,8.889560062
1772910_at,10.00240323,8.806315749,7.039956848,7.180390161,7.039665572,6.823257912,9.855056916,10.12977095,8.576563271,7.67450863,7.791946491,8.076036427
1772915_at,7.4028475,7.592087293,8.165226386,8.156696016,8.056319832,7.99023289,7.425513531,6.963310011,8.022290612,8.550293381,8.483564095,8.71488961
1772916_at,7.50853572,6.808014123,6.585720567,7.040914203,7.231780406,7.246469596,7.356350831,6.993317964,6.555229048,6.411180473,6.725479861,6.687959543
1772919_at,7.748892004,7.917588882,7.2340112,7.222066953,7.292487747,7.388841609,7.781362435,8.39471503,8.286908566,8.130525741,8.370505155,8.699736751
1772920_at,9.547308861,9.709550647,10.0278418,9.845704697,9.67059978,9.318175336,9.500268694,9.436056596,9.655824752,9.837668198,9.750699895,9.644507248
1772921_at,8.252395214,8.434987821,8.699324967,8.51944575,8.603785174,8.422309542,8.310070148,8.87075254,9.261443633,9.521697544,9.51666214,9.243492894
1772923_at,9.735348245,9.510728705,9.550626654,9.335813838,9.348596282,9.429937313,9.819916096,9.913520226,10.35850515,10.45791574,10.43626616,10.28632327
1772925_at,7.65903121,6.984216839,7.096231365,7.41490466,7.502544154,7.282566383,7.663009101,7.511976173,7.618814081,8.031306411,8.080774665,8.185916824
1772928_at,7.641681038,7.574062752,7.766444103,7.784108639,7.764053478,7.75567928,7.667517792,7.541634758,7.704328771,8.095765433,8.151193792,8.307938739
1772930_at,10.33164007,10.15876868,9.952390378,10.09148358,10.22553389,10.35709078,10.23904932,10.33647374,10.38634802,10.42950688,10.38275871,10.35738535
1772933_at,8.24915138,8.267305018,8.093525201,7.958143005,8.134923988,8.131535732,8.241887606,8.033000749,7.97002445,8.087517881,8.174943282,8.383074457
1772934_at,9.353764239,10.08780197,10.77126565,10.72863441,10.35723061,10.0094599,9.34480274,9.686332205,10.55903947,11.33406133,11.40536185,11.61742479
1772935_at,5.422694674,5.481399484,6.068060167,5.765705376,5.574379708,5.33173144,5.883287445,5.583122424,6.251794698,6.77094542,7.044543867,7.157415839
1772939_at,10.99372529,10.56874653,10.01950112,10.48070299,10.63598619,10.78812359,11.02768849,10.8338718,10.44466354,10.34459649,10.39430643,10.20221979
1772940_at,10.21565953,9.763938597,9.46356705,9.568154157,9.612247369,9.792010808,10.27820317,10.20212927,10.08148036,9.989542406,10.03219125,10.19950533
1772942_at,8.61940325,8.871216709,8.448565562,8.494653097,8.503254493,8.673381149,8.74337915,8.704542279,8.287122552,7.976140574,7.779304851,7.594957851
1772944_at,4.76396998,4.35124167,4.195411389,4.337119721,3.984670994,4.281214768,4.673250891,4.133081102,4.272989492,3.797408022,3.824411706,4.129228617
1772945_at,10.52900438,10.45082361,10.73576589,10.84079435,11.02635137,11.0267684,10.42422872,10.07903478,9.806410913,9.49049417,9.433862479,9.266742363
1772946_at,9.855634691,10.56975044,10.21439116,10.03305981,9.958482489,9.705622306,9.813920391,10.06758332,10.21626313,10.42416457,10.34311636,10.4243741
1772947_at,12.54484295,12.56941007,12.36353903,12.39323428,12.43550443,12.51775575,12.48469401,12.4603594,12.28576708,11.24050568,10.85750935,11.13598613
1772948_at,10.37455827,9.796301225,9.355398699,9.568154157,9.753220321,9.999576695,10.40892363,10.11094539,9.561800704,8.903280652,8.721203898,8.712385414
1772949_at,5.36996473,5.090539859,4.955346918,4.678595534,4.651188194,4.810611461,5.70278867,4.985775946,4.854886914,4.933382285,5.172516993,5.032108054
1772950_at,11.29336668,10.66651632,9.62038468,10.08855409,10.52552943,10.82863871,11.21996996,10.71981182,9.513202166,8.574798034,8.811052654,8.903004037
1772952_at,9.486824176,9.366581504,9.273884644,9.450819128,9.481099146,9.466224016,9.53016219,9.401109516,9.440691574,9.425784233,9.325796821,9.360735815
1772955_at,10.0022258,10.4649798,11.10665567,10.95282215,10.47862223,10.11688244,10.03482848,10.50216897,11.284065,11.58606682,11.69438328,11.76154477
1772958_at,4.210400602,7.357975445,5.359364213,5.205029353,5.280006375,5.359180513,4.628750881,6.093159338,5.446110164,5.651563817,5.354483209,6.196552701
1772959_at,6.216229818,5.956057695,5.732027513,5.609380743,5.736810588,6.002702863,6.659450108,6.186783237,5.26778791,5.304989162,5.158890754,4.942347688
1772962_at,6.608878417,7.456994899,7.381510146,7.084719131,7.098552505,6.824188955,6.835538727,7.504526443,8.081113878,8.384890177,8.843136318,8.850898373
1772963_at,8.319714987,8.627915259,8.539815453,8.221509479,8.231946686,8.23738583,8.527758451,8.228246144,8.185636416,7.972909768,7.84469835,7.532077728
1772965_at,8.511095936,7.918781504,8.583230608,8.713571807,8.738444335,8.749882669,8.460854332,8.592630351,8.592108722,8.69036198,8.638511521,8.904273657
1772967_at,7.832725485,7.085030323,7.21151348,7.170376578,7.477413782,7.570181029,8.012059495,7.638827136,7.764925161,7.999335552,8.109106913,8.015109582
1772968_at,8.011590963,7.328355812,7.635949616,7.774152801,7.885579061,8.047980058,8.11165591,7.745062281,7.364053259,7.017114431,6.616144462,6.376108906
1772969_at,7.588730394,8.200390842,8.076481875,7.899692441,7.793689876,7.623641948,7.671553696,8.187344665,8.262665735,8.400130758,8.393402957,8.339200724
1772970_at,8.565884333,9.075757815,8.777414483,9.026716503,8.83925212,8.715999588,8.488983636,8.634849816,8.392774993,8.409461261,8.469175726,8.539889311
1772972_at,9.124908839,9.155384474,9.138538598,9.330257447,9.291542948,9.213965005,9.236040009,9.049433544,9.293077554,9.773741528,9.978020396,9.873252434
1772973_at,6.587778284,6.737174639,7.056813321,6.907141657,6.970767001,6.998477682,6.795286455,7.041292104,7.531996278,7.932338104,8.03399676,8.038718245
1772974_at,6.606405971,9.35560183,8.679751793,7.794981934,7.521110046,6.978507104,6.58703175,8.327406211,9.841944252,10.27064759,10.37372331,10.30117405
1772975_at,13.0422312,12.99643743,12.88852476,12.91540093,12.95483378,13.00684072,12.98307637,13.02343334,12.94505601,12.72807911,12.60916248,12.52723754
1772976_at,10.87805589,10.79368393,10.6115052,10.58882414,10.67402394,10.75844051,10.98127056,11.02569619,11.07961925,10.94224238,11.06464457,11.04281141
1772977_at,8.854438618,9.179449429,9.32083582,9.325330103,9.223519443,9.077272194,8.831546707,9.112516315,9.398966422,9.73279803,10.03362419,9.996787226
1772978_at,8.421229964,8.963879366,9.584296164,9.031681633,8.695987611,8.325267998,8.562381824,9.031778948,9.666815128,9.906211814,9.603577881,9.202748517
1772981_at,7.604925328,6.739151419,6.492755053,7.178420762,7.410129839,7.623731866,7.621104116,7.376525899,6.939405455,6.386795457,6.406914469,6.240608572
1772983_at,4.394048395,4.652546899,4.737277347,4.26977727,4.462020582,4.366005722,4.887387715,4.831598183,5.452835778,5.773140561,5.638955196,5.699282964
1772985_at,7.632218831,7.174617397,7.244735375,7.237280984,7.606335266,7.52794122,7.859362821,7.485255643,7.276095395,7.162788592,6.872439647,6.868451775
1772986_at,8.23162129,8.386260338,8.240558527,8.17146319,7.942949501,8.036054823,8.271352797,8.342566331,8.786239996,9.312257852,9.461153627,9.454129757
1772992_s_at,7.751649607,7.246819291,7.408981031,8.228606256,8.123219479,7.986519937,7.776570449,7.575425797,7.561056357,8.039270715,8.444842412,8.465993096
1772995_at,9.403620325,9.328494731,9.350246577,9.120316669,8.903437628,8.914444341,9.194249745,9.067260042,9.128618124,8.874072002,8.852422209,8.670593442
1772997_at,10.36124288,12.8768236,12.93487334,11.81709345,10.09532383,9.726857435,10.32472691,12.71903352,12.99763021,12.89124151,12.69595264,12.60436414
1772998_at,3.796345215,3.762395736,3.749747985,4.152053184,3.543144116,3.600425761,3.906675495,3.391967901,3.196849411,3.495054846,3.513625847,3.594031571
1772999_at,12.10656542,11.93971506,11.9512671,12.35199649,12.30051251,12.12755087,12.25308199,11.8067611,11.1756571,11.47828363,11.48686718,11.2389402
1773001_at,7.811084467,6.989787291,6.996724503,7.303083552,7.382794418,7.476745255,7.854470701,7.392580241,7.161347249,6.976286868,7.011128996,6.957890776
1773002_at,10.86909207,10.56823741,10.69378153,10.55067851,10.65497361,10.67783459,10.79611727,10.91958987,10.96065252,10.90993684,10.97883613,11.16989887
1773003_at,4.585733288,4.614209483,4.916094616,5.0344495,4.504779873,5.443763586,4.313149064,4.604111548,4.261408306,4.038280782,4.593704217,4.494681939
1773010_at,6.969491725,7.098251993,7.396783583,7.224180109,7.157012924,7.122965274,7.17338518,7.236214046,7.202589743,7.399958337,7.27079172,7.377865184
1773015_at,8.554250112,8.516276501,8.364516689,8.234064998,8.234694262,8.233770615,8.463470687,8.267141945,8.020034113,7.897364116,7.856134328,7.737632701
1773019_at,12.47679367,12.07632155,12.01171907,12.09463214,12.14198015,12.2517092,12.46291039,11.86742784,12.0104358,12.26958417,12.38141341,12.42559848
1773020_at,8.664419275,9.488944011,9.336303052,9.218477395,9.232274537,9.132433655,8.673677319,9.581556426,9.794468587,9.774484131,9.884902702,9.898384294
1773022_at,10.18882069,9.962809499,10.04993295,9.958725268,9.963322965,9.977276526,10.20324195,10.46446339,10.58711562,10.69311076,10.82601158,10.69130097
1773023_at,7.435397848,8.247800753,8.487253331,8.019192833,7.733180188,7.752525861,7.225910569,7.700016317,8.070296132,7.968835632,7.926643398,8.236458749
1773028_at,9.542349428,9.84054855,10.13928367,10.01627381,9.871830922,9.781131696,9.655747223,9.840686891,10.10214469,10.02329692,9.807630189,9.770423095
1773030_at,9.35546302,8.827188524,8.656319153,8.829018293,8.404065963,8.630436514,9.345310234,8.644718771,8.426745998,7.755314755,6.93047779,6.485198267
1773034_at,8.739856193,8.253924464,7.83483498,8.651404634,8.466866766,8.344438367,9.027503504,8.621212632,8.495365925,8.697187878,8.768235605,8.638398899
1773035_at,11.88516605,11.7655507,11.90347278,11.79851401,11.64037838,11.56756844,11.8577996,11.89103065,12.0673894,12.18606569,12.26370811,12.37350527
1773043_at,8.053264646,7.566873758,7.764085768,8.124657461,8.221688056,8.240950813,8.07575983,7.466445843,7.286038196,7.360357789,7.377823522,7.237626274
1773044_at,9.199273472,8.693050485,8.710483455,8.684793291,8.586083132,8.662339989,9.196009332,8.788089066,8.511835199,8.444887116,8.055976957,7.995945762
1773046_at,3.364261544,3.348156236,3.260051858,3.3102588,3.454374259,3.230978962,3.328041695,3.206044841,3.527463229,3.699851233,4.814818904,4.597928321
1773047_at,6.451703639,7.179248162,7.15189881,6.979824348,6.627128199,6.691255464,6.298491718,6.992646982,7.112727273,7.489783508,7.791625998,8.219224517
1773050_at,10.10762472,10.14599485,10.10263096,10.12068334,10.04799913,10.12993482,10.24663238,9.938700061,9.732084416,9.90303246,10.01928301,10.1408007
1773052_at,8.934744646,8.446205285,8.184792702,8.658335476,8.630284262,8.806225266,8.827649581,8.958172505,8.519751595,8.282026827,8.24481252,8.352135634
1773053_at,9.349537771,9.677386763,9.659587251,9.494154965,9.318782978,9.297903744,9.417597738,9.294216867,9.195170638,8.906869715,8.624479402,8.416556539
1773055_at,11.26179893,11.12798271,11.14736113,11.27334381,11.34526724,11.36494374,11.17624092,11.10369767,10.64242748,10.59623362,10.49861347,10.750021
1773056_at,9.896709135,9.242498481,9.142969183,9.098710335,9.242510822,9.434845875,10.00882486,9.241162894,8.520992056,7.46300092,7.188083868,6.865106703
1773057_at,9.170312344,8.6136392,8.545487944,9.036612493,9.130390482,9.254557336,9.106652934,8.942615078,8.742570068,8.940374929,9.113136627,9.160554398
1773058_at,8.964807965,8.870143561,9.060995114,9.093252622,8.965081069,8.938973137,9.027734196,9.040456436,9.348336909,9.692645596,9.695989554,9.62838814
1773059_at,7.881731581,8.068408354,8.172663979,8.074751393,7.967765151,7.955757267,7.956710297,8.046864375,8.508790182,8.751919233,8.9790849,8.971995932
1773060_at,7.929348123,7.693999772,8.114844996,8.341822234,8.649516228,8.500186407,7.859252569,8.046573503,8.210695471,8.191703327,8.259991884,8.321519874
1773061_s_at,8.663923781,8.682509705,8.440528064,8.04323715,7.472341412,7.307433644,8.742569818,8.580899006,8.633099444,8.934413818,8.938688899,8.743038199
1773062_at,9.290781376,9.863307465,10.02140676,9.71335072,9.610050068,9.493944752,9.351156083,9.665521071,9.986006951,9.875343711,9.513577584,9.306048936
1773063_at,8.195913565,8.865122838,9.536329374,9.324591192,9.089015414,8.900030818,8.213815436,8.696186601,9.323428242,9.742204243,9.839083394,9.728516501
1773065_at,8.831978258,9.042836924,9.173373575,9.178247516,8.974105207,8.821717295,8.712010725,8.870692653,8.989926776,9.278512646,9.426832672,9.527118347
1773066_at,9.247930171,8.548739546,9.016222147,8.911204863,8.879136643,9.103650401,9.405197841,9.048834234,8.74125647,8.495397632,8.339524092,8.144663835
1773071_at,4.550224121,4.43398317,4.783774957,4.916240458,4.88220862,5.007622719,4.337899862,4.410660374,4.132741037,4.494733454,4.416676655,4.871577678
1773073_at,10.15903459,8.216122785,8.097125734,9.462369659,9.782240653,10.0436255,10.15468484,9.434164283,8.241685532,8.196019441,8.392439601,8.408971617
1773075_at,10.05317681,10.39202086,11.00453983,10.33772576,9.917871612,9.90524474,10.24361431,10.37046135,10.69907008,10.40686544,10.19010242,10.14162612
1773078_at,10.13970881,9.723973934,9.445479822,9.644688342,9.794585175,9.828670268,9.991510399,9.830776789,9.76538637,9.867146558,9.955944771,10.02878314
1773085_at,6.773189153,6.979462935,7.986773061,7.96779923,7.915125424,7.727125848,6.864796605,7.06884791,7.607692645,8.259624845,8.478251751,8.500558615
1773086_at,10.53156427,9.632128515,8.580479048,9.46153679,9.849339358,10.14397073,10.511032,10.22540289,9.331930908,8.174944434,8.133186436,8.37292274
1773088_at,11.24669744,10.58120311,9.300757213,10.09212402,10.47889348,10.72999601,11.34652544,10.75142206,9.448335812,8.106017869,7.738691422,7.695198413
1773089_at,11.74121083,11.52397692,11.59497913,11.44817796,11.69745835,11.8170253,11.82780943,11.57757424,11.02581585,10.50507123,10.04965012,9.759090711
1773091_at,12.54176719,12.52755189,12.41494754,12.40950498,12.48195476,12.51185574,12.48689384,12.51821614,12.21148938,11.40506391,10.84435041,10.93166493
1773092_at,9.553087466,9.472745529,9.495563697,9.271057347,9.215800567,9.272708357,9.594918216,9.702515327,9.632943244,9.468147792,9.386092505,9.492884034
1773093_at,9.566404708,9.299656196,9.08210403,9.345596484,9.351916536,9.478811847,9.47617225,9.534930479,9.602474741,9.649296354,9.591405563,9.45776572
1773094_at,8.657988459,8.515611383,8.582751839,8.338008845,8.286163905,8.315149466,8.795124253,8.753843679,9.025921838,9.288914243,9.247240806,9.034035433
1773096_at,4.991402316,5.175918127,4.458091531,5.015579996,4.949861222,4.82200666,5.510710575,5.088413196,4.863699919,4.854745528,4.414135005,4.354566055
1773097_at,7.899031551,9.557663229,10.37314961,10.31064794,10.19652597,9.868895385,8.009457602,8.24632018,8.486283865,8.994523377,8.635948709,8.231544429
1773099_at,10.881802,10.01069746,8.586905804,9.506679591,9.998175411,10.38267324,11.01616567,10.39180303,8.950946082,7.455228734,7.462376939,7.799732625
1773101_at,8.973491222,9.175393737,9.443116097,9.262178027,9.063938504,8.918384584,8.767425998,9.142487051,9.511629231,9.810482089,9.994782808,10.03731747
1773102_at,9.191551569,8.881432811,8.496410316,8.778744042,9.054221618,9.167865506,9.119912113,9.391333994,9.642486814,9.414141725,9.460705885,9.439816325
1773104_s_at,8.512038883,8.220782343,8.184194623,7.796769844,8.216442988,8.386702121,9.233012625,7.238899882,6.578443015,6.355831746,6.52692538,6.643186242
1773105_at,11.09365835,11.22010684,11.39449925,11.15241217,11.16588059,11.09506599,11.0061749,11.27146483,11.66449628,11.94632642,11.90977487,11.88063373
1773106_at,8.334660192,8.435494825,8.312159977,8.117748056,8.143573762,8.286690417,8.251195701,8.630646596,9.000859045,9.093997863,9.132553412,9.198788901
1773107_at,11.65252386,11.61015016,11.61617551,11.66248792,11.62529982,11.65228527,11.6318952,11.48117928,11.44024447,11.49432437,11.44023117,11.6491185
1773109_at,3.20317897,3.197820214,2.96400337,2.984273512,2.847074786,3.055359266,3.20444148,3.160692725,2.972208912,3.436023013,3.467574979,3.066191416
1773110_at,10.77026818,10.47676118,10.84445645,10.87780567,10.82865112,10.79246839,10.73860253,10.44668589,10.55195933,10.5186192,10.62446656,10.71016223
1773112_at,9.237490907,8.663123596,8.641821338,8.607489558,8.835193871,8.95505455,9.497845267,8.939290508,8.413467048,8.24199483,8.599439464,8.513708582
1773117_at,9.599692119,9.702768073,10.3260309,10.53781853,10.26699156,10.12223477,9.707552597,9.801089209,10.12336326,10.43652648,10.52057437,10.48364129
1773118_at,9.186084037,7.269921333,7.118542311,8.00775893,8.227100728,8.673207305,9.044251383,7.821827722,6.595460263,6.567527043,6.663665846,7.0020465
1773120_at,9.809306876,10.15029368,10.67295937,10.4915894,10.5098291,10.44886669,9.770910746,9.87661113,10.12607235,10.40187119,10.40332972,10.55314592
1773122_at,10.20336365,9.699155317,9.68931389,9.742264058,9.884845139,9.906420289,10.25249587,9.956352721,9.842183263,9.867363021,9.801164401,9.83790744
1773123_at,10.09223825,10.89486599,10.91367904,10.34557324,10.1356877,10.07361169,9.992934778,10.43624566,10.97130639,10.7689304,10.35563628,10.3275297
1773124_at,8.10188664,6.790349164,7.023809316,7.730107089,7.96427483,8.09760721,8.061142765,7.564720491,7.409568161,7.682206746,7.857404071,8.030136914
1773125_at,9.486500634,8.15984252,7.614483189,8.487919668,8.758676875,9.262563488,9.408907288,8.940374929,7.855285676,7.337006945,7.611883074,8.099600936
1773126_at,3.183597558,3.288068614,2.974495643,2.952547619,2.59161044,2.917464478,3.188989107,3.362847212,3.111475705,2.943847628,3.118511416,3.194950056
1773127_at,8.406199311,9.076937996,9.106572941,8.997531011,8.992109114,8.787300209,8.394047636,9.309062837,10.10464608,10.63177705,10.81633123,10.83972084
1773128_at,10.06114815,10.24349639,10.06936592,9.937925314,9.951072256,9.869751758,10.12100117,10.56979633,10.92677879,11.02856327,10.8758029,10.79189861
1773129_at,8.522362368,8.378385402,8.211350359,8.084243272,8.138984649,8.295259943,8.46277111,8.75794944,8.8533747,8.897246665,8.730496005,8.474804638
1773132_at,9.574613042,9.521129931,9.829511266,9.784309178,9.753443963,9.688607956,9.650042082,9.609019177,9.764115385,9.786431541,9.911463682,9.908412909
1773134_at,10.27258188,10.39828151,10.77826849,10.59651984,10.30679906,10.25023249,10.32954879,10.30578453,10.80629572,10.87300528,10.89846598,10.89031902
1773135_at,5.563672519,6.091361981,6.824219673,6.397428259,6.135820947,5.791234191,5.408711396,5.418634116,6.260661752,6.937279372,6.846675239,6.670097226
1773136_at,8.508800568,8.615301711,8.722009777,8.768461691,8.8676314,8.699803229,8.678998149,8.850513526,8.898446872,9.076209405,8.883553286,8.953763031
1773138_at,9.500278508,7.876133514,7.556826722,8.623066884,9.015773998,9.182215242,9.616248194,8.92906483,7.773199364,7.716911946,7.943423506,8.140957939
1773139_at,10.21377732,10.41268473,10.82237814,10.82307132,10.41396409,10.20408717,10.25320942,10.27109828,10.62913352,11.03844495,10.99919264,11.02368816
1773140_s_at,10.45186346,10.06392775,10.21002512,10.23383207,10.21441308,10.2537057,10.46677755,10.04289466,9.849712191,9.946223307,9.909320903,10.04917448
1773141_at,10.62500209,10.54970289,10.54426492,10.81503616,10.730594,10.5813711,10.66385653,10.3742025,10.25970564,10.29255964,10.39172693,10.27920423
1773143_at,2.93455248,3.358457555,3.435629191,3.283300553,3.084442408,3.368709658,3.220389061,3.32385565,3.632530365,3.531163076,3.538002175,3.181461826
1773145_s_at,6.884189584,6.678691279,6.374841901,6.378814898,6.493034096,6.785638271,7.384650076,5.435780376,5.642470468,5.311136003,5.331928437,4.923020885
1773147_at,9.726354657,9.942264289,10.60525888,10.37692063,10.13797709,10.2138127,9.823267794,9.427556355,9.43892217,9.181077267,8.625778794,8.400117242
1773148_at,8.38496471,8.572577689,8.318113139,8.080006866,7.955695202,7.90690381,8.187903782,8.821659346,8.862592963,8.7245517,8.516211738,8.444891513
1773150_at,9.059808274,9.251617902,9.283777773,9.323201067,9.163136942,8.983093802,9.083055115,9.267148814,9.41555878,9.6899062,10.04428863,10.26732031
1773151_at,10.70472211,10.74132804,10.61793368,10.86342879,10.8891507,10.83859562,10.60795856,10.4500319,10.35935952,10.39562405,10.68814323,10.72370847
1773153_at,9.718153572,9.853758377,9.994122435,10.12024059,10.06742582,9.954975132,9.650042082,9.993160403,9.993610031,10.04706752,10.17417984,10.27098811
1773154_at,10.45063139,8.658845035,8.618564024,9.668577887,9.830548298,10.2015006,10.33831719,9.477478853,7.792719953,7.343566797,7.809750932,8.346508501
1773157_at,6.487567895,6.090848665,5.81882385,6.22999867,6.435041457,6.436446929,6.64296199,6.325779433,6.254173978,6.263850099,6.403236557,6.512194182
1773158_at,8.479550234,6.05592023,6.966988197,7.522210299,7.8268083,8.085770759,8.497704401,6.458303614,5.87773234,5.722730516,6.219572894,6.147798349
1773159_s_at,12.02405028,12.23330793,11.9660049,12.11867753,11.94866662,12.04971388,11.94595309,11.98301725,11.82404372,11.45359863,11.58083489,11.71337847
1773160_at,8.332798186,8.233372652,8.648151558,8.317423172,8.216845526,8.212381459,8.432874201,8.543175808,8.762959046,9.238285696,9.660883689,9.784432599
1773161_at,9.451688224,9.547300168,9.902422689,9.662260491,9.550369009,9.713334787,9.386266797,9.501139036,9.792191498,9.486541864,9.186482878,9.166215527
1773162_at,8.811539815,9.034357594,10.11013358,10.33287168,10.3089098,9.778171661,9.076691623,8.879751603,9.439924249,10.09422083,9.843399954,9.520843495
1773165_at,10.19101212,10.08227216,9.783215142,9.950799193,10.12758615,10.15625633,10.14045901,9.935140289,9.628268432,9.470925963,9.389079924,9.609253498
1773166_at,9.361338911,9.619513888,9.79045115,9.724632416,9.665314429,9.587825994,9.437330633,9.587584691,9.800370717,10.016062,10.08826857,9.916002226
1773168_at,7.13779222,6.741569424,6.816905518,6.86777007,6.902153941,6.946663237,7.213362826,6.293472591,6.48521153,6.067460978,6.032046856,5.79928295
1773170_at,10.69098499,10.65894605,11.08436653,11.10277638,11.02296018,10.96163727,10.74744619,10.73432763,10.83630632,10.99292107,10.95912622,10.90235145
1773171_at,8.840583683,9.04480094,9.443675157,9.375242304,9.17573515,9.083085413,8.925651571,9.076034486,9.266710857,9.188284816,8.912300853,8.732189939
1773172_at,10.9574076,10.81114508,10.73091954,10.69704236,10.75763532,10.7786209,10.91459531,10.73095574,10.53175402,10.32751003,10.29523603,10.22932015
1773173_at,10.11061537,10.26549753,10.32524331,10.20446363,10.04336227,10.06954164,10.35114169,10.64038472,10.91040986,10.87442113,10.49878636,10.26360571
1773176_at,8.873747732,8.541788815,8.67401774,8.911666768,8.859508428,8.754021774,8.92459883,8.674977883,8.359062076,8.003725012,7.583032025,7.434269303
1773177_at,10.17182724,9.901464532,9.383929357,9.590490992,9.757733985,9.869107851,10.01974138,9.70944783,9.247259517,8.71358793,8.603703798,8.792925233
1773179_at,9.38433848,8.942894031,8.693579321,8.771259927,8.892353231,9.118781359,9.209170112,9.13114007,8.925001232,9.031873616,9.039564419,8.942588009
1773180_at,9.637115497,9.680067274,10.16052807,9.966532617,9.718767549,9.691380031,9.538015505,9.629223722,10.01638763,9.924566854,9.863033495,10.05027545
1773181_at,11.36537116,11.48483177,11.68442906,11.7453794,11.86528937,11.75977738,11.41276276,11.45999212,11.56403972,11.64443433,11.66460086,11.6467181
1773182_at,10.76284255,10.68936179,10.8225006,10.85922803,10.84550643,10.77066354,10.92685959,11.09646924,11.56199962,11.74389417,11.8285447,11.67600571
1773183_at,8.293950787,8.173074902,7.30749044,7.07304609,7.308529112,6.97004332,8.168103873,8.213044495,7.412359351,7.156715662,7.008662623,6.705100305
1773187_at,6.384588581,6.174869536,6.094070675,6.201578819,6.209365603,6.185289442,6.698892716,6.291068794,6.00901192,6.049315022,6.406914469,6.161803134
1773191_at,7.966627696,7.246501185,6.926284843,7.718951739,7.53359464,7.234983994,7.859384728,8.59603922,8.535701868,8.950053854,9.127760988,9.296978265
1773194_at,9.359092837,9.055970405,9.113023742,9.175601655,9.230084522,9.32838636,9.263227187,9.027963716,8.94597953,8.900673501,8.715413873,8.725470918
1773195_at,7.073829156,6.804303685,7.110815262,6.986015991,7.023523924,6.850049223,6.859223317,7.21770186,7.903124482,8.357445176,8.752921972,9.007309177
1773196_at,10.54550906,10.47135774,10.39758864,10.3185664,10.33699469,10.24067766,10.40977698,10.25945362,10.2124559,9.730666892,9.461974959,9.360344268
1773197_at,3.555059835,3.824300774,3.191499107,2.951386262,3.070443409,2.581108435,2.050375435,2.963115034,3.039969302,2.879166565,2.885761401,3.257305786
1773198_at,12.22867185,12.20183331,12.33498958,12.39147277,12.35454221,12.42111868,12.23539725,12.10182665,12.07076929,11.77410836,11.23555693,11.48443347
1773203_at,9.470588782,9.329983148,9.383589117,9.381677329,9.486893153,9.482629007,9.347835091,9.359643415,9.61958634,9.785656138,9.676993812,9.700729925
1773204_at,7.739593236,8.103397368,8.404032667,8.131793082,7.812844482,7.748815241,7.769706392,7.775080684,8.549144254,8.879014358,8.887828539,8.728638073
1773206_at,7.272411225,6.868059968,7.052535471,7.124112076,6.894142546,7.124529587,7.18260304,6.850987088,6.813329466,6.981972215,6.978212603,7.098034504
1773207_at,12.33902068,12.1503357,11.80929066,11.99849787,12.24742645,12.34349926,12.22640729,12.0823331,11.42022999,11.31327392,11.38227505,11.68647575
1773208_at,9.255236234,8.878832634,8.786122727,9.111619859,9.143420481,9.129119161,9.290796099,9.104015251,9.142051174,9.319810877,9.465316922,9.660056189
1773209_at,8.196310889,9.085921663,8.746923085,8.511761007,8.406224598,8.349612427,8.252481739,8.70383361,9.154092898,9.284812639,9.400844773,9.238443842
1773210_at,10.19367295,9.871566687,9.859073932,9.795308796,9.847574752,9.862617618,10.20298427,10.25501954,9.963119845,9.835616368,9.593354395,9.556338145
1773212_at,9.303755164,9.089482795,8.947018685,8.898681317,8.842930078,9.132978691,9.156266475,9.436928488,9.550598214,9.566482279,9.459324041,9.666873979
1773214_at,10.79140825,10.82997308,10.82726743,10.59966338,10.59874372,10.56047704,10.84192664,10.78662774,11.06376266,11.34493705,11.47541617,11.40239371
1773218_at,8.235840146,8.473114013,8.900133353,8.616319285,8.641256008,8.555747548,8.40310188,8.754717243,9.582713563,10.18456524,10.53440426,10.65803712
1773219_at,8.754070234,8.879767482,8.983468839,8.662304689,8.665064796,8.658900589,8.660394658,9.094054121,9.661598902,9.703047994,9.779040518,9.506887884
1773225_at,7.959946089,8.5613773,9.059472169,8.943096478,8.759741739,8.309115921,7.88821679,8.623653095,9.296008142,10.09139262,10.17515973,10.53552867
1773227_at,6.685820127,6.286372004,6.203011113,6.194257493,6.26184455,6.159566596,6.714623902,5.786188995,6.130961473,6.211173155,6.470680641,6.612145407
1773228_at,7.731034977,8.700510976,9.291085246,9.005104459,8.65179424,8.52174954,7.925060899,8.454665966,9.301186982,9.494659063,9.48162321,9.221936367
1773229_at,7.245594314,7.110330976,6.724081598,6.639766772,6.813283687,7.021427153,7.370797063,7.175965824,7.436885442,7.445877455,7.598855933,7.63495973
1773230_at,9.52087199,9.266979763,8.583344346,9.496229742,9.16601106,8.706212799,9.448344789,8.754145328,7.940045307,8.414096316,8.06469188,7.918678687
1773231_at,9.196534353,7.486967686,6.307201742,7.735519182,8.241032331,8.712730871,9.18855101,8.57249621,7.348158449,6.62019444,6.501917392,7.0855761
1773233_at,6.339502182,6.347622276,6.034676506,5.708733453,6.032046856,6.029571002,6.898043174,6.431313659,6.351190816,6.482808783,6.951996302,6.567777797
1773234_at,7.403139131,9.29944693,9.376731257,8.944688621,8.841727879,8.479516482,7.452670053,9.009965347,9.797454155,10.37350829,10.63839982,10.48245348
1773235_at,8.339029619,11.74392625,11.56982597,10.12291618,8.240468513,7.704433499,8.158263061,10.73915412,11.00259922,10.68774609,10.52080539,10.81761977
1773240_at,3.374992225,3.559174586,3.523643079,3.850643825,3.792950524,4.213760239,3.37519607,3.5189794,3.536062262,3.967899432,3.694956709,3.671459182
1773241_at,7.889054415,7.154662027,7.70530689,7.924885431,7.945886049,8.092741176,7.902945864,7.506568898,7.520466379,7.815503426,8.185213038,8.648589873
1773244_at,8.763989798,8.582534243,8.595758395,8.728138068,8.740317011,8.743405733,8.842324022,8.715796435,8.748703203,9.063105466,9.240244875,9.271900792
1773250_at,8.017600318,8.235316447,8.371375797,7.855721521,7.772063268,7.692470565,7.963823501,8.275072671,8.565577711,8.454051718,8.259543807,8.547116971
1773253_at,8.277379641,8.125729253,8.134294683,7.839186866,7.867192634,7.957223284,8.268124707,8.12859466,8.287039201,8.533139285,8.636972674,8.421230608
1773254_at,5.749070085,6.17493585,6.373421693,6.038673823,5.981568451,5.65880803,5.578752136,6.056851208,6.39518512,6.708998027,6.641512786,6.876016197
1773255_at,8.831436323,12.01771464,12.35238196,12.02822494,11.50121194,11.04991463,8.803292415,10.79948502,12.06867335,12.47030524,12.38975607,12.2653467
1773256_at,8.499907382,7.706257307,7.810705838,7.982210957,8.311529365,8.498352327,8.387961544,8.661032204,8.627283096,8.354659194,8.120547203,8.067740721
1773257_at,9.92914141,10.11916254,10.43428322,10.9153028,10.96918221,10.95560454,9.74776045,9.33552273,8.884121051,9.453508036,9.307351304,9.026684109
1773258_at,10.66068752,9.480495813,8.321136512,9.535477997,9.987293697,10.38989349,10.86683678,10.29103017,9.138857028,8.088457275,8.387717837,8.253259391
1773261_at,9.501049393,8.198698745,7.601560092,8.516689311,8.697769167,8.954920049,9.407253119,8.794270009,7.833290638,7.56238846,7.835376925,8.214549987
1773262_at,8.292264569,8.92742727,9.093266569,8.795501275,8.70717312,8.479527876,8.461885857,8.797431689,9.247794225,9.457063655,9.52746449,9.393877563
1773267_at,6.746778031,6.505211315,6.307201742,6.232255492,6.137195448,6.482590905,6.727734605,6.539438959,6.464977082,6.461077174,6.635280728,6.452507481
1773268_at,9.749252234,9.909923112,10.35142327,10.23298332,9.9942718,9.884730538,9.876372797,10.10144315,10.43267831,10.67163325,10.60820691,10.33214121
1773271_at,2.828325776,2.801030029,3.05006125,2.734999249,3.119463425,3.222066745,3.379014477,2.569806988,2.869886251,2.849020935,3.343177415,3.313720967
1773272_at,12.33896571,12.2521788,11.90730539,11.91109838,12.14474455,12.27376966,12.40104341,12.46198269,12.22853378,11.70410989,11.47316669,11.20895666
1773273_at,8.939476174,9.511220873,9.702764982,9.736152107,9.914042559,9.830629208,9.059354252,9.263924447,9.472796985,9.918652719,10.04624395,10.25095376
1773275_at,10.09100571,9.853903904,9.687111816,9.649740873,9.643902776,9.777743583,10.37396575,10.13262301,9.992923411,10.10143391,9.876038794,9.737704034
1773276_at,9.511581535,9.394373698,9.519542195,9.254302649,9.144488078,9.284679653,9.77333547,9.882674966,10.23300939,10.57484977,10.56155051,10.4086866
1773278_at,9.228743642,10.19719335,10.18694679,9.534140932,9.594460289,9.729717942,9.340948045,10.32850989,10.90106981,10.67264182,10.6533863,10.59501159
1773279_at,10.32841787,10.10921831,9.97408598,10.23955437,10.24314938,10.27784094,10.49530763,10.1518257,9.537643663,9.499057007,9.338195024,8.957820523
1773280_at,7.166626437,7.728507595,7.874520718,7.690726194,7.582386673,7.593935028,7.431262836,7.505693276,7.923795091,7.935953006,7.958844124,7.88756345
1773281_at,7.622579467,8.22714641,8.807888446,8.314050292,7.904123753,7.733156936,7.711774797,8.490092618,9.422906401,9.874116933,10.02239678,10.22877058
1773282_at,11.50249143,11.38216737,11.45875751,11.22066196,11.03071471,11.04436765,11.57233094,11.54320307,11.61398412,11.60922965,11.60523461,11.60959648
1773283_at,8.739569847,8.989453781,9.187389607,9.14316499,9.031274651,8.920475472,8.88484738,8.833111242,9.001439939,9.313351428,9.298246263,9.115298794
1773284_at,12.27793112,12.29316942,12.18521814,12.3626345,12.40663883,12.30583021,12.22202543,12.31648607,12.21398427,12.05457315,11.71543406,11.62699726
1773285_at,10.50370443,10.09226441,10.05898638,10.12403784,10.24639055,10.2902578,10.37414859,10.20868597,9.95297694,9.56862921,9.519885647,9.409088167
1773286_at,7.661324083,8.269848975,8.541768876,8.190919315,7.940518549,7.685016772,7.516714974,7.897687115,8.746770047,9.13560612,9.248827972,9.303720148
1773288_at,11.83009537,11.37135377,10.57360358,11.11939658,11.34713286,11.4953895,11.7670308,11.50692006,10.48222267,9.489858569,9.332998644,9.717255874
1773290_at,8.029430386,6.715901982,6.766415018,7.667343058,7.664693303,8.032227963,8.137937421,7.282163974,6.730460377,6.310701796,6.497048559,6.549785456
1773291_at,3.319963267,2.980106983,3.274091035,3.557488123,3.501561903,3.855454526,3.316879895,3.405550872,3.527386982,4.034186761,3.788974637,4.173752311
1773292_at,12.13928912,12.12565654,11.91130775,11.93572261,11.92588266,12.04238815,11.92925379,11.94389322,11.52698397,10.54214424,9.788510312,9.899374042
1773293_at,4.530699967,4.549347621,4.022139087,4.214704294,4.14484011,4.334095347,4.431052066,4.575233911,4.20331372,4.388118449,4.072850799,4.228055156
1773295_at,7.100067339,6.932701224,7.127391991,6.911775438,6.864920071,6.801120288,7.152301888,7.126538809,7.471692687,7.448181675,7.208394749,6.781696248
1773300_at,12.66221427,12.05438453,11.2677919,12.08913914,12.34762743,12.58155698,12.55151204,12.23964176,10.25912374,9.421597328,9.542718621,10.00588773
1773302_at,10.28994789,10.28817658,10.34644453,10.34531522,10.34545039,10.26819974,10.31057282,10.20398525,10.1787263,10.18933561,10.22499573,10.42066699
1773305_at,7.794245736,9.382902595,9.252785996,7.772486746,8.339463372,8.503799995,7.859060178,7.773975081,6.811254985,6.395872211,6.148292492,5.948987871
1773306_at,8.404978723,8.641925247,9.02674678,8.792337937,8.74630454,8.775600564,8.284570655,8.744817365,9.34572761,9.439089436,9.36691422,9.252288185
1773307_at,11.16043937,10.82092068,10.69691325,10.6865141,10.83764228,10.90676873,11.0537269,10.76990541,10.08560597,9.385740003,9.279771765,9.209707321
1773309_at,8.70647228,8.471817907,8.437501953,8.383093935,8.393662021,8.421986663,8.724517545,8.520373338,8.747557097,8.740810472,8.887320988,8.924686672
1773311_at,11.74327502,11.88013425,12.13472713,11.88201975,11.67619052,11.65941042,11.70670173,12.00331162,12.23988936,12.41613853,12.53857742,12.5339019
1773312_at,8.449239885,8.771338258,9.133804782,9.066669611,8.940208996,8.76154033,8.608905896,8.667185661,8.978268024,9.281139345,9.156334923,8.953989289
1773314_at,7.392456189,7.103929083,7.499423532,7.437800097,7.338659225,7.262300045,7.574975004,7.250496303,7.00318823,7.121544268,7.015183287,6.962632742
1773315_at,7.04574419,11.60458479,11.3794666,8.147073249,6.894999585,6.61624326,7.143717735,10.93976606,11.91856047,12.19839603,12.36360622,12.50731787
1773316_at,10.53933879,10.23379059,10.49537626,10.5525672,10.41959001,10.30995532,10.61949916,10.7753535,10.75230229,10.81055557,10.75256273,10.57687805
1773318_at,8.093100804,8.200738412,8.033449193,7.833549314,7.939701938,7.982278397,7.919055301,8.318408687,8.657101216,8.604701992,8.83046864,8.749765383
1773321_at,9.533291732,9.503878449,10.01128935,9.915255448,9.742497704,9.72954394,9.711282192,9.479698249,9.601533867,9.894849412,10.04111731,10.28414268
1773327_at,9.349519487,9.165647384,9.249911454,9.542819554,9.56926237,9.452355674,9.35973404,9.136106601,9.130425684,9.234939215,9.157108966,9.183419115
1773328_at,11.28939412,10.83378995,10.42202909,10.9559072,11.13369646,11.18185024,11.30657507,10.80367192,9.933443405,9.856970901,9.895518092,10.17027366
1773329_at,9.887605441,10.02183457,10.62444402,11.02891187,11.13105415,11.04255393,9.815739509,9.968834744,10.23548976,10.70061294,10.94527673,11.11300682
1773332_at,8.794867324,9.116228349,9.680588751,9.370071374,9.245089777,9.087297217,8.830377709,9.4348723,10.10823143,10.23165092,9.865765564,9.720756814
1773333_at,10.28001582,9.968269181,9.695101879,9.795134536,9.983851327,10.01669285,10.44825232,10.17768979,9.51188548,9.123232664,9.100370472,8.851669539
1773337_at,12.35804713,12.37241105,12.44895228,12.43571716,12.44270209,12.37948976,12.39057826,12.39537354,12.51125611,12.55046197,12.52769326,12.43337465
1773339_at,10.96604153,11.20724213,11.6388665,11.62424264,11.48509466,11.22638946,11.14043325,11.13940483,11.61598573,12.10273367,12.3977556,12.49521255
1773340_at,10.46909582,9.271907053,8.710912532,9.493232266,9.760292104,10.21686329,10.38581008,10.20354847,8.844072148,8.204897098,8.37107709,8.689927513
1773341_at,3.502663203,4.468314317,5.385376307,4.795042393,4.776321381,4.464533362,3.660984283,4.321436613,4.892784866,4.747194599,5.104234168,4.661117813
1773342_at,9.475243032,9.205863562,9.102453938,9.274411294,9.32651846,9.325248279,9.390930347,9.611900987,9.603476048,9.698593709,9.796589834,9.562738425
1773343_at,6.898501685,6.587945684,7.010990886,6.955590015,7.001221398,6.927675816,6.854089818,6.636738933,6.913563255,7.306699001,7.289644784,7.056782807
1773344_at,7.746081081,7.882261242,8.312111788,8.094416327,8.208489437,8.146694918,7.719193437,7.801973411,8.149820839,8.156076076,7.883162192,7.657592748
1773345_at,11.7967241,12.51209229,12.62103721,12.69567457,12.59083611,12.47118479,11.73634029,11.89575095,12.39017085,12.68941758,12.71256369,12.82887313
1773348_at,10.10225524,11.11595597,11.34479247,10.99670639,10.69493576,10.44575771,9.995858051,9.993825196,10.64343326,10.95492705,11.15583303,11.36910308
1773349_at,9.257789053,9.186085668,9.425161164,9.345081891,9.480327504,9.517392288,9.273061598,9.039670265,8.838739696,8.963176035,8.81633663,9.135141641
1773352_at,7.442057674,7.447255881,7.863350542,7.90149577,7.716099206,7.513606726,7.43037651,7.555325219,8.297798298,8.893492944,9.38860142,9.231471333
1773353_at,12.04360683,12.07771233,11.91189042,11.92896423,11.9611256,12.06965257,12.144156,12.04360683,11.6871536,11.35158905,11.22621149,11.27103351
1773354_at,9.95303778,9.700258731,9.565524305,9.505706587,9.573227671,9.851528429,10.29061894,10.16522953,10.07599113,9.892679351,10.26466257,10.15346726
1773355_at,9.669422228,9.590796154,9.7145676,9.899486408,9.815020682,9.862233583,9.639089922,9.323245575,9.193664015,9.149882538,9.020821617,8.952651937
1773356_at,8.549656293,8.448293364,9.161295169,9.796605764,8.492036611,7.973388592,8.514630977,8.020314457,7.888363053,8.922768103,8.46283832,8.067534362
1773359_at,9.453036242,10.18409213,10.58074932,10.38471462,10.09915608,9.84513072,9.530812518,9.908590763,10.54765865,10.96507431,11.05079581,10.99151709
1773360_at,7.922651182,7.898666814,8.071038211,8.233811418,8.24865211,8.333113703,7.986025153,8.045873678,8.48832945,8.94421286,9.09957875,8.800645059
1773361_at,8.753410441,8.827094813,9.277133807,9.315812075,9.486342393,9.582371411,8.655571241,8.760033418,9.219116023,9.398688447,9.737709342,10.06787856
1773362_at,10.04078764,10.19012001,10.56504533,10.31281212,10.15753428,10.20648012,9.99603214,10.2375265,10.36506092,10.05236418,9.477370027,9.339332604
1773363_x_at,6.273808229,6.285209228,5.943942709,5.571124727,5.600578499,5.700634036,6.028412746,6.238403524,5.651651205,6.133082208,5.598407545,5.920118691
1773369_at,11.09078222,11.73388358,11.73894298,11.21372448,11.018601,11.00938756,11.17596683,11.40951528,11.59485767,11.70095443,11.56013303,11.58004239
1773370_at,6.422416094,6.612562132,7.195762115,6.196808018,6.311675353,6.458012151,7.187677853,7.460418971,7.5455372,7.837759643,7.630624566,7.554321081
1773375_at,10.98936933,10.77359976,10.38131412,10.66043451,10.74907523,10.82329543,10.90866344,10.5484936,10.06723349,9.816801924,9.698629232,9.652436596
1773376_at,4.531027276,4.379726505,4.039472712,3.951544962,4.235778951,3.980629025,4.329560015,4.109806649,4.038280782,3.765966552,4.194794376,3.708438185
1773377_at,10.97930268,11.23663701,11.38472528,11.20238211,10.9540297,10.63747399,10.99185834,11.49178174,11.7941874,11.84470615,11.84275385,11.54044632
1773378_at,9.579355323,9.081245911,9.22100675,9.547603111,9.816132788,9.835483263,9.49344667,9.067590745,8.703076015,8.658743031,8.964006742,9.15816561
1773379_at,7.498714871,7.106959903,7.167735546,7.121369094,7.166791265,7.239407898,7.705323782,7.466193071,7.544366516,7.663113673,8.007377021,7.928816108
1773382_at,10.02638239,10.01181255,10.06364794,10.32259967,10.3359352,10.22639781,10.09534758,9.865781544,9.788035894,9.739842809,9.950407692,10.12318317
1773383_at,7.645926914,7.382007113,8.020591228,8.053349888,7.968011771,7.885408645,7.799658609,7.448124824,7.702699278,8.234776197,8.286825534,8.072155065
1773385_at,8.967526636,9.197755458,8.817719285,8.555004018,8.629649028,8.585589575,8.968897391,9.527560582,9.512074473,9.016301852,8.987527297,9.15825397
1773386_at,5.768229624,8.384476074,6.452933505,6.134502425,6.250855369,6.200490939,5.892834526,6.139927778,6.309660629,6.386460275,6.543730376,6.527433305
1773389_at,7.922773845,8.266365656,8.773063194,8.536431756,8.318444062,8.288738016,8.112923874,7.989554524,8.196414429,8.298764053,7.68828783,7.391610388
1773393_at,8.612623031,9.147440787,9.351304267,8.899091738,8.469842136,8.528150703,8.596075446,9.28294647,10.1093696,10.6932598,10.94525659,11.0090588
1773395_at,8.336798054,11.29690787,10.05465775,8.852345585,8.704281519,8.294975657,8.276893575,10.71727612,11.01001655,10.59813364,10.55457999,10.65835921
1773397_at,10.4459904,8.837177189,8.496732929,9.436928488,9.70650766,10.07214156,10.42618271,9.760238654,8.446529271,7.85634374,8.08048473,8.548195528
1773399_at,9.501561073,9.82369462,9.996810208,9.740111545,9.529302707,9.392875983,9.569217102,10.13710327,10.60249618,10.61255669,10.40537116,10.34117092
1773404_at,9.644212682,9.350248713,9.250116688,9.361487468,9.432833671,9.632235178,9.645167237,9.541559357,9.446982914,9.21738693,9.23414473,9.086969623
1773409_at,6.670115292,6.890373679,6.927432359,6.640827488,6.698568508,6.566727361,6.888717833,6.952093257,7.360384887,7.42539512,7.542906047,7.348592043
1773412_at,10.21822496,10.54163726,11.11006811,10.70697454,10.38256976,10.28571533,10.16908242,10.78048264,11.44365887,11.59563564,11.61273078,11.65988166
1773413_at,9.994854358,9.943758554,9.985092657,9.846478029,9.798244559,9.864734157,10.23051222,10.22000043,10.12677254,9.833298202,9.57637485,9.356068543
1773415_at,6.051820065,8.666002215,9.582861912,8.579827355,8.405150333,7.638291362,6.43815745,8.029459316,9.8807378,10.97697668,10.97883019,10.86577673
1773420_at,8.676712239,7.933388449,7.730601635,8.246507952,8.498729236,8.594442857,8.695495952,8.101975275,7.841997453,7.752100859,7.797757108,7.554405729
1773423_at,2.586052942,3.053567168,3.160509409,2.754537752,2.966005556,3.170896404,2.951238063,2.745995051,2.963340494,2.896099069,2.827352019,2.755403599
1773424_at,9.476811439,10.11918404,10.45331594,10.31135939,10.05343255,9.857106331,9.420709713,9.625766279,9.956098213,10.03533881,9.631929909,9.460950511
1773425_at,9.07490255,8.753238905,8.988172104,9.28697916,9.382677299,9.196760462,9.149389093,8.951739093,9.548776491,10.09044483,10.30505822,10.18047591
1773426_at,8.438111697,7.860961942,8.139139445,8.202320942,8.556167849,8.482372759,8.562424714,8.498931425,8.180224072,7.824307481,7.566751329,7.546178608
1773427_at,12.12106414,11.96549264,11.82905495,11.8684388,11.8733885,11.97515628,11.98570184,11.9482676,11.53832033,10.76970313,10.04737964,9.502757439
1773429_at,11.62609817,11.60173462,11.66341795,11.76241434,11.71471493,11.65297392,11.51561156,11.55449735,11.6170701,11.57624832,11.65264937,11.58822946
1773430_at,8.712312218,8.743957769,8.886193613,8.795566372,8.89086374,8.77677067,8.687093856,8.899583535,9.2157421,9.46645899,9.386616185,9.417467847
1773431_at,10.0205061,10.56208439,10.88759017,10.61888637,10.38252679,10.25624012,9.915088988,9.756035109,10.12555058,10.12899492,9.710223147,9.705842816
1773433_at,9.774230254,9.861289568,10.33264297,10.33632529,10.07180817,9.993540958,9.68941147,9.563087521,9.658274418,9.774398053,9.540128875,9.45663569
1773434_at,12.25338549,12.18694701,12.09857858,11.9785378,11.95850908,11.99630431,12.25948261,12.25866007,12.12576997,11.78590477,12.12971577,12.21957086
1773436_x_at,7.249706542,7.308079358,7.351154359,7.422512043,7.398245528,7.411957099,7.145720428,7.074054038,7.053349293,7.304426696,7.216612371,7.383767296
1773444_at,6.420450527,8.340953068,9.879143018,9.169597359,9.237658241,8.330248086,6.643867669,7.946541103,10.12080493,11.14682666,10.9462532,10.5526216
1773445_at,7.992816485,7.733721868,7.79024535,8.152090331,8.265300913,8.320439209,8.05772487,7.736573657,7.697510497,7.671453773,7.771380627,7.699012423
1773449_at,7.490306332,7.470601445,7.337737445,7.27231763,7.392110235,7.409748615,7.484756447,7.764848206,7.637846177,7.453800475,7.481451897,7.411835854
1773450_at,8.54607739,7.689161464,8.496054857,8.375765164,8.437101539,8.213395171,8.647233734,7.711723291,7.772451336,8.015531492,8.190892181,8.305136645
1773454_at,7.093678483,8.419208158,8.616556724,7.801337931,7.763360841,7.500946686,7.295788855,8.390439132,9.148711088,9.500195986,9.455644415,9.329347679
1773457_at,9.937760101,10.30455227,11.35069807,11.3014607,10.78981159,10.4995461,9.97627934,10.18749493,10.68782405,11.27615892,11.21616261,11.14193323
1773459_at,11.0591286,9.914108446,8.600648819,9.898309753,10.2557308,10.62745696,11.10070972,10.41903261,8.05758702,6.891305698,7.169633325,7.805198257
1773460_at,7.327365972,7.844355867,8.21691392,7.789669819,7.573231678,7.41732555,7.284099234,8.021572738,8.839132458,9.446575589,9.743822058,9.817207101
1773461_at,9.921339901,9.82150932,9.68200709,9.775231527,9.773280023,9.835742213,9.961600494,9.699075293,9.462147481,9.378695696,9.4305639,9.32497906
1773464_at,8.7293652,8.269039252,8.429038651,8.880610448,9.13582756,9.079313317,8.623668581,8.626441684,8.557499511,8.588501752,8.523490697,8.58979715
1773465_at,8.296175703,8.141788103,8.156267163,8.371078538,8.257644318,8.1891293,8.514796431,8.1766462,7.804442488,7.631494962,7.393099116,7.202056524
1773469_at,3.128754513,3.283457115,2.956510929,3.246008595,2.938996495,3.102583727,3.333672864,3.332318164,3.182398012,3.423439913,3.409545289,3.255154811
1773475_at,10.32842819,10.42527889,10.70514641,10.69318163,10.66667431,10.62618438,10.53645241,10.40330062,10.66940193,11.1352728,11.07548996,10.99802617
1773476_at,9.126851006,8.163253455,7.689173742,8.669549645,8.954099277,9.237050751,9.249162967,8.835226252,8.258201526,8.442681474,9.000549543,9.266176712
1773477_at,5.960304544,5.019894855,5.560435763,6.440405345,6.754501285,6.832704739,6.038405575,5.849014073,6.503929153,7.268740226,7.644006832,7.816762205
1773479_at,4.822019192,5.485469732,5.825322583,5.79119758,5.945116808,5.720589366,5.019767918,5.414666445,6.323015254,6.646715249,6.805372188,6.559932756
1773480_at,11.67258198,11.69652209,11.88193736,11.89694263,11.83302904,11.70146491,11.64033404,11.62041896,11.81255157,12.05249533,12.08203389,12.03374269
1773482_at,8.48588412,8.338799679,8.369324926,8.510642575,8.614660452,8.295642208,8.243964253,8.039120028,8.014760044,8.194887683,8.246441635,8.328685548
1773483_at,9.311536529,8.586783405,8.56793117,9.038029151,9.183687195,9.358375366,9.228510467,8.33250305,8.034257635,8.346942748,8.262828226,8.581543862
1773484_at,8.771086158,8.546332,8.585040962,7.895589306,7.996914704,8.279122546,8.836883878,8.892096103,8.954333367,8.676773044,8.640518512,8.448564297
1773486_at,10.78171384,10.75595447,10.66064322,10.45614305,10.38336685,10.37618423,10.63006212,10.55013175,10.18741538,10.0137925,9.802542829,9.724732617
1773490_at,9.678353647,7.72579262,7.286795242,8.181586998,8.456526553,9.02935913,9.602275171,8.348451764,6.754370399,6.280751305,6.521697903,6.67860086
1773491_at,8.50978436,7.905490505,7.901383883,7.875903485,8.197079519,8.289621227,8.719682669,8.229059512,7.766474688,7.685753529,7.472761539,7.430810921
1773493_at,9.043749946,10.08319241,10.74192236,10.19310547,10.21399628,9.911423275,8.87833698,9.718952989,10.48300808,10.50017103,10.14821404,10.08021674
1773494_at,4.169777988,5.306228255,4.816595614,4.347200417,4.22397268,4.28560932,4.421047871,4.477633577,4.106726188,4.432809368,4.429243879,4.588524264
1773497_at,4.053224615,3.738603318,3.649818433,4.26977727,4.599057607,5.101121235,4.269772013,4.016915935,3.608995914,3.594543968,3.999957353,3.83046857
1773498_at,8.175052773,8.495972718,10.18906527,9.110072471,8.806790282,8.15406199,8.095055408,8.160923056,8.295058759,9.830934002,9.845196056,9.103354907
1773500_at,6.39338013,5.884914842,5.492302589,5.796655582,6.227909644,6.25148338,6.332783429,6.350870468,6.147155969,5.99624143,6.075228501,6.057541637
1773501_at,10.11737793,10.03791875,10.08238258,10.2330506,10.09782108,9.999148269,10.10860506,10.21405325,9.857211261,9.720246591,9.950950794,9.806301836
1773506_at,6.501596313,6.450722379,6.803989085,6.936236574,7.075256836,6.664448013,6.677426745,6.61780544,6.567640022,7.140570044,7.301687181,7.221097134
1773507_at,2.830222035,2.601943462,2.609898245,2.85569575,2.899678491,3.175359795,2.779096289,2.807490969,2.963832785,3.182366577,3.367826999,3.150506209
1773508_at,9.856396999,9.631126108,9.752763073,9.924488274,9.915595032,9.977043599,9.861853923,9.65695021,9.386395438,9.419188138,9.506470242,9.658581229
1773510_at,12.46362544,12.32072422,11.80169169,12.08565899,12.25710386,12.36231221,12.36131557,12.15173933,11.00166708,9.453304156,9.494522873,10.07857895
1773511_at,6.309522713,6.990706863,7.616341011,7.443776086,7.536859639,7.566105452,6.313374916,7.981685493,8.267960275,8.242435564,8.267436032,8.323731401
1773513_at,10.58759018,11.15769027,11.4789726,11.19365215,11.13550893,10.97000102,10.63613793,10.91639271,11.64902904,11.64654038,11.2691632,11.02120263
1773514_at,3.718366449,2.823505935,3.099837637,3.061525028,3.246289784,3.099837637,4.645518239,3.000725475,2.922177892,3.246332334,3.022921557,2.862282009
1773515_at,11.24734804,11.42064152,12.28044066,12.15327342,12.1978819,12.01257702,11.28840725,11.30952471,11.5106935,11.65812148,11.94760671,12.28127328
1773519_at,9.211256266,8.942874324,9.110755296,9.352713687,9.571314833,9.543272594,9.088477519,8.676638561,8.581448221,8.509506947,8.153445578,8.412962814
1773520_at,8.801814345,8.115928279,7.520881179,8.000117691,8.274308664,8.531787767,8.800350625,8.570885161,8.194471391,7.657835814,7.773710718,7.945920543
1773521_at,7.379196644,8.967196013,8.856286051,8.330330986,8.204673276,7.901812552,7.409905949,8.062764159,8.514348896,8.552862031,8.230692187,8.074409546
1773522_at,3.168080296,2.966661209,3.295088288,3.384397978,3.421123835,3.378908198,3.486915391,3.529701999,3.87295372,3.801636373,3.471153895,3.615095303
1773524_at,9.583395818,9.716789138,9.433462554,9.423315178,9.493108018,9.396169923,9.632226085,9.836477867,9.576764243,9.262024777,9.257400784,9.081639303
1773525_at,10.84162732,10.95338023,10.92212504,10.96105226,10.94047456,10.79424122,10.80477899,10.7726675,10.5741402,10.51300489,10.47355784,10.38449003
1773528_at,9.00966722,8.499660474,8.570567483,8.770990391,8.79634959,8.847277265,9.105526754,8.653240647,8.382283472,8.475095636,8.565499,8.497053755
1773529_at,9.757146986,9.47096137,9.407782829,9.63788968,9.66901076,9.744564113,9.827360349,9.506446193,9.074132515,9.02283182,9.088556617,9.149719936
1773531_at,9.067928959,8.905161626,8.971524668,8.962986234,9.006063367,9.068929768,9.107116059,9.008254106,8.955159154,9.334013301,9.558560546,9.566186305
1773538_at,11.99686311,11.91919691,11.85582748,11.86483906,11.8781015,11.90272842,11.94503961,11.83926958,11.65143416,11.41332324,11.31090355,11.35128856
1773539_at,8.424974488,8.369187672,8.384648983,8.372955947,8.253948724,8.309246971,8.230519628,8.514796431,8.570262692,8.576922141,8.569191301,8.496660164
1773540_at,10.94124614,10.54407954,9.637933004,10.44970386,10.78811516,10.82060167,10.98265218,10.62532123,9.709939875,9.084895882,9.378355195,9.822689155
1773541_at,7.105254316,6.61392146,6.936593757,7.182881924,7.380075045,7.302096867,7.111101796,6.240971724,5.767246025,5.791292565,5.414600845,5.217068487
1773545_at,5.404837611,5.354307395,7.173143154,7.023580595,6.584679161,6.716320677,5.20264754,5.582951003,6.280192613,7.577943356,8.368215252,9.256356326
1773546_at,7.20189605,7.125226158,7.17485616,7.024703299,6.956792975,7.302371663,7.297539186,7.159876342,7.213511916,7.416719617,7.424138016,7.632541051
1773547_at,9.578754969,9.496322396,9.690956372,10.08232715,10.13619933,10.02171733,9.816396391,9.758788095,10.00798208,10.32570463,10.74076449,10.67244011
1773548_at,11.255781,12.56525266,12.61613601,12.26301437,11.40775888,11.74464936,11.21643024,11.04406372,10.0178508,8.545246683,7.612738649,7.183684146
1773552_at,11.72146425,11.8287285,11.99201005,11.86732221,11.61244283,11.44239282,11.71826694,11.85900686,12.19321512,12.37879949,12.41345716,12.65987051
1773553_at,10.03087535,10.23760453,10.12307065,9.936858444,9.822866171,9.742722556,10.04944808,10.44699753,10.95539544,11.22541502,11.30368715,11.11204392
1773559_at,7.512827901,8.298130993,8.38726995,8.274373706,8.120189794,7.966015313,7.546480042,7.932592465,8.552371447,8.902234922,8.845816872,8.741674392
1773560_at,9.660710778,11.33081441,10.29125251,9.537610515,9.372744899,9.269107935,9.656402528,11.3552801,11.58588614,11.35543024,11.24093007,11.23098697
1773561_at,9.298549802,9.50522935,9.468262919,9.385294612,9.381781592,9.270149417,9.240206889,9.87220021,10.06020982,9.84171813,9.676152031,9.758444354
1773562_at,3.670733748,3.865780329,3.575874424,3.497490831,3.727468093,3.378155014,3.954657273,3.745932422,4.115438896,3.855931504,3.74884481,3.559712672
1773564_at,11.57156327,10.88079474,10.27031972,10.84606318,11.14069252,11.45066023,11.67597343,11.19651368,10.07851228,9.566829326,9.899650718,10.48782471
1773565_at,11.52620543,11.31983546,11.41613251,11.50920024,11.80764769,11.77339231,11.51471716,11.34106809,11.19072615,11.1838703,11.33786434,11.38065275
1773568_at,3.164325947,3.099108642,3.149530175,3.245568694,3.435182536,3.473359095,3.573281263,4.047924393,3.923953385,3.432117838,4.428474042,4.17642405
1773573_at,11.40249629,10.72377547,11.47587196,11.53806962,11.60284345,11.61255739,11.45531463,11.36015241,11.27335722,11.58008752,11.68254304,11.93438426
1773575_at,7.541673214,6.709289845,6.636422993,6.702977623,7.155693939,7.165898388,7.776570449,6.82470515,6.374559356,6.317062059,6.137695416,5.97875195
1773580_at,12.71732309,12.78440947,12.82191098,12.77090243,12.69069818,12.65875542,12.68889542,12.6242966,12.44986334,12.15956261,11.30968006,10.4059614
1773582_at,9.145012691,9.451882617,9.891117467,9.593330339,9.434597231,9.304814885,9.536568391,9.45615673,9.611025073,9.685622152,9.596606994,9.384768028
1773585_at,8.196798578,8.500150981,8.953648257,8.671515181,8.260915058,8.389612531,8.15217068,8.115436526,8.414727548,8.719604481,8.568035467,8.513745553
1773586_at,9.707025797,10.01433128,9.944158735,9.759914672,9.701462907,9.557639633,9.632087235,9.885527698,10.09413114,10.2051945,10.04772283,9.817807977
1773587_at,7.974015969,7.992540017,8.330210164,8.609396501,8.383839355,8.190022453,7.78912638,7.934790075,8.085040298,8.570607458,8.715999028,8.799117896
1773588_at,5.613473277,5.268408801,5.459480222,5.751874794,5.908621658,6.009241304,5.669903306,5.586310066,5.622570541,5.908629351,5.784660798,6.077303364
1773589_at,10.13999313,10.20701853,10.20008376,10.13391212,10.17275997,10.04875827,10.18509983,10.08006675,9.916354652,9.864258662,9.713518252,9.42760984
1773590_at,11.39250309,11.40566438,11.33886445,11.19760219,11.19111555,11.25331269,11.37900203,11.466154,11.41314515,11.29045151,11.26794949,11.1110887
1773591_at,8.568083996,7.154301498,7.940288474,8.180067918,8.609894823,8.628349566,8.520667877,7.604344184,7.372321401,6.692616216,6.042336257,5.80271827
1773593_at,9.665805119,9.207971407,8.747062378,9.189171092,9.445920233,9.603842037,9.680717916,9.398669971,8.879676007,8.51337343,8.725437443,8.705417921
1773594_at,6.567075907,6.965537862,7.264609436,6.787723368,6.928572959,6.533006001,6.51695649,6.608183583,6.775697805,7.102403777,7.175090386,7.382708169
1773597_at,7.766234229,8.218414905,8.289182844,8.061860573,8.001849899,7.814441609,7.718609862,7.845816901,7.975317554,8.117496333,8.564659026,8.864195167
1773600_at,9.804164723,10.17980169,10.48311692,9.909071268,9.853082165,9.762460706,9.75799504,10.03769001,10.35231584,10.5796499,10.55383489,10.32550729
1773602_at,11.37923262,11.32934299,10.9334487,11.06791503,11.21004069,11.26931047,11.44130931,11.42564598,11.26554157,11.03197305,11.1111854,11.01989477
1773605_at,10.96217783,9.784714726,8.21070631,9.420626317,9.927018291,10.41944228,10.87818402,10.45058109,8.982055427,7.405337222,7.276741842,7.422797948
1773607_at,8.439492606,9.871761085,9.906356048,9.490222733,9.470831742,9.183125573,8.59389885,9.747140322,10.60765969,11.52221488,11.73678358,11.54604731
1773608_at,3.285123182,3.615288095,3.417545727,3.013917838,3.439153911,3.482488091,2.896430246,3.194737821,3.33273112,3.13179364,3.236141952,3.667075106
1773610_at,8.294543594,8.030632184,8.119231092,7.958076904,8.124440383,8.214170462,8.308451281,8.083274615,7.788051787,7.712308273,7.786643144,7.586295273
1773611_at,9.775624014,9.490320366,9.393857704,9.704049623,9.659340241,9.665228336,9.889535729,9.490267866,8.982618149,8.923884698,8.727180293,8.773702028
1773612_at,9.275970791,10.85595868,11.42435256,11.10648743,10.59298396,9.997520734,9.615456382,11.19348036,11.55236448,11.93240183,12.12130571,12.08309539
1773613_at,9.876707289,9.637570926,9.936916435,9.29294479,9.448635798,9.167500414,9.904320042,9.072927932,8.951034191,9.584173761,8.972881819,8.348082859
1773614_at,9.970911811,9.788275231,9.809237777,9.832357772,9.865383959,9.813751567,10.15920113,10.01819798,9.986241673,10.10369388,9.926869967,9.777829211
1773617_at,3.146099126,2.848484471,3.031750397,3.212152678,2.951238063,3.168770628,3.291046692,3.139771841,3.068626852,3.015234675,3.045248461,3.282552668
1773619_at,10.83373673,10.58366864,10.65099097,10.74033928,10.77729851,10.79655247,10.74137234,10.60473964,10.04202126,9.616280896,9.110988621,8.957526131
1773620_at,9.83347612,9.343911435,9.051977358,9.135621616,9.298492336,9.495291561,9.858143006,9.551233363,9.121097408,8.752307677,8.676111456,8.721320038
1773621_at,11.77514707,11.70512331,11.73008816,11.86403836,11.96554448,11.93731054,11.79362011,11.63455586,11.54359055,11.5109457,11.72945999,11.85482944
1773622_at,8.754950389,8.595124183,8.877641751,8.813235919,8.709615458,8.682182929,8.663679997,8.65112492,9.090795532,9.505858641,9.453423301,9.579965983
1773623_at,10.38613218,9.977208376,9.929831636,9.989460112,10.15368871,10.19173448,10.55336082,9.919338526,9.486601293,9.252460506,8.998701549,8.718007892
1773627_at,8.701284531,7.368531933,7.203672559,7.818473983,8.115578709,8.404384416,8.738591299,8.430422443,7.863568263,7.688108816,7.801720193,7.887076629
1773628_at,8.242543222,8.742941123,8.760766729,8.269255648,8.434705059,7.959087872,8.199881301,8.803012742,9.377009632,9.377294781,9.24748908,9.227514791
1773630_at,2.515561448,2.176282673,2.284627948,2.385825524,2.367389591,2.406249839,2.426674154,2.63024577,2.323289756,2.486069703,2.449184127,2.448496156
1773631_at,10.96803307,10.73663099,10.8604069,11.01418861,11.10068051,10.90235908,10.8329647,10.57346097,10.4995966,10.68061016,10.54294002,10.50973679
1773633_at,9.101447238,7.766892636,8.308772546,8.346442547,8.618303276,8.864695146,9.103416639,8.505235878,7.38855498,7.350706091,7.294046784,7.151064701
1773635_at,7.582852959,7.544446327,7.886921214,7.748394355,7.750612501,7.672186686,7.898986187,7.884321528,8.363699381,8.733639105,8.666803804,8.568178275
1773636_at,9.8313196,9.691291241,9.441937288,9.419609103,9.68897156,9.716465906,9.865104181,9.951017094,10.17744579,10.51545475,10.60113099,10.68785136
1773637_at,8.256970562,8.016217085,8.342582867,8.452926869,8.446637783,8.142068095,8.295487532,8.327833942,8.581527856,8.896985329,9.063516464,9.346391512
1773639_at,9.822129057,9.936457969,10.17480291,10.04343931,9.810172982,9.732660033,9.829914381,10.04208179,10.58549064,10.98455256,11.07677835,11.15044812
1773640_at,10.81359489,11.0260253,11.225474,10.93669843,10.95434094,10.73664545,10.89931714,11.15581373,10.91143388,11.01876457,10.76746307,10.77726938
1773641_x_at,5.218046124,6.096716234,5.09351488,5.320304894,5.106220586,5.579880651,5.04776287,5.473558571,5.187910829,5.197238152,4.844717006,5.106871366
1773643_at,8.340720015,7.767771096,8.141634444,8.242128302,8.345898143,8.322005028,8.355019437,8.197500603,8.340959391,8.470235212,8.483311676,8.492706895
1773644_at,10.23517362,10.17703022,9.952609507,9.821612486,9.811730011,9.916681841,10.189727,10.09107649,10.29052821,10.31378735,10.30583078,10.26594975
1773645_at,8.65121395,8.672906669,8.931724979,8.649708314,8.536834491,8.483228174,8.747941193,8.340210633,8.130079847,8.024204175,8.043141516,8.131045173
1773646_at,8.127762926,7.75285043,7.5735787,7.571136423,7.51610677,7.742169407,8.143555403,7.86051155,7.199820404,6.601160933,6.236112336,5.736787286
1773648_at,12.61193833,12.62121549,12.48793918,12.48906824,12.52268649,12.59744093,12.56260157,12.52483724,12.30055691,11.72077338,10.79876595,10.87154103
1773649_at,7.77720797,5.588645882,6.581444788,7.798498672,8.294015618,8.492074279,7.88043094,6.199799423,5.166303744,4.870882,5.29551217,5.776802693
1773650_at,12.30464834,12.36979922,12.58297913,12.3351111,12.11244153,12.09342929,12.31549905,12.42251675,12.75477523,12.85285228,12.84456299,12.8394938
1773653_at,9.417872092,9.008781141,8.963353443,9.14182983,9.212543683,9.239648371,9.317082056,9.425415002,9.565268824,9.744813381,9.845532403,9.715422297
1773654_at,10.20097534,10.07419435,10.32450846,10.22694239,10.18864921,10.19106094,10.31040392,10.31571455,10.60831102,10.85978915,11.03529263,10.8914168
1773656_at,10.00754065,9.759821648,9.804650545,9.936863382,10.0191738,10.15270197,9.881841691,9.742210793,9.48654169,9.07865133,9.213838147,9.332290557
1773657_at,10.18153503,10.32350814,10.73648425,10.61138626,10.48908832,10.46510757,10.27585961,10.29144897,10.49377235,10.52415402,10.16469447,9.973919812
1773658_at,10.49556055,10.35088843,10.29856387,10.73510031,10.7487582,10.60476783,10.46937463,10.4719504,10.36816545,10.55961395,10.60835172,10.61298527
1773660_at,8.540567724,9.697577268,10.61507559,10.2166614,9.834933077,9.492896438,8.58074313,9.269711027,10.20196452,10.7445496,10.76176448,10.8032596
1773662_at,4.076561337,3.859736728,4.730202187,4.528229029,5.008581982,5.030329496,3.873920097,4.502968995,5.418659175,6.427016464,6.937635477,8.105421119
1773664_at,7.393861769,7.98412056,8.214635891,7.681083281,7.706735449,7.457027681,7.540509867,7.833942069,8.234736786,8.520685402,8.379585608,8.112982691
1773666_at,8.417665682,8.153642044,8.382949748,8.492658432,8.39120035,8.360777023,8.197693962,8.287273631,8.531374708,8.927133275,9.001936057,8.905228902
1773667_at,7.459000326,7.751125926,7.641928775,8.019099016,7.950337087,8.060773812,6.992702931,7.10380345,7.262738408,7.521110046,7.396331414,7.476182798
1773668_at,9.932995065,9.673410293,9.5264621,9.691067047,9.719385951,9.814182952,9.836228773,9.757885449,9.947010821,9.930962233,10.04409357,10.06173639
1773669_at,11.18531569,9.80087147,8.165574215,9.560577428,10.05486549,10.67677315,11.18162127,10.61980709,9.052540411,8.410191636,8.618465213,8.964350167
1773670_at,6.781861023,7.098016238,6.600982833,6.56991268,6.706496725,6.751418684,7.047066638,6.7319985,6.470659707,6.673752099,6.693845272,6.528485021
1773671_at,9.233765669,7.372793264,7.975223777,8.50090609,8.813755746,9.019648781,9.325795141,7.771553332,7.500339117,7.323031253,7.355120434,7.56081581
1773672_at,10.0055028,10.15540976,9.924649401,9.966979078,9.913851105,9.930656879,10.02056932,10.17568211,10.27760109,10.48448936,10.56995452,10.47660021
1773673_at,9.154700888,9.207533979,9.382530853,9.114503006,8.901438483,8.767788175,9.186334978,9.119643786,9.325677925,9.262611436,9.225248353,9.155026446
1773674_at,3.360284831,3.410357977,3.254455797,3.279571306,3.522981435,3.173098829,3.353811772,3.163383541,3.581962079,3.044584039,2.923239679,3.073164841
1773675_at,10.75428994,10.77927941,11.41894279,11.46066669,11.10894842,10.82425616,10.66676034,10.45214005,10.50037162,11.30922998,11.84456455,12.02061697
1773677_at,10.30402731,10.43441782,10.45295148,10.65584726,10.66083009,10.71718567,10.4092609,10.44624336,10.51736187,10.39967079,10.27216278,10.3528983
1773678_at,8.04068282,7.89068615,7.99491175,8.018785399,8.057794438,8.134655561,8.337016655,8.066164786,7.887546657,7.756603266,7.384077026,7.178737806
1773680_at,11.65425464,11.86346554,12.26469306,12.1939015,12.06732933,12.01500048,11.76709344,11.94924058,12.32886844,12.62040109,12.71169436,12.69222659
1773681_at,9.78739255,8.898006836,10.04642891,10.11366531,9.92217163,9.817515932,9.659559651,9.226188072,10.18654869,10.81033226,10.88596615,10.82860066
1773683_at,9.674795462,10.53008033,10.66162335,10.60280058,10.6114295,10.28865768,9.82025078,10.46707303,11.12890762,11.75868303,11.64335194,11.31100268
1773684_at,6.07081464,7.06645293,7.510827822,7.460725289,7.463752099,7.260431432,6.329853152,6.988600208,7.643406514,8.039026898,8.505525156,8.65013225
1773685_at,8.858052832,9.30441892,8.993748517,8.600659047,8.620832009,8.466331631,8.848614811,9.020320994,9.474502347,9.526997393,9.444380033,9.297691969
1773686_s_at,7.107845737,7.315338749,7.271250111,7.287280314,7.443605153,7.252065468,7.178729127,7.068107026,7.04849199,7.171738402,6.955143868,6.755048536
1773687_at,10.50006917,10.02897088,9.065664935,9.659496784,9.962773234,10.18549881,10.5378994,10.16963212,9.54981853,9.008523945,8.855719507,8.973518152
1773688_at,6.661181919,6.870889124,7.71420779,7.489971379,7.705200732,7.489830555,6.488533405,6.782617787,7.436885442,8.036525936,7.797360542,7.618335223
1773691_at,7.49233481,7.771511321,7.947479861,7.576717922,7.715717711,7.682119502,7.625588492,7.86462604,8.383969318,8.486973364,8.916274517,8.628296166
1773693_at,11.24707526,11.39421355,11.42731057,11.41636294,11.39167135,11.37448572,11.24326035,11.34033457,11.64834409,11.82257996,11.9324089,12.09362237
1773695_at,12.45905475,12.33286329,11.95100214,12.19912962,12.25247819,12.20870028,12.46088802,12.67608915,12.70927312,12.55940085,12.29393951,12.0886012
1773696_at,10.37894963,10.01996082,10.09041234,10.21598759,10.30217013,10.44900027,10.20930646,9.878082932,9.264199024,8.878832496,8.610672297,8.70404062
1773698_at,8.213752037,9.195914764,9.884426147,9.176290109,9.209914641,8.839886825,8.2315524,8.466357955,8.970849438,8.870493924,8.569142213,8.583893368
1773699_at,4.344499336,5.191614921,5.674624324,4.8440906,4.967813576,4.967346414,4.713490044,4.9219632,5.579772796,6.274961426,6.194134114,6.563832602
1773702_at,3.46737771,3.129729451,3.823416017,3.783187273,3.494636296,3.915387404,3.256124961,3.421429452,4.037229364,4.911643876,5.167450763,5.254332575
1773703_at,12.64666054,12.42110144,11.68370738,12.943689,12.77860868,12.62478471,12.71088266,12.21354464,10.64198403,10.954154,11.01687253,11.11586924
1773706_at,11.85259729,10.51921445,9.998570216,10.91272946,11.11111606,11.44601711,11.85144767,11.10596799,9.509156534,9.533965585,9.852949152,10.39598016
1773707_at,11.88042867,11.38495402,10.62292048,11.06444339,11.40194648,11.5619641,11.82982113,11.66061845,11.05089417,10.35695123,10.81027734,11.0170414
1773708_at,9.327580686,9.087960144,9.075609135,8.95414321,8.979723044,8.957646364,9.29504032,9.319802107,9.430372898,9.683177485,9.774287183,9.690449289
1773710_at,8.830850681,8.239971356,8.138999741,8.811828797,9.139675149,9.16454047,8.822975523,8.19143169,7.577466242,7.066359809,6.975347976,6.782493144
1773712_at,8.699934055,8.199557349,8.241685532,8.22497648,8.141991584,8.213949376,8.610260882,8.615045828,8.411696678,8.368505076,8.531591808,8.518644758
1773716_at,3.502663203,3.610643305,3.854271687,3.841983795,3.855473522,4.176748729,3.675790515,3.781301208,3.793710468,3.856912915,4.194334115,4.643397526
1773718_at,11.90163938,11.77966932,11.92306859,12.03707814,11.98134805,11.85314442,11.82179213,11.75067423,11.80839929,11.92075359,12.08527634,12.17794337
1773719_at,10.3235996,9.259083385,8.34312261,9.357943774,9.604227824,9.992130365,10.3376359,9.97867917,8.610371162,7.640189052,7.668992061,8.053779612
1773720_at,9.616893489,10.14299317,10.03143844,9.513785601,9.406051232,9.197891924,9.583278784,10.043065,10.51546399,10.56305855,10.52217305,10.47200313
1773721_at,10.30306535,10.00980286,10.00844978,9.924628343,9.91707818,9.966295223,10.14845091,10.0689415,10.20197397,10.11566518,10.08734221,10.18145504
1773722_at,10.17493085,8.875060595,9.1635535,9.628473146,9.890819977,10.22731281,10.32720181,9.661732905,9.214101214,9.212243307,9.514472084,9.744926602
1773725_at,9.496729074,9.282358513,8.873319475,8.921583197,9.000377368,9.223164441,9.56100916,9.418152849,9.284931403,9.18852067,9.124235312,9.051912524
1773727_at,11.13903518,10.35986398,11.3664247,11.35053507,11.22741626,11.04952247,11.03014264,10.67813396,11.17654981,11.34770481,11.28993972,11.19249273
1773728_at,8.092893182,9.380350314,9.456625409,8.933752269,8.720045991,8.511408824,8.127583464,8.67102517,9.598488659,10.12894407,10.061413,9.993902522
1773732_at,9.662981522,9.85946227,10.24006625,10.10918245,9.822038162,9.68010317,9.705119973,10.0244616,10.42708653,10.91723796,11.12343441,11.17552361
1773734_at,7.93198698,8.156342571,8.278824096,8.264457545,8.186665722,8.041930521,7.983671499,8.13282127,8.394050414,8.816931224,8.980881821,9.008524756
1773737_at,4.384417184,5.152696558,5.964342051,5.030322739,5.195389336,4.8003461,4.558127063,5.270939987,6.057207235,6.398388303,6.767188934,6.751631903
1773738_at,9.19398742,8.806041694,9.049840918,8.908442563,8.803574859,8.968486953,9.39080489,9.305685281,9.316970439,9.219017347,9.124708814,9.049905397
1773739_at,8.449646264,9.368700498,9.357393224,9.153395473,9.042774946,8.730589866,8.45354274,9.454732115,9.832616754,9.990907171,9.947697804,9.869428995
1773741_at,10.56231815,10.02198436,8.9250964,9.32560661,9.982986669,10.28534759,10.40272035,9.927298649,8.402849437,7.32179991,7.576871984,8.25238139
1773743_at,10.75847682,10.73831713,10.48648075,10.60386024,10.76103662,10.77413015,10.65496171,10.57635737,10.23539563,10.08883204,10.29160767,10.64185856
1773745_at,10.40125002,10.56201412,10.75167865,10.6235958,10.59322945,10.39934114,10.42156088,10.60361507,10.99684016,11.11500303,11.14363531,10.94097765
1773748_at,6.637055023,9.607935045,8.640624989,7.364564244,7.242215869,6.546615808,6.865476165,8.43026708,8.515578367,9.549892752,9.162997328,9.111683726
1773749_at,9.384628529,9.55800938,9.703009158,9.651074805,9.547577491,9.475550234,9.471140279,9.526540093,9.845961536,10.08010955,10.09719463,10.0106009
1773750_at,12.53191446,12.06149848,11.81672538,12.15007121,12.25955327,12.32195746,12.46402189,11.97542191,11.11402969,10.53011193,10.23104668,10.19096443
1773751_at,8.023479243,8.100814968,8.416627973,7.935714039,8.013622379,7.832139283,8.001056563,8.460349842,9.231255906,9.656183829,9.524733922,9.582269443
1773758_at,6.928975727,6.847385245,7.884862442,7.781374527,7.750954543,7.435497068,7.100881849,6.539886133,7.294383154,7.747015605,7.648429272,7.501559954
1773760_at,10.99995027,11.09534141,11.26077365,11.06917689,11.09756365,11.06076632,11.01562486,11.35340245,11.58140499,11.5824781,11.55457374,11.61283078
1773765_at,12.16023369,12.09813664,12.01102426,11.92625544,12.04133848,12.13030203,12.1240303,12.1654462,12.07963063,11.76792147,11.29376031,10.93031853
1773766_at,10.69666635,10.66244059,9.845172643,9.948126982,10.31835022,10.47309089,10.59262044,10.54369561,9.863342051,8.579269117,8.110136837,7.875947145
1773767_at,8.24534129,7.815382727,7.909018311,8.005664131,7.963498503,8.063390497,8.064322232,8.236512794,8.365379343,8.68187193,8.746584471,8.879534452
1773769_at,3.914502077,3.767693787,3.565823342,3.909206457,3.85728799,3.71022938,3.828164128,4.430774272,3.957333581,4.343263345,3.702019252,4.689203414
1773771_at,8.980437279,8.317130678,8.608293587,8.582566572,8.598995851,8.777589154,8.913490326,8.661951412,8.438185618,8.492338671,8.395492833,8.579211378
1773772_at,10.74256436,10.3528383,9.339570568,9.621453371,9.985278718,10.22612509,10.66454344,10.40512427,9.671759178,8.832579098,8.703779765,8.952797908
1773777_at,5.522592631,5.271236218,5.05782027,5.240815245,5.384229157,5.304251665,5.52560677,5.219082664,5.197560296,5.031272403,5.313012431,5.565281291
1773778_at,3.231132296,3.05722412,2.649594213,2.92388663,3.445814651,3.173505014,3.153971406,2.892169743,3.029431785,3.017394999,3.648793492,3.582691998
1773779_at,7.355567953,7.156681991,6.954256136,6.454216958,6.670390612,6.69496731,7.554791505,6.463983148,6.402872019,6.190842103,6.560390724,6.18019308
1773780_at,8.446790426,8.496004134,8.982730151,9.408915529,9.531883906,9.599433378,8.56837384,8.352732038,8.436044387,9.347180226,9.547408896,9.81928107
1773783_at,11.25190321,10.81149665,10.71106358,10.88590527,11.09695719,11.30681129,11.25363565,10.95894674,10.4483624,9.989542406,9.845925257,9.986345893
1773785_at,12.0504277,12.09084342,12.37869675,12.15456104,11.90715538,11.77070692,12.08055603,12.31279612,12.64292836,12.8169592,12.79817223,12.83137736
1773792_at,6.83593291,8.391814994,8.474698058,7.969934006,7.897325035,7.569135482,6.89989296,8.199567784,9.353441455,9.896759074,10.30428444,10.36596437
1773800_at,8.543562504,8.659541297,8.852756543,8.922135754,8.753802517,8.465132673,8.675164853,8.542042178,8.859811053,9.061937458,9.142846697,9.010108129
1773804_at,6.735490459,7.326617201,8.263204998,7.868281586,7.338611959,7.228552233,6.93719286,7.712440973,8.849240597,9.901176377,10.10882047,10.35280225
1773805_at,7.16748973,6.990472666,7.564869131,7.413402827,7.253668003,7.401661358,7.189164974,7.498426614,7.696844182,7.906194317,8.150373143,8.023296151
1773807_at,11.17817556,11.36254986,11.7121644,11.53397684,11.33597009,11.36186001,11.10738953,11.16676083,11.40595044,11.71544564,11.50326237,11.48054833
1773809_at,10.37276141,8.051750629,9.640499586,9.814790084,9.639402223,9.900243652,10.45381985,8.720307466,9.137655584,9.15631327,8.910039289,8.585251493
1773810_at,6.844706407,6.925464239,6.72704473,6.682099539,6.23242191,6.470426618,6.776292889,6.41431202,5.986369726,5.889569354,5.560334532,5.67977089
1773815_at,9.312507017,9.675152293,10.13127321,9.787952279,9.575281452,9.584402988,9.237857378,9.26660821,9.718815707,9.833010543,9.65976401,9.588945287
1773816_at,10.13753758,12.64461221,12.85235244,12.11877561,9.29024874,7.983697106,10.14529038,12.26888936,12.80043436,12.61016226,12.33444967,12.25675935
1773819_at,12.31407572,12.28227035,12.33577584,12.42691994,12.37363697,12.34566862,12.20623221,12.1111624,11.95942019,12.02476428,11.9753221,11.7915445
1773820_x_at,13.08048105,13.09998914,13.01054702,13.02668327,13.00996508,13.07759598,13.02258817,13.02246151,12.99456472,12.61095382,12.03929752,12.05381986
1773823_at,8.455070518,8.911764462,9.028184228,8.975224336,8.775766836,8.773850883,8.482246879,8.768038585,9.192615282,9.437846035,9.096936051,9.010294686
1773826_at,8.543046637,7.704789196,7.720672137,8.156250639,8.216870289,8.540641024,8.574446969,8.242880515,8.050144074,7.991509279,8.024780069,8.076036427
1773827_s_at,12.78263831,12.72728647,12.61290881,12.60041219,12.64124306,12.68753036,12.71973543,12.68105766,12.32940513,11.22672819,10.92401091,11.08405678
1773828_at,11.49894397,10.37875119,10.39140184,10.51260412,10.4278503,10.50812225,11.50907012,10.53787007,10.02817945,9.107151723,7.719073224,6.931758286
1773829_at,3.865252005,3.574257438,3.912594082,3.773232698,4.173574982,4.232169757,4.038945025,4.25798458,4.794402868,5.198227483,5.067422729,5.30411789
1773831_at,6.578264701,7.246859641,7.659430311,7.304857227,7.164438439,6.958942788,6.824694264,7.038233697,7.605725756,8.313422337,8.676030699,8.830053147
1773832_at,9.36985761,7.961546882,7.475008712,8.249920483,8.465125358,9.008164328,9.363120348,8.793171623,7.695571211,7.499103834,7.799477016,7.962918965
1773836_at,7.960815485,7.811815136,7.856609427,7.575697194,7.537672208,7.631426238,7.943908836,8.362400706,8.796591054,8.817706343,9.006882105,8.971124531
1773837_at,8.936787432,9.898377187,9.330073735,9.43067044,9.473822904,9.211210368,8.957982543,9.368483158,9.595679176,9.943273338,9.631669788,9.660836473
1773838_at,6.588680507,6.686636866,6.888819655,6.822869432,6.781806298,6.470659707,6.711040363,7.110111059,7.498210346,7.705840027,7.907516937,7.634002314
1773839_at,7.95043469,7.613433866,7.767219235,8.015388325,8.062034499,8.102920619,8.0184637,7.749355763,7.901582501,7.915590603,7.896562178,7.921849677
1773840_at,8.757899267,8.080985042,7.722918366,8.061665043,7.959709997,8.355698403,8.579910294,8.276814106,7.859781849,7.690443629,7.662603687,7.555522011
1773841_at,10.76398773,10.79337519,11.11453754,10.84096466,10.45773207,10.40367491,10.80653484,10.75260718,10.88403918,10.8702769,10.97480953,10.90038412
1773842_at,8.51870535,9.21117746,8.710044979,8.275080132,8.21787382,8.346934252,8.555535158,9.056146432,8.973257514,8.914273052,8.853847865,8.935962093
1773848_at,8.111363342,8.04341034,8.145912791,8.089294848,8.023220046,8.063353583,7.85194791,8.079894511,8.407934339,8.654294108,9.0093398,9.216325163
1773850_at,8.853724946,9.158435246,9.28947246,9.057634534,8.953779217,8.91291048,8.776446619,9.229050414,9.497936505,9.57899977,9.652982508,9.534756427
1773853_at,10.34570853,9.79748131,9.002419834,10.10777791,10.37134564,10.23228469,10.31866055,10.31514111,10.06368035,9.832131901,9.794080951,9.633239218
1773855_at,6.760128088,7.635029065,7.90600046,6.584856892,6.39075555,6.410512906,6.628790923,7.413566182,7.857463408,7.748073326,7.744543302,7.577459563
1773859_at,7.732160692,8.946967327,9.813113975,9.564597234,9.480327504,9.024526857,7.66721267,8.315259357,8.591724695,9.008289264,8.852594689,8.922549917
1773863_at,12.26449963,12.41979533,12.60333183,12.81305445,12.76124098,12.66140749,12.2275031,12.26827991,12.23003793,12.28916477,12.24659752,12.23057892
1773865_at,6.87954418,6.651561875,6.712008943,6.681569732,6.713794579,6.441275354,6.949155782,6.911404274,6.879543695,6.809264829,6.853727589,6.819977318
1773866_at,9.08752908,9.624716298,9.919511277,9.588893983,9.366668734,9.326353306,9.039204806,9.168906451,9.357312789,9.300032957,9.121153085,9.051243029
1773870_at,9.437448768,9.545193958,9.666296918,9.489301051,9.433746992,9.454659227,9.521911365,9.698207888,10.07294213,10.191611,10.11807223,10.0946211
1773873_at,10.24565374,10.2841005,10.71742098,10.69821003,10.55705296,10.55991567,10.20075376,9.992597784,10.0211911,9.917694813,9.546058737,9.47825914
1773875_at,4.79880197,5.256543209,5.686011053,5.863089294,6.250291945,6.424653441,4.772646064,4.593822554,5.480783912,6.396796851,7.06441156,7.04451455
1773879_at,8.956097898,7.524244989,7.742024472,8.188532962,8.291485705,8.576992797,8.888527127,8.097690989,7.58329733,7.662110487,7.939727586,7.814873642
1773882_at,4.821005244,4.830309546,4.491300464,4.206013296,4.677969061,4.624492399,4.848420521,4.728485632,5.041590919,5.013674393,5.418131676,5.374129425
1773884_at,11.44479392,11.91707576,11.31127351,11.76114694,11.89913307,12.04198874,11.43271128,12.07004045,11.97631274,12.14188141,12.24047551,12.61719844
1773885_at,9.167599789,8.847807708,8.836652306,9.130518824,9.195158882,9.293839514,8.941135161,8.684125177,8.281835283,8.02045102,7.982613438,8.068450288
1773886_at,7.382895444,7.654343153,6.720733086,6.676876399,6.561793719,6.815117058,7.425625291,6.888224215,6.452928428,6.17367816,5.658859277,5.474444674
1773887_at,10.18861545,10.39309923,10.47152709,10.31281212,10.32485185,10.24190875,10.08808513,9.963736763,10.39782932,10.74754288,10.80608395,11.16342896
1773888_at,11.39961004,11.73514172,11.84706954,11.66080925,11.35277312,11.12930402,11.66533501,11.69118474,11.7741505,11.98224657,11.90570787,11.60900249
1773889_at,2.856013126,3.159554406,4.9248718,5.251598739,4.120137701,2.64953801,2.617232717,2.882968952,5.116654003,6.630873221,7.431659112,8.248637227
1773890_at,7.409945861,7.432603615,7.53867435,7.240517107,7.210752064,7.272727634,7.500561382,7.449591338,7.205101364,8.146918448,8.855478887,9.141958161
1773891_at,8.574498638,8.415963225,8.588035523,8.323716692,8.321985345,8.458680345,8.587210389,8.479042396,8.729633695,8.772561612,8.912045451,8.799045069
1773892_at,9.690907464,8.111820943,7.934854305,8.823964421,9.074594227,9.327605538,9.620563784,8.879357874,8.071864597,8.015531492,8.34771386,8.757351963
1773893_at,9.312061557,11.11007541,9.725351369,9.606384242,10.21854208,10.21741175,9.280753753,10.51750466,10.10358371,10.02969083,10.08980914,10.52239875
1773894_at,6.668713602,8.64516352,8.059488674,7.331225625,7.269340516,7.041796211,6.836612937,7.64387801,8.242320586,8.481366124,8.520254929,8.749552533
1773899_at,7.857999931,8.065674514,8.357597938,7.610112529,7.394104696,7.498961072,7.623250019,8.107029928,8.289179127,7.501269001,7.590468177,7.249958418
1773900_at,11.45199212,11.43285302,10.93250447,10.60910789,10.85920816,10.94270482,11.49892809,11.61687999,11.21893268,10.10770041,9.260345785,8.993346393
1773901_at,8.489789799,8.316924695,8.402321724,8.486884788,8.582198079,8.467872512,8.462468447,8.740421227,9.160430393,9.248132778,9.186138518,9.023676012
1773902_at,11.132117,11.17100406,11.20778367,11.28429868,11.26334538,11.16608245,11.17227814,11.06807166,11.08677221,11.19151402,11.25905,11.32503943
1773903_at,5.316664784,5.613799145,6.123578271,6.061302113,5.599492951,5.611502689,5.51891713,5.509954435,6.513347015,6.839373475,6.670361915,6.945820226
1773904_at,9.338040047,8.891814687,8.663758683,8.745184272,8.984376993,9.016833328,9.183480438,8.78408435,8.457091463,8.54577765,8.439806094,8.607744808
1773906_at,3.637021476,3.716663824,3.932383278,3.808143858,3.769707652,3.893971336,3.633523093,3.835577331,3.806545599,4.296259458,4.462772056,4.352665062
1773907_at,11.00462341,11.10058237,11.52384043,11.78561467,11.76932176,11.53766543,11.0183886,11.09643264,11.43472598,11.92468255,12.03984636,12.02061967
1773910_at,10.52428988,9.862729202,10.01944587,9.922685803,10.05573586,10.32154854,10.48975097,10.16163045,10.0334875,9.78097595,9.673991255,9.88069173
1773917_at,9.20775815,9.717670815,10.14694756,9.828201199,9.748194528,9.652882401,9.298417191,9.35718029,9.519538813,9.473012657,9.304707298,9.182343237
1773919_at,10.97043882,10.87801122,10.87739389,11.11146982,11.22260628,11.24290431,10.85486714,10.64006697,10.09648153,10.04368737,9.970854926,9.95088954
1773922_at,9.852655985,10.8740713,10.82222582,10.08198999,9.886209028,9.772282686,9.850454579,10.95639159,11.12891562,10.85895695,10.60744441,10.61373147
1773923_at,4.795130841,5.035128923,4.720098118,4.620211429,4.651415686,4.830449446,5.030940816,5.765652375,5.950800072,5.664083359,5.868365054,5.98346986
1773924_at,7.935779238,8.055252529,8.295975599,8.016671351,8.164173921,7.969060402,7.993476706,7.991983775,8.279562496,8.675442714,8.799325834,8.949547639
1773926_at,8.47442674,8.194906787,8.517494131,8.254877554,8.326133475,8.395533268,8.383074457,8.50875413,8.889298865,9.288707733,9.072097561,9.000952635
1773929_at,4.582412012,4.736616721,4.941990717,4.54960702,4.73892964,4.79002306,4.573629376,5.049041486,5.656915042,5.824354591,5.390018559,5.570903156
1773931_at,8.735094517,8.689130993,8.310328991,8.71317186,8.96006913,8.772262385,8.595580012,8.979936119,8.660961709,8.502258048,7.716198701,7.682795204
1773935_at,6.176252785,6.426662403,6.611448981,6.588173707,6.653175718,6.733714647,6.187993877,6.672489084,6.972856674,6.869014692,6.720244959,6.961950406
1773936_at,7.461264245,8.361596774,8.9519537,8.394408687,8.110421179,7.670282771,7.634537756,8.406085454,9.614943874,10.32213836,10.44444352,10.36408433
1773938_at,5.63284875,12.64030871,12.44566418,8.690693675,6.670833806,5.774413615,6.261487303,12.27238986,12.86328594,12.27696532,11.67931057,11.80312628
1773939_at,8.454318245,8.095539862,8.074262357,8.161693363,8.238785153,8.165913578,8.525178152,8.687021722,9.090643615,9.446523108,9.580653281,9.514784911
1773941_at,10.57391388,9.333360063,8.275395285,9.086487175,9.509830367,9.851766702,10.40590124,10.03197977,8.66452154,8.151832192,8.339282205,8.817355853
1773946_at,9.060710941,8.787469899,8.301940403,8.40915584,8.5596669,8.673677319,8.891080995,8.848654935,8.780549071,8.875288517,8.81407696,8.909122476
1773948_at,10.99744121,9.75676099,8.50135835,9.751965796,10.10022355,10.54398725,11.00340734,10.67573888,8.985915845,7.509904772,7.502375538,7.731074678
1773949_at,8.962050658,9.150011804,9.528332109,9.457172044,9.475438009,9.432169177,9.064164154,9.486455416,9.870836612,10.1563382,10.24829262,9.970492211
1773952_at,7.973617672,8.730073605,7.838220635,8.016851024,8.036420117,7.940187639,8.113900432,8.950386516,8.920476361,8.738110707,8.728439235,8.570567483
1773953_at,10.03654637,10.02213139,10.1336053,10.06536376,10.09175624,9.975035547,9.99088306,10.16641321,10.35664844,10.52305054,10.53173277,10.45201932
1773955_at,10.08062331,10.34390731,10.58417059,10.52897118,10.39130322,10.20164971,10.12317845,10.34838243,10.68899783,10.8949959,10.84479167,10.59806281
1773959_at,8.933139376,9.0083949,9.356631777,9.21596801,9.148491988,8.879514026,8.841835482,8.964423653,9.281995514,9.718273854,9.746842016,9.841332048
1773960_at,12.915724,12.869112,12.7269384,12.71325226,12.82999613,12.88358792,12.89366373,12.86707359,12.33336071,10.46881498,10.10680681,10.6504408
1773961_at,4.97839187,5.857442937,7.20884449,7.355289204,6.976149799,6.723475791,4.94348628,4.940856398,5.645668786,6.768072955,7.299594659,7.455985512
1773962_at,7.203379492,7.57268784,7.337499449,6.976598781,6.980378212,7.024680931,7.225562094,7.675742879,8.210380812,8.324035247,8.321411993,8.348800512
1773963_at,11.47321457,10.93495488,9.968361614,10.27673031,10.70558009,11.02252623,11.3905739,11.12879658,10.20468036,8.636433174,8.328718688,8.751499053
1773966_at,3.188658317,3.818736151,3.936056797,3.841983795,3.960773773,3.635475495,3.105729823,3.269738831,3.713658508,4.328242817,4.424768083,4.366005722
1773967_at,11.06290784,10.9169548,10.96437467,11.1106651,11.12894375,11.04087119,11.0838947,10.77740909,10.52259428,10.40354687,10.31524587,10.37564501
1773968_at,9.208915618,9.227917665,9.466451011,9.329407545,9.208451,9.132886133,9.217702474,9.221234785,9.318018053,9.443848792,9.412524064,9.617367554
1773969_at,9.924980461,10.05388929,10.09502038,9.941593489,9.897171859,9.810771928,10.10734392,9.991476488,9.704486605,9.88073586,10.03327443,9.622363517
1773970_s_at,4.735772447,5.18441919,5.131701261,5.236028109,5.115340467,4.62371106,4.959276725,4.494368623,5.354884052,5.603723107,5.585590188,5.519111183
1773972_at,8.049691741,7.490482662,7.919764081,8.021975314,7.775533272,8.013187944,7.966739672,8.118625138,8.096903632,8.091990358,8.303463439,8.350318929
1773973_at,8.846994377,8.315244159,8.085751447,8.0826324,8.586767366,8.609040247,8.802867528,8.593967213,8.336856033,8.252764216,8.037560865,7.957576065
1773974_at,6.858346569,6.858561545,7.534373706,7.121435802,7.105707635,7.085847951,6.963267504,6.913139356,7.345721298,7.984537427,7.956603557,8.249523009
1773975_at,8.441432364,8.495919643,8.610760717,8.554594384,8.503203256,8.482046096,8.536746776,8.597622653,8.721605323,8.600610043,8.637026692,8.517423543
1773976_at,5.109808326,5.329161529,6.257281848,5.883524879,6.058052914,5.945031743,5.347480984,4.885640868,5.242407243,5.444793578,5.337930509,5.457971906
1773977_at,9.07469133,8.703855971,8.581190789,8.643124638,8.746755244,8.914985721,9.022305465,8.759641781,8.553709478,8.415144681,8.580477548,8.441314822
1773978_at,10.99594526,10.86818986,10.87544544,11.09996418,11.09616545,11.06941986,11.00848071,10.70904655,10.54764391,10.49136285,10.42412065,10.31941346
1773979_at,11.45405294,11.61307934,12.01223289,11.67270407,11.29294566,11.15140439,11.46082228,11.82148338,12.26442809,12.4610182,12.56691966,12.63166446
1773980_at,6.427308062,6.633227863,6.497530051,6.233523142,6.057541637,6.230822027,6.468079365,6.666921907,6.959471556,6.747992327,6.535031405,6.460399924
1773982_at,9.804075426,9.314311837,9.278257709,9.279208307,9.424588881,9.533124422,9.746046734,9.771228065,10.15763185,10.34692334,10.43479357,10.31795176
1773983_at,2.778975179,2.825160255,2.599488033,2.979901838,2.740467765,3.021179226,3.103840389,2.875933671,2.644485405,2.93993155,2.76480867,2.803849445
1773984_at,7.817686565,7.781214842,8.036083837,8.021533243,7.727281058,7.825859982,8.007072392,8.013154594,8.277912438,8.493097922,8.587096785,8.418310928
1773987_at,10.59885198,10.86052126,10.74518761,10.39529511,10.33875965,10.35543705,10.62496681,10.68455065,10.7520605,10.72174317,10.72927602,10.75656478
1773989_at,9.793048731,9.761899366,9.68767149,9.768341302,9.734119992,9.764119051,9.887015372,9.892009137,9.802407189,9.841444816,9.743349999,9.565756912
1773992_at,11.99695036,11.92939072,11.93129141,11.99530022,11.9153369,11.91338219,12.09179225,11.9226477,11.7588272,11.36594768,10.77556558,10.40605048
1773993_at,10.68168603,12.53381274,12.68038243,12.24243821,11.6174016,11.14174277,10.59590589,11.75531289,12.34335145,12.38281181,12.28551552,12.19463462
1773994_at,10.91834621,9.279658785,8.003421227,9.423817341,9.79493058,10.21604,10.95506061,10.34107895,9.32384944,8.494918818,8.355699146,8.750417387
1773995_at,7.881731441,7.019395811,7.447745083,7.400903455,7.60434746,7.532220379,7.701782645,7.858574787,7.824233007,8.056736093,8.059186944,8.148846242
1773996_at,2.323713624,2.668078419,2.570443024,2.45886811,2.530501489,2.791109528,2.380779745,2.545294818,3.040651431,3.049236953,2.806815945,2.819993397
1773997_at,7.392493541,7.195396989,7.156600935,6.989921423,7.155029532,7.115546271,7.475487825,7.307543654,6.910502841,6.949861985,7.216082496,7.130972814
1773998_at,4.475579742,4.55598793,4.113665486,4.5139442,4.483228042,4.165063093,4.251641629,4.570413102,4.695021427,5.028850078,4.958082086,5.62824927
1774000_s_at,2.581789131,2.853302851,2.566492393,2.893835168,2.76677789,2.706243513,3.168297956,2.527657447,3.07308253,2.6692365,2.764631446,2.998978868
1774003_at,6.687466743,6.62403816,5.860463236,5.890652759,5.890652759,6.413198804,7.138114784,6.460739022,5.880375327,5.993430006,5.384401991,5.642910931
1774005_at,10.75595769,11.39874712,11.73316898,10.96865138,10.46449783,10.50396965,10.82755359,11.42662515,12.09597935,12.02127644,12.03519405,12.03929752
1774009_at,11.65184589,11.45722399,11.47581622,11.28599217,11.24358007,11.35131654,11.66952708,11.61026153,11.55392749,11.40866609,11.40489093,11.55976109
1774010_at,9.422740179,10.59434529,11.43340085,11.47746843,11.0659681,10.58930041,9.590767864,10.24801737,11.18064738,11.72714492,11.68388054,11.4346062
1774011_at,8.280824612,9.045656628,9.414041188,9.546938726,9.429524471,8.964882466,7.997633321,8.350976924,9.095898516,9.914246719,10.19322144,10.31870405
1774012_at,4.037194407,3.565953537,3.615041538,3.77695256,3.919442925,4.320469519,3.686625739,3.54220753,3.465165705,3.776716117,4.22596796,3.423495785
1774014_at,7.352853342,7.022168933,7.175151782,7.232819913,7.197986022,7.093005897,7.373483284,7.422383211,7.95440663,8.267570053,8.633922812,8.60521877
1774015_at,6.614675434,6.220411594,6.644845169,6.441615095,6.582257771,6.33834905,6.714537021,6.162888384,5.930796579,6.049876964,5.913389333,5.841827683
1774018_at,10.34700485,9.07955312,7.65141018,8.852711634,9.23920959,9.668064528,10.4491702,9.660364804,8.190306976,7.111353592,7.041107198,7.325179998
1774019_at,4.331876483,4.216952822,5.219995397,5.831784715,6.034824008,6.616474747,4.461202828,4.334164543,5.133612798,5.763375888,6.133300563,6.556092684
1774022_at,9.399510269,9.588357737,9.961260799,9.46094792,9.588441468,9.56809951,9.471365991,9.917394794,10.49592974,10.64697243,10.63462932,10.53420856
1774025_at,7.153989565,8.390954318,7.101595646,6.987388253,6.741485297,7.571823438,7.483259893,6.536184093,5.734966849,5.574761567,5.423501013,5.547539009
1774026_at,9.075813442,10.45591274,9.949633654,9.299828209,9.463396755,9.137089585,9.17021084,9.821541566,9.531909477,10.40409051,10.21769584,10.09422854
1774027_at,9.15913488,9.264280838,9.669302642,9.248793049,8.917505534,8.89816063,9.281599106,8.9253956,8.796893844,8.959402116,8.858046836,8.78469479
1774028_at,8.187666005,8.440656587,8.838640236,8.353690977,8.103106844,7.96850368,8.072148898,8.58269628,9.34239452,9.974185539,10.25914784,10.51602188
1774033_at,7.966945277,8.16478824,8.350502914,8.097342161,8.199581754,8.075263519,8.132392885,8.688614759,8.934243881,9.348405543,9.426187468,9.377617359
1774035_at,10.15205046,8.90922861,8.407255119,9.252758219,9.535110456,9.832066039,10.19683268,9.65157372,8.656649992,8.03275941,8.109718087,8.147190798
1774040_at,11.98894135,11.51406651,11.79237691,11.88376365,11.96760556,11.98913577,12.06927534,11.88243917,11.55863,11.45174328,11.60667718,11.39206357
1774042_at,7.838343539,7.674627873,7.75498912,7.626082033,7.690049945,7.858892602,7.643912086,8.14263704,8.405584919,8.158244306,7.935793637,7.804879603
1774045_at,10.9943311,10.89116201,10.95012086,11.15548591,11.14190233,11.11595209,10.99653829,11.06641447,11.17442424,11.21024006,11.24034225,11.34603506
1774049_at,8.480473191,7.893672145,7.894028116,7.767687165,7.904032754,7.965582268,8.605051768,8.228385082,8.173230375,7.922961176,7.737534878,7.571279007
1774050_at,10.74034999,10.70041256,10.58429361,10.76983129,10.73589625,10.72898268,10.49107008,10.47219348,10.13423919,9.708710785,9.425158742,9.397927396
1774052_at,8.986853177,8.762781505,8.779240734,8.816129717,9.209666903,8.974226415,9.057845701,8.786924137,8.417554771,8.474466672,8.582932023,8.754957246
1774053_at,9.203963341,7.573174173,7.170496495,8.072304825,8.307712328,8.673879283,9.102861083,8.383730456,7.223873379,7.302987083,7.437905088,7.682566894
1774055_at,10.4202173,9.657535966,9.758776248,10.02348196,10.26492232,10.32645295,10.69686748,10.05184794,9.432820319,9.532515504,9.816862287,9.786003401
1774056_at,9.760893256,10.40768454,10.63122261,9.94691317,10.15601851,10.01626113,10.0014143,10.50864224,11.05865979,11.41619961,11.37291426,11.15431696
1774057_at,8.162174772,10.17627947,10.2421073,9.760477484,9.556212232,9.082123599,8.327201821,9.601882829,10.61441538,11.18574551,11.35294425,11.39836741
1774060_at,8.925322918,9.543326563,9.933520254,9.62884274,9.38283198,9.044080776,8.915059082,9.19521852,9.640979046,9.831810527,9.711702906,9.392657099
1774063_at,3.547999789,3.890311032,3.952943105,3.880190569,3.873656284,3.682846482,3.308786249,3.465852533,4.121896647,3.979250359,3.823342191,4.086586341
1774064_at,10.75474817,10.54752151,10.10188011,10.0729816,10.28700534,10.50392928,10.61357161,10.42400096,9.664361955,8.930631072,8.790176762,9.252123456
1774066_at,8.757807986,9.332647398,9.423044313,9.18128792,9.053459451,8.768630398,8.943009188,9.275060902,9.765460327,10.14709793,10.08145369,9.88107276
1774069_at,9.155488765,9.746611299,9.81621017,9.482177814,9.441516044,9.274937267,9.007226615,9.238773013,9.484070408,9.66961766,9.62969822,9.801153203
1774070_at,8.530949219,8.014023904,7.436855934,7.150528633,7.976449056,8.846957532,8.588237848,8.395530655,9.045959037,9.125569718,8.67560447,7.891215928
1774071_at,12.08479932,11.93121087,11.61465639,11.64497769,11.78952763,11.92380786,12.11866696,11.97117008,11.50246697,10.77714445,10.82504162,10.87021969
1774072_at,3.394418478,3.679332532,3.666732584,4.19756539,3.85953938,3.77283674,3.958833091,3.636744128,3.350405472,3.781253144,4.005599772,4.027427458
1774074_s_at,3.436675069,3.671758447,3.478672784,3.8182713,3.424624869,3.514163467,3.178623581,3.427677211,4.208283312,4.127182558,3.831929541,3.997840121
1774079_at,9.227079378,9.469460217,9.610034322,9.347053588,9.250715716,9.325967058,9.33822114,9.253014701,9.460545046,9.230243283,8.998035761,8.810942061
1774080_at,8.803649909,9.094653329,9.499206818,9.282447881,9.122575488,8.903178777,8.905086901,8.766485665,9.00755851,9.673733949,10.00962258,9.905572678
1774081_at,9.497970026,9.540153694,10.19882351,10.40241261,10.23175917,9.65627566,9.542519646,8.718792275,9.467556147,10.00952539,10.1145962,10.1701745
1774082_at,6.90933838,7.35172242,7.464984891,7.198964596,7.206542364,7.092178355,7.137879321,7.828797959,8.277772479,8.539715342,8.48122765,8.403598191
1774083_at,4.639474486,4.149753977,3.73605527,3.854336197,3.849953893,3.871202601,5.00046667,4.205222225,4.508952605,4.146127145,4.381339592,3.956663519
1774084_at,7.292932278,6.535960103,6.362725157,6.37724143,6.841435835,6.874476006,7.504878246,6.464642712,6.24887744,6.281903022,6.344381564,6.432402396
1774085_at,10.92220869,10.94167431,10.91157074,10.86740181,10.83813557,10.84249771,10.83469565,10.9017781,10.87038349,10.61370901,10.79352195,10.7500546
1774086_at,10.03421924,10.5208862,10.55040089,9.929426141,9.769752803,9.840649542,9.89725525,10.39704372,10.45842706,9.771335799,9.493730486,9.588400515
1774087_at,5.697002187,6.481042645,6.916933175,6.773831655,6.483842994,6.045877215,5.319066034,6.386617826,7.172217977,7.524015726,7.809688589,7.838083806
1774090_at,10.03106025,9.743010864,9.728095121,9.67311993,9.645096995,9.658447376,9.943638922,9.980447506,10.04072358,9.872975389,10.07358245,10.31401212
1774091_at,9.06740511,8.316234689,8.302608191,8.637214566,8.742934499,8.968486953,8.894219648,8.617544179,8.451454636,8.582847821,8.470439954,8.502141001
1774092_at,8.649630611,6.217750753,7.174351295,7.476135825,7.873516068,8.277378502,8.546813468,6.462083074,6.236833216,5.99061864,6.424792414,6.79685146
1774093_at,10.63616836,10.76098034,11.07568498,10.94991277,10.84321235,10.78774603,10.70224758,10.80050148,11.21460537,11.5052976,11.57633227,11.68239948
1774094_at,9.915768898,9.844215449,9.853293159,9.853741065,9.797521517,9.969176711,9.881326448,9.692873919,9.482345907,9.376233552,9.443334465,9.471198078
1774095_at,7.050686254,7.183709925,7.35139924,7.502585317,7.569399464,7.554875994,7.28911169,7.440537028,7.530889813,7.976659001,7.969476091,7.796088126
1774097_at,2.682030065,2.756988503,2.94896758,2.874091414,2.589412922,2.655204477,2.746268771,2.471608702,2.569277667,2.616555239,2.623582201,2.39509371
1774100_at,9.757820384,9.533619118,9.399530053,9.566778021,9.575708988,9.628742584,9.875584321,9.930545184,9.996866877,10.16577072,10.27200133,10.41731325
1774101_at,9.911132956,9.661537306,9.763054001,9.597160331,9.680140498,9.721884047,10.17644578,9.823633999,9.608899971,9.601844094,9.522450452,9.228388499
1774102_at,10.1269853,9.772952656,9.899991687,10.02268582,10.04916021,10.00699892,10.12059746,9.716006028,9.51904349,9.533330866,9.537023644,9.764984575
1774108_at,11.45871538,11.58918965,10.48272714,10.33156597,10.44319094,10.55517298,11.49974836,11.65996901,11.21032892,10.59832407,10.54574815,10.57282965
1774109_at,8.55991254,8.378184468,8.446105906,8.50323886,8.514796431,8.535375446,8.563121459,8.753082519,8.980198148,9.241926428,9.308554004,9.466799485
1774110_at,9.651186736,9.868340369,9.685892283,9.46728895,9.299091659,9.304779221,9.746055959,10.0544508,10.34870842,10.50686876,10.27788862,10.07129657
1774111_at,11.21606022,11.17410656,11.31264424,11.3495799,11.19465256,11.14320877,11.38695012,11.21865431,11.3210687,11.50109856,11.48438111,11.33719985
1774112_at,8.290457184,8.018738819,7.988039298,7.876606189,8.069075034,8.065304204,8.516517783,8.435403344,8.534509085,8.6937875,8.757488014,8.389798898
1774113_at,8.819163635,7.563069899,7.636781166,8.244312676,8.588629513,8.760354188,8.632917286,8.497419216,7.882987078,7.892090784,8.205895295,8.499064278
1774116_at,9.510908674,10.02288459,9.47495895,8.621578244,8.626394463,8.735094511,9.259952353,9.77460391,10.18021132,10.22741557,10.35141425,10.51674884
1774117_at,11.34934146,11.08857237,10.53444763,10.92632022,11.10556245,11.22954342,11.35847953,11.26477269,10.65050476,10.10470501,10.10439034,10.11434582
1774119_at,7.227914451,7.321980261,7.384946034,7.335591895,7.297288252,6.995532207,7.335465339,7.746135589,8.148725936,8.602776368,8.711738838,8.613504742
1774121_at,9.665642555,9.973354778,9.774401078,9.635265102,9.532158426,9.530155217,9.684452756,9.534792325,9.935099408,10.53106373,10.44078384,10.90527092
1774122_at,3.742403676,3.702564543,4.244761693,4.444556454,4.351839236,4.315994595,3.98375523,4.027089069,4.349291068,4.016688147,4.167157229,4.105055634
1774125_at,8.43210622,9.166169998,9.153766546,8.50652597,8.250428568,8.186922677,8.444178209,9.139398769,9.662715354,9.737567068,9.85577628,10.00503372
1774126_at,10.63215767,10.87148848,11.26596703,11.43020782,11.35683822,11.07432986,10.67169756,10.67797059,11.01467369,11.41782537,11.78125957,11.76825553
1774129_at,7.936133153,7.957995274,9.056873337,8.43887868,8.267052118,8.242407704,7.82751747,7.692732709,9.295140776,11.03292805,11.27711873,11.13651064
1774130_at,8.128860511,7.991376785,8.199135289,8.248445873,8.306156884,8.266517587,8.163207357,8.070337285,8.417589056,8.707527825,8.860117186,8.776572197
1774134_at,11.7868994,11.45239438,11.06284726,11.54638058,11.66372081,11.59596648,11.7832475,11.61529883,11.40189753,11.24720457,11.7031688,11.90111262
1774137_at,7.568912051,10.17355651,11.39249186,11.00383905,10.81426744,10.47293102,7.617632253,8.482560214,9.688799711,10.57462225,10.40780342,10.23817894
1774138_at,11.37679776,11.71868972,11.91152031,11.90598098,11.74254634,11.55435904,11.51215112,11.60900015,12.07412294,12.30343883,12.30898482,12.15566282
1774139_at,8.268324703,8.554967084,8.541571464,8.530954275,8.382354055,8.485053698,8.222262304,8.572410927,8.975488366,9.259504853,9.482124304,9.429996386
1774142_at,10.72342888,10.01630514,9.901451846,10.08770353,10.2593103,10.35315543,10.50340267,10.06300207,9.594360775,8.9992623,8.938509849,9.04670374
1774145_at,9.391430215,8.754928099,8.867243748,8.801373893,9.071793812,9.185360436,9.351798352,9.235067273,8.998269666,8.792617275,8.607502444,8.692919794
1774146_at,8.617150547,8.651954633,8.617730214,8.39519451,8.298803031,8.255649358,8.528878321,8.758039994,9.190271603,9.215732317,9.276704174,9.310896903
1774147_at,9.472266627,9.417369183,9.804797925,9.552125593,9.442874209,9.225612643,9.675745395,9.610885693,10.11530027,10.38599891,10.29705642,10.21282543
1774148_at,11.06340156,10.92558335,10.98496729,11.06289145,11.12039932,11.11216981,10.98826254,10.85458151,10.76766301,10.85941834,10.92870618,10.97287259
1774149_at,8.271702797,9.237857378,9.664291117,9.42822571,9.204084408,8.875125917,8.062173713,9.03660823,10.01125599,10.42881569,10.45693822,10.61256382
1774150_at,8.308980306,7.857619093,8.067711266,8.285277542,8.407014003,8.354717887,8.304883196,8.211297577,8.315992534,8.527884414,8.604550475,8.702972354
1774151_at,10.60565541,10.42156088,10.23938811,10.13966669,10.17599136,10.30849013,10.68096056,10.50525471,10.06340185,9.789598861,9.646294369,9.594817453
1774152_at,11.82573917,12.38960999,12.48996365,12.31084717,12.14068932,11.97301719,11.86203632,12.23355246,12.42985625,12.44830008,12.4933788,12.56053624
1774154_at,7.243814383,6.917695319,6.962298347,6.782325996,6.865976038,6.762555976,7.047460286,7.65858564,7.710350807,7.745263694,7.431662922,7.138244938
1774156_at,9.01774548,9.194781848,9.368835917,9.113412159,9.011154026,8.888760001,8.974812937,9.295883007,9.76013205,9.891928455,10.05782996,10.10151679
1774157_at,6.502559785,7.40744525,8.349107492,8.376600906,8.224376477,7.926052166,6.759518677,7.111784333,8.068762387,8.662201618,9.154518722,9.370950992
1774158_at,8.986497179,9.428248644,9.458720766,9.234382903,9.214811575,9.019159984,9.017791366,9.246231157,9.399142188,9.693373947,9.863914297,9.935709658
1774160_at,8.920492384,9.204573842,9.430789624,9.02786437,9.029960828,8.909039167,8.911144923,9.366443405,10.02506218,10.11430679,10.00465726,9.960056975
1774161_at,12.09237381,12.06741411,12.14247938,12.20049043,12.20801535,12.14882529,12.07237709,12.02224532,11.91448268,12.04876817,12.00117998,11.92728341
1774162_at,9.14030506,9.615943827,9.969671489,9.974898588,9.902406598,9.760843153,9.088206531,9.359201514,9.874364035,10.43712393,10.52541809,10.71019147
1774163_at,2.326956089,2.393514082,2.667428874,2.634291947,2.382362414,2.651570412,2.237552187,2.78532304,2.399083451,2.585600992,2.818843765,2.637515872
1774166_at,3.572158005,4.387733448,3.754368634,3.430982706,3.250248791,3.662337684,4.272025946,3.55040181,3.624919217,3.466833551,3.163145423,3.470926596
1774167_at,6.650721927,6.930014032,6.975560115,7.157131567,7.001850409,6.771487007,6.492934339,6.795507912,7.10040168,7.049609997,7.272542304,7.217041208
1774169_at,12.34182612,12.64714768,12.26965236,11.92633303,12.06440374,12.13068832,12.36431206,12.02969077,11.63890634,10.55186418,9.56238618,9.436953934
1774170_at,9.191766697,8.492445315,7.392309615,8.204862363,8.531571338,8.698260163,9.172146898,8.803973672,7.811291161,7.095030874,7.074496334,7.190050439
1774171_at,9.532816889,9.085970448,9.265273301,9.268002834,9.289412702,9.251531844,9.474101097,9.115604853,8.622738405,8.669106794,8.73548352,8.579719065
1774172_at,9.545482974,9.404516143,9.58069443,9.43677495,9.386026538,9.267420823,9.488162577,9.840336489,9.821767283,9.906182327,10.07789709,10.16576744
1774173_at,9.744509856,9.482371839,9.531335461,9.418133719,9.326834191,9.388034538,9.778506079,9.846492285,10.18247741,10.39562213,10.37617907,10.29568041
1774174_at,12.65865069,12.47605529,12.18589125,12.25414901,12.46071204,12.6195161,12.61971295,12.4499074,11.61561341,10.14103622,9.818699408,10.11320347
1774175_at,10.07305375,9.085642141,8.035016621,9.022888064,9.198905528,9.442986785,10.12525039,9.714077188,8.667791391,8.073078841,8.084647426,8.402774452
1774176_at,10.32373137,10.5116253,10.69656806,10.65182896,10.56607248,10.51817239,10.38685637,10.55572188,10.92364108,11.34920042,11.59904681,11.62454145
1774177_at,4.888567471,5.624692402,5.805220247,5.522716678,5.205255281,4.813421239,4.835096084,4.740579256,5.361216747,5.958304258,6.057086142,5.765539175
1774180_at,11.20275542,11.06837358,10.82578724,10.9955778,10.98463538,11.08742415,11.08575272,10.95324163,10.52805242,10.04311042,9.866466513,9.71745616
1774181_at,8.655430191,8.73618721,8.749272967,8.583609545,8.402035197,8.517544576,8.511832307,8.811135288,9.34424077,9.498604059,9.468770515,9.295089646
1774184_at,9.938997638,9.955023447,10.73641552,11.08779317,11.01084089,10.75539975,10.06644367,9.80109835,10.14276294,10.70583341,10.86024172,10.70513532
1774186_at,9.097740661,6.969932255,6.490685185,7.65299468,7.915857141,8.574252863,8.747077161,8.389316112,6.839490331,6.17074862,6.543003084,7.11092716
1774192_at,8.507887934,8.258986638,8.107065373,8.258897554,8.454385193,8.443076357,8.546017079,8.426451018,8.699065966,9.504919377,9.783902029,9.831582664
1774194_at,9.42719187,9.602225499,10.18353406,10.45193434,10.25924525,9.775624875,9.347165224,10.04923194,10.45817167,10.69468414,10.22095653,9.821529306
1774195_at,8.414304741,9.019779955,8.900524481,8.601164439,8.776343276,8.731786894,8.421639712,8.502192533,8.538375513,9.375216437,9.947477072,9.949991884
1774196_at,7.912232054,7.464096515,7.557444776,7.647991066,7.846666003,7.935555976,7.922323261,7.76093731,7.547631954,7.488293191,7.383169733,7.211250912
1774200_at,8.455070518,8.715249527,8.386744122,8.519390743,8.83235709,8.918350083,8.550251097,8.716605317,8.121767022,8.004723102,7.924137467,8.110010934
1774204_at,10.67008617,11.20990162,11.20604721,10.90883106,10.72104581,10.66000868,10.76828137,10.8194034,10.779688,10.71748012,10.69742472,10.79597303
1774207_at,8.860591209,9.526657135,9.942238509,9.336885874,9.050019706,8.748352098,8.875804605,9.753801582,10.62936892,11.23477292,11.45352248,11.72638751
1774209_at,7.326298906,7.26653164,7.207466145,7.121057733,6.99604579,6.975508682,7.387631361,7.706132118,8.03399676,7.745781988,7.527970772,7.395054361
1774211_at,12.95412164,13.22508229,13.30330263,13.37916818,13.176639,12.93857208,12.93103407,13.09414175,13.27291133,13.38873703,13.31198623,13.32386914
1774218_at,10.05666601,9.553829353,9.48351382,9.65060085,9.756605716,9.907299775,10.18813014,9.937206086,9.733879532,9.790784662,9.904064056,9.868920806
1774219_at,8.388787212,8.762812148,8.604748902,8.688689707,8.575339664,8.575339664,8.439087068,8.046704009,7.760622965,7.875788066,8.205781444,8.662434423
1774220_at,12.27116631,12.28417715,12.42180649,12.51320598,12.45131241,12.35765791,12.2240587,12.29515457,12.44436468,12.4786388,12.53858944,12.53318323
1774221_at,8.604573283,8.474745493,8.707033542,8.94988764,8.997753423,8.733542516,8.656452986,8.845939252,8.806107382,9.251204673,9.203602525,9.298020203
1774222_at,11.0510422,11.01702218,11.09539644,11.05596228,11.06794788,11.09143382,10.96633433,10.96884698,11.07716346,11.10837475,11.12768543,11.13353937
1774223_at,11.01965368,10.18731384,8.825457906,9.801213715,10.23592167,10.67680398,11.11820852,10.3590249,8.502158304,7.258511156,7.096203704,7.332596516
1774224_at,9.054567864,9.109085996,9.292881768,9.340342518,9.033251055,8.928096073,9.068162609,8.911518887,8.82992355,8.927936034,9.1045286,9.026695175
1774225_at,12.0888881,11.85949802,12.01982944,12.15564923,12.17892449,12.17469561,12.10763143,11.97232159,11.83223548,11.98068564,11.86496799,12.01578322
1774226_at,9.786274367,9.415074149,9.194830205,9.257749064,9.267342753,9.318463671,9.833308028,9.913201219,9.928074102,9.869377232,9.832131901,9.757858089
1774227_at,9.224751782,10.29010354,10.08602923,9.448422664,9.344203486,9.304794204,9.221500061,10.16536215,10.48635326,10.28927404,10.15160641,10.28571533
1774229_at,9.655217374,9.792316581,9.685454667,9.614163055,9.559039058,9.631242198,9.644589478,9.735998857,9.677520314,9.555208442,9.604677522,9.355244589
1774230_at,3.465009875,3.643532453,3.386989061,3.419030118,3.386989061,3.081006034,3.493561039,3.337371941,3.324389406,3.468873496,3.406755926,3.335402471
1774231_at,9.273111286,8.779776817,8.619562435,8.768692137,8.926377043,9.036541542,9.209707321,9.021732012,9.257608784,9.48154121,9.511785479,9.546130898
1774234_at,9.234598755,9.244654823,9.55589337,9.211225688,9.200535065,9.207268705,9.264583789,9.579669593,9.982071671,10.19153771,10.29238471,10.5502859
1774236_at,9.726694989,8.823437973,9.000367621,9.767250549,9.895957185,9.821911291,9.774054656,9.165606298,8.180543633,7.610776474,7.317825983,7.290322744
1774237_at,10.53991702,10.17786077,10.05011048,9.987687583,9.982608092,9.996824298,10.51788437,10.46643769,10.5147092,10.37491036,10.53330762,10.75144386
1774239_at,8.472728054,5.584177699,7.126992333,7.577775955,7.755409709,8.207424921,8.527856092,6.399783673,5.743354298,5.69999182,6.752500926,7.490867409
1774240_at,3.747225172,3.537265108,3.564384617,3.451955194,3.921098928,3.683038848,3.573479434,4.152932857,4.181620896,4.399044445,4.871925195,5.105997701
1774241_at,11.91597914,11.92073279,11.98621165,12.05739907,12.06288974,11.88411868,11.93842631,12.11487835,12.20112982,12.29103814,12.24743343,12.19859044
1774243_at,7.845127374,8.336727106,8.691538346,8.168807394,7.81486179,7.476652732,7.869271688,8.697930261,9.637368273,10.21115364,10.71180225,11.05418857
1774245_at,3.067061581,3.124033389,3.034519238,3.260528075,3.22483155,3.226906005,3.193368439,3.039753327,3.033627066,2.985409352,3.027248711,2.770545329
1774246_at,9.343359982,9.345204077,9.60019284,9.547813546,9.448283315,9.334180402,9.350944607,9.549536064,10.01103737,10.17914759,10.19098214,10.10965806
1774253_at,9.220856932,9.574317673,9.95452465,9.587336286,9.316719096,9.336458041,9.257844647,9.03794274,9.13436563,9.057059372,8.55122828,8.537916614
1774255_at,9.588139482,9.819759494,9.783761438,9.695205375,9.67193221,9.55721996,9.513356691,9.808982024,10.23673682,10.28388422,10.29803711,10.23136564
1774257_at,2.988841137,3.152447913,3.032728532,2.996938371,3.18788455,3.177946531,3.518072732,3.257099125,3.53198044,3.783299675,4.543446145,3.835315949
1774258_at,8.327852626,8.137883634,8.299331715,8.236114122,8.261725724,8.226982389,8.391312386,8.333811302,8.449053086,8.578451512,8.608362607,8.660679485
1774259_at,3.601418452,3.67878893,3.592669568,3.580372388,3.528126732,3.883071432,3.579679404,3.591508412,3.81976973,4.137282901,3.564740459,3.465918418
1774263_at,10.56480451,10.26652546,10.04204634,10.31101506,9.67215031,10.04655832,10.7063393,10.71936527,10.40827231,9.205827891,7.912594726,6.408371977
1774264_at,11.33387979,11.25671243,11.04940617,11.1814049,11.348171,11.36352037,11.13056967,11.17087737,10.80492361,10.68965906,10.6842247,10.82525098
1774265_at,11.60470713,11.05703014,10.62521957,10.94389855,11.18122165,11.29731834,11.67797277,11.32320535,10.70966615,10.17831979,9.895522585,9.621125032
1774270_at,8.167202282,7.699168207,8.197721252,8.189776494,8.134810632,8.381565811,8.351446057,8.382042513,8.489092181,8.827400715,8.842388089,9.120883653
1774274_at,10.1949139,9.85422924,9.821644516,10.00673754,10.05003938,10.1869228,10.06768047,9.797375575,9.1714497,8.498083936,8.201000997,8.270003493
1774275_at,12.82365755,12.75018389,12.66113731,12.62082304,12.74274304,12.83001348,12.73147032,12.78646889,12.68865259,11.86964877,11.57701971,11.57416975
1774276_at,12.63023681,12.68151122,12.50243802,12.37044336,12.53974342,12.68679839,12.7539523,12.58736391,11.8551842,10.43291163,10.10285799,10.29399695
1774277_at,11.16903516,10.57987356,10.23957965,10.48275199,10.62955164,10.81606703,11.09608127,10.98352344,10.4777794,10.27818168,10.29075818,10.36376984
1774279_at,10.61195219,10.46926704,10.40092574,10.52986054,10.52948158,10.51193797,10.62856008,10.58491238,10.6448515,10.84059768,10.89369384,11.08290515
1774282_at,8.327646431,7.776296842,8.271892161,8.5349667,8.839911086,8.82884725,8.366940884,7.860713718,7.935494892,7.863533111,7.731275716,7.473458095
1774287_at,7.900000167,8.641082466,8.809380466,8.347237936,8.235710537,8.096961395,7.940697346,8.75434953,9.420467724,9.758635283,9.986764045,9.914040328
1774288_at,9.83493305,10.43259229,9.88408383,9.555587811,9.669980012,9.714102735,9.588441468,9.715924956,9.763634958,9.620007966,9.520705637,9.707251359
1774289_at,10.246345,9.957441775,10.03138539,10.13285703,10.20993363,10.21000432,10.14535103,10.1320981,10.13755071,10.03794971,9.926758292,9.887494723
1774290_at,10.64600849,10.70320674,10.36415752,10.59723209,10.79691711,10.62371363,10.67225762,10.88361386,10.75019879,10.70079635,10.57857557,10.38999519
1774295_at,7.550290182,6.944561948,7.046319896,7.346262866,7.515619718,7.682905416,7.615223485,7.605285733,7.976658819,7.975639067,8.043141516,7.700407861
1774296_at,7.665618132,7.870158892,8.076481875,8.097992396,8.183904452,8.013972268,7.601162067,7.331325704,7.446333061,7.927901694,8.201000997,8.183764436
1774300_at,12.71632316,12.6617991,12.64814617,12.79555163,12.77603528,12.69097108,12.67140051,12.71064708,12.68071207,12.63852216,12.62100568,12.58578005
1774303_at,8.641579205,8.319521097,8.128330015,8.150499359,8.225424195,8.321885407,8.805521478,8.878941644,8.699746088,8.465474759,8.185804869,7.98633708
1774308_at,10.1320618,10.14376455,10.2303347,10.2666931,10.27022237,10.21620765,10.32421781,10.32532894,10.2337579,10.23611205,10.17843821,10.06103438
1774312_at,8.799619078,8.813650983,8.770483683,8.581700999,8.502348182,8.56147338,8.776026019,8.84223458,8.800645811,8.622606738,8.780788428,8.939885403
1774313_at,10.91926993,10.02354689,8.817641712,9.700042375,10.16047658,10.40921134,11.02742035,10.58526526,9.64169663,8.619188056,8.265984389,8.26797419
1774315_at,7.678453787,8.479231246,8.790999903,8.47787379,8.342167516,7.905697681,7.907720021,8.49155186,9.180635199,9.982777803,10.15988531,10.31579942
1774317_at,9.47949828,9.900074168,9.828186385,9.746955998,9.592289625,9.43367218,9.414873915,10.23386455,10.86760843,11.36639025,11.46830763,11.33585846
1774321_at,6.509489556,6.784739511,8.021070984,8.085933608,7.347437275,6.741763879,6.544065137,6.790349164,7.34615811,7.744974297,7.971461186,7.94800243
1774323_at,5.856770755,5.704927789,5.869906676,6.070187925,6.126262717,5.539810792,5.615324678,5.625395308,5.880630404,6.41115873,6.439323346,6.510555752
1774324_at,10.06059355,9.95510477,9.912671942,9.940960468,10.01204532,10.01911441,10.11209925,10.13445673,10.05792239,10.24855704,10.31012381,10.08061979
1774326_at,8.445674052,9.138538598,9.650428764,9.004687636,8.34771386,8.26227508,8.526792642,9.223331824,10.29539073,10.41894202,10.45256041,10.69506158
1774327_at,12.23661743,12.20897733,12.07703041,12.11996012,12.12542021,12.09587012,12.09541184,12.16912324,12.09704663,11.80718631,11.63713268,11.69912447
1774328_at,5.099885194,4.764337487,4.875470435,4.841780765,4.64589795,4.925397825,5.292494536,5.214886182,4.804992099,4.942364907,4.794037436,5.148544291
1774330_at,9.253063191,9.956277733,9.99086509,9.564033265,9.506212516,9.264441256,9.560223041,9.810605187,10.1459122,10.12747192,9.963492956,9.866820172
1774332_at,10.12961992,10.06240671,10.13684613,9.938752662,10.07377139,10.0653175,10.42279904,10.42594799,10.20929523,10.03563034,9.728949516,9.520779385
1774334_at,12.83059673,12.76971254,12.68765003,12.67736364,12.67595985,12.72319421,12.71220579,12.70813243,12.47962983,11.9428509,11.69153859,11.74484847
1774335_at,12.33818476,11.62603362,10.74068922,11.34922598,11.70225389,12.01754885,12.40035411,11.9402531,10.63152924,9.87974606,9.862459749,10.08086251
1774337_at,11.77609368,12.13775804,11.75404057,11.41339171,11.37952908,11.49296478,11.76615057,11.45516876,10.83085523,9.738157791,8.517035467,8.046728642
1774339_at,8.357413021,10.08025922,10.59255994,10.20508452,9.776330298,9.229670153,8.379047207,9.378000977,10.49629757,10.90537095,10.75463428,10.75045186
1774340_at,8.275985721,9.89537358,9.980497076,9.155817987,8.990688779,8.731107028,8.374175696,9.490457173,10.68513181,11.05751887,10.98250637,10.77931857
1774341_at,9.342997405,8.651263851,8.67871738,8.819618545,8.907643906,9.051569004,9.598937069,9.230339635,8.908992295,8.665142955,8.545129187,8.401163998
1774342_at,11.44586204,11.06223345,10.87682199,11.01288801,11.21708288,11.26800165,11.37000799,11.04995616,10.91675501,10.90338482,10.82749161,10.83924132
1774343_at,6.404993097,6.66498266,7.161986823,6.774766805,6.595090261,6.556057677,6.500090217,6.59452612,7.149696929,7.341805553,7.553479249,7.722193368
1774346_at,12.60054594,12.80907453,12.86123638,13.04563232,13.03881201,12.89614798,12.59166858,12.67428885,12.54276162,12.84625805,13.07705012,13.0824507
1774347_at,10.97974844,10.5552155,9.972826803,10.18016434,10.34973346,10.65439768,11.18602397,10.80308337,10.04751019,9.611988776,9.554626357,9.628027863
1774348_at,10.4501516,10.48660549,10.24657157,10.43650101,10.47847871,10.49873792,10.40155314,10.47847871,10.51279375,10.31564497,10.28885785,10.46707703
1774349_at,11.81892333,10.63737089,9.76268808,10.61995955,11.02505367,11.35095798,11.73418921,11.17066483,9.337181385,8.575636676,8.982567927,9.353327723
1774351_at,9.399400354,9.454239295,9.382158156,9.568428023,9.615525705,9.426470831,9.472861027,9.937651188,10.12988838,10.3633089,10.38702473,10.04490282
1774353_at,8.592238839,8.76442386,8.347287786,8.292661009,8.642681412,8.456586775,8.445740041,8.838884344,8.677888957,8.764889541,8.739495725,8.589139244
1774354_at,6.329797257,12.48243658,12.48004435,11.76655672,10.89082411,10.33403529,6.430325086,9.551546282,11.21088244,12.07914751,12.05661642,12.04689649
1774355_at,7.903260578,8.560934097,8.938758609,8.7086576,8.633037369,8.430520032,8.22360915,8.553077118,9.328395433,9.937529706,9.852912481,9.645854469
1774356_at,7.909461667,7.373771892,7.652260669,7.63677602,7.892935025,8.41808275,7.809204943,7.242613522,6.949584164,7.162706372,7.373083045,7.577805907
1774357_at,9.9055768,10.01989259,9.891563938,9.919515211,9.901257099,9.758417137,9.954656181,10.00274888,9.961479915,9.97327707,9.970944281,9.851965357
1774358_at,10.53061058,10.69553772,10.9564031,11.09555487,10.99371905,10.78577989,10.56406736,10.6881452,10.88786254,11.45828681,11.47456709,11.54455994
1774360_at,6.664448013,7.394641762,7.362826019,6.870714377,6.668144812,6.68255702,6.631140882,7.561976434,8.380047343,8.500744909,8.618775106,8.615661834
1774361_at,9.653428406,9.45915608,9.718568638,9.495636342,9.756908646,9.933055393,9.736034457,9.739802448,9.567611903,9.16923039,8.844468113,8.786531208
1774362_at,10.97317547,10.20015992,9.411164914,9.968339119,10.12028017,10.54264907,10.9243695,10.67701708,10.18667118,9.508001156,9.292709538,9.284294073
1774365_at,8.703151548,8.772742068,10.49672518,9.65315954,9.269256806,8.821146048,8.842768485,8.421208029,8.562957672,9.701336817,9.416955004,9.002754017
1774367_at,9.849505571,9.459986631,9.323852398,9.413739444,9.468303441,9.588209667,10.01770996,9.749904421,9.469921559,9.344377107,9.443205281,9.178906864
1774369_at,10.81360403,10.65076417,10.75925869,11.24100513,11.38371557,11.41312931,10.67690424,10.22866272,9.570055749,9.505787636,9.690275481,9.616996831
1774371_at,12.72991452,12.68023855,12.62662327,12.61347287,12.66880747,12.71277167,12.64855073,12.62143756,12.49993955,11.88712658,11.43115728,11.69503308
1774373_at,10.46746053,10.61638524,10.96573924,10.99865489,10.74901062,10.86685105,10.55232373,10.82298342,10.95325552,10.72083212,10.95652853,11.09845201
1774375_at,12.18201724,12.75715318,12.84865962,12.8722182,12.66621752,12.3786481,12.14551429,12.54771332,12.78601858,12.8340761,12.85510655,12.88546812
1774376_at,12.34487959,12.34275951,12.34880247,12.36134741,12.38282781,12.32245702,12.39058553,12.43724483,12.55696833,12.47489257,12.26881786,11.90890078
1774377_at,6.756652939,7.517773915,7.719488158,7.932765599,8.041295427,7.939901447,7.095997,7.163448047,7.679765767,8.168114824,8.753018703,8.962273686
1774383_at,12.47389777,12.39290274,12.25478809,12.29737604,12.32055323,12.35291298,12.39494321,12.3921195,12.25808994,11.90710415,11.76908885,11.74500933
1774387_at,3.921794011,3.220202405,3.417545727,3.569436246,3.754547648,4.003813879,4.163593184,3.905452116,3.37336609,3.34381819,3.454863981,3.919542018
1774390_at,9.582200171,9.405363208,9.400131371,9.213427758,9.25040466,9.244188438,9.54741683,9.602192257,9.353257461,9.113579531,8.975932239,9.034974018
1774394_at,8.186990582,8.440212528,8.171281321,8.188367076,8.187265558,8.012275631,8.225687391,8.219672978,8.255959412,8.542729356,8.447507779,8.130139125
1774396_at,9.079606262,10.27547941,9.759156802,9.441857649,9.440877566,9.139581997,9.0253635,9.790930659,10.17854199,10.6165256,10.61164309,10.68230649
1774401_at,12.17645557,12.12069704,11.94187868,12.0558826,12.11851044,12.16541574,12.06155597,11.90671304,11.44837427,10.98594257,10.71421215,10.81632649
1774402_at,3.991827908,4.131135676,3.561278917,4.039662924,3.565823342,4.05606413,4.251198713,4.102702818,3.857338134,3.486212476,3.640535441,3.935443432
1774403_at,8.626721543,9.927534743,10.10821267,9.537925188,9.479804068,9.112963027,8.7248607,9.862073529,11.05645645,11.23608316,10.81626382,10.50376075
1774404_at,7.492995708,7.282255553,7.157112259,7.004505384,7.136714744,7.061821744,7.403540597,7.742054511,7.74003552,7.37086945,7.327500079,7.360132153
1774409_at,8.988306327,9.545970076,9.787352694,9.212185945,8.907954845,8.707995144,9.05605156,9.52039732,10.1738983,10.66166767,10.68717522,10.53344169
1774424_at,11.34274855,11.18943315,11.20636365,11.28474292,11.44818405,11.60706519,11.32869067,10.87282206,9.957857857,9.561133225,9.615739101,9.688646045
1774425_at,12.44431865,12.3584801,12.78189603,12.81812029,12.3304512,12.28576529,12.42090508,11.73672185,11.06453231,11.20481459,10.69498168,10.86447723
1774426_at,6.134953226,6.432703591,6.641430187,6.76597973,6.601675845,6.433106965,6.237040626,6.392332892,6.908494256,7.237317845,7.556043566,7.476876284
1774427_at,10.16325662,10.12431759,10.27184139,10.19428202,10.12117298,10.11222238,10.07843257,10.04015339,10.12662389,9.946597906,9.671149877,9.379243084
1774429_at,7.885441985,7.259155251,7.185931975,7.306328535,7.375894105,7.613636388,7.886730623,7.307869249,6.677542255,6.438667575,6.21015611,6.427851539
1774430_at,7.596219395,7.23440338,8.625886269,8.275014019,8.018433406,7.729440233,7.612408171,7.409798482,8.649428838,9.41190826,9.669492386,9.91701873
1774433_at,8.154470363,8.488805345,8.640064193,8.277739619,8.110275713,8.155554959,8.275818702,8.840746847,9.304499526,9.54012729,9.550748598,9.301458139
1774434_at,6.737823267,6.839207036,7.19660263,7.435115884,7.293988745,7.226005185,6.927984068,7.039960194,7.291697086,7.927179142,8.21024987,8.106182857
1774435_at,6.457407606,8.513953753,9.817775862,9.427537895,9.080338755,8.606482517,6.365193317,7.429603165,9.38558051,10.6583397,10.78676315,10.46771188
1774438_at,8.518298268,7.866458629,7.760526569,7.855313375,7.890174063,8.18831731,8.542053211,8.274017653,8.270166513,8.241873822,8.270166513,8.02107943
1774440_at,10.05606061,10.57810837,10.94450832,10.90432858,10.83427749,10.73249979,10.05560671,10.40488319,10.98701546,11.49181875,11.72420292,11.54774478
1774442_at,8.025416363,8.153235598,8.392049259,8.34494583,8.12810202,8.11905372,7.80308991,8.036927702,8.340931053,8.290578595,8.140643994,7.876430208
1774444_at,8.715461739,8.761298963,9.076871392,8.724336599,8.469691625,8.750024894,8.609617105,8.562799375,9.03581796,9.285507123,9.659748886,9.915572668
1774445_at,12.04728712,11.92507646,11.85749599,12.151942,12.18508086,12.120905,12.17027453,11.74920394,11.20496782,11.34644477,11.43027831,11.0792209
1774453_at,11.22717621,10.15604974,9.042276181,10.22686931,10.53048796,10.90606057,11.11895308,10.86473494,9.934159045,9.012885933,9.010095422,9.559106703
1774459_at,8.833477397,7.66097364,7.893177012,8.459962089,8.678574784,8.906799072,8.902438081,8.751335008,8.430891892,8.4425411,8.613252494,8.716707382
1774460_at,8.282121869,7.893407537,8.368147733,8.462361392,8.669223814,8.71974549,8.36578568,8.099292454,7.952630556,7.984439309,7.588785186,7.509141946
1774461_at,3.98396039,3.968597712,3.687669256,3.815202269,3.784635336,3.932718337,4.002680026,4.052912119,4.240348117,4.094924076,3.938286057,4.071944768
1774462_at,8.716834728,9.055005158,8.993468422,8.748262918,8.77866142,8.622410451,8.776719501,9.311417326,9.867736192,10.02950272,10.16273254,10.10900924
1774467_at,7.653386389,6.800225091,6.917771747,7.105994395,7.104142214,7.225535665,7.575066852,6.816792484,6.729579262,6.814565933,6.883885132,6.993984573
1774468_at,9.106156689,8.982580927,8.987722233,9.120097806,9.19293275,9.109045068,9.289206127,9.247551008,9.333284682,9.348598951,9.330811119,9.219433046
1774469_at,8.30561363,8.439935426,8.984839871,8.807281862,8.825466271,8.638143269,8.424768102,8.638813166,9.158909881,9.935557278,10.0932846,9.879476367
1774470_at,11.60484173,11.42433803,11.24941716,11.35614455,11.46325708,11.5661562,11.59596305,11.35191385,11.03685111,10.72594211,10.55921151,10.82397071
1774473_at,12.49757828,12.43238004,12.3395311,12.34594927,12.43116506,12.47688102,12.47549193,12.35802723,12.16526506,11.74717402,11.50704936,11.70426938
1774475_at,8.130197995,7.06638321,7.173508302,7.66676965,7.830786027,8.060808774,8.178880753,7.406642132,6.7853546,6.894989052,7.055325905,7.113830234
1774476_at,10.9196072,10.51189354,10.37232687,10.65979159,10.8209501,10.88569084,10.74535711,10.43135957,9.820497911,9.585247969,9.762555148,9.857240422
1774477_at,6.930138177,6.770852993,7.051917948,7.146587321,7.080289173,7.075953329,6.776993656,6.881626644,7.51222715,7.91042956,8.129157832,8.091253193
1774478_at,8.069338149,8.169721634,8.320785382,8.242880473,8.18450945,8.213583698,7.999553616,7.702728492,7.969546912,8.391015226,8.54795805,8.426315626
1774480_at,8.818670894,9.003847564,9.526823356,9.23900272,8.957404534,8.93596597,8.725119491,9.184622053,9.898579517,10.28736467,10.45685075,10.46523866
1774482_at,12.31491897,12.23464907,12.35218885,12.44672404,12.45464452,12.38767121,12.21548878,12.19413156,12.28765847,12.36502851,12.37939556,12.42374477
1774485_at,8.590635788,9.520098341,10.30975962,9.996502984,9.735853529,9.316970115,8.502904055,8.959278782,9.701763397,10.10379408,9.904438776,9.803677922
1774486_at,12.73147862,12.74506622,12.78986004,12.69916123,12.53764937,12.54982842,12.81032478,12.88274515,12.56242652,12.46153113,12.73449301,12.56703015
1774488_at,7.55136383,7.502593787,7.78519273,7.785528033,7.770703256,7.604089865,7.57618741,7.754272089,7.87301588,8.164103192,8.043141516,7.828797959
1774489_at,8.951425429,9.090972744,9.72046859,9.871289573,9.641277814,9.39879552,8.739608357,8.408765056,8.099067346,8.110315024,7.969304067,7.708921157
1774490_at,8.406472465,8.752061853,8.776286332,8.471893194,8.371455039,8.314303235,8.290389984,8.770632358,9.235114519,9.381218293,9.703561394,9.767970348
1774491_s_at,5.402098553,5.771065555,5.95169668,6.158610722,6.403153689,6.329797257,5.491973742,5.625642862,5.744274626,5.65404076,5.848301956,5.782678474
1774495_at,7.398209699,10.29895567,11.4554164,11.04810371,10.35878557,9.690091176,7.609793962,8.856075565,10.81466595,11.90475744,12.18826247,12.04544193
1774496_at,2.916918431,2.889318592,2.822405323,2.879519069,2.897737887,3.291466098,2.895530425,2.862501672,2.876181867,2.534020031,2.745226317,2.697636041
1774499_at,9.004961845,8.548354385,8.384364297,8.327145304,8.430261342,8.431101709,9.002873747,9.069058241,9.210464769,9.072162097,9.105801094,8.872890946
1774500_at,3.654531923,8.154261571,6.347622276,4.812367618,4.97147853,4.802780089,4.512574801,6.02270054,6.038551342,5.822511242,6.437752924,6.472984855
1774501_at,4.484057192,7.374092209,5.431004388,4.922250441,5.084468017,4.802416799,5.256146748,5.499437698,5.70793568,5.966542496,6.437752924,6.563832602
1774502_at,9.639629978,9.131654096,9.20135831,9.416033517,9.434300006,9.596719561,9.712105535,9.50329208,9.558355612,9.837031457,9.946196113,9.761539782
1774503_at,10.70594226,9.550688104,8.347443504,9.364213329,9.745475425,10.11156359,10.55657829,10.14744351,8.979470059,7.966376517,8.331642885,8.681854225
1774504_at,9.777678959,9.96885663,10.18996367,9.995067291,9.906152964,9.87465901,9.771651693,9.959430112,10.35421478,10.25358492,10.08386521,9.833268115
1774505_at,9.108150722,8.76432155,8.633609556,8.865958108,8.873080972,8.918223908,9.07662925,8.848314856,8.704536892,9.136657068,9.35511283,9.558443514
1774507_at,6.974232383,9.344928016,8.464103593,7.676452944,7.593497551,7.395700299,7.228217935,8.416864014,8.660266587,8.344388613,7.838564881,7.607993892
1774509_at,11.02841984,10.65112417,10.74650165,10.68239654,10.67257763,10.69622162,11.09047352,10.97694431,11.08483121,10.76046346,10.80263887,10.78619871
1774511_at,5.008581982,11.30068536,10.72770874,7.892279679,6.581766525,6.12514992,5.05371583,10.34994754,11.11592988,11.20931341,10.84281443,11.38472447
1774512_at,8.954529024,8.952520852,9.407883179,9.266445048,9.201136693,9.124824116,9.000058846,9.125910414,9.644717815,10.19728449,10.32435438,10.35858258
1774513_at,10.83621077,10.54260166,10.32675324,10.43517896,10.43495057,10.61143818,10.99590241,10.74355615,10.14280582,9.740409337,9.699483116,9.781741037
1774515_at,8.920415042,9.299362853,9.178397226,8.806505513,8.8058112,8.708966918,8.853084412,9.238380799,9.711875836,9.628279786,9.510289723,9.215074959
1774516_at,7.601299277,7.804129206,7.656460372,7.42593746,7.396039733,7.68431067,7.478336551,8.097896724,8.348824473,8.663421307,8.658451695,8.765136187
1774517_at,2.975997868,2.739000636,3.248525834,3.079936861,2.87135448,3.045773738,2.876199401,2.78307419,2.988606131,2.950304163,3.463276774,3.313242597
1774521_at,10.43640397,10.6897949,10.91718091,10.70693457,10.48095021,10.38496552,10.35717179,10.32310964,10.48978531,10.98647211,11.16179393,11.30052399
1774522_at,9.194356588,8.961133773,9.286139871,9.043158363,9.044645765,9.070070416,9.029464144,8.589819887,8.835831357,8.789126709,8.699581478,8.608860156
1774523_at,4.048829996,4.302590487,3.514382611,3.635692243,3.548846948,4.055458356,4.007006003,3.560818073,4.039477271,3.923602674,3.283586693,3.444247233
1774525_at,12.84338366,12.8660112,12.76302336,12.76399454,12.74781618,12.78824554,12.78586893,12.79255479,12.70044018,12.25000574,11.6065891,11.65042099
1774526_at,8.253152097,8.916235967,8.860409751,8.580599726,8.407710567,8.957646364,8.309289947,8.479483941,8.46722985,8.543581274,8.99700316,9.267388665
1774527_at,10.31243794,10.57037032,10.70226096,10.39078344,10.40574155,10.34651945,10.31369416,10.54402251,10.73807722,10.78705337,10.83667956,10.85623441
1774529_at,7.720105694,8.105345111,8.193830268,7.913919466,7.868096731,7.751190658,7.674535397,7.906931251,8.218402294,8.218289264,7.801010976,7.493698148
1774534_at,2.70743488,2.882968952,2.663869718,2.680199401,2.393870192,2.761979951,2.936268168,2.824986156,2.59042731,2.682030065,2.554988211,2.877760449
1774540_at,5.022104878,8.796503253,10.41545563,9.965583408,9.516443079,8.620732226,5.458778938,7.125389089,9.184604706,11.13333852,11.60341192,11.23554274
1774541_at,11.12658786,10.13192129,9.160928522,9.986701944,10.30498351,10.72460525,11.12891125,10.47336331,8.736445167,7.779918122,7.835207255,8.161903994
1774545_at,6.352817616,9.465078575,9.348571451,8.263722663,7.926422145,7.236943859,6.602828714,9.082545147,10.076808,10.63943497,10.59679999,10.37623852
1774546_at,7.249565952,6.902285747,7.253507976,7.248581792,7.403638896,7.216330703,7.219370721,7.086278811,7.17391313,7.392275106,7.552434678,7.408153234
1774548_at,9.059172259,9.285800265,9.436802214,9.271733965,9.100572935,9.257938273,9.001782319,9.178210032,9.583622215,9.519549922,9.358330801,9.342861862
1774550_at,8.299673153,8.472422055,8.57605616,8.642428001,8.614000735,8.563002783,8.31790825,8.652328906,9.05602151,9.049140313,8.76569701,8.728483574
1774551_at,10.00911464,9.979362071,10.06276284,9.999485198,10.00549879,9.959829252,10.08200877,10.00487923,10.12115111,9.967872458,10.19386335,10.25647853
1774553_at,9.230234116,9.68974102,9.803921222,9.574884333,9.422105895,9.214074348,9.140601944,9.637389645,9.751642837,9.788272621,9.908745773,9.894801154
1774554_at,8.265295452,7.947266691,8.460158481,8.638154681,8.504188673,8.311753843,8.201072938,7.995535277,8.090938992,8.519664218,8.319013695,8.3277506
1774556_at,11.87564201,11.77655728,11.74142547,11.70825822,11.56101594,11.58029012,11.783247,11.87291903,11.65501625,11.24588513,11.52938035,11.66429779
1774558_at,10.1122495,10.32147531,10.60565318,10.49416243,10.33006159,10.21785053,10.04559327,10.37908552,10.93530323,11.28983882,11.38358058,11.30126534
1774560_at,10.26356711,9.941322839,10.44040905,10.53006964,10.60000972,10.52323756,10.32717232,10.58863051,10.9465604,11.51649758,11.47918472,11.61914825
1774561_at,7.876470667,8.017918462,7.486667863,7.194962505,7.498962018,7.506309705,7.673279269,8.272727211,8.786480304,8.775073812,8.891091576,9.193865272
1774564_at,10.40143848,11.61886056,11.83869868,11.80534397,11.63947464,11.33203187,10.51086498,11.37202212,11.89397702,12.2396871,12.35743572,12.46535976
1774565_at,8.359675238,8.637596501,9.1038442,8.94446239,8.826470053,8.636442482,8.431918813,8.824041499,9.211851023,9.411748996,9.201580442,8.813880059
1774570_at,6.938904747,6.761162594,6.707740046,6.658509769,6.833884591,7.07280478,7.149637958,6.896871784,6.679774021,6.619840069,6.534583398,6.526448046
1774571_at,4.344842003,4.703443223,4.51728566,4.317689538,4.071181483,3.978054284,4.442495243,4.462685757,4.20382692,4.10383954,4.760335147,4.753225146
1774576_at,8.173070811,7.275192799,7.499068171,7.667982091,7.852100011,8.072034628,8.275900111,7.867461455,7.631212428,7.837759643,7.782980135,7.498796188
1774583_at,8.588792893,8.255557872,8.648732249,8.44460852,8.499388185,8.44657069,8.643917273,8.457565027,8.837065157,9.002963973,9.20060152,9.059014378
1774584_at,7.562383298,7.572347272,7.833249835,8.132835081,8.192472238,8.201983747,7.89051916,7.650504629,7.578692463,7.818748382,7.849275091,7.576203642
1774585_at,9.636018461,9.578854874,9.838760151,9.952137632,9.930620636,9.855546984,9.732159541,9.35633577,9.536935305,9.502587805,9.578992016,9.560372741
1774590_at,7.409927488,7.913681127,7.903824583,7.627076714,7.725112752,7.563568055,7.759943813,8.129111794,8.257289404,8.59578074,8.648268278,8.528015666
1774592_at,5.374561337,3.537278905,3.205837646,3.150105246,2.996490134,3.456062541,5.239214594,3.994834471,3.518462275,3.450369072,3.118511416,2.867995667
1774593_at,7.986093188,7.481136965,8.294260687,8.521440649,8.771404244,8.867193074,7.986731417,7.717200439,7.410397818,7.178422563,7.202493906,7.173256285
1774594_at,9.349831061,9.355994979,9.568686481,9.332302315,9.17352112,9.146149413,9.28724205,9.799411564,10.27054933,10.52145736,10.28031507,10.23940954
1774595_at,8.397053971,8.417764777,8.131453619,8.516694871,8.612755846,8.631934943,8.321604216,8.437261708,8.487993837,8.395628291,8.450982658,8.183737576
1774596_s_at,12.93093002,12.94291602,12.88145365,12.89127898,12.89791241,12.96137216,12.89780452,12.88927469,12.86455308,12.42491004,12.04820785,12.08708402
1774600_at,10.87235419,10.95003591,10.98055578,10.97412925,10.76427329,10.70267883,11.00980595,10.79986489,11.06514436,11.35413808,11.47430587,11.40817738
1774601_at,9.116252202,8.503586885,8.613031405,8.953167279,9.008258118,9.068801205,9.188289429,8.775178934,8.482687756,8.44501944,8.410446902,8.358300969
1774604_at,12.60250461,12.55316098,12.43874591,12.39673282,12.46530787,12.5238291,12.59408808,12.51118261,12.44782886,12.2441881,12.08716656,11.96503246
1774605_at,10.99397543,11.07948757,11.23999211,11.21514137,11.19850134,11.14108751,11.03829867,10.92266186,11.00498449,11.10122859,11.02899284,10.98490463
1774610_at,6.703970741,6.454909115,6.611673064,6.675665383,6.439267528,6.809313848,6.783114159,6.646220443,6.749036778,7.164043429,7.183998894,7.369351262
1774612_at,8.125789357,8.304785887,8.505631191,8.192279571,8.291672429,8.164542798,8.277771943,8.350507085,8.807892302,9.237622162,9.338915495,9.29294479
1774613_at,8.684921724,9.325539816,9.641424662,9.385313091,9.195833676,8.679897369,8.693850087,9.241151994,9.966107853,10.6213732,10.74593375,10.54425582
1774614_at,8.154966857,8.985914357,9.885810432,10.09314531,10.09174137,9.717426616,8.00972148,8.520144121,9.497462357,10.53396409,10.72703655,10.54842881
1774617_at,11.68245632,11.6364458,11.5130317,11.59897116,11.68098542,11.71958598,11.6412562,11.5413461,11.43344141,11.06535003,11.05923258,11.10283285
1774618_at,9.596694582,9.303407101,9.390822943,9.563120671,9.542570346,9.473870994,9.419687252,8.97251756,8.812670766,9.007880746,9.149468222,9.276666345
1774621_at,12.30830791,12.13979415,11.7541894,11.83722362,12.03223375,12.20109436,12.04548587,11.99541495,11.29959287,10.06786362,9.777947135,10.14662186
1774622_at,9.643503101,9.219920759,8.970022858,9.259792415,9.390751259,9.485199452,9.632168552,9.459986631,9.200679184,8.926093813,8.873310559,8.963492935
1774627_at,11.12256004,11.14934517,10.97956482,11.07956279,11.18122091,11.24882111,11.2105795,11.16818663,10.99152266,10.64233248,10.42788551,10.03571621
1774629_at,10.00295974,10.06701425,10.1426809,10.16445665,10.05887204,9.974953587,10.0468867,10.12018118,10.55923618,11.00774075,11.00702546,10.83194045
1774631_at,6.131267808,5.961874844,6.169175134,6.238461533,6.022504657,5.748325349,6.140313201,6.12987461,6.157799554,6.629736743,6.688576783,6.920529071
1774633_at,10.78730377,11.54509522,11.46200635,10.87538824,10.94228544,10.90672624,10.85647181,11.12687608,11.67985494,11.70382986,11.59205139,11.53179391
1774641_at,9.145985331,8.582487449,8.575618222,8.56447474,8.633373874,8.717220443,9.076065582,9.069355061,9.139391601,9.051039101,9.001936057,8.981446169
1774643_at,8.410763944,8.629470947,8.742788014,8.547752769,8.455746587,8.426259939,8.498336202,8.756346669,9.035176948,9.111190154,9.356117768,9.485847547
1774644_at,9.669366464,10.06521984,10.27829028,9.976416345,9.759959861,9.809156308,9.792010808,9.858575744,10.32804381,10.44691931,10.41506887,10.46920908
1774645_at,7.846008263,9.563743184,9.039689394,8.451640632,8.05456104,8.090201644,7.657169923,9.090666726,9.338966113,9.537682069,9.464261179,9.718283217
1774648_at,8.659024207,8.083352248,7.909018311,8.224323891,8.306895431,8.312810692,8.586887896,8.588275371,8.589176701,8.594961504,8.689310728,8.83134255
1774649_at,8.423903981,8.155249287,8.093186017,8.215174893,8.32440512,8.41815302,8.434715306,8.14901106,8.048186753,7.796715961,7.843610799,7.595728266
1774650_at,9.977815195,9.929465042,10.34792621,10.1760662,10.08920206,10.01505416,10.02825089,9.932083162,10.15008715,10.23418577,9.907949334,9.620542464
1774651_at,9.210917119,9.302994813,9.223090506,9.193237512,9.222981011,9.105612484,9.185546671,9.268703008,9.324701188,9.406630451,9.499529969,9.525354366
1774653_at,9.624644744,10.44721574,10.66929386,10.36258569,10.19838381,10.15048483,9.678496966,10.14012286,10.70155879,11.03915126,10.97232955,10.86138546
1774658_at,11.81794977,11.5966594,10.96992914,11.18441534,11.51671129,11.65636302,11.8990941,11.76393135,11.27117438,10.57672082,10.48935947,10.48434418
1774660_at,9.933110933,9.793691959,10.24022989,10.04359378,9.917776163,9.910042724,9.973319863,9.515150934,9.28217154,9.116017485,8.83593786,8.6359175
1774661_at,8.915811866,9.613408991,9.68268341,9.48572402,9.417339606,9.126973797,8.931649152,9.843692177,10.41291232,10.6785724,10.5039089,10.45584041
1774663_at,10.23051188,10.20092248,10.0801676,9.892622612,10.08501148,10.01422698,10.24134003,9.830431118,9.08530938,8.986397405,8.773290107,8.51957463
1774665_at,8.670035484,9.285262372,10.05677466,9.755658872,9.221326362,8.961606025,8.684319206,9.140551426,10.18131405,10.6057048,10.81932046,10.96510723
1774666_at,10.69055502,10.61336225,10.47002748,10.51206024,10.483365,10.47748632,10.7572685,10.67847221,10.71108503,10.47370438,10.39305527,10.24390924
1774667_at,8.832956087,8.957836509,8.794252984,8.601659605,8.626800957,8.630751527,9.002463728,8.772229258,8.834716774,8.84548489,8.662907589,8.332485523
1774668_at,9.650885805,9.521568078,9.565772397,9.532883585,9.63595528,9.646229756,9.55719138,9.920088881,10.29713128,10.53131923,10.75235695,10.72476792
1774669_at,3.977730833,4.03523145,3.433407953,3.856823196,3.78625005,3.532957169,4.187727003,3.977730833,3.775933177,3.788750339,4.341809328,4.667832864
1774670_at,8.391341333,7.859976937,7.1682807,7.618016029,7.986142307,8.076978101,8.295777451,8.40967898,7.855882739,7.260715572,7.074552977,7.134224651
1774671_at,11.48274439,11.45995353,11.81041894,11.85330398,11.87468235,11.77827555,11.68786784,11.16400432,10.79156411,10.99796169,11.06329665,10.76258608
1774673_at,9.735001769,10.07465622,10.35321735,9.950950794,9.7451521,9.622967187,9.731047237,10.02851052,10.61435611,10.82757914,11.07368579,11.0352754
1774675_at,11.71893102,11.87888913,12.01872905,12.23895099,12.43152293,12.43972421,11.76676667,11.90717092,12.07470597,12.42871572,12.66419411,12.65747335
1774676_at,10.68511931,10.69322789,10.79720559,10.74926303,10.65551104,10.6478704,10.76387966,10.76702922,10.88333034,11.00323686,11.11315886,11.33642286
1774677_at,8.109795011,7.994465016,8.225004144,8.147181503,8.28366179,8.34600803,8.419239412,8.06048611,7.937251501,8.099915949,7.910518123,7.749619933
1774678_at,7.880978778,8.609414649,8.980336087,8.582540314,8.527413313,8.307946913,7.912579929,8.550953572,8.75989352,8.888322095,8.923637142,8.979264294
1774682_at,8.403101031,8.70892905,9.125075334,8.665255315,8.492243397,8.292087174,8.317488316,8.46987491,8.8159449,8.7108461,8.50106597,8.322296488
1774685_at,9.705406583,9.60406208,9.710751553,10.30089161,9.985777711,9.736268573,9.81294788,9.450012036,9.581047992,10.39235803,10.7988493,10.53286325
1774687_at,8.301132575,8.199365868,8.483228174,8.287375859,8.430432674,8.340101444,8.562133056,8.378975899,8.415890173,8.239381673,8.099472141,7.917278334
1774689_at,8.452886807,8.382818808,8.336000662,8.060248682,8.022021254,8.069108186,8.456678443,8.423745884,8.910697879,9.01601311,9.017928722,9.091490711
1774690_at,8.544405607,8.060226324,8.171281321,8.205895295,8.327712745,8.368597624,8.55977559,8.098560272,7.994572289,7.887526061,7.777044859,7.809589159
1774691_at,11.30450675,10.70381661,10.68463621,10.97122174,11.15625432,11.45115713,11.32619928,11.73196604,11.82437726,11.73415896,11.58455523,11.5130298
1774693_at,11.06973554,10.09839946,9.091081281,10.07751379,10.3566519,10.66476212,10.97717559,10.62811417,9.328094669,8.428258234,8.287460109,8.538127279
1774694_at,10.05551906,8.497015421,7.330357176,8.918679442,9.301734455,9.682333574,9.942662185,9.116389665,7.214112112,5.838457537,6.474553119,7.238868676
1774696_at,9.452627455,11.52599599,12.03378902,11.90453475,11.44201217,10.71778567,9.429305057,11.03892257,11.91468221,12.50848992,12.59371241,12.65379376
1774697_at,9.219127363,9.297282297,9.147531713,9.690806076,9.70796619,9.6858632,9.162619224,8.989120041,9.430240888,9.819021488,10.16906271,10.17611632
1774699_at,3.245800988,3.712956856,3.901480049,3.882007471,3.649687684,3.775746099,3.955063992,3.760850117,4.445336373,4.945811245,4.767528214,4.8270995
1774703_at,10.71981476,10.36419302,10.24359893,10.42767825,10.63804959,10.73614105,10.6376893,10.34462692,9.825558497,9.621572476,9.683191222,10.10373701
1774705_at,10.16537946,9.653845963,9.787565885,10.32138798,10.22985051,10.31758045,10.13860124,9.915306056,9.82903817,10.20268603,10.99599317,11.28488436
1774707_at,11.45271231,11.66362079,11.78203373,11.65038409,11.25161136,11.21715892,11.41815891,11.73875374,12.05778219,12.19668527,12.25646519,12.39037936
1774709_at,6.280292603,6.323039254,6.347622276,6.368032483,6.521274065,6.404833204,6.526760469,6.55363008,6.772551807,6.77781097,6.703272064,6.520873026
1774710_at,10.65855903,9.944510098,9.230910102,10.10079701,10.31447006,10.43013811,10.6259446,10.95933062,10.27376434,9.514084303,9.257170932,9.576973589
1774713_at,12.01969081,12.18695811,12.43026198,12.1301324,11.79607673,11.78727852,11.93696949,12.20848303,12.66918727,12.81540935,12.90678479,12.91218894
1774715_at,7.868471797,7.188383297,8.24644396,8.456097895,8.190750902,8.303670701,7.935126291,6.800250207,6.674904878,7.151345364,7.160282193,6.819654176
1774716_at,8.405865717,9.348885906,9.547406499,9.087468974,8.853670026,8.568977492,8.461905922,9.206205997,10.21274266,10.82415935,11.11691255,11.14996263
1774717_at,7.151475795,7.377825491,7.143493279,7.046688312,7.095274786,6.745686668,7.186310917,7.03607696,7.048260361,7.513234518,7.548831689,7.653311914
1774718_at,10.95136815,10.3883734,9.766434612,10.10241991,10.37587462,10.58220899,11.04072004,10.64987608,9.852017326,9.180043737,9.152554743,9.335862112
1774719_at,10.21390459,8.781701388,7.604981546,8.839634815,9.257374035,9.755224797,10.2669693,9.431862264,7.158759034,6.446634357,6.754275608,7.337886755
1774720_at,10.26118949,8.67214787,8.209701489,9.191625846,9.275776889,9.65803173,10.27200815,9.414167098,7.648128039,7.274575574,7.421999672,7.788991767
1774721_at,10.29671085,8.83428836,8.028753843,9.127052383,9.495865239,9.903294982,10.35101872,9.810605187,8.317252525,7.802983652,7.938385401,8.280871473
1774723_at,8.353005282,9.158910186,9.729023677,8.879617424,8.549125312,8.173833086,8.369236649,9.170710386,10.07294166,10.45623304,10.39464209,10.36454175
1774725_at,9.449174194,8.790550283,8.682676644,8.964161224,9.167052327,9.197850969,9.54135414,9.134969684,8.954257055,9.15826955,9.417007634,9.651221903
1774727_at,11.24695508,11.29524949,11.58288095,11.35069245,11.08994143,10.98768193,11.15457512,11.40551357,11.73017652,11.79987146,11.86212793,11.99631918
1774728_at,7.523072229,7.204347909,6.912419529,7.177844639,7.17712583,6.987565137,7.444267392,7.984410088,8.066795356,7.908680277,7.699589753,7.488659555
1774729_at,7.177435727,8.197094961,9.096367505,9.074710528,8.865962438,8.561413426,7.411088271,7.752456232,8.85426015,9.641878073,9.563179749,9.369036134
1774736_at,9.951674492,10.18870413,10.59702865,10.95293394,10.9506976,10.80078383,9.916531744,9.935775311,10.05490269,10.50767138,10.69473398,10.60539998
1774737_at,8.240519206,7.9977428,7.745059191,7.936847324,8.053474262,8.097723139,8.262914146,8.25075159,8.312590944,8.294935049,8.330399749,8.182959121
1774739_at,10.74424353,11.28842148,11.2039926,11.02867131,11.00037107,10.72183436,10.75191195,11.32256462,11.71463301,11.79158499,11.73664364,11.51308672
1774742_at,5.16368594,7.514705996,6.095574482,6.449151754,6.058614719,6.149663537,5.44928803,5.423146197,5.617549732,6.213105215,5.886657231,5.678459913
1774743_at,8.373510933,7.51980044,7.570246495,7.325244453,7.60303947,7.965423861,8.116261462,7.623188756,7.274171499,6.785579981,6.696098883,6.73612071
1774744_at,6.495651929,6.890190368,7.155565544,6.963693977,6.858019167,6.755964118,6.463352427,6.892458635,7.469034505,7.70451763,7.61179367,7.678680852
1774748_at,12.81243222,12.67410887,12.45858166,12.52375295,12.61031686,12.71111557,12.81657122,12.75267354,12.17222222,11.34961862,11.1189118,11.00288096
1774749_at,7.728637045,7.78608452,7.963669655,8.322773599,8.436980176,8.344218594,7.777832319,8.070495464,7.905658868,7.935762511,8.045963001,8.403995622
1774750_at,8.74822572,8.640563319,8.675107847,8.512794329,8.557236144,8.530192644,8.923637142,8.840352963,8.900414251,9.110171179,9.100103555,9.070170494
1774755_at,8.708293767,8.752408696,8.962233441,8.628816808,8.508933117,8.499365949,8.714310453,8.958746921,9.458021005,9.753452226,9.864815079,9.898634295
1774756_at,7.594506602,11.67245449,11.84801182,10.86271849,10.56113319,9.760643808,7.815517052,10.55139849,11.8661869,12.55381549,12.39074155,11.98881162
1774757_at,10.90564573,9.571669586,8.588241449,9.738609998,10.13453523,10.5776032,11.24828527,10.57020339,8.429717553,7.439018843,7.820880869,8.064021897
1774759_at,8.246933322,8.357030104,8.659808656,8.709332863,8.612543714,8.608741632,8.095507183,8.238960262,8.432310122,8.672929445,8.37933248,8.659411042
1774762_at,7.771098344,7.315338749,7.703451415,7.642822589,7.560153455,7.530137159,7.969229481,7.622334924,7.691679763,7.811093989,7.963718151,7.877239784
1774764_at,9.364948537,9.086673348,8.739758379,8.794134059,8.911761124,9.057817463,9.381768353,9.797695379,9.895581897,9.397849829,9.18495232,8.849897074
1774765_at,10.1483972,9.909535385,9.82654034,9.749220141,9.864820344,9.816386938,10.12113434,10.06106181,10.11718871,10.10728569,10.03597763,10.00588773
1774766_s_at,9.812200181,9.215680826,9.701540451,9.302453299,9.613443441,9.65770855,10.52521496,9.22127409,8.725754601,8.680014458,8.374884269,8.239713082
1774767_at,9.732768157,9.944219772,10.43761292,10.28102573,9.779083464,9.289347235,9.741295354,9.522521751,9.835601788,10.0377483,10.35493153,10.25453697
1774768_at,12.14023765,11.99678773,11.81031224,11.87970946,12.00343014,11.98727448,12.16698093,12.16575501,11.99551035,11.73168145,11.45052918,11.2719072
1774769_at,5.185049784,4.978273531,5.214718506,5.001812395,4.82969209,4.55608297,5.131130863,5.697947567,6.077944331,5.893302774,5.576389077,5.207298733
1774770_at,9.477002389,9.060302022,8.967439824,9.079919716,9.220895199,9.338040047,9.400751526,9.804617435,9.998606893,10.14051325,10.19068348,10.17530001
1774772_at,9.715761479,9.795880563,9.832298283,9.584426386,9.561646047,9.567424138,9.986787324,9.905318692,10.04929029,10.10733663,10.10824894,9.861507064
1774775_at,5.559199414,5.341259447,4.970373662,5.181918738,5.352284709,5.573095437,5.680742075,5.392325785,5.466417608,5.253758382,5.535143251,5.612396075
1774776_at,7.955891361,7.196198654,7.977359648,8.214451092,8.252770189,8.28583106,7.869254761,7.367467432,7.447675257,7.712294001,8.084628121,8.5408036
1774777_at,5.606625945,7.547899042,8.263738828,8.015628968,7.51077614,7.543359358,5.328281123,5.908309039,7.136350867,8.131276082,8.724803218,8.867730995
1774778_at,4.214387564,4.11949485,5.632418714,6.04109578,6.479567603,6.415681741,4.089000071,5.130877815,5.768405826,5.996912549,6.285139072,6.741768601
1774779_at,11.57890039,11.34720124,11.30778192,11.32614998,11.4329877,11.43749296,11.63411532,11.4587166,11.30946127,11.11234451,10.88125391,10.82105284
1774780_at,11.14253537,11.04922755,11.40736672,11.42714321,11.34424521,11.19336551,11.11825068,10.71855419,10.959388,11.01481642,10.75900425,10.64886949
1774787_at,8.542467852,7.771588306,7.931559329,8.214978386,8.144092657,8.306228966,8.518572237,7.613920358,7.199940197,7.365127309,7.288815153,7.434593773
1774791_at,10.43384969,10.37700865,10.05662686,9.971493323,10.04903427,10.06735612,10.25344265,10.26178303,9.799858097,9.848720663,9.991579221,10.03831432
1774796_at,4.937338114,5.008581982,5.182674105,5.201148484,5.1439591,5.038295399,5.195305113,4.927614352,5.326656351,5.652765659,5.651669125,5.842163463
1774797_at,10.77446139,10.28562515,9.933395491,9.980492917,10.1608937,10.33508995,10.72756968,10.68973314,10.53431103,10.39206487,10.41646529,10.46312224
1774801_at,11.53293837,11.43553291,11.47673898,11.79484115,11.88833858,11.73056128,11.5980048,11.64433567,11.8262015,11.96424856,12.0213064,12.14110373
1774802_at,12.90631183,12.85254686,12.60003389,12.54747331,12.73631056,12.78637339,12.86872681,12.79002579,12.28335972,10.6381838,9.979693203,10.59915742
1774804_at,8.25179731,8.9478705,9.121542149,8.865769639,8.778814546,8.606137858,8.296504089,9.009151249,9.743073076,10.38658601,10.62365516,10.64902127
1774805_at,8.223022783,7.906298298,7.935779238,8.433225689,8.613588301,8.647165817,8.065654775,8.418292081,8.477186949,8.732049964,9.29427319,10.70965921
1774806_at,11.79207686,11.63531192,11.54824137,11.57245237,11.68331186,11.73210788,11.80769122,11.72063471,11.34453456,11.10166116,11.2495056,11.3547078
1774807_at,10.32510442,10.33911559,10.18046617,10.15585219,10.20021804,10.20261445,10.31917829,10.31004439,10.3006011,10.22125823,10.10532211,10.04499177
1774810_at,7.957212273,7.766273518,7.77240835,7.66502359,7.886323747,7.968613354,8.009287532,8.037810674,8.285298675,8.634764062,8.504033411,8.209428653
1774812_at,8.517263579,8.622319584,8.617544179,8.498762028,8.739467323,8.640019118,8.691905208,8.731392355,9.060519977,9.253876215,9.06802728,9.077119499
1774813_at,8.425232993,8.631514102,8.917234765,8.522990323,8.514796431,8.293554199,8.506542343,8.535052304,8.842803773,8.501917269,8.176011291,8.031008751
1774817_at,6.346154453,8.03399676,8.388025639,7.756876499,7.575976504,7.03457029,6.623627089,7.203051373,7.814340882,8.213416421,8.391318733,8.083258551
1774819_at,8.543865828,8.46405987,8.341166947,8.38196948,8.319013695,8.479527876,8.661863614,8.76180363,8.935801642,9.404155749,9.502042188,9.620105342
1774820_at,9.125961132,6.988620444,6.557484357,7.816668087,8.119360193,8.562552577,9.000200934,8.08048473,6.124768192,5.416102602,5.902906137,6.65777935
1774822_at,7.796315496,7.596557233,7.808609381,7.553925751,7.789474189,7.77364269,8.004375917,7.835224447,7.932969475,7.915090446,7.687235741,7.785686255
1774824_at,10.14945612,10.10458977,9.884465298,9.720377836,9.439255042,9.632275883,10.09765294,10.43855369,10.64875083,9.947003029,8.961806336,8.220035969
1774826_at,12.93436413,12.91997285,12.85179228,12.81768535,12.84651428,12.93568806,12.88461638,12.91201657,12.79614401,12.48416565,12.41941121,12.48836671
1774829_at,6.354984854,6.24972022,6.211194099,6.91975324,7.15318433,6.947497197,6.570172732,6.348102355,5.964692269,6.186940594,6.32563891,6.343186625
1774832_x_at,2.231562245,2.28930324,2.140981447,1.997021325,2.208230336,2.562196987,2.3865234,2.458927588,2.235248548,2.279631307,2.014280381,2.291192034
1774833_at,10.64757149,10.93654992,11.70095443,11.72267735,11.2504112,11.14802397,10.58488758,10.50852992,10.6277561,10.40205706,9.794154828,9.696066137
1774835_at,10.19664934,10.52846143,10.87355183,10.66059619,10.59021671,10.44212047,10.22473034,10.2642716,10.72813567,11.19804708,11.19348331,10.87037109
1774837_at,10.02818131,10.21534732,10.47859258,10.13377707,9.981949517,9.837511233,9.976741099,10.21261845,10.62992988,10.6746521,10.66912502,10.59308606
1774838_at,6.878817912,7.029067031,7.152589657,7.002188221,6.979131485,7.166396537,7.069053107,7.23688651,7.649609107,7.842305146,7.830678189,7.568105709
1774840_at,12.03222813,12.01501572,12.17381941,12.04467538,11.78738716,11.78620986,12.04594439,12.04444582,12.07518043,12.17566709,12.19694315,12.15194384
1774842_at,11.84701829,11.8943154,12.13083522,12.15400747,12.03097991,11.99959058,11.87249792,11.79347957,11.98874194,12.08056873,11.5074471,10.9769854
1774843_at,12.16671886,11.96942402,11.82060002,12.00704205,12.14599185,12.19338107,12.15793243,11.99932919,11.40727535,10.98566256,10.65447782,10.43425193
1774844_at,11.39871481,11.34614827,11.33276267,11.28923601,11.25933275,11.18003019,11.38810545,11.41718781,11.50739207,11.48180997,11.56374412,11.48530616
1774845_at,3.817636366,3.738916764,3.605352389,3.469790806,3.649687684,3.505255168,3.821501431,3.502663203,4.161169513,3.937346038,3.803530805,3.94098539
1774846_at,10.89267427,10.93385683,10.8524185,10.88449046,10.88351087,11.01781039,10.89029755,10.85212834,10.81060972,10.64226674,10.51078975,10.52127307
1774850_at,8.972440429,9.042154708,9.02312418,8.78889841,8.76725968,8.724256337,9.014507053,9.362141145,9.592963171,9.509149728,9.77853621,9.911298429
1774852_at,10.69273807,10.72863969,10.84494036,10.8512401,10.83003574,10.84608143,10.91329722,10.83043185,10.89017047,11.06868131,11.24884671,11.24953926
1774855_at,2.675931214,2.488825583,2.847545565,2.440783671,2.868210296,3.175359795,2.595626073,3.085337477,2.765399905,2.692534769,2.686377248,2.729025599
1774856_at,10.41257526,10.42156088,10.47589386,10.39049588,10.34233132,10.28009851,10.34632911,10.26250359,10.31544138,10.35758904,10.07046516,10.1629829
1774857_at,8.419846078,8.057128413,8.197744847,8.048174089,8.219301005,8.353514998,8.469110855,8.342110409,8.362976778,8.2548457,8.158240619,8.244550704
1774858_at,2.949082135,2.976233446,2.843939938,3.108060023,2.837390669,3.133561619,3.001333759,2.811154512,3.022334413,2.921691411,2.989360456,3.051618794
1774859_at,9.813125353,9.889435337,11.26686536,10.90613574,11.1663331,10.69591366,10.07305903,9.373816862,8.845611589,11.54304442,11.40702201,10.28316529
1774860_at,11.19460083,11.46525662,11.54564816,11.35438878,11.25487453,11.19499585,11.20465617,11.30190741,11.10470426,10.89259371,10.74988321,10.35701202
1774861_at,10.99923413,11.05072954,11.10912137,11.02752806,10.88584637,10.95839834,11.00098303,11.06306457,11.42160928,11.47217652,11.48045659,11.51154637
1774863_at,4.27157652,4.474857779,5.130189905,4.870084978,4.771754543,4.70140651,4.554929934,4.690414261,5.093378498,5.442899243,5.304115897,4.969595476
1774864_at,10.51211536,10.72444324,10.84811084,10.63243556,10.54999284,10.48257901,10.46682612,10.96579953,11.56380206,11.8255136,11.96136811,11.89583904
1774868_at,8.037968516,7.902569329,8.054340445,7.962538315,7.810820696,7.798337119,8.031047189,8.142213708,8.534404107,8.970184839,9.140433278,9.021867595
1774870_at,8.433156111,8.31645345,8.398677729,8.238357394,8.186514943,8.116112678,8.327432731,8.30046433,8.287342868,8.321664185,8.334761752,8.386256039
1774871_at,9.226311816,9.141791496,9.61615254,9.730297269,9.806973124,9.698533862,9.175866926,9.178433337,9.372020112,9.566105153,9.504219231,9.481271414
1774873_at,5.665211738,5.935455233,6.148801293,5.773140561,5.86819735,5.657104159,5.635681095,6.019331832,6.211483755,6.347622276,6.941230127,6.861969241
1774874_at,8.924729724,8.275783077,8.697554403,8.714148623,8.632042191,8.732488416,8.930552706,8.934154146,9.118295063,8.98550002,9.263220973,9.540680744
1774876_at,9.062623712,9.189464378,9.328534805,9.163711832,9.147729774,9.002541327,9.295579065,9.568152165,9.979306627,9.966378822,9.46113441,9.123756031
1774877_at,8.685553195,8.508124499,8.454727896,8.384248965,8.466671508,8.532253022,8.682254074,8.71472275,8.946442283,9.0944599,9.086080849,8.996310941
1774878_at,10.10566372,10.34139724,10.68501031,10.51639791,10.37691337,10.38287947,10.15373449,10.49069982,10.69327526,10.61573982,10.5643472,10.53418913
1774880_at,9.576188548,9.390280831,9.263438459,9.405690468,9.523288113,9.63756842,9.410975299,9.386808227,9.132188966,8.688818826,8.661684688,8.517379234
1774883_at,10.61542608,9.867892826,8.484666968,9.310397532,9.814131248,10.15824787,10.44123543,10.15000153,9.480051253,8.529986608,8.531861394,8.716623626
1774885_at,10.14213401,10.23451313,10.53939332,10.73816645,10.7501449,10.74455869,9.922538827,9.535962476,9.244727169,9.721277323,9.869240466,10.20228197
1774886_at,9.383944268,9.425309945,9.7153029,9.603350045,9.515940896,9.355700642,9.334692402,9.449539628,9.654308986,9.762636028,9.870653771,9.785760541
1774887_at,11.65436858,11.32262087,11.28839848,11.3636568,11.54680879,11.65008432,11.5845131,11.19691946,10.85632393,10.88084726,10.47799502,10.35870451
1774888_at,3.477231809,4.817440585,6.226524815,6.48549474,5.923682992,5.515973387,3.426244103,4.003544989,5.72389545,6.950849542,7.441807597,7.604642702
1774889_at,6.865352452,6.750640414,6.981056124,6.630395418,6.769637917,6.637209331,6.789252567,6.790197988,6.826128351,7.025873977,6.952328502,7.079521467
1774891_at,7.515627181,8.057611264,8.293071063,7.895046033,7.692389275,7.59221107,7.620374905,8.260129355,9.001034356,9.339466705,9.417111218,9.400503479
1774892_at,2.280490383,2.396965453,2.243781909,2.01423673,2.297711378,2.132882864,2.227461419,2.011821548,2.174198257,1.980289943,2.071115859,2.203454005
1774893_at,3.224351413,3.50604767,2.847122736,2.955700226,3.08131523,3.163951592,3.086607945,2.806289222,3.208530258,2.874923007,3.027248711,2.965147116
1774894_at,8.001176968,8.437529831,7.842153251,7.721331326,7.598710568,7.780889132,7.888239112,8.186639848,8.406175271,8.559297019,8.877439858,9.132324421
1774895_at,7.762966584,7.491929486,7.579556363,7.748830069,7.712670641,7.74718118,7.690450041,7.727581578,8.055481216,8.396196801,8.707504577,8.995171438
1774896_at,12.84607546,13.13909907,13.27473144,13.27110372,13.01346413,12.84428831,12.84484113,13.00539429,13.19556906,13.28650175,13.20225755,13.21198514
1774898_at,9.78754981,9.986701348,10.26339153,9.945563982,9.752731427,9.779943891,9.709263436,9.761401465,9.954418633,9.49362944,9.09821475,8.856553074
1774900_at,9.832251647,9.834678709,9.463160709,9.801727973,9.96386036,9.777837566,9.897498932,9.738268308,9.433761363,9.250432647,9.379914201,9.276176003
1774902_at,8.691913325,8.79285823,9.067042494,8.814036018,8.800368543,8.695032614,8.726925008,8.931152315,9.479998151,9.970705464,10.09621819,10.06070127
1774903_at,11.31823275,10.27512431,8.996271366,10.1531687,10.55969173,10.85339307,11.37718986,10.40091244,7.882261242,6.948509984,7.083495382,7.478836764
1774905_at,7.871483393,8.846339374,8.130858539,7.7760973,7.755944265,7.509280574,7.888147173,8.518261136,8.899848742,8.698387366,8.585276551,8.517313382
1774906_at,5.235970679,5.761316019,4.984156294,4.943209526,4.758720074,4.60209212,5.605446807,4.824353303,4.358783142,4.282521692,4.390315677,4.146791351
1774908_at,9.869818461,9.846728133,10.06471004,10.27926014,10.12849487,9.915650556,10.02231594,9.887059625,9.636098437,9.712161437,9.753741879,9.628406655
1774909_at,4.265184367,4.694894995,5.022804849,4.703017198,4.795358723,4.431496862,4.298318938,4.618607447,5.140591414,5.40344821,5.545345722,4.947352222
1774910_at,9.324844997,9.316675568,9.411731756,9.233325638,9.261726093,9.239704421,9.360344268,9.680144344,9.963275483,10.02136069,10.09213538,10.07177821
1774912_at,8.729018665,8.906465942,8.938100275,8.992629546,8.969779724,8.860541231,8.808333141,8.906832245,9.214914335,9.547488993,9.794991234,10.03615258
1774914_at,10.37761291,9.600571234,8.299904469,8.943213101,9.360710052,9.790382522,10.25538104,9.996633569,9.244067935,8.43970056,8.470965287,8.674789834
1774917_at,10.30965057,10.7823565,10.93175573,10.59309684,10.43456313,10.4162252,10.36417519,10.64597946,11.07125424,11.14898203,11.38468146,11.48692734
1774922_at,3.330670029,3.455302247,3.54012951,3.598158833,3.840556897,3.663579189,3.846257905,3.786141059,3.749675954,3.920131214,3.972861875,4.471796119
1774923_at,8.823120458,8.60754795,8.655779901,8.514308512,8.546667968,8.546514884,8.880080301,9.044327001,9.007361937,9.1030254,9.144313916,9.234694327
1774926_at,7.206898056,9.347747842,9.68225484,9.194038877,9.011485029,8.235316447,7.521949171,9.035213808,10.5772153,11.4902764,11.55687525,11.53705035
1774927_at,9.194748247,7.95974521,7.69884969,8.215526769,8.527072109,8.737357782,9.137146224,8.687279569,7.981746898,7.691308547,8.333773283,8.390393815
1774928_at,11.9649176,11.8986975,11.97315824,11.66668362,11.60314186,11.59179632,12.03986866,12.11170338,12.36618433,12.25794795,12.29177326,12.31104864
1774929_at,9.769308103,9.663703145,9.688141099,9.554900305,9.564785864,9.474357756,9.819851821,9.628027863,9.956043413,10.06353559,10.2248922,9.978887578
1774930_at,12.39703896,12.353325,12.16396269,12.185572,12.29054827,12.32030614,12.39328098,12.41204971,12.2379194,11.8836377,11.55147799,11.23446953
1774932_at,9.928689028,8.587727929,8.343546339,9.077984111,9.365903739,9.690732686,9.972810472,9.342792552,8.442339004,8.106017869,8.162671741,8.141788103
1774933_at,10.66513727,9.602697629,7.814885513,9.175462974,9.755631588,10.17249519,10.69936874,10.2299877,9.143550146,8.055403385,7.937507822,8.386021414
1774936_at,10.47586891,9.939138741,9.884433296,10.03513431,10.16852127,10.3820973,10.49070471,10.62308113,10.7058509,10.7270396,10.78464516,10.90010937
1774937_at,7.759523323,7.918504187,7.951361902,8.05132085,8.03801219,7.979863232,7.774971452,7.946109922,8.176473195,8.304836474,8.185567326,8.331770039
1774938_at,2.955285262,2.708436786,3.065290301,2.727894879,3.138831916,3.085111448,3.068911284,3.217543278,3.030898936,3.004708139,2.94349022,3.070345599
1774942_at,2.888891868,3.041706674,3.104853175,3.12691096,2.908959908,3.096534241,2.968534215,3.383807105,3.003323787,3.046748257,2.739941971,2.986130124
1774944_s_at,5.972092926,5.858903913,5.884190173,6.091034001,6.30317712,6.040525265,6.319659718,6.455670541,6.792971515,7.073223416,7.157264151,7.234064767
1774946_s_at,2.782966289,2.989203859,2.797017654,2.751384131,2.427867499,2.82159303,2.851448115,2.836076195,2.769661108,2.79643662,2.623582201,2.53373335
1774947_at,8.730547635,7.877013405,7.912906158,8.258013227,8.5450451,8.89651087,8.756576274,8.523347527,8.103344955,7.527832572,7.102353826,6.854693666
1774948_at,12.19867032,12.15181202,12.36189365,12.44706709,12.42297184,12.35964092,12.157988,12.19936978,12.41886493,12.46682529,12.47501722,12.47673038
1774949_at,8.655224014,8.863425552,9.189296004,8.746238355,8.355693244,8.263361247,8.810833982,9.36781705,9.93990296,10.03139997,9.851796917,9.988592001
1774952_at,7.201557012,7.429660425,8.100317273,7.047765616,7.126920056,6.824009188,7.353493044,7.30297451,7.154157207,7.69057323,7.489289043,7.255885764
1774960_at,6.158403918,9.218408946,9.115982491,7.470406039,7.856697872,7.913251858,6.11747368,6.434390139,6.817989892,6.474974939,7.28198021,8.546520378
1774967_at,9.433513525,8.136424605,7.563268872,8.187080868,8.469196437,8.932772607,9.337110925,8.837770176,8.240521411,8.133782491,8.18493412,8.447255079
1774969_at,7.82997129,7.853353708,7.954931552,7.890765733,7.882261242,7.866271735,8.012741204,8.179160883,8.555816277,8.931673033,9.141519392,9.119760409
1774971_at,8.28290161,8.171425041,8.419883459,8.477348181,8.458470258,8.445827171,8.376695033,8.333306501,8.691171323,9.094523653,9.20637522,9.022002128
1774974_at,12.03268138,11.70198609,11.10663113,10.98814533,11.27656703,11.62915861,12.07264558,11.59126507,10.27525972,9.312747693,9.226752188,9.175498311
1774976_at,10.51170477,9.032062467,8.486334097,9.396922194,9.73807015,10.04636544,10.42946482,10.01889052,9.129340224,8.41360688,8.360012063,8.672161098
1774978_at,9.184528147,9.079563281,9.099071458,9.431443299,9.502403727,9.333872848,9.354099382,9.154366788,9.321457818,9.761470242,10.00001302,9.863744814
1774979_at,8.918059913,9.313090507,9.316260147,8.880922867,8.927932345,8.983483188,9.020575033,9.494420506,9.807506356,9.58687426,9.213511726,9.051246949
1774980_at,10.07581487,7.920143627,8.241954944,8.845649405,9.127379688,9.559417024,10.09072064,8.93856817,7.541476867,6.87579308,7.467096451,7.764397104
1774982_at,10.10626178,8.60063791,7.901114746,8.974879414,9.277524567,9.650040298,10.10149921,9.368733985,7.55730453,6.742422695,6.62367354,6.657706808
1774983_at,5.909232289,7.018245053,8.235205218,8.491828129,8.375936939,8.241038263,5.972266754,6.551715862,7.560379319,8.669019814,8.974235464,8.859395228
1774985_at,7.223398909,8.489032909,8.929391852,8.58532308,8.370355384,7.933319513,7.409972717,8.423778959,9.109719295,9.168306617,8.682713581,8.52444713
1774987_at,9.565590463,9.619830988,10.02845856,9.988031863,9.83576714,9.754317993,9.605032673,9.458647739,9.586253494,9.58844946,9.243657321,9.182081172
1774988_at,3.245568694,4.167132124,4.250171827,3.517154599,3.565823342,3.461175853,3.021752632,3.086129221,3.228544708,3.705999008,3.688782542,3.738547336
1774990_at,9.373971218,8.751335008,8.603167443,8.860394818,8.814495937,8.951301135,9.258673081,8.757455346,8.31927263,8.225269253,8.184712351,8.364321645
1774992_at,7.69653327,8.220389498,8.506415044,8.049384384,8.053291857,7.765809528,7.704568637,7.946795379,8.506649139,8.967670823,9.058040099,8.714092396
1774993_at,10.68235461,10.74458548,10.91837721,10.97882091,10.908371,10.76524261,10.82830946,10.48867096,10.48077187,10.71083234,10.76680371,10.43323299
1774995_at,8.869740153,8.740235833,8.713826588,8.626914408,8.65029196,8.758686988,8.84979157,8.69351453,8.670730186,8.66832037,8.626491611,8.694791012
1774998_at,6.214198303,6.074701916,6.197239391,6.40285213,6.564136454,6.250959796,6.10105148,6.072356548,6.384065086,6.84816937,6.94753746,7.098474596
1775000_at,7.811239544,7.872363911,7.962052796,7.801313765,7.814380937,7.779622138,7.844810353,8.044536379,8.033402239,8.028101623,8.124716741,8.053422503
1775002_at,9.480404892,8.894116313,8.948314215,9.139178398,9.277136258,9.270887645,9.431499044,9.23194409,9.270161433,9.404219584,9.451500621,9.15791819
1775003_at,7.746194995,7.441238746,7.683981242,7.89393964,8.092654282,7.919784327,7.913733938,7.802879238,8.007497859,8.181218051,8.124867236,7.833455978
1775004_at,10.43288509,10.68396327,11.02679255,10.81045453,10.53188913,10.50903912,10.50328272,10.63248412,11.1439483,11.34484251,11.33827671,11.32662004
1775005_at,10.52963605,10.77155904,11.11991706,10.99764744,10.88923575,10.74622572,10.31686208,10.19968986,10.2579384,10.40982709,10.16785588,10.81248183
1775006_at,8.441985821,8.08447651,8.796792842,10.23457999,10.31549706,10.07940151,8.397034017,7.816051467,7.177957986,7.945048304,8.590797031,8.51167029
1775007_at,11.79129617,11.86028717,12.13847601,11.9751688,11.69277006,11.58789595,11.76605437,11.94622919,12.22859288,12.34776194,12.48630311,12.65163274
1775012_at,8.072166731,7.794954897,7.85862893,7.971996367,7.933138095,7.949480046,8.261237651,7.957223284,8.205895295,8.563848486,8.80002371,8.948008318
1775014_at,7.506518149,10.07340399,11.29693501,11.25222419,10.62482582,10.19446208,7.650438794,8.888941673,10.85863787,12.38031324,12.71463852,12.8525388
1775015_at,8.708037256,8.081138678,8.259437849,8.256660843,8.398163893,8.526324878,8.778732313,8.5817893,8.180993048,8.17317785,8.058104777,8.030566399
1775018_at,7.96741266,8.898234641,7.909018311,7.57398614,7.890340111,8.133943817,8.010664799,7.455746304,7.837507757,8.114013907,8.188564489,8.169524117
1775020_at,9.272317649,8.863464185,8.871075356,8.993207295,9.19812944,9.226129037,9.150652761,8.910720448,8.80953549,8.867043693,9.031142849,9.063672909
1775022_at,8.652592641,8.018780022,7.954355362,8.113251067,8.234385228,8.564586824,8.555386533,8.610405083,8.683701879,8.778899915,8.873183273,8.901129824
1775023_at,8.703396386,7.690456417,6.998355945,7.768593299,7.90185255,8.251327314,8.630862618,8.526580945,7.936050696,7.641713498,7.796169407,7.887338828
1775024_at,8.675442714,9.284722355,9.876186211,9.263918408,8.801370443,8.725105805,8.595563812,9.483827922,10.53118331,10.89638842,11.0719647,10.98395016
1775028_at,11.3294674,11.30537621,11.27768774,11.38340058,11.37032486,11.39210498,11.35158308,11.33066654,11.25141193,10.99603553,10.79036215,10.71156647
1775030_at,10.27405661,10.16050025,10.50249485,10.68756671,10.59222298,10.47841383,10.16950176,9.963871149,9.999432882,10.31704422,10.47305377,10.61102071
1775031_at,10.32480364,10.26588051,10.24067532,10.20491628,10.29149666,10.3145971,10.38725884,10.42542138,10.37323282,10.5097378,10.5100836,10.31639022
1775035_at,7.252958676,7.52428325,7.638159951,7.433724973,7.335852366,7.239303398,7.380859667,7.303682587,7.415655554,7.430321892,7.542813189,7.608408339
1775036_at,10.90003702,11.69471234,11.9180635,11.84298399,11.72113768,11.47799613,10.93918409,11.39060172,11.90327838,12.12455971,12.21347877,12.32759209
1775038_s_at,3.330670029,3.608149672,3.484162472,3.406841176,3.345000165,3.488036349,3.539069538,3.462040529,3.254771664,3.392850848,3.457777531,3.465914232
1775039_at,8.541929923,8.274002531,8.390586787,8.1635818,8.175186926,8.312685095,8.587855437,8.268290696,8.257301702,8.30654056,8.468294959,8.595411736
1775041_at,6.761091763,7.447255881,7.74868319,7.313904333,7.45481377,7.222903295,6.956002156,6.962531673,7.58708479,7.863094839,8.088021873,8.401679744
1775043_at,8.983599299,8.75753474,9.036598468,8.962293379,8.698339124,8.734900968,9.09291321,9.065543755,9.406152905,9.664010898,9.794073938,9.784972425
1775044_at,11.62852183,11.52879827,11.45037863,11.75906463,11.73428113,11.66909851,11.69693129,11.90419699,11.93946445,12.00243266,11.74405493,11.40502588
1775046_at,11.63579886,11.65424318,11.52543872,11.55766549,11.7595621,11.81253215,11.7968107,11.73737172,11.50539949,11.23780073,10.8391003,10.36521928
1775050_at,9.600256387,9.374982629,9.517391894,9.550869556,9.479468979,9.628404401,9.720703709,9.584138325,9.48203491,9.455541385,9.18661745,8.932430069
1775052_at,10.2435534,8.768318206,8.124782023,9.192618358,9.511440819,9.782829185,10.17621704,9.617138586,8.431407934,7.615640325,7.6257568,7.995161962
1775054_at,10.67658466,9.984353829,9.764868034,9.971505485,10.19942269,10.34340715,10.58215317,10.30332952,10.04306557,9.843881419,9.970884478,9.958282319
1775055_at,9.006126174,8.154684646,8.4869024,8.998808199,8.950850996,8.842800169,8.842415985,8.353375181,8.001259581,8.070647929,8.213992086,8.328291213
1775056_at,10.63605908,10.68040437,10.72630953,10.56702523,10.5510073,10.52596947,10.65482882,10.62892018,10.61288261,10.62153685,10.38912548,10.39571186
1775057_at,12.44979771,11.96732425,12.41940423,12.59775593,12.53420662,12.48681639,12.40926387,12.28003131,12.2218703,12.33757679,12.32997557,12.13471515
1775066_at,6.957748712,9.318553259,10.70706495,10.37103674,10.02149753,9.401256311,7.085787109,8.018886421,10.04626147,11.88169554,12.27698171,12.20623221
1775068_at,9.63742456,9.688808965,9.786265725,9.965161426,10.16214979,10.0047001,9.756395793,9.800345053,9.947312689,9.949518842,10.04865152,9.884004473
1775069_at,8.024324995,8.091871121,8.255089804,7.883040012,7.806505054,7.851879468,8.081500499,7.948306543,8.238338221,8.256073773,8.349166292,8.476214595
1775070_at,3.866408274,4.245925617,3.268138821,3.764125952,3.776823702,3.737775873,4.204823931,4.012115513,4.612330531,4.11747653,4.175089441,4.464869059
1775071_at,8.930294196,8.91063074,8.503155572,8.593243617,8.581906882,8.495581665,8.909822129,8.936339454,8.737549039,8.767418648,8.64877264,8.713243992
1775074_at,7.7953471,6.878492997,7.17936257,7.393978969,7.521646657,7.63110995,8.036989821,8.038823033,8.241571638,8.315522925,8.116885678,7.899939736
1775076_at,8.476060033,7.722527834,7.352819483,7.652411644,7.769419544,8.137511066,8.535438386,8.529601832,8.053572807,7.393592717,7.088679959,6.646151755
1775078_at,9.804469118,9.107722588,8.49517481,9.071148614,9.234388831,9.449879545,9.858143006,9.368620488,8.532599179,8.006103095,8.150942433,8.51769672
1775079_at,9.79049114,9.775630373,10.18144418,10.14298569,10.08927224,10.00633894,9.884734574,9.711729218,9.863868108,9.82165294,9.813413874,9.835908086
1775083_at,9.947078225,8.91698785,8.933294871,9.504694971,9.745049877,9.78848053,9.930953671,8.845019459,7.810527158,8.110965562,8.62414901,8.973518152
1775087_at,8.275310868,8.830845437,8.665571813,8.138201213,8.295824844,8.159701783,8.305524948,8.553709478,8.509892869,8.515089034,8.155345573,8.160344948
1775089_at,5.542388828,5.473848613,5.292936696,5.201788405,5.127437718,5.180036111,5.678560484,5.800703719,6.082279476,5.924505542,6.134566604,5.993706643
1775091_at,8.346310013,8.338458071,8.055272707,7.762224849,7.907496653,7.913867484,8.328993744,8.108737055,8.022438145,7.996304267,8.245010916,8.136994385
1775092_at,9.817261137,9.563418998,9.800676585,10.0492323,10.07906166,10.10316212,9.974052453,9.859583949,9.783545045,9.832076439,10.03957541,9.803028335
1775095_at,9.500213335,9.082861618,9.166510106,9.135422313,8.848093821,8.613677588,9.606364275,9.426529268,8.850087251,8.235928188,7.618150138,7.334175414
1775098_at,11.06941832,10.23771394,9.541459763,10.24899921,10.61533626,10.88989474,11.17188062,10.75142206,9.938447341,9.500573321,9.724143459,10.05240791
1775101_at,8.472961774,8.995734001,9.033128385,8.730720931,8.680023009,8.412275645,8.531775056,8.979268494,9.713775143,10.08623632,10.05947088,9.94457328
1775108_at,8.370061148,8.171698315,8.078346777,8.152433159,8.038453286,8.338529536,8.529046364,8.289563479,8.216461927,8.187547511,8.300905841,8.273115894
1775109_at,7.622231879,7.436885442,7.768639708,7.579877989,7.425172868,7.537108738,7.665676285,7.410556468,7.309669591,7.391781046,7.253170775,7.378837157
1775112_at,10.02704476,10.16253447,10.39834459,10.31325489,10.27231479,10.11649356,10.04266187,10.22919545,10.31063259,10.55074939,10.30361435,10.04110867
1775114_at,4.57518204,4.817660291,4.404557553,4.332568834,4.794555756,4.789308881,4.588608659,4.438557314,4.296442872,4.232674241,4.226545335,3.542019395
1775116_at,8.996955585,8.021963959,8.168111907,8.341102864,8.502533371,8.842201926,9.035818476,8.799655168,8.585463374,8.178961587,8.117111944,7.960500012
1775118_at,8.40245183,8.247466667,8.226396559,8.113850935,8.287236369,8.352853245,8.412226666,8.526422067,8.529813955,8.492813055,8.318263157,8.179268805
1775128_at,13.0474036,13.03516828,12.97162214,12.97043321,12.97545735,12.99967863,12.97208606,12.97612244,12.84735869,12.65027112,12.19102095,12.14076926
1775130_at,10.48177393,9.715735983,9.004787901,9.522275473,9.759506883,9.990603023,10.52678526,9.872065693,9.090267714,8.531137941,8.682511582,8.801775876
1775131_at,11.69441725,11.87976972,12.19442653,11.89453084,11.50520165,11.41641273,11.67618432,12.08898674,12.66892653,12.98139299,12.88694768,12.91917255
1775132_at,8.255818471,6.706638869,6.914794394,7.538205755,7.684648261,7.947399861,8.262986461,6.816041804,6.121124929,6.004970086,6.143548031,6.25804816
1775133_at,8.002587085,9.049390207,9.187442338,8.682177356,8.314411858,8.007887402,8.094509567,9.194694123,10.17694993,10.30957456,10.67578857,10.69738962
1775136_at,8.993026267,9.203707462,9.520428057,9.306151252,9.196762934,9.18429832,8.982000819,9.198326327,9.673718751,10.13261131,10.15744862,10.12179314
1775137_s_at,6.866412903,6.248371243,6.550162134,7.212313326,7.193999855,7.120843661,7.030864083,6.490481217,6.488687064,6.917437618,7.282425601,7.217382044
1775141_at,9.125786093,8.789308654,8.789873389,8.793351843,8.741663942,8.768076443,8.958371609,8.830459723,8.793963686,8.801809468,8.863646841,8.866467705
1775142_at,12.90574002,12.9461263,12.81182867,12.86827543,12.85273418,12.87522922,12.83257597,12.80397604,12.73013841,12.50922866,12.31160533,12.35107868
1775144_at,9.919864612,9.648544928,9.544682854,9.514585283,9.50573466,9.539199308,9.748786946,9.562947345,9.382746424,9.110807573,8.934031298,8.980846187
1775146_at,7.412095225,6.305493633,6.560733337,6.762980019,6.880564562,7.061821744,7.508698415,6.88455504,7.048512912,7.366907076,7.383050403,7.285753848
1775147_at,3.183488987,5.698576368,7.977535978,5.274876162,4.412782365,4.126502565,3.494413777,5.959053027,8.294930524,8.888658636,9.464178117,9.888876628
1775150_at,11.90236109,11.24077646,9.866709978,10.71052389,11.1325192,11.45487307,11.85763261,11.50796034,9.327973718,7.70752179,7.949830377,8.562443191
1775151_at,9.289776565,9.645639029,9.835582427,9.478447701,9.373401303,9.317376324,9.134183271,9.297777263,9.657890068,9.657200097,9.301608031,9.176984907
1775152_at,2.625785954,2.75436413,2.804946832,2.654185344,2.354149481,2.427619281,2.595251764,2.547686223,2.558660734,3.104853175,2.534213962,2.850938529
1775154_at,9.403229337,9.109669939,9.105980212,9.060351525,9.020887025,9.087745587,9.306143076,9.522771584,9.764018603,9.865804733,10.09968158,10.29300917
1775158_at,9.813823534,9.50298841,8.946195796,8.997888982,9.355283596,9.455712609,9.642650166,9.568661806,9.13076235,8.384112392,7.792265987,7.365776083
1775160_at,9.37868012,9.14241442,9.100148581,9.053424108,9.075863049,9.12129579,9.419856235,9.651724438,9.674977414,9.412982477,9.435080668,9.470674838
1775161_at,7.193377086,6.809625792,7.007160924,6.816785319,6.815494331,6.96986673,7.107756547,6.965259435,6.72076146,6.58402371,6.534539286,6.509431655
1775162_at,8.386351516,7.992119304,7.982039902,8.036587314,8.158789319,8.273708847,8.552516879,8.399432224,8.156288888,8.362541461,8.417221527,8.520195451
1775164_at,8.800124216,8.125275651,8.49655663,8.667018623,8.730340438,8.766572684,8.907987844,8.564711974,8.494090087,8.751072634,8.831899222,8.570930665
1775165_at,8.214308215,7.945950173,8.023408127,8.043141516,7.999094074,8.215371115,8.363340636,8.56133011,8.814297462,8.772655251,8.821545973,8.823536655
1775166_at,9.185101499,9.051993596,9.266724889,9.180997047,9.207861462,9.225434079,9.336689534,9.108579039,9.242861673,9.216815751,9.018420889,8.949676144
1775167_at,12.57766989,12.51660485,12.30987757,12.14641622,12.40561241,12.557137,12.55249673,12.49031409,12.02627129,10.48313979,9.499334596,9.763214455
1775170_at,8.036026422,7.599187434,7.738047822,7.849800526,7.929310845,7.890252851,8.121206842,8.197067785,8.362039444,8.22660378,8.327224204,8.214333844
1775172_at,10.46928956,9.273380055,8.71970132,9.49164291,9.725937363,9.976717725,10.31302095,9.778795917,8.50970488,8.099757134,8.487144988,8.827863088
1775174_at,9.367676406,9.480887011,9.582669788,9.433109337,9.20502968,9.196102062,9.315223654,9.680601358,10.30166337,10.44477504,10.28894038,10.04636197
1775175_at,9.133950767,8.747122976,8.643850221,8.530222318,8.770874396,8.852780439,9.128010863,9.057752046,9.092427881,9.079287678,9.211420864,9.203851683
1775176_at,7.678453787,6.831090544,7.149864437,7.453728074,7.486667863,7.599171739,7.905332529,7.034329179,7.202188222,7.225024647,7.678453787,7.721358235
1775177_at,7.226825672,7.91570066,8.122023727,7.750009397,7.687342698,7.50811042,7.304928127,7.874910115,8.464037491,8.642728829,8.948553752,9.052398371
1775178_at,7.638332901,8.076481875,7.29955237,7.155924382,7.255773956,7.243646317,7.675381234,7.402644227,7.227987598,7.139647274,7.175541341,7.365898713
1775179_at,9.891589538,9.699504496,9.511464517,9.348585928,9.409611923,9.604283044,9.900969097,10.14013088,10.30066244,9.850163335,9.756262772,9.820969743
1775180_s_at,12.31977235,12.21019131,12.23917409,12.00110488,12.28185619,12.28446173,12.75912648,11.66574375,11.20703451,10.62027839,10.73729626,9.963767257
1775181_at,8.789046327,8.125487999,8.068122948,8.363732658,8.472190347,8.491524166,8.810083709,8.709100245,8.755767507,8.839646551,9.345499657,9.472963741
1775183_at,8.893782247,9.343972304,9.285431571,9.155427605,9.093491707,8.99469982,8.783071797,9.042610255,9.052191305,9.109343465,8.999759356,8.94688959
1775186_at,10.8043573,10.38845776,10.14394733,10.39332347,10.73990946,10.99597056,10.74178153,10.37048554,9.414345757,8.463708336,8.526195931,9.292126377
1775188_at,10.17383289,10.49116347,10.70874297,10.50122212,10.38278016,10.33031608,10.06611246,10.22390363,10.61240353,10.62758793,10.35221016,10.29996184
1775189_at,6.356703661,6.8458719,6.518411342,6.228803581,6.189129645,6.305474917,6.729306204,6.270307777,5.911442623,5.954401028,5.70935845,5.438101478
1775190_at,8.725105348,8.293505524,7.837610059,8.272496444,8.566211372,8.532616929,8.682920331,8.507052986,8.309046552,8.17380093,8.18528897,8.137376831
1775191_at,5.983709641,5.740669311,5.934985213,6.189801219,6.23242191,6.312534062,6.087287218,6.093293873,5.638254001,6.117191736,6.374537997,6.319694264
1775193_at,9.235465922,9.183805696,9.518150192,9.286978954,9.220818832,9.377712162,9.448274744,9.023958148,8.900152938,8.844185323,8.581655645,8.505743882
1775195_at,8.739359528,8.345592323,8.397852125,8.134840511,8.413443961,8.507393584,8.927997431,8.804045389,8.926802075,9.092262425,8.982340178,8.762107841
1775199_at,11.08223881,10.73317126,10.174375,10.68308604,10.86135315,10.75521739,11.13340826,11.36307741,11.24223482,10.97500316,10.74651425,10.43687042
1775201_at,6.331900219,6.623293729,6.830617287,6.770552665,6.874390603,6.711731402,6.155517343,6.735723407,6.867114507,7.331457986,7.680690404,7.746265055
1775207_at,7.026932029,6.980378212,6.991394273,6.774750723,6.810840029,6.539360231,7.117433887,7.172672183,7.242528544,7.524674062,7.570646731,7.461881458
1775209_at,11.14547479,11.27317952,11.59473929,11.22254908,10.99234674,10.94553685,11.21719253,11.49533242,11.91124138,11.95735434,11.94240677,11.76267277
1775211_at,8.328399271,7.741697561,7.827700045,7.733721868,7.879997375,7.847773988,8.312214095,8.436104433,8.806727154,9.079177656,9.221356203,9.307335466
1775213_at,8.32157017,8.319612923,8.563275926,8.703165942,8.718774288,8.621203858,8.426460652,8.253492084,8.130256415,7.934926316,7.918172038,7.73689759
1775215_at,6.507815266,6.948967772,7.942580957,7.625178687,7.500115494,7.133784935,6.370257118,6.750163757,7.372194596,7.47094526,7.378551978,7.72496983
1775218_at,11.80519666,12.07418982,12.3242593,12.39576006,12.09536567,11.83992177,11.8365533,11.67152803,11.37336442,10.91304179,10.41474541,10.3792358
1775219_at,10.07160209,10.04022246,10.52581525,10.66761755,10.62562461,10.32956394,10.17915032,9.88366311,10.19427622,10.69863258,11.10857796,11.24246168
1775220_at,8.952533844,8.165182277,8.926605015,8.79015499,8.42844763,8.037564331,8.882285919,8.402705373,8.137532849,8.239807831,7.944403794,7.554085592
1775221_at,8.597668831,8.814222757,9.213219133,8.752475229,8.489099979,8.457311519,8.431584872,8.456724252,8.661206017,8.735025629,8.655075848,9.06497532
1775222_at,7.815615797,7.334421612,7.304163938,7.266891162,7.310033648,7.404719188,7.826651006,7.606373791,7.490351958,6.938208393,6.995577704,6.721615893
1775226_at,8.321496492,7.819978909,8.246955531,8.551524651,8.529550406,8.420214935,8.251581275,8.279436186,8.440066904,8.791195687,9.094511983,9.360400135
1775227_at,8.367505982,8.891095657,9.733827844,9.90190138,9.821247229,9.612529393,8.367243656,8.331607064,8.974166824,9.470365207,9.560213499,9.440385081
1775231_at,2.320142028,2.513925094,2.221796799,2.390465785,2.480584034,2.487090653,2.611342745,2.411416707,2.486844687,2.314337693,2.199688189,2.536049695
1775233_at,11.1270686,10.38348001,8.850402435,9.792639739,10.25875013,10.59352052,10.94518911,10.67975145,9.815200609,8.641133604,8.966007568,9.230492632
1775234_at,9.585006712,9.158899838,9.133579869,9.334178594,9.291766359,9.26937155,9.461919081,9.439771223,9.56915705,9.622374152,9.662169655,9.549030995
1775235_at,11.97031624,11.62401847,10.68042182,11.20513919,11.30089466,11.54666342,11.82774202,11.18946714,9.342484884,8.506215969,8.167368851,8.258621569
1775237_at,11.89963813,11.74016953,11.61973076,11.55071926,11.70088062,11.79508476,11.89553217,11.79615538,11.28727002,10.93564253,10.90844621,11.00379338
1775241_at,9.801907039,10.13391007,10.11105421,9.768859298,9.639572819,9.68347067,9.698364695,9.757054556,10.13464269,10.07385111,10.01920932,9.832200732
1775244_at,8.703247786,8.953628136,9.257155946,9.006001224,8.936516847,8.886865943,8.821862895,8.96555418,9.362993255,9.40658263,9.022012819,9.015089703
1775245_at,10.32863919,10.39808347,10.82028229,10.66420296,10.52400106,10.44122422,10.22756739,10.07010144,10.26716425,10.27463765,10.01815469,10.0390429
1775246_at,7.59033858,7.852426356,7.960622561,7.855262464,7.800401391,7.651650523,7.795932387,7.875109691,8.049704645,8.248234069,8.252407116,8.357578672
1775250_at,10.25142375,10.4359524,10.44672753,10.17837963,10.19076991,10.27242313,9.993534715,10.1640397,10.21241401,10.26701887,10.22120954,10.38473173
1775251_at,3.861962712,3.948244634,3.447314129,3.509630006,4.020084398,3.810399718,3.546704721,3.965586102,3.837850576,3.672285002,4.021847081,3.918695501
1775252_at,8.277771943,8.989324468,8.674547307,8.316698879,8.281469234,8.358237784,8.34162141,8.787280078,9.161375906,9.245925182,9.23124433,9.287152239
1775254_at,10.11875192,10.39611512,10.57979895,10.40851849,10.17349503,10.20610558,10.09780759,10.30934217,10.66245561,10.65840218,10.31043667,10.16297086
1775255_at,2.799935063,2.708436786,2.822109149,2.738628524,2.682030065,2.662930761,2.652673648,2.836986894,2.706315064,2.729261077,2.819053137,2.581327066
1775257_at,10.63489548,10.57354893,10.84545839,11.27168621,11.34661764,11.1947948,10.49191072,10.18840861,10.02358198,10.32727733,10.36041265,10.34133425
1775258_at,10.13237994,9.983662776,9.826963019,9.959960849,10.02724596,9.999279405,10.17366636,9.849096853,9.484540879,9.384648973,9.56403047,9.626153372
1775262_at,8.742121145,7.751169039,8.168210282,8.039368802,8.38146529,8.595472133,8.826744571,8.578765979,8.330351576,8.023884756,7.889717977,7.756943195
1775263_at,9.289545203,9.276406768,9.261810832,9.578369096,9.804372409,9.671747836,9.43397036,9.164060985,9.300062131,9.196406071,9.227558783,9.077315705
1775265_at,9.127925839,8.929524876,8.884427294,9.196945864,9.189690757,9.060175146,9.067185509,8.666087167,8.287675297,7.927901694,7.744003965,7.622854896
1775268_at,9.851339679,10.13898998,10.56320357,10.38767473,10.18825777,10.09870745,9.83269886,10.15785307,10.63926529,10.74782325,10.68343465,10.68528576
1775269_at,9.707822296,9.760943554,9.796334702,9.813949549,9.646243044,9.649396954,9.672961603,9.729322451,9.713780796,9.670185057,9.45404578,9.581867567
1775270_at,10.23912617,10.31638438,10.439651,10.33056686,10.29061894,10.26641203,10.32523523,10.29324905,10.3517648,10.54022901,10.55548983,10.41749483
1775271_at,6.111251007,7.074869444,8.25854342,7.566742355,7.498382219,6.948717876,6.256971287,6.771555698,8.1709094,9.376390037,9.207268705,8.79103553
1775274_at,6.466802069,6.002416927,6.143494787,6.28834477,6.360612453,6.415053801,6.608288932,6.307148476,6.107725139,6.274961426,5.981890031,6.098129534
1775276_at,12.29811942,12.18447273,12.13925148,12.33931293,12.45237898,12.59874169,12.45279414,12.20780997,11.5701069,10.90085022,10.6250274,10.14729003
1775277_at,9.451606783,9.502321396,9.652862273,9.445202637,9.246523517,9.187608963,9.467159451,9.052432973,9.21170464,9.264253404,8.997968768,8.787249974
1775278_at,9.492364724,9.67197405,9.819842497,9.707300663,9.631738302,9.527789664,9.544174783,9.845000002,10.28359718,10.49295896,10.60741809,10.70777343
1775279_at,10.05680659,10.29292895,10.67991873,10.38390681,10.34890827,10.24726265,10.13147414,10.25947895,10.63745127,10.71874904,10.49831867,10.29129069
1775280_at,8.386796469,8.258592957,8.62211873,8.701090002,8.545426173,8.338432106,8.303767205,8.382032344,8.735231456,8.940076455,9.027727311,9.006461468
1775282_at,8.650548104,8.781853665,8.868903066,8.933752269,8.791041327,8.802886588,8.814981406,9.147848019,9.528973114,9.351669067,9.324619153,9.13543808
1775283_at,9.451921855,8.802584489,8.563275926,9.22222926,9.470427567,9.561646047,9.55971545,9.236839359,9.055883529,8.913303297,8.949156143,9.038170817
1775289_at,8.78415602,8.446059679,8.432844166,8.059443387,8.451630945,8.526906923,8.927695374,8.467981706,8.342537936,8.203483106,7.937200986,7.700445342
1775292_at,8.633995782,8.256249452,8.57166662,8.632162353,8.65080734,8.750776932,8.538062131,8.38738933,8.527046878,8.23397439,8.243778825,8.319482794
1775293_at,11.86780159,11.57195503,11.24203394,11.3837318,11.49509685,11.61838364,11.8513201,11.68971656,11.42426529,11.22091044,11.19049861,11.31888408
1775295_at,11.48056533,11.35886261,10.79323243,10.85474085,11.18322903,11.38767449,11.52236179,11.39913831,10.7253096,10.03416056,9.791763359,9.825716555
1775298_at,9.692651912,9.742685935,10.08554606,10.14365109,10.19639584,10.17889701,9.590167864,9.550626654,9.7380395,9.963408133,10.06983756,10.01324203
1775302_at,6.900466075,5.931231188,5.944957227,6.005053152,6.314898294,6.287117355,6.979612963,6.541681401,6.297865733,5.908822701,5.505813547,5.087559718
1775303_at,10.0191564,12.3469119,12.64753807,12.62227174,12.17981975,11.57058746,9.949370857,11.73391509,12.5300232,12.74317332,12.74525853,12.80487087
1775305_at,5.552065683,6.939933144,7.473121412,6.672580741,6.362694533,6.04297323,5.577368111,6.873661739,7.687647772,8.086842668,8.072116883,8.480962049
1775307_at,9.897366024,10.03850014,10.45589476,10.16603476,9.970330702,9.889955858,9.939522178,10.06159289,10.54022901,10.53442721,10.53164549,10.48360104
1775308_at,3.20263047,2.873827026,2.745089333,3.027814294,2.861720244,2.438876387,3.181987587,3.039118839,3.590501592,3.531441445,3.445500076,3.886612038
1775311_at,9.101937126,8.353275093,8.186274414,8.60409059,8.535449667,8.685698013,8.900175128,9.101291914,9.280296918,9.495894576,9.854664039,10.08569533
1775312_at,11.06741087,10.94771306,10.95900376,11.03617861,10.96579935,10.8701702,11.04468034,10.91346606,10.75022444,10.72617081,10.68982274,10.96796175
1775314_at,11.90241725,11.69943692,11.23773779,11.20310947,11.47258386,11.71883947,11.86122579,11.71230102,11.32721197,10.55903881,10.625446,10.90483226
1775316_at,10.21361809,10.41620509,10.82518874,10.53051099,10.29480494,10.31374808,10.10437089,9.889833234,10.07488485,9.909455323,9.448517648,9.374408709
1775317_at,9.643219379,9.668271357,10.02066177,9.753849841,9.66607974,9.713781707,9.687154851,9.588753765,9.618191804,9.663356327,9.48855716,9.490064466
1775319_at,8.816046242,8.672022791,8.575618222,8.272336152,8.366016986,8.326009383,8.676912227,8.965699453,9.060187,9.363663568,9.28567151,9.411016903
1775320_at,8.039134959,7.589974523,7.747577721,7.923662829,7.912825156,7.871084677,7.999996118,7.676305939,7.219450364,7.083219218,7.088567966,7.061299421
1775322_at,11.10750537,11.72327877,11.47079657,10.36324507,10.27658992,10.32975514,11.0761058,11.72203371,11.95276615,11.8191889,11.66129063,11.58184453
1775330_at,8.908579795,7.520020988,7.781053613,8.238915891,8.331756942,8.598757495,8.895082231,8.293120252,8.236512794,8.275948622,8.617947171,8.788380872
1775331_at,6.018355098,12.0399187,12.07659992,10.56811088,7.53580481,6.339738121,6.29444811,11.17311841,11.93733979,12.00735586,12.14570092,12.38950902
1775332_at,11.42176902,11.20055386,11.27511117,11.26172176,11.38412968,11.35530151,11.45752647,11.20686899,11.09869021,11.25534856,11.15263451,11.24480697
1775334_at,8.310088778,8.075194144,8.235072018,8.062158874,8.234611791,8.39025434,8.336186331,8.570559136,8.749614042,8.699551958,9.028478449,9.45832547
1775337_at,2.468560341,2.552206111,2.670352368,2.377134378,2.420960128,2.582685787,2.574772131,2.534289788,2.714798509,2.371426773,2.658936899,2.706178729
1775340_at,5.008581982,7.182143904,8.375774723,8.084597406,7.56231179,6.902124457,5.438106469,6.614212681,8.70150245,10.13354094,10.61441773,10.90472544
1775341_at,9.403491122,9.387540317,9.501871881,9.299000327,9.126417776,9.062534798,9.284956271,9.540573688,10.03074764,10.29307382,10.39643679,10.29295033
1775342_at,11.54647397,11.06347728,9.427969106,10.43691571,10.86488965,11.1044558,11.48053721,11.13334954,8.630000998,7.554326518,7.787410832,8.200935569
1775344_at,8.395348735,7.611554465,7.751030075,8.247981116,8.215375228,8.209107066,8.453067161,7.929080291,7.774151521,7.921062954,7.905320826,7.886566589
1775345_at,10.10184957,9.966360002,9.906026826,9.768482388,9.768665415,9.857599883,10.07312034,10.33818119,10.74297966,10.84928058,10.86877508,10.75694395
1775347_at,10.47211502,10.47309057,10.44389752,10.49052588,10.54939535,10.57046326,10.53310316,10.55101608,10.61892865,10.58538732,10.59287387,10.47056031
1775349_at,9.122073887,9.525771479,9.857059192,9.771539018,9.577224039,9.363996735,9.298965612,9.361895736,9.801638542,10.28424927,10.68629845,10.55066567
1775350_at,9.791061198,9.545721875,9.160482639,9.3863594,9.584697724,9.549161178,9.657732036,9.403211758,9.422609204,9.704549981,9.818026065,9.967013937
1775351_at,9.52670475,9.304304224,9.398005379,9.380405619,9.259295921,9.201094157,9.585145409,9.438835267,9.466310049,9.302011738,9.075923426,8.996151151
1775352_at,11.25709614,10.46143645,9.317057618,10.14979299,10.53680886,10.78408714,11.24317223,10.96171352,10.13483754,9.503229442,9.403372485,9.444183228
1775354_at,11.49449106,11.24994906,11.29610277,11.41270253,11.46040875,11.47792499,11.42527275,11.12843779,10.60867092,10.26115378,10.10052347,10.18410948
1775355_at,9.288230115,8.973002908,9.082325968,9.398192671,9.483833453,9.597754773,9.351784262,9.296217408,9.037210627,8.883563936,9.01956152,8.827977756
1775357_at,10.4164963,9.660498648,9.152337794,9.838303512,10.09089205,10.10571764,10.30391298,10.0095858,9.640427454,9.674040283,9.857526503,10.02251886
1775358_at,3.083544519,2.957095191,2.672918092,2.819454877,2.695652228,2.794304781,2.892017222,2.810774469,2.905270722,3.251842877,3.280401111,2.963693301
1775362_at,6.541455616,7.3748817,7.598640759,7.343943482,7.336645612,7.128067505,6.455070027,7.333050975,7.967037626,8.28668373,8.351359808,8.513557588
1775363_at,7.118292765,8.018494936,8.500262427,8.526435958,8.508195035,8.09911542,7.391164736,8.02747506,8.770457594,9.108188253,9.202428533,9.14450099
1775364_at,7.973508019,12.90631869,12.25142696,9.360742013,8.544254582,8.017435975,8.113106067,11.64865045,9.459986631,11.11738045,12.33846511,12.37413078
1775368_at,8.733134473,8.799325992,8.86960082,8.775854092,8.750054835,8.615911509,8.883629827,9.081576822,9.35122719,9.435915632,9.409541134,9.237527879
1775369_s_at,9.728806359,10.1235857,10.10903195,10.43909182,10.33053991,10.14740644,9.814646137,9.206210658,9.025514687,9.55050569,9.532396613,9.684926401
1775374_at,11.29470311,11.37006302,11.42198625,11.52474821,11.49509929,11.41926416,11.29676997,11.34458995,11.42395398,11.46462381,11.50249456,11.43601213
1775376_at,9.32971923,9.780033782,10.01596677,9.685980712,9.676434709,9.487137374,9.431457558,9.504641526,9.723348833,9.757125665,9.821402998,9.616627632
1775378_at,10.68984714,11.58073731,10.99124137,10.29064685,10.2835478,10.20835219,10.69340883,11.85575261,11.70289235,11.7593306,12.02914689,12.0474358
1775381_at,9.071571778,8.928340001,9.116808317,9.218640896,9.112276725,9.070579112,9.026285793,8.972921643,9.534566457,10.21912306,10.64658213,10.73989484
1775384_at,10.39456613,10.9095627,11.46280195,11.24269036,11.03616485,10.82335507,10.52462103,10.82289636,11.1644133,11.70410825,11.61870097,11.17285722
1775386_at,8.857786813,11.40400744,10.75244293,9.047763944,8.605248191,8.517214088,8.796829977,11.8313815,11.95909514,11.55298665,11.38652376,11.50623528
1775387_at,8.716573938,8.593388031,8.774306799,8.696889612,8.751479786,8.681791248,8.510645456,8.945770474,9.456317024,9.610447845,9.768081002,9.791332579
1775388_at,10.12603868,12.1720233,12.37562001,12.49642475,12.46836415,12.31043072,10.06903074,11.30070379,11.93746926,12.28201511,12.46786015,12.48563179
1775389_at,8.179642058,8.199540758,8.325560198,8.048233967,7.977590542,7.906214088,8.094269901,8.376499551,8.921466434,9.467956136,9.664054791,9.683494165
1775390_at,7.536629893,8.755513707,8.85487491,8.483376101,8.568845747,8.300630764,7.797222053,8.061801137,8.58159152,8.85312243,8.75766625,8.653004844
1775391_s_at,5.991191265,7.177627675,6.738944451,7.078405784,6.695845982,6.485797454,5.39782482,5.857367795,6.097057782,6.643590521,6.678242834,6.727640636
1775392_at,9.013937849,9.879030412,10.37404874,9.734501561,9.363321405,8.946632847,9.07868952,9.893073259,10.66191868,10.89398866,10.74114234,10.65498104
1775393_at,9.403233443,7.831008781,6.984401376,8.083513186,8.298954232,8.83649266,9.134459755,8.613156082,7.31781033,6.576741329,6.471562714,6.754396635
1775394_at,10.18714061,9.844577138,9.799557816,9.800437935,9.840740221,10.03776954,10.20007103,10.12004889,10.10585415,9.894060299,9.897169709,9.971337092
1775395_at,8.650417247,8.425996823,8.4256549,8.264423262,8.128075644,8.157190295,8.588274759,8.623508405,8.826001695,8.983243012,8.972826069,8.76682578
1775396_at,8.112113925,8.311629261,8.465227254,8.29624731,8.236098543,8.099285232,8.103864488,8.188692115,8.238999725,8.106017869,7.882889506,7.914270447
1775397_at,10.78167534,10.59938991,10.75222375,10.8456081,10.78648699,10.79517307,10.80895464,10.52976621,10.35455855,10.30593523,10.31045495,10.46015464
1775399_at,10.8741057,11.08533318,11.3799939,11.14839726,10.94698405,10.73928663,10.93405053,11.16425103,11.37392813,11.57249362,11.33819793,11.3874164
1775401_at,7.657678401,7.468863347,7.696744709,7.887519361,7.838965467,7.907516937,7.716316647,7.938535356,8.162915766,8.193004145,8.327536299,8.4201371
1775402_at,5.022151275,4.585704613,4.781365188,5.197238152,5.658095738,5.758738055,5.004844938,4.918206067,5.265976547,5.702263886,5.635009325,5.733926938
1775403_at,10.40779033,10.38012141,10.76339307,10.29095232,10.13340807,10.02583021,10.77335367,10.59636218,10.34867087,10.27829418,9.832247398,9.736701879
1775407_at,12.5118387,12.48498987,12.29660488,12.31033331,12.38881609,12.51033098,12.41375885,12.36732274,12.06452374,11.23476834,10.88828024,11.27341955
1775408_at,9.460367574,9.840212027,10.1364812,9.827772804,9.630188494,9.63844189,9.43067044,9.877071906,10.17322,10.13336987,9.85560906,9.806131598
1775409_at,6.035716667,5.941995382,5.599877468,5.962484882,6.03635363,6.068435828,5.250721621,5.640594264,5.598418002,5.485215072,5.842219888,5.839977727
1775410_at,7.375007262,7.626469931,8.154923825,7.65291779,7.449710945,7.744682042,7.758000861,8.102983773,8.054871713,7.998994263,8.044138292,7.882588535
1775412_at,8.759327604,8.748258178,8.765746684,8.813907285,8.921304557,8.833163609,8.83500056,8.753839845,8.733251185,8.900678313,9.138867047,9.556686715
1775413_at,8.554810199,7.889353258,7.874046509,8.071371889,8.241456014,8.188288216,8.544620325,8.478231723,8.732248166,8.975191327,9.046061518,8.971633109
1775415_at,7.054050445,7.19344538,7.529558697,7.235307128,7.468878278,7.081758654,7.125868994,7.284058288,7.563037732,7.76681159,7.872132877,8.080841861
1775416_at,11.09150187,10.73814801,10.82025931,10.81625488,10.9397452,11.06623347,11.13156771,10.96733112,10.66928521,10.17703738,10.30956952,10.44641587
1775417_at,10.962103,10.87668522,10.99801743,10.93564723,10.9741146,10.92659152,10.99027634,11.06338195,11.15349315,11.20512681,11.29444757,11.28271444
1775418_at,9.772398986,9.74225661,10.14601086,10.03387781,9.912644101,9.927873272,9.792594031,9.735010215,10.048788,10.11500252,9.919295318,9.821478465
1775421_at,9.740424252,10.72973197,11.49158241,11.3552516,10.73289007,10.49086947,9.729797829,10.50604064,11.40610555,11.9978304,12.07367613,12.1195125
1775422_at,7.946540293,7.956135518,7.903444901,8.057195175,7.861661754,8.015529081,8.034923783,8.167629719,8.63905077,8.656911011,8.911674002,8.819308236
1775423_at,10.4517763,10.57312674,10.89177455,10.90053994,10.78500116,10.60409848,10.42860821,10.45537105,10.85903941,11.14442922,11.41492431,11.48118424
1775424_at,7.894213391,7.547689937,7.773027366,7.576899768,7.565950218,7.744991743,8.151122533,7.78989951,7.930767479,8.37874664,8.488052596,8.351397148
1775425_at,7.428115614,7.397948202,7.562314762,7.403913354,7.166791265,7.188383297,7.393295629,7.328600315,7.646349975,7.766736734,8.138684915,8.099952735
1775428_at,8.207728341,8.183017986,8.171281321,8.102960155,8.37076018,8.298158291,8.118616955,8.137365781,8.348082859,8.558599095,8.681205157,8.660190044
1775430_at,11.03992071,10.51760283,10.08088183,10.32259535,10.5642081,10.87115144,11.09634459,10.79754394,9.853530075,9.20482596,8.976339015,8.756052544
1775431_at,9.599028012,8.330896341,7.333753252,8.426592784,8.804788459,9.172392048,9.479019074,9.01641259,7.20469374,6.319296707,6.55512268,6.676477133
1775432_at,11.52678275,11.44489628,11.3118896,11.29470853,11.39579346,11.45025795,11.52179995,11.52675,11.36292108,11.13950616,11.09447509,11.1250083
1775433_at,7.799792126,7.975012297,8.379247773,8.286684175,8.295611311,8.130968573,7.788961112,7.189307738,6.936849729,7.223165657,7.243780408,7.480082323
1775436_at,9.237038511,9.311077319,9.452653438,9.191800147,9.165435506,9.218498109,9.356700415,9.369721683,9.232419129,9.196213536,9.11398525,9.022432168
1775439_at,9.085476167,9.593898738,10.10211136,10.40743732,10.309879,10.13919393,9.187146702,9.294599814,9.903409936,10.42606777,10.61832552,10.63557514
1775440_at,9.837028998,9.667319059,9.792507005,10.04140977,10.07028327,9.87684147,9.604168098,9.425383976,9.598144979,10.07081349,10.42261239,10.6833512
1775441_at,8.140019505,9.076963614,9.732910458,9.436629502,9.483043383,9.346839489,8.293999465,7.338355274,7.889003074,8.684633619,9.203778175,9.402024212
1775443_at,8.620966986,7.536637948,8.862842837,9.16562264,9.359010796,9.31470592,8.648999809,8.145961337,8.323919541,8.964416703,9.303748483,9.677165484
1775444_at,3.803148865,4.057513841,4.111212362,4.304832231,4.656895726,4.951385774,4.01279012,4.077627667,4.401270623,4.623240563,4.943205147,4.85957786
1775445_at,8.425221592,8.654624785,9.034510315,8.911204863,8.78767817,8.724465333,8.405209449,8.489722014,9.023559431,9.149094652,8.89657041,8.571405434
1775446_at,6.905736855,6.423965379,6.699027277,6.853113805,7.045664187,7.007282598,7.13250663,6.766045359,6.869195316,6.803425052,6.633096608,6.334353041
1775448_at,12.71241318,12.68253235,12.56739952,12.56277938,12.64149027,12.73980374,12.63537146,12.64478825,12.45717216,11.97605227,11.75004283,11.85793152
1775449_at,10.03743242,9.90966955,9.820913241,9.946133838,9.962875497,9.904971486,9.910744719,9.663141435,9.265230754,9.26999481,9.402290608,9.74787963
1775450_at,11.52038339,11.37683368,11.34107702,11.31209183,11.38205285,11.36122419,11.56319026,11.44100033,11.40838162,11.16672305,11.07394123,10.85462069
1775451_at,10.47211273,10.22035054,10.24726005,10.26749392,10.36490334,10.38731548,10.38118882,9.639428966,9.305875558,9.15266369,8.970062662,9.0197723
1775452_at,10.34354948,10.30940536,10.13840521,10.08469841,10.17194919,10.14311769,10.30154878,10.1430364,10.08490155,10.1453786,9.913046455,9.764710185
1775453_at,8.59104349,9.023581251,9.087779063,8.888841973,8.905032354,8.814382353,8.798022578,9.039602322,8.810538895,8.992630583,8.576642524,8.381178083
1775454_at,11.46307216,11.09029168,10.19295497,10.34561819,10.73480758,11.13750743,11.3112355,11.05918956,9.804367643,8.408266658,8.314788365,8.565468318
1775457_at,13.00864451,12.9303083,12.8264294,12.8199733,12.92324084,12.96288338,12.998825,12.92213915,12.44001338,11.38119057,11.1095341,11.42738912
1775458_at,7.815516468,7.418028703,7.440961355,7.272435869,7.216948399,7.384604339,7.913484783,7.498198974,7.476577873,7.341116585,7.107654327,7.059990154
1775459_at,10.17429852,9.833766631,9.346211049,9.600294286,9.795729944,9.844442411,10.18465854,10.05296467,9.880231645,9.773013976,9.646436454,9.413519547
1775462_at,9.299205137,10.19079356,9.900649885,9.752601137,9.47221943,9.302730705,9.183850467,10.55726795,11.0712998,11.19281911,11.30071059,11.22218575
1775463_at,9.730873495,9.805374502,9.900427986,9.641888063,9.60129118,9.562907017,9.715846512,10.06322598,10.63762582,10.73972792,11.03374824,11.08552597
1775465_at,7.882029683,7.289841582,7.123761089,7.112556267,7.219011892,7.200741319,7.936996122,7.26012212,6.994130397,6.734442374,6.904533019,6.834555175
1775466_at,2.942713548,3.043794035,2.760417673,2.612526697,2.767697659,2.948267091,3.027248711,3.137160818,3.338730638,2.767724681,2.867406828,2.760417673
1775467_at,12.40561241,12.26272509,12.28493676,12.40848767,12.37782622,12.47129493,12.39340277,12.31916321,12.04891382,11.89136148,11.68348509,11.53575884
1775468_at,12.58961271,12.05799879,11.29915888,11.82852718,12.10978307,12.34272792,12.62061162,12.17486551,10.65265576,9.951899451,10.12535928,10.45162716
1775471_at,8.723313916,8.527762707,8.695180389,8.395527587,8.341582979,8.444960425,8.595771931,8.42570254,8.529721074,8.433576655,8.394416088,8.57590465
1775473_at,10.24366518,10.15369753,10.33201552,10.23622427,10.19700288,10.19937931,10.14436014,10.22981973,10.46697204,10.68667747,10.68717522,10.72278457
1775476_at,8.688255523,8.367141918,8.345533398,8.42220032,8.391493099,8.370327565,8.575825577,8.885508794,8.978378094,9.072000405,8.988811732,8.801874593
1775478_at,4.610017295,5.206915547,5.378280827,5.566642675,5.723946712,5.448287923,4.356177424,5.125672794,5.730196518,5.879426406,6.272046645,6.267391562
1775479_at,5.997506642,5.798787674,7.199318307,8.050670145,7.860475197,7.362497446,6.235216412,7.763307774,9.410648965,9.661613992,9.132843165,8.441921511
1775480_at,10.35579345,10.26943289,10.88060475,10.99582878,10.98532093,10.8008989,10.75941491,10.4285584,9.764041646,10.10347248,10.01945464,9.849229341
1775481_at,8.982554685,7.682556101,7.776733903,8.171790425,8.491955723,8.714747783,8.904405038,8.43388142,8.167928128,8.318407124,8.614822033,9.043727966
1775482_at,12.32437361,11.90650639,11.45994091,12.14217861,12.33711594,12.3898608,12.42343906,12.04001895,11.33442254,11.32400473,11.09828664,10.89473044
1775484_at,11.13230764,11.81599198,12.07266912,11.88686533,11.65040967,11.5272021,11.13790351,11.45668362,11.94494616,12.06705303,12.05391694,11.86168215
1775486_s_at,12.17428277,12.24585886,12.44930195,12.47076268,12.53933264,12.48539747,12.25090979,12.31718288,12.56737342,12.89933287,13.02156684,13.00837358
1775489_at,10.92642091,10.80660961,11.04914681,11.15624198,10.98265544,10.84417558,10.85319586,10.81573356,11.06104824,11.3519189,11.4253223,11.40091201
1775490_at,9.132008742,9.511891536,9.597177733,9.244638166,9.242652516,9.131828813,9.151605996,9.43237069,9.603325686,9.464271992,9.443504886,9.524155872
1775492_at,10.49971399,10.3736304,10.27166997,10.38024592,10.3549547,10.37378613,10.52355499,10.47169003,10.52228308,10.61212431,10.77841647,10.68615738
1775493_at,7.851546968,7.527900656,7.805341159,7.591005103,7.431791977,7.378185055,7.806909737,7.663908442,7.566757254,7.457450767,7.351510675,7.302500473
1775494_at,10.97441309,11.04219192,11.59095019,11.63353766,11.34009352,11.05857414,10.98575264,11.1295648,11.60513625,12.13690236,12.23620253,12.45586756
1775495_at,8.932147664,8.238035393,8.499264778,8.638193538,8.869904095,9.042765274,8.950250821,9.279078635,9.222364592,8.404166078,8.076036427,7.889560046
1775497_at,5.508904146,5.200418174,5.732273542,6.460399593,6.911012485,7.113290119,5.705090873,5.537138759,5.442339196,5.844128958,6.086117266,6.460039967
1775498_at,6.684486634,6.714863056,6.686162734,6.676251673,6.687959543,6.650323586,6.714887784,7.678476106,8.405584919,8.893494011,9.12775049,9.302876995
1775500_at,10.94055958,10.84191654,10.78768296,10.93279532,10.92842,10.77798475,10.89807084,10.96170395,11.01850345,11.19394146,11.20330896,11.17197573
1775505_at,9.804657675,10.08913106,10.47216559,10.47057515,10.22941282,10.00296155,9.862949973,9.998968152,10.36877148,10.70294847,10.81606703,10.85760852
1775506_at,10.78736598,10.12834352,9.222839784,9.866903982,10.1108458,10.4600963,10.73669038,10.54855012,9.907706591,9.230477012,9.368849336,9.638221744
1775507_at,7.497537085,7.23393268,7.169646566,7.348912989,7.044146719,7.07168636,7.325296708,7.516843255,7.648269752,7.837759643,8.158148648,8.090554098
1775509_at,9.797708715,10.52581389,10.55007475,10.1842067,9.968822484,9.786783298,10.04225794,10.40041101,10.28893199,10.41216216,10.33442428,10.02640495
1775510_at,7.788707595,6.697494036,6.977829874,7.077867373,7.303934189,7.554875614,7.763373222,7.202148784,6.531475448,6.052147216,5.772582471,5.55740492
1775512_at,11.32802354,10.75562968,10.24302593,10.40852883,10.72945856,10.88690642,11.31809698,10.77927287,9.745359592,9.24242995,9.226261777,9.530853347
1775517_at,11.13138914,11.17510362,10.86940295,10.88761676,10.94228544,10.76217977,11.11766055,11.62697208,11.77181098,11.57954064,11.40026532,11.29595006
1775518_at,10.22604924,10.33571173,10.41340678,10.49711459,10.40620168,10.28107711,10.32101209,10.41773739,10.63197465,10.67852294,10.86563438,10.92584398
1775522_at,8.794542111,8.741387862,9.009187265,8.63584331,8.509167084,8.399397906,8.636852537,8.594315163,9.108927125,9.347310318,9.705290446,9.806430559
1775523_at,11.29493166,11.35499758,11.58917007,11.65582665,11.52438702,11.32854247,11.23888736,11.28752352,11.50127701,11.91698656,11.87030482,11.7210533
1775526_at,12.09296517,11.96105441,11.88277838,11.61258478,11.66758645,11.78324441,12.06566778,11.9313215,11.4695588,11.34879227,11.07111855,10.67912797
1775528_at,8.520774828,7.230529866,6.898120582,7.629188967,7.975821381,8.117637355,8.564634234,7.938053565,6.909948342,6.73273344,6.960255036,7.086081909
1775529_at,4.435433178,3.838499874,3.864165614,4.026874599,4.023345695,4.162295761,3.864303266,3.982324031,4.01230532,4.455823948,4.126156623,4.33692532
1775531_at,9.700585172,9.49974751,9.37849768,9.419858855,9.485844672,9.573181771,9.789951694,9.53277349,9.557034989,9.629413249,9.503225549,9.518443304
1775532_at,11.03958129,10.82660372,10.75102901,10.3712751,10.30269925,10.52007188,10.99861481,10.64821639,10.2582091,9.812530146,9.498535672,9.553074813
1775534_at,9.622281651,9.215511629,9.097052989,9.348371975,9.507340525,9.719535635,9.582446859,8.99245359,8.185754289,7.728537425,7.409269722,7.466659299
1775536_at,12.65863065,12.58173709,12.48000961,12.5251082,12.6077665,12.63401871,12.60711682,12.54578284,12.25645784,11.54268021,11.1536574,10.97120539
1775537_at,7.130356579,7.499744503,8.12848807,7.827739974,7.69658269,7.66155259,7.028136859,7.357263726,7.432826353,7.378003502,6.998500769,6.989690277
1775539_at,2.656846624,3.031269148,2.829904732,2.879841683,2.977720835,2.67286759,2.975293773,2.957585581,3.010956975,3.19400549,3.266591479,3.376995596
1775540_at,6.185045411,6.390159608,6.445599776,6.125519475,6.209860471,5.88995955,6.30871917,6.443299535,6.76319643,7.202328395,7.099899929,7.384170133
1775541_at,12.19205081,12.09167537,12.02948331,12.16328384,12.10464538,12.06367964,12.01320858,11.71860007,11.58058542,11.54958431,11.60095898,11.57573347
1775542_at,7.415627032,6.977354901,7.273873402,7.239220844,7.441368461,7.433437655,7.443807344,6.92969032,6.998772899,7.105779885,7.20789088,7.233523522
1775546_at,3.238268385,3.332911596,3.442070956,3.416276595,3.466886953,3.368795645,3.087862479,3.285456832,3.389766494,3.225699986,3.444806293,3.383685013
1775548_at,8.933093495,8.47436725,8.257486303,8.881287893,9.149798217,9.184870772,9.001469733,8.867071952,8.740959668,8.98188896,9.134471935,9.439555446
1775549_at,9.330776973,9.260911671,9.801501984,9.792871602,9.587707575,9.528305359,9.249551762,9.004849237,9.00962289,8.96010737,8.639685191,8.386815453
1775553_at,8.908571837,8.514868035,8.61439393,8.397407463,8.538376464,8.754888639,9.135448485,8.595418235,7.839432908,7.770134732,7.804814483,7.815553179
1775555_at,7.193621141,7.266827283,7.37236115,7.318478027,7.303526133,7.173515005,7.109168052,7.411383305,8.141739483,8.541038081,8.907366509,8.859037889
1775556_at,2.682030065,2.590287259,3.056286161,2.740682549,2.907253533,2.940891509,2.920272012,2.953188522,2.752250443,2.525171104,2.587111789,2.870682609
1775557_at,9.500539289,9.673002539,10.32115465,10.0389751,9.778106542,9.884170444,9.236413933,9.350387692,9.658855924,9.590263976,9.255776224,9.479650467
1775558_at,10.36895732,10.34652959,10.46407234,10.41439578,10.3617326,10.26593248,10.34937125,10.41079943,10.49292641,10.55359554,10.39651509,10.30421409
1775560_at,7.182516935,7.402764818,7.351930859,7.267279702,7.08451968,6.900677262,7.249099816,7.170952607,7.238200621,7.402764818,7.554909656,7.283433399
1775563_at,10.80563908,10.94295738,10.55378484,10.31771885,10.66285419,10.7265382,10.73160689,11.24276143,11.31308382,10.80226395,10.55925474,10.60104956
1775564_at,6.204675248,6.108981508,6.166238027,6.050680389,6.129676764,6.143581763,6.265504289,6.411376886,6.215044775,5.954823112,6.146241842,6.186103003
1775565_at,7.341900584,7.194157552,7.406489825,7.295343013,7.369344819,7.29590014,7.452070025,7.338786843,7.533999882,7.591801362,7.400485896,7.293150739
1775568_at,9.270593015,8.410596388,7.926342173,8.717467565,8.957404534,9.177635678,9.356417806,8.80583612,8.015464413,7.656985169,7.564056789,7.839063734
1775569_at,10.11128996,9.958335285,9.93109302,9.739700101,9.984415582,9.996076126,10.1570772,10.02174107,9.775459884,9.499480489,9.421713224,9.336331595
1775570_at,8.495671304,8.615417019,8.911249989,8.707043778,8.527235081,8.455162326,8.319114209,8.566111761,8.872581553,9.128692639,8.988381825,9.11852676
1775571_at,8.774791991,9.116486926,9.302331003,9.01374924,8.980985727,8.806876174,8.743678156,9.141521905,9.54452187,9.592098995,9.54741683,9.399492583
1775573_at,9.357522487,8.983071587,8.900782001,8.978846096,9.022141269,9.025077172,9.359461808,9.251049836,9.129667032,9.025248375,8.962115267,9.032151449
1775576_at,9.17497781,9.983269533,9.490961734,9.182795961,9.209068574,9.081110356,9.217051595,10.20157691,10.29041861,10.75897506,11.2953695,11.22169028
1775578_s_at,8.739419573,9.294476537,11.59406099,11.87454118,11.60035875,11.25582774,8.809835269,9.265118576,10.62237604,11.59680384,11.48914159,11.26226641
1775587_at,8.278768894,7.886772675,8.168697625,8.296801156,8.388776446,8.322916354,8.364747612,8.439917649,8.533426241,8.654915258,8.519925964,8.270096406
1775588_at,4.615236889,4.719422857,4.399027385,4.529364779,4.663623505,4.601319814,4.667655688,4.743318299,4.673707436,4.796412083,4.768916285,4.89704049
1775590_at,8.348082859,8.433221585,8.533969208,8.194802499,8.320852691,8.252399865,8.374363032,8.31405526,8.285024804,8.181923187,8.365340706,8.306156884
1775593_at,10.06523929,9.118260755,9.33680622,9.120702524,9.561065212,9.819838932,10.20695946,9.743394177,9.375808847,8.717467181,8.419399725,8.179084577
1775594_s_at,12.58011169,12.5974279,12.3988315,12.46683963,12.49775083,12.5375671,12.50889743,12.48616021,12.25802993,11.84963042,11.65987284,11.87079015
1775596_at,10.23334511,9.432585503,8.693850087,9.08641284,9.352917102,9.696336557,10.21662688,9.731306452,8.92615272,8.631406104,8.789232659,9.144647339
1775598_at,7.693004624,7.630234081,7.741387856,7.714006769,7.743862943,7.610732695,7.781835893,7.921792716,8.061619812,8.279550663,8.240789144,8.067098461
1775599_at,8.807513116,9.391938196,9.60239616,9.045400582,8.801456155,8.759722959,9.050568773,9.964968121,10.37936637,10.51323652,10.76575139,10.66223901
1775600_at,6.265082805,5.511642652,5.643542895,6.005582468,5.959971339,6.156926807,6.356255043,5.639558926,5.741927446,5.561695,5.893302774,5.791295277
1775605_at,7.555557167,7.082541238,7.241887367,7.490508019,7.593243583,7.645038696,7.579923232,7.267360048,7.360736539,7.141607146,7.113878066,6.975060072
1775608_at,10.48384884,10.39437737,10.81614852,11.12035265,11.16816286,11.12494169,10.52686663,9.436114332,8.879665072,9.448503625,9.561975668,9.33323667
1775610_s_at,10.35452871,10.57610207,10.80816851,10.61515847,10.47451352,10.44380353,10.24148089,10.86788535,11.22626425,11.4211142,11.14821101,10.91472415
1775611_at,9.797268051,8.851898648,8.292257812,8.93033004,9.104907562,9.321080812,9.841259399,9.401545331,8.682976036,8.345892031,8.222387891,8.309119781
1775613_at,7.848663462,7.779287725,7.706927993,7.464179971,7.623424664,7.693599867,7.951309272,7.729043853,7.661660272,7.542239891,7.26822585,6.912644322
1775614_at,12.36471674,12.39900824,12.25664446,12.20364729,12.25841783,12.29985111,12.37707608,12.43789809,12.2861066,11.73802374,11.60780209,11.70055662
1775615_at,9.878614098,9.794043584,9.80778784,9.696230297,9.725385958,9.828746626,9.972692124,9.881558053,10.00602084,10.1203571,10.2238531,10.1480348
1775617_at,4.71493719,4.756574299,4.706913202,4.811845948,4.835855921,4.959276725,5.100491023,4.755632787,4.636131425,4.826405658,4.761668023,4.791140398
1775619_at,9.790897376,9.763743265,9.943549609,9.750203406,9.609655643,9.557703869,9.673077778,9.316457012,9.904978851,10.1496214,10.2009904,10.40272609
1775620_at,9.068162609,9.253820757,9.167353236,8.879160854,8.89625662,8.727424334,9.028194003,9.184549328,9.713708789,10.18528718,10.37286418,10.36890471
1775624_at,12.49374747,12.51161435,12.51856427,12.5929544,12.37830413,12.34178673,12.52106052,12.53420662,12.50681124,12.43929524,12.46279017,12.52360745
1775626_at,11.9244608,11.07796487,9.423441579,10.61492367,11.16371139,11.5554753,12.00799294,11.33609712,8.629549026,6.823010255,6.807773139,7.47880792
1775628_at,4.536202977,5.629247086,5.777557717,5.479072811,5.785805911,5.410768102,4.54872928,5.334651152,5.873999231,6.326573816,6.467469549,6.774429692
1775629_at,7.715851529,8.421623665,8.702160731,8.465815804,8.097280342,7.93037346,7.833116503,8.173902787,8.490912488,8.748168019,8.672906775,8.585093763
1775631_at,9.931128175,10.08566249,10.45363893,10.40438786,10.08331329,9.972977197,10.05220308,10.18214032,10.61097306,11.00745077,11.280521,11.41778835
1775633_at,9.205587362,9.611985446,9.444767088,9.532996519,9.713703844,9.543072208,9.212344511,9.301392289,9.435980108,9.366774115,9.28791341,8.983545281
1775634_at,10.04006383,10.07586926,10.03369045,10.07299659,9.944785491,10.08915386,10.07912245,9.885553579,9.918158161,9.518904649,9.279782763,9.260188922
1775635_at,8.782303158,8.187622625,8.364345048,8.596476795,8.767369179,8.774829234,8.811867298,8.591544325,8.522994602,8.566233395,8.783257942,8.607649238
1775638_at,9.426701207,9.055694879,9.06710329,9.126565698,9.040346947,9.113470723,9.447465366,9.475837886,9.657491988,9.695779019,9.954194743,10.10751968
1775640_at,9.168337508,8.434050647,8.238271873,8.232389349,8.443720813,8.813512455,9.453173631,9.148508649,8.624652183,8.042343972,7.441176647,6.839916372
1775641_at,9.093198058,7.344017143,7.448502958,8.320721697,8.639381587,8.910528113,9.195489948,8.373469339,7.471354042,7.33533826,7.685118788,7.938609688
1775642_at,11.4284139,11.17030887,11.00780114,11.14146718,11.19002572,11.21543223,11.38634237,11.33208974,11.3055037,11.46710668,11.45280929,11.63092235
1775643_at,10.43193773,10.397881,10.41724212,10.35197865,10.24242189,10.24621818,10.43006557,10.56778806,10.77641262,10.77448814,10.78812182,10.85437865
1775644_at,10.39430643,10.44429919,10.72515379,10.4994504,10.46220119,10.42581664,10.36775099,10.415479,10.51191647,10.2120462,9.96170745,9.980330239
1775645_at,11.17331688,10.86768097,10.74472132,10.76585335,10.96498117,11.00514424,11.15893838,10.93235726,10.459912,10.40707991,10.19962619,10.52587995
1775647_at,10.9764265,10.93683972,11.14866073,11.33525245,11.1616466,10.92623841,10.93319916,10.69807832,10.65708203,10.60596409,10.51932871,10.45597451
1775648_at,9.395342618,9.802364319,9.925833563,9.952338779,9.873985942,9.6922486,9.417826876,9.831498457,10.41882946,10.76317602,10.98363218,10.88498907
1775649_at,9.613830027,9.158059166,9.261841957,9.463237427,9.373024529,9.457920255,9.568817188,9.38911629,9.335120606,9.211583659,9.046028993,9.114026013
1775654_at,9.716896908,9.442935398,9.329697332,9.946693169,10.09784017,9.988849649,9.659807903,9.459401567,9.498306722,9.763452604,9.84934122,9.855611841
1775657_at,8.359045593,8.194511384,8.084754898,8.100415366,8.161884108,8.171473228,8.381921083,8.127684692,7.857813762,7.945295855,8.11955345,8.01605325
1775659_at,9.763456939,9.608044198,9.593384186,9.446769426,9.399306014,9.502779032,9.658340484,9.863114802,10.08228028,10.24880125,10.32021723,10.4205086
1775661_at,9.0705956,9.336323922,9.876114159,9.508142963,9.298293395,9.133435971,9.198394279,9.677314637,10.24023456,10.43430034,10.39408796,10.47539932
1775663_at,8.570530279,8.711409889,9.929335002,9.189469703,9.097209278,8.702979488,8.789385984,8.710839245,8.57889345,9.281270939,8.774292634,8.273377305
1775664_at,9.802550105,9.621494063,9.65946621,9.36653229,9.412178543,9.54666014,9.900035281,10.06219542,10.22307919,10.11071309,9.9744604,10.10816567
1775666_at,8.174917035,11.12409671,11.59930193,11.22334511,10.93038319,10.28785206,8.347015796,10.53005889,11.75623862,12.20717392,11.83700847,11.49777624
1775667_at,9.886606481,10.05700462,10.03630455,10.01933869,9.982396144,9.86223697,9.907388772,9.853976328,9.920322794,9.818926823,9.74226825,9.81262375
1775668_at,7.513234518,7.356747775,7.449425257,7.51059976,7.431543084,7.514231394,7.414633732,7.360538871,7.510199624,7.521110046,7.432216685,7.510199624
1775669_at,10.54066525,9.531100811,8.99599633,9.699716339,9.988885406,10.26324501,10.47474398,10.21923265,9.485988108,9.075220548,9.29138303,9.448914221
1775670_at,9.23293545,8.816445568,8.978191941,9.116691867,9.172858193,9.166887199,9.224318461,8.934274077,8.750481112,8.846974013,8.98011671,9.010607482
1775673_at,11.00894633,11.35121052,11.75779514,11.70202718,11.72888599,11.56152732,10.96335218,11.15625432,11.60351344,11.87472662,11.96197341,11.83602571
1775676_at,8.302529266,7.669102161,7.385236673,7.606251351,7.707506768,7.969330766,8.177938804,7.962432783,8.139257812,8.133085566,8.249119174,8.247327058
1775677_at,7.841171769,9.767123031,9.283263834,7.779300941,7.705200732,7.657087604,7.821918051,9.060580257,9.918822211,10.18799642,10.25744761,10.42456173
1775678_at,6.880796564,6.533890322,8.68872437,8.151400505,7.892169408,7.747728865,6.955962413,6.888362694,7.426393603,8.201817868,8.878085478,9.7464266
1775683_at,7.89337443,8.82225156,9.17332575,9.1243718,8.9635073,8.776184752,7.964167802,7.524378439,7.774803323,8.221876499,7.941247925,7.661700007
1775688_at,8.489040423,8.862562996,8.785408791,8.687956234,8.689488634,8.407588445,8.551338745,8.993507976,8.944285171,8.889460407,9.049126831,9.255697778
1775690_at,7.680618198,7.872640225,7.996029979,7.948214506,7.796304799,7.709802174,7.783135002,7.995414142,8.593151345,8.967621417,9.036612803,9.003423427
1775692_at,9.05742124,9.498102658,9.600567176,9.302699733,9.307002542,9.106233562,9.217776536,9.516178104,9.993767749,10.32715719,10.33202195,10.20459928
1775694_at,11.48543323,10.80022114,10.54452273,10.93246886,11.1741152,11.341937,11.57077184,11.22117571,10.80139856,10.49357068,10.66733023,10.45100982
1775696_at,8.103515015,8.542162746,8.672171511,8.411479437,8.105956674,7.98832994,8.189946605,8.543428137,8.879466008,8.97062758,8.988752986,8.913641547
1775697_at,3.535506501,3.63246654,4.013735322,4.5720787,4.748457774,4.515455615,3.590789401,7.039566306,9.215676532,10.39898494,10.43311662,10.35590397
1775698_at,10.63283882,10.77336711,11.0524556,10.79409407,10.47237363,10.61634005,10.69148509,10.65247496,10.77558135,10.48527469,10.24202963,10.28079499
1775699_at,11.14117324,11.30873803,11.49239571,11.42843791,11.3919196,11.32808399,11.20635003,11.465039,11.78893805,11.87175603,11.80460547,11.52276487
1775701_at,10.83251365,10.53857492,10.72327291,10.59200646,10.65850495,10.64308414,10.8453803,10.79383279,10.95270426,11.05430298,11.26284153,11.25615032
1775702_at,2.962373501,3.192924512,3.112332694,3.245568694,3.230255675,3.414176197,3.445265244,3.575908244,4.131504406,3.537265108,3.725319216,3.564182632
1775703_at,10.28735172,9.751300049,9.476722736,9.525048455,9.509005215,9.793012871,10.27187642,10.30188425,10.43226267,10.29412051,10.33036594,10.29558028
1775704_at,10.25005054,10.12932789,10.23034712,10.27257288,10.07192058,10.08070166,10.18932299,10.1725457,10.13962535,9.981967919,9.876876083,9.704652961
1775705_at,4.65138,4.560811284,4.785051987,5.056721334,5.511095706,5.263075952,4.927129739,5.886575425,6.393804141,6.426615061,6.705553948,6.714961832
1775706_at,10.23535682,9.908649782,9.755010042,9.983390164,9.986123611,10.00508938,10.23249572,10.18180214,10.05255867,10.167899,10.32101334,10.4717814
1775708_at,9.442810386,9.612101703,9.889585298,9.605595298,9.546104205,9.685070406,9.424516287,9.43992254,9.738347445,9.548534261,9.347903186,9.174226396
1775709_at,8.187628712,8.054064393,7.923194468,7.85563753,7.885028243,7.908856533,8.377743289,7.529184884,7.570810265,7.902649191,8.202022597,8.024509293
1775710_at,6.585598209,7.049959193,6.844172767,7.224965457,7.388287699,7.058080166,6.680236145,7.103570095,7.295542517,7.638334665,8.08173006,8.023408127
1775712_at,9.015761918,9.270112056,9.823215886,9.518003676,9.418783484,9.312864392,9.022468707,9.102438162,9.602387714,9.907388727,9.920097193,9.950018052
1775713_at,9.557385851,9.412867555,9.277009587,9.228719835,9.178365709,9.213015786,9.623462489,9.710161195,9.74733814,9.658149562,9.667138211,9.813946609
1775717_at,11.26404384,9.72565172,10.45466556,11.21240775,11.33230004,11.16702752,11.33608777,10.83504867,9.124700952,7.924982817,7.617755988,7.499447108
1775718_at,10.28588728,10.39105984,10.92971819,10.82092879,10.64948924,10.51874133,10.23671214,10.25078191,10.86958031,10.95570585,10.94916645,11.00698059
1775719_at,7.588557772,7.769790027,7.963450513,7.926811688,7.952221694,7.579602963,7.558181025,7.657415082,8.059594775,8.63824131,8.699251624,8.807652793
1775720_at,8.602399177,6.45417818,7.286236107,7.685376655,8.246986029,8.703183349,8.497461461,6.801832275,6.003014144,5.589415144,5.799476206,5.659227434
1775722_at,10.39510698,9.456234852,9.28482398,9.675993866,9.851251413,10.07827526,10.39914664,10.31707977,9.870737006,9.756221143,10.10060925,10.20405735
1775724_at,7.672511226,8.281096407,8.46631257,8.07077784,8.054596949,7.799025464,7.701576041,8.130422262,8.779365939,9.290075062,9.34763055,9.246233448
1775725_s_at,6.714308983,5.474729534,5.620720028,5.240687982,5.991151938,6.413741454,8.186378308,5.743849906,5.211382609,4.324333547,4.602585347,3.953019788
1775727_at,9.422331277,9.03356121,9.400160849,9.627215245,9.520546021,9.448465188,9.364763376,9.06858433,8.914532141,9.019078494,8.808138248,9.006061891
1775729_at,3.345572044,6.233503871,6.463453278,4.239556189,3.727593188,4.177430591,3.573281263,4.460766522,5.20885137,4.69356967,4.922723372,5.315145822
1775732_at,11.26897823,10.554724,9.455198875,10.18759249,10.45613947,10.70615291,11.25931986,10.7772732,9.815662289,8.906408361,8.635744932,8.568348907
1775734_at,10.54409915,10.31483152,11.17241855,11.56812439,11.58888054,11.48006008,10.39624443,10.42628665,10.98770253,11.45837988,11.29938215,11.10052748
1775736_at,9.938120941,9.417358776,9.556007906,9.974625513,9.771250636,9.811836585,10.00787904,9.78060235,9.289950449,9.223192765,9.55817139,9.900146864
1775737_at,11.17563453,10.69833737,10.12481755,10.35655949,10.52076573,10.72354856,11.09237887,10.8091905,9.799206965,9.16709474,8.678418736,8.650873458
1775738_at,3.89708493,3.472602432,4.051521244,4.041938577,4.621101647,4.303538721,4.238117328,3.765406635,4.075333045,4.504779873,4.410490641,4.338894707
1775739_at,7.969187851,7.572435805,7.571279007,7.735340568,7.886370534,7.830202679,7.917511053,7.776570449,7.977748889,8.464811928,8.393158949,8.612155933
1775740_at,7.047833753,7.716352524,8.151836005,8.051833516,7.985880707,7.858807273,6.961242996,7.590716981,7.913130798,8.120058382,8.058595801,7.924056239
1775742_at,6.91947638,8.753781348,7.606241891,7.195483574,7.135746344,6.873018186,7.156014842,9.944023597,9.713771815,9.740190876,9.985515298,9.965238774
1775744_at,7.887075741,8.766899985,9.438628999,9.345644923,9.128715941,8.8400431,7.988389607,8.493775451,9.155348535,9.671817257,9.899497991,9.919266904
1775745_at,9.562776113,9.633941332,9.873476234,10.13254974,9.985052134,9.895859991,9.521844877,9.46719371,9.561749316,9.606798797,9.608755445,9.723838763
1775746_at,7.810311113,7.613236348,8.038033315,7.895449367,7.933348737,7.962414071,7.858332229,7.781593594,7.727287539,7.558276273,7.239452108,7.055106613
1775748_at,9.204955521,9.198291681,9.229009035,9.170965312,9.156643492,9.07988833,9.348444276,9.436450336,9.696408408,9.843225291,9.961588629,9.941934111
1775750_at,8.178018559,8.265165991,8.361196474,8.050866749,7.917467926,7.783705382,8.183881481,8.647334693,9.375808847,9.773817307,9.994997397,10.14229434
1775754_at,8.791565873,8.414630293,8.138828526,8.419342672,8.622921061,8.644512679,8.692399938,8.463066907,8.39591073,8.532830495,8.673123097,8.94427321
1775756_at,7.77893087,7.514249653,7.710418335,7.111961267,7.324969967,7.536733288,8.172759755,7.632568455,7.675431163,7.774691189,8.137243845,8.101146727
1775757_at,7.539822029,7.867499464,8.4962777,7.319318939,7.31802716,6.980871882,7.235236751,7.741931152,8.154787455,8.649159123,8.610426739,8.464494725
1775758_at,9.177886784,9.431910917,9.391502323,9.119834351,9.0869371,8.98739143,9.080792029,9.56862921,10.18325346,10.33109801,10.27565063,10.15659609
1775759_at,10.83534605,10.75423009,10.68702938,10.85061049,10.84110133,10.77920992,10.77065527,10.6638193,10.50307499,10.26239505,10.28828877,10.15886324
1775760_at,11.60650779,11.65961471,11.59262544,11.67275173,11.72277861,11.69950303,11.59641026,11.64128483,11.58899763,11.49063014,11.489966,11.39911189
1775762_at,11.59804276,11.23816838,10.10365531,10.61129604,10.96917732,11.1594102,11.57099986,11.31179235,9.994157035,9.177375922,9.025122709,9.234483126
1775764_at,9.665438595,9.382322806,8.926605015,9.067203976,9.177914393,9.318131288,9.560723017,9.541356251,9.506494615,9.187892564,9.428738066,9.38622957
1775765_at,3.817866349,3.733959277,3.78215544,3.88047213,4.98872538,5.413375292,3.828164128,3.795781802,3.760028128,4.141653762,4.572631984,4.162618577
1775766_at,7.381011533,7.674213383,8.063295471,7.48315825,7.330027865,7.155951788,7.542567396,7.716120818,7.73082259,7.932869848,7.582196328,7.403998288
1775767_at,10.13333157,10.41853293,10.51394553,10.39913742,10.4170185,10.370301,10.03139956,10.41461372,10.56213794,10.55902015,10.67742249,10.53379287
1775769_at,2.925840063,3.174790849,3.189476963,2.992239195,3.134646849,2.913317742,3.313799996,3.107771673,2.739846258,3.195950261,2.850074451,3.473156556
1775771_at,8.418316499,7.529769632,7.837057156,7.956967837,8.129190816,8.177335863,8.268222146,8.467118156,8.488549067,8.414167045,8.278602368,8.267063318
1775775_at,9.592895053,8.44921551,8.057978785,8.696537266,9.011513799,9.328220255,9.505700917,9.27534405,8.713000377,8.366478966,8.681286043,9.259594836
1775778_at,11.70218188,11.81975576,11.9613512,11.81052997,11.59825612,11.4880643,11.71854362,11.97630509,12.2978298,12.45265417,12.51591021,12.56202363
1775781_at,10.25259395,11.2575285,11.11952788,10.61183671,10.31815916,10.00770972,10.23270453,11.22825686,11.52677864,11.57917794,11.5858993,11.70162479
1775783_at,2.482274096,2.575637425,2.483362181,2.695007293,2.381353097,2.240443884,2.612320359,2.725353903,2.529904053,2.531103246,2.285236439,2.569193717
1775789_at,9.308247931,9.694427538,10.25246123,9.869205373,9.5230574,9.236444691,9.281504891,9.811332789,10.50684088,10.75393501,10.83177272,10.88833549
1775791_at,8.171855872,8.429351869,8.871489221,8.346217638,8.15128494,7.992557403,8.068541456,8.36928343,9.047635313,9.409297648,9.428798307,9.466326324
1775797_at,8.915722374,9.597957012,9.721525684,9.370468542,9.108379214,8.808240678,8.762864763,8.920601261,9.323304522,9.94068309,9.768401759,9.589305418
1775799_at,10.70334611,11.81799127,10.57957619,10.0234512,10.14202733,10.3349265,10.72117037,10.58715486,10.4524383,9.906591438,9.468206021,9.414732515
1775801_at,10.23611259,10.26552479,10.12256342,10.02217069,10.00771624,10.02604978,10.24765566,9.764076869,10.03276329,10.22871114,10.00987157,9.795261877
1775802_at,8.90544984,9.135171388,9.557840569,9.282014076,9.084614284,8.913653567,9.048677357,8.997718637,9.304325992,9.571950205,9.904457205,10.01649886
1775807_at,10.8684627,10.5906764,10.61429842,10.62969794,10.57395877,10.61318932,10.85487151,10.95070763,11.13952436,11.20040797,11.26327421,11.43823687
1775808_at,8.269397278,8.803929453,8.866742779,8.593879357,8.5450451,8.391511727,8.228978187,8.936312538,9.527095642,9.985434247,9.773997783,9.560891008
1775809_at,8.653517063,8.704074902,8.58488466,8.362374661,8.408630293,8.495977428,8.649313337,8.889789381,9.246350735,9.251513362,9.28964222,9.176051922
1775810_at,3.071124738,6.517472026,8.179849613,6.152748539,5.748753306,5.13221409,3.495605358,5.607011898,8.404385468,9.976229622,10.19898025,10.12154068
1775814_at,10.58910656,10.40529431,10.47750621,10.72360791,10.6224226,10.67766464,10.55357142,10.53326836,10.32082947,10.23074463,10.22612277,10.13427628
1775815_at,9.347665327,9.088369276,9.048274988,9.059264753,9.149166832,9.165976268,9.374810587,9.378355257,9.758339954,10.0409559,10.09441097,10.16754768
1775816_at,12.13061342,12.05987324,11.97821987,12.07379181,12.09455473,12.06733035,12.0807559,12.00568022,11.93422112,11.74393498,11.59615153,11.59977251
1775820_at,9.313423607,9.411519765,9.494651894,9.524590488,9.777449434,9.761398424,9.367135758,9.763700996,9.397673216,9.128726927,9.191670856,9.803424887
1775821_at,9.90445196,9.598306434,9.135901974,9.061427588,9.128873884,9.246154625,9.77572639,9.460092849,8.85177554,8.473800438,8.574357194,8.707718787
1775822_at,8.879797999,8.424474515,8.432487186,8.589711727,8.783497565,9.050558673,8.790688049,8.60188345,8.58109476,8.587656199,8.812536498,9.033251055
1775823_at,8.22391096,7.782640229,7.957225843,8.006592785,8.050363769,8.12713174,8.349025646,7.984742594,7.969659233,8.340193753,8.453977484,8.617691315
1775824_at,10.34421284,10.2105537,10.13573607,10.07971114,10.13032833,10.13498461,10.35042537,10.09356555,9.816857159,9.417943342,8.989734493,8.967805633
1775828_at,8.949121896,9.36928592,9.464823121,9.047553944,8.877495552,8.907225236,9.115151,9.30357366,9.638319655,9.726430921,9.708401461,9.487256148
1775829_at,10.38089553,10.01749001,10.009329,9.935932443,9.985264745,10.01901749,10.46767029,10.2140262,9.846415346,9.564112837,9.436868467,9.647753562
1775831_at,9.803502574,9.82499196,9.844878624,9.801557574,9.683177485,9.631603963,9.760748578,9.728219184,9.936191783,9.980461453,9.977028012,9.97327906
1775832_at,12.81567958,12.8601817,12.75757985,12.76698723,12.76763243,12.81730266,12.78763115,12.84548221,12.8314273,12.411521,12.03628926,12.05130636
1775833_at,8.826300842,9.058199793,8.577855388,8.544079171,8.602134332,8.618763143,8.716502998,8.951088009,9.21615301,9.306766364,9.514881822,9.445835661
1775835_at,9.435155009,8.586605453,9.162560242,9.48314495,9.633638666,9.635497088,9.338794949,9.36973603,9.663523494,10.17079924,10.43783689,10.29454902
1775837_at,7.632681342,8.252284623,8.155228147,7.501666526,7.714706159,7.488173527,7.761690074,8.051262067,8.260117837,8.243000511,8.372040277,8.241103002
1775839_at,7.46871427,7.935943735,7.687310633,7.185825513,7.171027536,7.282339614,7.486945112,7.52191225,7.696774181,7.703399147,7.913659919,7.970345233
1775842_at,8.0855457,10.80553367,11.29812228,10.84469117,10.65419262,9.921793846,8.148565954,10.187407,11.44057725,11.82554242,11.58603903,11.49851016
1775844_at,9.908822569,9.778960039,9.579319948,9.682568944,9.698451553,9.665521071,9.941581417,9.942545125,9.954458091,9.866773854,9.892477371,9.829137693
1775846_at,10.82181777,10.69167037,10.59114911,11.29555946,11.4830255,11.46303225,10.89079087,10.55844093,9.508437253,9.437820702,9.147877738,8.99700316
1775847_at,10.56466961,10.07951905,10.30290522,10.85714288,10.49475743,10.2178361,10.61114055,11.03338002,10.6924686,10.84772623,10.57505677,10.46842448
1775848_at,6.735147953,6.968829896,6.958253447,6.697624527,6.81469269,6.637264081,6.931550755,6.646559447,6.993817574,6.862991259,7.273434246,7.354902658
1775849_at,10.39488561,10.22745981,10.32320869,10.40630609,10.30428195,10.23461882,10.28840957,10.23974627,10.23424369,10.13961523,10.14926473,9.987119842
1775851_at,6.239532106,7.836307102,8.059960727,7.582481587,7.534977013,7.258727969,6.239532106,7.257828812,8.032799429,8.616931862,8.980500482,9.171742584
1775852_at,11.15550363,11.10521385,11.26216928,11.2087861,11.17975097,11.11130606,11.25402965,11.07439728,11.00234174,10.95445386,10.59770679,10.32771405
1775853_at,9.951937942,9.738843826,10.0127936,10.05730358,10.15325727,10.23424369,9.919957664,9.738135249,9.842406163,10.12634791,9.890631175,9.83579401
1775854_s_at,4.364871676,5.310620162,3.849157755,4.225238228,4.366005722,4.437942851,5.033705439,4.5637393,4.666419322,3.906581281,4.211048566,3.94098539
1775856_at,11.08029722,9.892847216,8.687531574,9.864314822,10.21125358,10.61989577,11.14499013,10.3691987,8.633480607,7.908834457,7.984537427,8.023496576
1775858_at,7.166958356,7.275881306,7.060342175,7.143385083,7.024745542,7.195293427,7.199198609,7.245975337,7.290464872,7.310093497,7.38531418,7.081933411
1775859_at,12.76532678,12.70417835,12.45824355,12.44821505,12.59421357,12.69679257,12.86209883,12.58119739,11.31793062,10.33479289,10.05836085,9.657432602
1775860_at,8.723281633,8.709163268,8.952966735,8.729705431,8.64281957,8.553903471,8.776378353,8.750824542,9.063676091,9.263762856,9.519811889,9.712958472
1775861_at,10.05069233,10.36985222,9.739360946,9.42896813,9.549654862,9.673640427,10.08603454,10.50218924,10.97437677,10.9188167,10.83151149,10.68925175
1775863_at,10.59702232,10.5995918,10.82882569,11.16362445,11.00296954,10.92589996,10.50364963,10.30614278,10.44238135,10.6770828,10.82083745,10.88416374
1775866_at,10.68004606,8.811087528,8.425370666,9.624833619,9.885765069,10.22038723,10.67355184,10.20505487,8.974327025,8.200640507,8.344574794,8.868477326
1775868_s_at,4.462130789,4.101462226,4.567688816,4.412279339,4.277886683,4.578150336,4.640792613,4.606208849,4.504779873,4.653628154,4.724828516,4.689711654
1775869_at,10.45755915,10.38021392,10.64855412,10.76129272,10.78470425,10.80473073,10.39072882,10.27232799,10.1075344,10.33881309,10.40114494,10.31122736
1775872_at,6.831547359,6.490478158,6.581776823,6.676251673,6.483364702,6.712675726,6.795269189,6.804767848,6.843630353,7.274242,7.588480012,7.700455868
1775873_at,6.580910268,6.447428515,6.702616182,6.754756746,6.744886246,6.709176032,6.523129821,6.463021554,6.920505068,7.144330744,7.19064525,6.985274475
1775874_at,4.590836193,5.882483514,6.041109483,5.300705114,5.561160632,5.673070603,4.61808094,5.257728659,6.097325813,6.656127611,6.718325192,6.746259419
1775875_at,7.239404154,6.867800286,7.059521284,6.901335934,7.149112567,7.202328427,7.254910881,6.938391319,7.14487116,7.51780095,7.699096503,7.7152315
1775876_at,8.574978371,8.910085413,9.112361033,9.028364308,9.011241323,8.9051991,8.691514686,8.903160002,9.34792455,9.536387774,9.330776973,9.226035251
1775877_at,8.205797762,8.419522356,8.567753079,8.19033938,8.034958838,8.096248745,8.262036787,8.115308194,7.716919921,7.690261691,7.52711188,7.402662045
1775878_at,8.982898639,9.728764141,9.429847734,9.178564962,8.982121441,8.876166565,8.971364072,9.21202193,9.583415288,9.496157104,9.464249553,9.384067978
1775884_at,9.052783507,8.435443058,8.436902606,8.192125427,8.514947435,8.883198371,9.258615225,8.378357543,7.198386537,6.518635499,6.169740945,6.171198194
1775887_at,10.79329745,10.74447064,10.92242016,11.04799694,10.89053866,10.84513466,10.80808496,10.70717159,10.72388944,10.89661223,10.73009488,10.82274884
1775889_at,8.516871931,8.433563817,8.570863075,8.466671508,8.544534515,8.384368685,8.681381324,8.853168635,9.170602968,9.375642141,9.473223437,9.418130497
1775890_at,8.200925542,11.94709352,12.35880011,12.2104707,11.61254618,10.85418416,8.17359734,10.908341,12.11664308,12.44258372,12.53305083,12.49598395
1775891_at,10.08627547,9.394051446,8.688409668,9.47171765,9.770423095,10.08903018,10.18226824,9.813413874,9.276386694,9.0476359,9.420716317,9.706853149
1775892_at,7.911288211,9.048764428,8.95864868,8.413716284,8.250377788,7.846839341,7.839146089,8.709056535,9.17772924,9.219773885,9.24365469,9.138617618
1775893_at,6.725480739,6.40833061,6.820624861,6.687959543,6.906139612,6.773318754,6.731206536,6.934765397,7.188941851,7.292768609,7.425336971,7.228306322
1775901_at,11.95178664,11.8731626,11.76607153,11.83385837,11.85054786,11.92731195,11.97535974,11.72638308,11.50251297,11.14576465,10.99957405,10.96926514
1775902_at,11.52735702,11.54817479,12.06307648,11.75516009,11.46342367,11.45699754,11.49917262,11.52507896,11.90781715,11.97326129,11.89731047,11.9427465
1775904_at,6.778975646,7.796763927,7.848895035,7.803727857,8.223538618,8.031244056,6.927626676,7.217433725,7.705372932,8.144416656,8.34538837,8.516382173
1775906_at,7.868730816,7.72022222,7.901139049,7.63677602,7.503762556,7.908763303,7.879338252,7.757251436,8.067866371,7.990805502,8.119411752,8.265267951
1775910_at,9.267198836,9.44368768,9.815850629,9.633318111,9.58180036,9.469878825,9.264804557,9.153079066,8.985350549,8.68319867,8.111847773,7.987415313
1775912_at,7.495039718,8.827144354,9.659294581,10.20496363,10.39641714,10.16197461,7.546985282,8.592644666,9.796976539,10.65537745,10.68220779,10.41493689
1775915_at,11.03797905,11.21448359,11.33880389,11.22047973,11.18317607,11.12975015,10.98536475,11.11364278,11.22479509,11.34591577,11.35430579,11.30926297
1775916_at,8.119394475,8.372850791,8.587596083,8.729548275,8.60392316,8.438767218,8.2307082,8.351796589,8.775976582,9.086618399,9.419251138,9.308159958
1775917_at,11.02725648,11.46523345,11.55161214,11.51299762,11.44166493,11.2934997,11.10298868,11.26602106,11.38822535,11.55796716,11.56607041,11.52596862
1775918_at,10.96370598,10.40302486,10.633579,10.75563716,10.69643479,10.69790003,10.90356376,10.24426673,10.08378204,10.14620159,9.72077689,9.664277991
1775919_at,10.05557667,10.36725553,10.68262451,10.47535712,10.35939371,10.10462612,10.03597329,10.46535975,11.1168557,11.53554232,11.62131586,11.49409651
1775922_at,8.57648836,9.075757815,9.553714308,8.98019924,8.716319507,8.566120863,8.570881547,8.86276009,9.562438302,9.99791646,10.22167254,10.21742069
1775924_at,8.16985611,8.100759148,8.232901474,8.112477694,8.237270665,8.149765265,8.276975811,8.300268896,8.412036225,8.458591352,8.190795898,7.789639594
1775925_at,7.861551022,9.354065987,10.12322699,9.544195385,9.412872646,8.864517452,7.9407466,8.695458753,10.22274137,11.61051833,11.93812396,11.81476857
1775926_at,9.75320426,9.357244965,9.026422439,9.26486184,9.272946614,9.458411785,9.43658153,9.399856563,9.293328065,9.085593319,9.001744847,8.949380064
1775927_at,6.820193868,7.328195039,7.867159087,7.692477306,7.466705924,7.3115544,6.876120229,7.219634671,7.742065642,7.949555093,7.55279476,7.453026286
1775928_at,12.30219952,12.25453747,12.28567377,12.3399008,12.35688848,12.32502364,12.29419377,12.08599487,11.80554707,11.65106106,11.53651421,11.43484282
1775932_at,8.377236158,8.911720975,9.323332917,8.997374092,8.836551896,8.723071498,8.345314764,8.662981083,9.025953453,9.125761251,9.085880339,9.181238992
1775933_at,12.10772788,12.08494587,11.8643393,11.77657989,11.97573538,12.12592902,11.9890022,11.95685965,11.55152265,10.8680778,10.27168995,10.41195446
1775934_at,4.205722505,4.407282566,3.826251741,4.097513062,3.629261173,4.144160679,4.182247206,4.640574956,4.144160679,3.797240889,3.580767596,3.960672183
1775935_at,11.53318838,11.55581961,11.628531,11.93000578,11.90704856,11.799909,11.39777218,11.2684294,11.06825745,11.31431706,11.47221582,11.62559924
1775937_at,8.155786967,7.302395335,7.165954314,7.068237464,7.265022972,7.761699112,8.281592912,8.483146854,8.102930672,7.465056586,7.208942819,6.899208622
1775939_at,8.642986768,8.575085295,8.703907853,8.553115009,8.576206196,8.474319571,8.723870656,8.936300875,9.542412584,9.17882646,9.028118786,8.896350368
1775944_at,9.670691157,9.725023162,10.00225593,9.797957891,9.910845926,9.883311595,9.706362049,9.87287245,10.2968463,10.37361293,10.45969686,10.62788022
1775948_at,9.983854683,9.987597053,9.844274401,9.822184617,9.765947337,9.834485112,9.948489105,10.52635664,10.77916054,10.72288765,10.6163952,10.56842846
1775949_at,10.61926056,10.24774338,9.758215354,9.817162997,10.09471663,10.21200756,10.66259694,10.46319572,9.98110461,9.212771623,8.990329492,8.621965456
1775951_at,7.996232464,7.629219055,7.567265666,7.459496775,7.644863463,7.662961907,7.965880461,7.957282092,7.93421396,8.129835049,8.210224009,8.318956136
1775952_at,11.17722166,11.29287696,11.05719575,11.08337898,11.26405459,11.27169999,11.20008226,11.21736484,11.38636873,11.31818351,11.30653871,11.35598144
1775953_s_at,4.229302709,4.25401588,3.77908565,3.785302277,3.855376637,4.200531248,4.67817911,4.286947028,4.126285815,4.310151265,4.154898048,4.286599661
1775956_at,9.762989028,9.384683521,9.386087128,9.48200209,9.421301846,9.371822123,9.881917079,9.609130054,9.556539412,9.56862921,9.649171012,9.579351452
1775957_at,9.881121417,9.531224175,9.230379638,9.274644001,9.370644393,9.493394803,9.843299598,9.522400439,9.082134035,8.783075816,8.967205276,8.970532091
1775958_at,9.857282071,9.563221266,9.451544685,9.68140917,9.598474801,9.661815295,9.961441575,9.942172448,10.03443736,9.810341871,10.00586931,10.11087557
1775959_at,9.404877516,9.267670972,9.164757775,9.319417317,9.491338726,9.541032397,9.277485933,9.256156064,9.170375006,9.014784113,8.790902524,8.881002977
1775960_at,11.61555607,11.52613841,11.55178174,11.7031556,11.85561411,11.82522023,11.69289662,11.32210269,10.99135949,11.08648747,11.33313696,11.42262414
1775962_at,10.12350033,8.830140694,8.008281289,8.849470422,9.182301256,9.574293339,10.01835469,9.694256147,8.764930648,8.351848852,8.500846887,8.631094901
1775965_at,10.33896195,9.504363935,9.477133165,10.02639449,10.02782496,10.02747416,10.34675752,9.51643581,8.790967594,8.845330267,8.751984379,8.692902577
1775966_at,11.85905485,11.73272006,11.48954191,11.51660864,11.67577796,11.78847787,11.84639266,11.67808361,11.29977405,10.39131557,10.24988136,9.869278546
1775968_at,12.28348495,11.86795633,11.8823808,12.00614406,11.90131201,12.00845453,12.33481933,12.31290117,12.01712861,12.12890255,12.52552029,12.67362952
1775969_at,8.771020345,8.854064908,9.243327182,8.945191028,8.800415954,8.682409969,8.905201577,8.678603744,8.899671767,9.145146956,9.379664612,9.334015365
1775970_at,7.689061794,7.438196551,7.171436853,7.390013939,7.64495993,8.084958928,7.784512546,7.460455463,6.810361856,6.074930144,5.644369614,5.317236948
1775971_at,10.04220522,9.838286381,9.626404489,9.933639794,10.04467304,9.996149866,10.11244968,9.830284195,9.524426913,9.248007402,9.313883544,9.176804303
1775973_at,7.650064962,7.667635446,7.992180668,8.110140243,7.983593203,7.866946267,7.881201025,7.767219235,7.849734413,8.425892332,8.724060896,8.684136082
1775974_at,12.0512616,12.13035539,12.09313334,12.10665156,12.15694521,12.16706996,12.1802974,12.25084561,12.32698383,12.3627359,12.25097408,12.19238534
1775975_at,8.220172102,8.700512144,8.684492463,8.33250305,8.210191035,7.989419818,8.246839789,8.656797441,8.899671767,9.035203166,9.001936057,8.90770454
1775976_at,8.25371364,10.72327533,12.5147283,12.7458711,12.59883114,12.20019494,8.533862032,9.943080213,12.24524388,12.9309319,12.91942591,12.82770548
1775978_at,10.62849481,10.55123441,10.66225495,10.64008886,10.58860398,10.44791753,10.70606163,10.58642085,10.65323921,10.58018404,10.47397694,10.36031002
1775981_at,3.486104586,3.26190286,3.122198029,3.201915463,3.118045454,3.002031392,3.010967911,3.153659554,3.320216565,2.843959932,3.044752802,2.922055478
1775982_at,10.15677055,9.693893834,9.440722735,9.694498168,9.871118443,9.88599438,10.20711223,9.784210586,9.106673038,8.627348958,8.241633247,8.16864259
1775984_at,10.73990965,10.65154326,10.93809566,11.14655494,11.70154805,12.08262727,10.88176725,10.89020856,10.82129859,11.04072393,10.82937437,10.7057944
1775986_at,8.152043603,7.582226619,7.883941351,7.980529963,8.10838128,8.235248562,8.221519948,7.704243178,7.41760783,7.32549411,7.099015481,7.249470185
1775988_at,8.025289654,8.14809677,8.110277866,7.774681986,7.79196647,7.669514018,7.916503893,7.78494733,8.26163954,8.658091678,8.532997545,8.387861349
1775989_at,10.85060824,10.63558592,10.75602617,10.84878081,10.79969611,10.8413842,10.67501934,10.57348304,10.36827405,10.12811915,10.01510041,10.13246099
1775990_at,9.362785226,10.14411265,10.85528944,10.91368072,10.74671743,10.34855149,9.304589111,9.658751218,10.47772719,11.0618001,11.01319775,10.90735982
1775991_s_at,3.886017889,4.621107604,4.569309518,4.048462013,4.235857181,4.32248454,3.804650562,4.399945324,5.184339334,5.487439572,5.791851094,6.008458973
1775992_at,7.640276468,8.1473112,7.840528837,8.054943694,8.189393437,8.402008341,7.454162763,7.51247524,7.372457397,7.368653961,7.415756113,7.753757724
1775996_at,3.484239551,3.745548584,3.780799252,3.620786651,3.837183796,3.98028081,3.212151122,3.805736892,4.142542112,3.969126026,4.358229781,4.552398395
1775999_at,10.02370593,10.28551243,10.46840867,10.32780778,10.09320776,10.0807897,10.06222976,10.27580559,10.51018465,10.57050804,10.59539999,10.71724758
1776002_s_at,2.435176051,2.427864096,2.538233001,2.527733091,2.648788303,2.49595985,2.430915682,2.549493197,2.488678647,2.588820819,2.387201221,2.378677532
1776003_at,11.22542965,10.96739405,10.64089201,10.82596988,10.92350355,11.08994661,11.21430397,11.09921345,10.88594581,10.43106704,10.00012013,9.836260202
1776004_at,9.284329989,9.024647731,9.215325762,9.04689273,9.161573063,9.228460461,9.403489319,9.453313615,9.774632657,9.835137158,9.937223039,9.818435045
1776006_at,2.781676049,2.242293329,2.366532749,2.754537752,2.600616329,3.038501957,2.995656263,2.341502277,2.280605939,2.458793036,2.494241651,2.781166102
1776009_at,11.8223578,11.41662131,10.86016267,11.17043314,11.47703578,11.63259192,11.84884304,11.7598687,11.50208574,11.14031042,10.94594646,10.88442398
1776010_at,12.45199688,12.46931341,12.17674612,12.2383179,12.28582274,12.44855492,12.40149225,12.37076544,11.72794271,10.43282402,10.08752255,10.39250047
1776013_at,10.99265418,11.3680176,11.52210242,11.33814445,11.08114824,10.96549774,10.93965577,11.20336078,11.32515832,11.28344552,11.08557209,11.11749956
1776014_at,10.95735908,9.895431099,8.645726893,9.620488271,10.00242382,10.34716872,10.72488689,10.6206008,9.829019506,8.873383823,8.620219856,8.711298979
1776015_at,11.33676105,10.90566683,9.925587407,10.21973484,10.74404716,11.02462407,11.5029167,11.01783373,9.726013648,8.779201357,8.840650234,9.09323415
1776016_at,7.742584281,8.434953881,8.41637033,7.978715827,7.944959307,7.785112078,7.824297257,8.262768216,8.342537936,8.757251315,8.659834512,8.667931153
1776017_at,8.91546706,9.196891085,9.250160947,9.04783394,8.806102405,8.851572708,8.826195668,9.272633117,9.995805221,10.41444289,10.55870984,10.63972425
1776019_at,7.398209699,9.521736874,9.116481984,8.30534321,8.033047187,7.886515842,7.596288716,8.721740397,9.425247725,9.454300332,9.139376961,9.051748215
1776020_at,10.02537736,9.888659528,9.872504003,9.944376615,10.05816668,10.22163932,10.09652307,9.981430591,9.987887857,10.07394984,10.09017639,10.26739638
1776021_at,10.95443754,10.48683478,10.17620452,10.16687528,10.23405455,10.34421235,10.82471768,10.29653025,9.803826462,9.465577147,9.245311845,8.939885403
1776022_at,11.36987639,11.85827134,12.21107135,12.41728331,12.37492125,12.16371541,11.44237949,11.48208986,11.8162369,12.18894839,12.35098881,12.20972503
1776023_at,11.27579266,10.96403932,10.65454804,10.89452633,11.185551,11.28891588,11.39322161,11.05480698,10.49513885,10.44186947,10.33085214,10.31974342
1776025_at,12.74476224,12.79138085,12.62329954,12.62421002,12.68273561,12.75315217,12.69683333,12.68250759,12.452729,11.78283748,11.59277199,11.45708971
1776027_at,11.4043725,11.24502034,10.81170677,10.85104346,11.10663113,11.24719219,11.5027124,11.35933767,10.99531083,10.6056078,10.54412431,10.37239185
1776029_at,10.28590794,10.33122027,10.66213727,10.56463259,10.54792346,10.37660029,10.32250273,10.26779426,10.47372694,10.59660774,10.65562357,10.86315919
1776030_at,7.651710384,7.397518435,7.259939857,7.406414497,7.480448338,7.531765853,7.748892004,7.585359951,7.554276315,7.608290678,7.646961746,7.752499975
1776033_at,9.271803726,8.926864278,8.446448201,8.735377265,8.881797617,9.017921911,9.17711846,8.995756567,8.505089912,8.275224172,8.350531702,8.410629543
1776034_at,10.98970497,10.99760589,11.02912906,10.98919627,10.92241345,10.8770267,10.97920191,10.99967217,11.15612922,11.02052292,10.87229691,10.93025534
1776036_at,6.834631841,6.329508832,7.168441794,6.835690085,7.069440667,7.332487345,7.101773282,5.901644208,5.511095706,5.245757593,5.203776318,5.323270148
1776041_at,6.319844214,8.707434174,8.60001816,7.585448008,6.847736876,6.617075049,6.43675866,8.103921585,8.668434331,8.939129952,9.157204176,9.835127471
1776043_at,7.480692773,6.434501701,6.587778284,6.689071301,6.908937259,7.115314032,7.39513564,6.61001477,6.567640022,6.282924762,6.309252152,6.095612562
1776044_at,4.310835892,4.209041285,3.988050937,3.898210829,4.070290415,3.680470739,4.676967874,4.381965626,4.327120127,4.093419109,3.760850117,4.098115296
1776045_at,8.972992202,8.769501053,8.873158293,8.58629269,8.658897378,8.595715494,9.01771995,8.906894558,8.722145034,8.516639734,8.340080662,8.236323317
1776046_at,7.543620445,8.935157455,8.932815144,8.643136588,8.572463583,8.365205998,7.632731503,8.243089367,9.289594478,10.00320307,10.40871371,10.55018569
1776049_at,12.63514517,12.60702684,12.39113491,12.45576669,12.47094827,12.58951169,12.48873688,12.49963389,12.32195794,11.71015962,11.50974411,11.82230415
1776054_at,8.49766782,8.941069757,9.033915837,8.559873023,8.519231637,8.300681578,8.641614493,9.149792372,9.081830388,8.841946987,8.33113559,8.185242519
1776058_at,10.63747399,10.72061353,10.39540686,10.21470247,10.3591324,10.46440914,10.65397342,10.54002149,10.32291473,10.07430492,9.931973167,10.05892337
1776061_at,11.82266762,11.93750411,12.07193387,12.12670726,11.99924401,12.00425584,11.82298287,11.78545309,11.85311528,11.96951072,11.77180848,11.69683175
1776063_at,7.955422133,8.355075972,8.586624477,8.337343376,8.171515328,8.020773383,8.054464803,8.038704621,8.086640797,8.381341837,8.177940598,8.228173419
1776064_at,3.960422125,4.351468969,4.360643616,4.50836422,4.14484011,4.179547562,3.80530975,3.741857467,4.01835118,4.24274176,3.616515141,3.778246322
1776068_at,10.83847205,10.38155045,9.644086101,10.03045279,10.39570988,10.68011953,10.93148342,10.57390245,10.00386405,9.389997431,8.825454938,8.497656088
1776069_at,8.037381363,8.200080998,8.616495885,8.342332838,8.124391786,8.060808774,8.126983574,8.025938383,8.403488827,8.828331279,9.009565004,9.339394763
1776075_at,8.517253256,8.052726455,8.048096919,8.394558115,8.489821478,8.40990713,8.533814932,8.147135269,7.801638071,7.806415692,7.863030182,7.813271542
1776076_at,9.766470631,9.326910099,9.221861245,9.37041716,9.572244598,9.762591982,9.714719613,9.62957392,9.62748114,9.777884016,9.726074817,9.512714629
1776077_at,8.879523468,8.893969281,8.926669684,9.000058846,9.006188439,8.923666847,9.135334213,9.085181258,9.345195925,9.740397252,9.791995645,9.858835253
1776079_at,8.86916187,8.995727381,9.089832311,8.921944914,8.924946129,8.879001623,8.991265511,9.092746725,9.289744836,9.46340876,9.223309262,8.83716744
1776080_at,12.42119372,12.45539549,12.41223173,12.42578178,12.3906266,12.40325284,12.46358937,12.51733314,12.46295487,12.44430027,12.44179313,12.50226177
1776081_at,12.30842556,12.21471631,12.27416776,12.26646531,12.21084687,12.25814122,12.22900028,12.1318083,12.2131232,12.24171407,12.21542839,12.27332693
1776083_at,9.109217261,9.596428726,9.716808235,9.513604342,9.422298857,9.159275924,9.188871131,9.669653526,10.30919444,10.65824461,10.77974346,10.67926633
1776084_at,11.46001264,11.46257089,11.15327868,11.00099852,11.11511144,11.1056655,11.38951089,11.39053821,11.26314231,10.80045442,10.0875417,9.802219889
1776085_at,10.93204558,10.94663579,11.1763216,11.33659374,11.37628939,11.21657693,10.93644864,10.92538448,11.05758344,11.25368076,11.42279689,11.32636852
1776087_at,2.917320568,3.269127589,2.764420008,3.117022896,3.117022896,3.154737695,2.77090659,3.104853175,3.371903027,3.233868252,3.026956836,3.374950786
1776088_at,7.95043469,7.084198211,7.603781247,7.194962505,7.602031632,7.831490489,7.945557982,7.696147289,7.203034495,6.521274065,6.398176062,6.446911849
1776090_at,8.802853066,8.730422936,8.588921911,8.655511016,8.639285796,8.644684136,8.732352031,9.239041217,9.55516284,9.516069435,9.579239655,9.354111721
1776091_at,10.53489303,9.728600605,8.415004928,9.386411261,9.685155408,10.04890891,10.49079845,10.24012056,9.317277448,8.063394607,7.848123447,8.171287019
1776092_at,8.657823015,7.983758696,7.76392927,8.174613903,8.411017134,8.570620447,8.792872529,8.344458656,7.986028582,7.995621501,7.968883925,7.933375654
1776093_at,11.67827921,11.70565577,11.8290042,12.02403161,12.06339469,11.90808522,11.71530904,11.57547353,11.82688829,11.95319815,12.0595495,12.16708489
1776094_at,8.061451358,7.945293273,8.198293706,7.964704261,7.976203469,7.88410702,8.229484679,8.263297191,8.595315193,8.945281221,8.95030082,8.956875657
1776095_at,9.074385522,9.123744347,9.268238446,9.304110621,9.216840834,9.146298551,9.097726687,8.822668658,9.071652023,9.07865133,9.248524927,9.08316976
1776096_at,9.887486622,10.08383947,10.27673031,9.968816244,9.915141804,9.80688085,9.933807776,9.719388882,9.824940063,9.932250988,9.888924588,9.739675232
1776097_at,11.75714228,11.11993105,10.60176955,11.06969822,11.33995585,11.47288766,11.64284821,11.22776611,10.15904407,9.544993122,9.514832643,9.871764187
1776102_at,10.63052618,10.6855752,10.57911101,10.50998963,10.5243615,10.47736329,10.76214093,10.41139005,10.24227366,9.99404115,9.685417929,9.391604022
1776104_at,12.29372581,11.60760968,11.4024378,11.92795575,12.18299447,12.28367436,12.13505961,11.49587142,10.52961232,10.17610193,10.30432044,10.857022
1776107_at,4.276353271,4.363712319,3.906729913,3.868319821,4.060623311,4.176131839,4.263715822,4.212937327,3.889066528,3.937057435,3.908203908,3.787675729
1776108_at,8.907126855,8.893724316,8.641642128,8.544101077,8.415185875,8.646894737,8.81318862,8.890071895,8.583595213,7.942530976,7.625611526,7.478453248
1776109_at,11.23662134,11.38116211,11.7083661,11.53234941,11.16336471,11.08032687,11.28879858,11.50893101,11.8647107,11.95534925,12.07391224,12.06661737
1776115_at,10.03201317,9.305737271,8.822801137,9.216493742,9.374619418,9.615241005,9.97615177,9.818582708,9.433712137,9.220785478,9.317981102,9.510495593
1776117_at,5.62327295,5.296073756,5.509036305,5.475591322,5.543602081,5.767703828,5.674188304,5.905577192,5.773140561,5.61683806,5.27215979,5.600534014
1776118_at,9.948797782,8.647951343,7.844521442,8.7292324,9.086767518,9.487306608,9.892184784,9.513604342,8.54270398,7.837569946,7.637494873,7.805483253
1776120_at,2.490442721,2.698604475,2.662163388,2.793882894,2.610801391,2.45252015,2.54554603,2.778277506,2.623157687,2.558124542,2.673225643,2.838906811
1776122_at,11.90935385,11.88828437,11.76812488,11.81031513,11.92272203,12.08701913,11.94636037,11.74528281,11.0358886,10.45712625,10.32673382,10.10986288
1776123_at,10.93812057,10.81716116,10.63606657,10.54034972,10.62738195,10.62904194,10.93746221,10.91771987,11.0825065,11.14334843,11.21910503,11.38756854
1776125_at,7.400755885,6.327801563,6.695680215,6.747130272,6.935902286,7.188383297,7.37575111,6.448502719,6.09143647,5.817822538,5.568202381,5.679660591
1776127_at,9.041292354,9.290018023,9.459342468,9.1349394,9.105744988,9.070909075,9.154131292,9.076256461,9.375681882,9.279812219,9.104818976,8.975588989
1776129_at,11.41080459,11.3040922,11.31780125,11.60016676,11.67560316,11.66211548,11.39152913,11.09469631,10.23036498,10.40578059,10.56389335,10.88193717
1776132_at,9.867954441,9.574505643,9.637759059,9.758492813,9.869854295,9.783647922,9.714577324,9.545288168,9.354420075,9.216119802,9.441462757,9.448435977
1776134_at,7.70253554,7.532595076,7.677946418,7.438462306,7.567528636,7.467765676,7.863283205,7.797017664,7.930860816,7.823727289,7.86718814,7.776570449
1776135_at,9.399102097,9.426536877,9.274166097,9.247185928,9.218781526,9.133984879,9.349339575,9.704904251,10.02634192,10.14299434,10.21878285,10.08460807
1776136_at,6.945568471,7.661704905,8.101219907,7.83730943,7.810626618,7.566255269,7.058444994,7.308529112,7.971392732,8.655126513,8.815860695,8.748848235
1776139_at,10.04304451,10.29942275,10.5065448,10.23557298,10.13494364,10.24548645,9.89017513,10.49409428,11.02204205,11.1932546,11.42530627,11.15622188
1776143_at,9.337669018,8.859522342,8.859753961,8.417417216,8.464249412,8.722878843,9.201188034,9.3120904,9.306868775,9.029639676,8.602300029,8.290832791
1776145_at,5.14494034,5.551696591,5.4090116,5.427528431,5.242895609,5.218152732,5.537231309,5.485547173,5.926392416,6.527917564,6.324192066,6.240630206
1776150_at,11.23699785,11.12737523,11.14020405,11.3810229,11.5708672,11.62050685,11.29834524,11.06398743,10.47715681,10.02487673,10.32985175,10.07641379
1776151_at,7.934995161,7.667803757,7.994543978,8.23532621,8.22723501,8.133955834,8.055844915,7.884536794,7.777017706,7.650075244,7.539925247,7.547035461
1776152_at,7.726276639,8.577184145,8.596084996,8.262613952,8.273115894,7.971663589,7.796175171,8.303449508,8.737613305,9.114620356,9.141896148,8.95242427
1776153_at,3.502663203,3.865304103,4.541409202,3.588783537,4.075101539,4.261876211,3.564262739,3.37130077,3.7568287,4.581834594,4.586068626,4.55646169
1776154_at,9.790943197,9.912200362,9.967415011,9.892627753,9.929311857,10.00695025,9.730812176,9.794799782,9.837454272,9.726045565,9.688712958,9.736744627
1776155_at,11.90223326,11.93179114,12.08006169,12.37978259,12.44004389,12.48969006,11.9769116,12.1347582,12.17031819,12.37733887,12.69999553,12.76906915
1776156_at,6.397171647,7.715445078,7.717812351,6.790349164,6.654935055,6.475178197,6.625448846,7.649627752,8.244633692,8.489726813,8.365549632,8.249120476
1776157_at,8.826564987,7.302473524,7.294486496,8.142637342,8.211466765,8.562398097,8.745184272,8.079797103,7.654757756,7.74629961,7.923214477,8.034804349
1776158_at,7.540595802,7.259155251,7.321889176,7.154694607,7.174067424,7.35653203,7.592363082,7.349280348,7.358101769,7.284967862,7.393199158,7.529776952
1776159_at,8.633042897,8.719520342,8.79140653,8.883031429,8.807039214,8.703055584,8.555308298,8.710887889,8.980765083,9.143972206,9.37515844,9.396171246
1776160_at,9.379803064,8.985842868,8.838206828,9.10896937,9.29025901,9.401395402,9.449576178,9.084816657,8.949760174,9.154707844,9.335151742,9.37179369
1776161_at,8.476386946,9.920368987,10.22043877,9.71385196,9.404508796,8.930675229,8.500095171,9.725907341,10.80659713,11.51074244,11.6479341,11.44380859
1776162_at,8.18084182,8.515778628,8.555713943,8.340654995,8.280115599,8.282089891,8.07747908,8.343809022,8.646994045,8.688730029,8.684529662,8.668723353
1776164_at,6.357756415,7.377567978,7.565979437,7.207995015,7.097117536,6.75593477,6.605966832,7.422624892,7.973440028,8.394812702,8.332565761,8.161999168
1776165_at,8.205895295,8.241286754,8.55165551,8.474391769,8.272445097,8.317507062,8.173479449,8.46930703,8.689123479,8.638909145,8.458089141,8.349685228
1776166_at,7.494166301,8.410531764,8.445893623,8.307211774,8.200731166,7.968349807,7.275904501,8.060065279,8.900794636,9.307767706,9.205612977,9.105033209
1776167_at,8.975884847,8.684961598,8.479145675,8.758598174,8.865179047,8.881464825,9.048512909,8.751742354,8.485907447,8.563437998,8.621672588,8.533819311
1776170_at,6.687619678,6.382937782,6.819871728,6.704052822,6.945065812,6.852089798,6.761601777,6.730391762,6.82175834,7.118235008,7.022554866,7.040061917
1776171_at,11.637376,11.49623883,11.1361147,11.0902961,11.37030862,11.49311551,11.81705705,11.64249196,11.28971041,10.85196409,10.91183669,10.79499862
1776172_at,3.113074726,2.783324598,3.320672041,2.950694048,3.112334347,3.214436951,3.128963249,2.98468349,3.077590685,3.12010522,3.118511416,3.070345599
1776173_at,4.326333236,5.363219281,6.373200608,6.06168616,5.671933287,5.447481473,5.018701731,5.010932894,5.682690409,6.649730455,6.870768544,6.719283062
1776174_at,8.160067685,8.467336182,8.641311249,8.554421819,8.567084814,8.307089931,8.112465539,8.208457511,8.825706726,9.595783187,9.680412008,9.676638678
1776178_at,8.308138351,11.82109971,9.93642032,8.118760764,8.065431924,8.033992301,8.415500506,11.44712519,11.61207179,11.25272836,11.06883413,11.18006116
1776180_at,10.50058667,10.32393587,10.23808521,10.0060951,9.952296539,10.10346769,10.48351682,10.33535597,10.42899262,9.780243063,9.819847942,9.852896569
1776183_at,8.114494445,8.495271926,9.661518421,8.879244463,8.819232765,8.632279093,8.238802715,8.078502416,8.216442988,8.455217965,8.562613343,8.393480061
1776187_at,8.360460376,8.369797657,8.316726668,8.264979371,8.343300136,8.404205555,8.381644356,8.315357511,8.373813595,8.759589493,8.721734739,8.935297034
1776188_at,8.679660687,9.957572494,10.49265636,9.832394318,9.963964926,9.71815831,8.611061439,9.115808493,10.00212058,10.37667663,10.21360523,9.69323327
1776191_at,5.916411208,6.239654479,6.670888632,6.646684003,6.594058586,6.398415984,6.117357322,6.482808783,6.872158201,7.111441838,7.344664735,7.555562521
1776193_at,11.11435242,10.09037293,10.24109678,10.46975272,10.61264428,10.80186303,11.0816083,10.86329906,10.19458522,10.01362975,10.23126289,10.5069113
1776196_at,11.56820907,11.50135361,11.6941493,11.56086402,11.29732149,11.28379162,11.52425221,11.54215528,11.68759679,11.7765244,11.83809095,11.94158993
1776198_at,11.15434879,11.14647776,11.16196765,11.17694798,11.16504628,11.12198494,11.14387102,11.21428918,11.43391719,11.5803206,11.65280338,11.62517179
1776199_at,12.89095094,12.78384118,12.74334226,12.73684873,12.76404294,12.83578143,12.82354254,12.71871021,12.49181658,11.98657195,11.46671778,11.48872933
1776204_at,9.346316396,9.729339967,10.46991739,10.85535145,10.8992076,10.59155731,9.252267637,9.3638283,10.17874505,11.28918651,11.7436087,11.86879126
1776208_at,2.501460298,2.563936094,2.646079209,2.474391592,2.610801391,2.511246021,2.681764723,2.850608859,2.481464427,2.537030352,2.6353765,2.54184231
1776210_at,11.71992133,11.7143225,11.62460186,11.70166225,11.7727012,11.80461005,11.62689731,11.67907955,11.59825612,11.54717121,11.56427684,11.63804265
1776211_at,8.735145615,8.848280148,8.535949156,8.58418594,8.541145067,8.696563915,8.870652105,8.8478587,8.941228782,9.072892735,9.366417162,9.468022219
1776214_at,10.57234561,10.37170865,10.2638769,10.40236624,10.39051615,10.55223375,10.36832916,10.35905916,10.03846124,9.625709225,9.535965625,9.46751014
1776215_at,11.95051147,11.98629048,12.00802555,12.20751408,12.22660511,12.16761916,11.82920151,11.76972542,11.77152839,11.99941785,12.03613324,12.04365166
1776216_at,8.729761699,9.646446298,10.14786366,9.767075218,9.499349608,9.179511314,8.787083529,9.347868053,10.38571024,11.03149418,11.20394898,11.19824548
1776217_at,10.78202062,10.74506156,10.75651486,10.9794805,10.96538999,10.93999899,10.76941855,10.24872572,9.786984346,9.803525326,9.832131901,10.11896817
1776218_at,7.041856087,6.587000014,6.765148622,6.604349367,6.824342733,6.988128648,6.738994123,6.55363008,6.503343356,6.718362054,6.910143623,6.867292994
1776223_at,12.02681294,12.13978598,12.32222481,12.06948428,11.78846158,11.69465271,12.02838034,12.2601416,12.60048243,12.86272022,12.89960165,12.97325429
1776224_at,7.237357652,7.409544796,7.159880287,6.949320955,7.184079713,7.145205344,7.375944898,7.53284331,7.611200678,7.740416495,7.695537564,7.571279007
1776225_at,11.81616275,11.75592807,11.64273856,11.76379546,11.74631314,11.7619757,11.7587391,11.90498884,11.91359122,11.98015001,11.83793658,11.78865261
1776226_at,8.83064166,9.621818172,9.885217214,9.456431586,9.417623693,9.136056876,8.99845686,9.773200265,10.38295213,10.76479365,10.75507313,10.73147819
1776227_at,11.24339663,11.15446831,11.21514116,11.15043423,11.14142087,11.16216306,11.24815716,11.19441063,11.1398989,10.94826281,10.65298413,10.26996371
1776228_at,7.655382012,7.950920651,8.723895345,8.657893561,8.609907094,8.300877176,7.684464375,7.608770513,8.110884279,8.740692488,8.849916934,8.981400551
1776229_at,7.551670189,7.051874734,7.334605181,7.349762996,7.414503954,7.418470268,7.633972337,7.509653058,7.555023603,7.797775389,7.561890948,7.657579077
1776232_at,4.766067056,5.528129995,6.310455321,6.11304808,6.120124169,5.802491902,5.272824673,6.296454223,6.38313346,6.983307106,7.2099247,7.509587253
1776233_at,8.272057465,8.628860024,9.135629252,8.787446773,8.557552708,8.393783925,8.402260298,8.620500894,9.197735524,9.763216465,9.798282543,9.672434202
1776234_at,10.2713482,10.38705654,10.53202427,10.4747887,10.48037746,10.35553567,10.23073997,10.32125982,10.67371744,10.95277988,11.01516458,10.88959061
1776235_at,9.009469671,8.595828085,8.263072892,8.638582632,8.852354441,9.033829036,9.031486628,8.653170466,7.979873243,8.013770839,8.027408485,8.237808989
1776238_at,10.59912345,9.726735319,7.991167796,8.172278606,8.128793967,8.042229645,10.46059969,10.96885115,9.652583683,8.728391344,8.722594274,9.148325978
1776239_at,10.5381031,10.27738815,10.01176099,9.882423639,9.986059111,10.19887989,10.56503304,10.47151298,10.0350595,9.412176509,9.131786366,8.92925125
1776241_at,10.40894516,10.3688008,10.42864837,10.57361491,10.6637724,10.56256766,10.40042531,10.17312131,10.03494675,10.28045189,10.42738576,10.5410167
1776244_at,9.309547127,9.561321683,9.74266707,9.747569183,9.701716247,9.659361744,9.195455574,9.41417701,9.769391905,10.23398606,10.4752214,10.58322563
1776246_at,9.785921607,10.11540647,10.43881356,9.96473979,9.8058252,9.752136778,9.88296198,10.36493334,10.46748084,10.56183597,10.65212283,10.49761404
1776248_at,8.939988989,9.281126474,9.689469576,9.385939094,9.228354864,9.181895503,9.015714004,9.244111865,9.539669574,9.700925384,9.768087097,9.683338764
1776251_at,4.66247916,4.502400398,4.459413475,4.655386637,4.796472863,4.940275377,4.606445789,4.566692473,4.392961883,3.953314941,4.139723588,4.35637135
1776254_at,7.215345943,6.462307834,6.438503367,6.734659941,6.775774544,7.061821744,7.138563411,6.928890821,6.78214113,7.058591208,7.33700013,7.44846968
1776255_at,9.351722185,9.20199939,9.013170966,8.80421867,8.894870675,8.925222724,9.464650989,9.366695335,9.569025331,9.608132979,9.791792881,9.761072415
1776257_at,8.725376821,9.714236161,9.392782793,9.250715947,9.199126361,9.091206378,8.735088024,8.911386584,9.283365231,9.931307635,10.18669349,9.964110062
1776258_at,12.6843849,12.86874759,12.98495005,13.08460591,13.03774524,12.94341325,12.68345762,12.63125793,12.77004376,12.98792973,12.83034297,12.73410013
1776260_at,6.435033707,6.695721049,6.768983256,5.980945212,6.243776734,6.183586075,6.630951013,6.756934737,7.157740429,7.352983768,7.368531425,7.309523798
1776262_at,11.75886049,10.24623683,10.19996027,11.09290687,11.28227225,11.57346878,11.66969556,10.00427509,7.99547087,8.5424617,9.164564585,9.304185321
1776265_at,8.616410725,8.271810067,8.499321473,8.518441605,8.521380047,8.479036234,8.610117532,8.661783907,9.085940278,9.320896515,9.386173217,9.443332207
1776267_at,11.94679284,11.61014174,10.95652663,11.34206019,11.54102604,11.69720459,11.84482913,11.57555524,10.58136162,10.03620227,9.976403942,10.18705969
1776268_at,12.01133151,11.96126438,11.98808335,12.12944067,12.1645116,12.16712211,11.95426065,11.8825004,11.72620671,11.89011342,11.87155621,11.9527082
1776269_at,9.809402707,9.553032246,9.709868912,9.82865042,9.599951669,9.593914656,9.91424124,9.895518517,9.809347849,9.705385145,9.534283285,9.413973182
1776270_at,7.195070359,7.403584238,7.62172392,7.652094646,7.679874445,7.639684819,7.133784935,7.321480004,7.134476768,7.164043242,6.886315304,6.668307388
1776272_at,10.42698315,10.47431539,10.07129293,10.31729147,10.20052598,9.887619877,10.45342796,11.14262993,11.55291582,11.56661899,11.33209894,11.06776422
1776273_x_at,6.069685964,6.704107344,6.34752478,6.296050619,6.062584758,6.046240143,6.194840864,6.33770648,5.968452431,5.636245776,5.941935721,6.159721603
1776275_at,4.896548478,5.491357734,5.83933816,5.367165667,4.990899232,5.011502607,5.007801966,5.576028371,5.799655904,5.859438093,5.973937656,6.175342647
1776278_at,12.22881486,11.78289637,11.25599259,11.68381741,11.96360562,12.09682691,12.19544205,11.89266192,10.61362196,9.698001153,9.73439797,10.03167527
1776280_at,7.774383514,7.658874016,7.787276013,7.536733288,7.57821581,7.633354168,7.88568666,7.692870176,7.714521658,7.744464514,7.950944122,7.938428891
1776281_at,10.01055732,10.26305202,10.17196285,10.07639816,9.933695343,9.922346733,9.929858271,10.07725056,10.23164627,10.3638716,10.38093455,10.49512639
1776282_at,7.290707728,7.402759149,7.570922344,7.384524474,7.255696562,7.350516015,7.371459115,7.750868304,8.202700725,8.275453001,8.197594462,8.029043266
1776283_at,6.232629016,4.777293258,6.818625241,7.373891072,7.979983615,7.771396393,5.998014163,5.551560247,5.09278747,4.844643011,4.511634366,5.116192594
1776285_at,5.223880979,6.342167583,9.785077866,8.776744875,7.375554495,7.244044635,5.095461284,4.648864528,4.457102349,4.927730598,4.799213873,5.282452402
1776290_at,10.0060165,8.964882466,8.683639706,8.420373038,8.897333781,9.419990725,9.956092689,8.573095063,7.258107488,6.181177925,5.652462157,5.65772142
1776294_at,3.091203846,3.269855811,3.175420824,3.079475075,3.230159022,3.214644457,3.405495378,3.233298184,3.553331301,3.182366577,3.010626246,3.054295294
1776295_at,6.843570199,6.699142313,6.97220199,7.19332803,6.949529186,6.897484874,7.043099719,6.935067973,6.834031517,6.801142194,6.610611465,6.436624098
1776297_at,7.969746545,8.325971385,8.123286,7.721030887,7.661471331,7.51980044,7.801283771,8.292115819,8.736264696,8.689324025,8.518892815,8.32314884
1776298_at,9.890019855,10.38660008,9.996090445,9.852839518,9.877307189,9.871374364,9.890749871,10.26460618,10.50855191,10.44817731,10.42412543,10.40427258
1776299_at,10.13751844,9.988714726,10.04386557,10.16399238,10.14480819,10.11693985,10.06457427,10.22362724,10.48223489,10.6314733,10.81947014,10.76601102
1776302_at,6.36775381,8.4040214,8.347673333,7.5637101,7.416163972,6.775954457,6.547472301,7.886152589,8.897975632,9.651057778,9.494232772,9.241419777
1776304_at,4.593490343,10.37521944,10.25234867,6.186529517,5.317187283,5.226608153,4.601663523,6.524652363,8.243517048,7.632672722,6.797932332,6.464940369
1776309_at,6.392304909,6.238975369,6.384609713,6.296279681,6.382418667,6.450930858,6.446388128,6.321917284,6.328301849,6.480050157,6.462975335,6.707044402
1776310_at,10.35725105,10.13039473,10.09884663,10.13061301,10.17124757,10.25349281,10.28427637,10.19935407,10.14378111,9.958317231,9.756052884,9.828037367
1776311_at,2.085331418,2.353168701,2.394520729,2.223973754,2.035734582,2.069423422,2.111292333,2.241210601,2.622380386,2.527657447,2.307494369,2.20481447
1776312_at,3.524275754,3.716466263,3.564951519,3.635114733,3.573677116,3.86679806,3.42967525,3.48797226,3.733583608,3.573677116,3.649687684,3.675790498
1776314_at,6.73472781,6.461787922,6.481817584,6.473663981,6.30483394,6.453041874,6.911646446,6.589078848,6.382629087,6.542806635,6.619004009,6.688126428
1776315_at,9.061809439,9.345029732,9.390269508,9.35620868,9.277959369,9.141947589,9.078945431,9.508809604,10.13665265,10.41370604,10.37623852,10.37488105
1776317_at,9.974158409,10.14418932,10.34318281,10.24765566,10.08462266,10.1237047,9.914837847,9.949715238,10.0743343,9.870049442,9.546082179,9.270855011
1776319_at,8.398729879,8.145549001,8.32419768,8.535103715,8.490949489,8.608468924,8.573445618,8.09535411,8.225709788,8.113981357,7.917147383,7.739452547
1776321_at,2.900724434,2.882968952,2.614757787,2.981802735,3.195427304,3.642146508,3.057762505,2.956240849,3.064099775,2.675783427,2.822109149,2.943571596
1776324_at,5.059667347,4.441764275,4.478228822,4.743017028,5.330260914,5.432331923,5.133136422,4.461089354,4.493734837,4.276922671,4.355086735,4.330231915
1776326_at,9.095891598,9.158599084,9.480817994,9.191792976,9.050900478,9.036733273,9.009235729,9.298084706,9.869916702,10.1899255,10.51430579,10.53911521
1776330_at,4.233714195,4.168082402,5.018315845,4.360514196,3.967609428,4.000809049,4.205222225,4.064235434,4.42393433,4.777005072,4.819083293,4.817264772
1776332_at,8.177333308,8.105924183,8.015530099,7.929724294,8.006317627,8.015550384,8.297225018,8.195711875,7.796715961,7.937709258,8.013790471,7.973882906
1776333_at,10.52791244,10.40501133,10.34470927,10.56283099,10.55392604,10.51012546,10.61091839,10.30665249,9.702203797,9.677622332,9.353054239,9.366293013
1776335_at,12.26804207,12.06410419,11.89277159,12.01976828,12.09639262,12.16671886,12.2148667,12.15332006,12.0471808,11.67985126,11.33617145,11.01942771
1776337_at,7.546344698,7.125254979,7.147692911,7.288278118,7.30093597,7.398418791,7.596966573,7.854092292,8.359024887,8.632029266,8.746584471,8.754933942
1776338_at,9.619117801,9.741293919,9.992571983,9.71955974,9.527174039,9.473505024,9.497259018,9.575242927,9.787783049,10.07160726,10.17818443,10.53140394
1776339_at,8.516492664,7.748196359,7.910503139,7.901012892,7.981581392,8.029402553,8.369167708,8.192681845,8.227907307,8.170103193,8.090268339,7.936445583
1776341_at,8.296769486,8.266324888,8.604703674,8.520386925,8.492204954,8.402745841,8.314683793,7.959453278,7.902649149,7.687319268,7.598953165,7.439885596
1776342_at,11.65624724,11.10567411,10.48597079,10.88996023,11.16570527,11.39085192,11.57768043,11.25238212,10.46695385,9.947586365,10.08866807,10.3713929
1776343_at,7.120297558,8.046612332,7.98716688,7.862766804,7.580769306,7.471377114,7.16725317,8.000235775,8.720512059,9.128831195,9.216796496,9.275591172
1776344_at,12.36200067,12.3677494,12.25432526,12.24285265,12.26940408,12.34239932,12.2402941,12.27312461,12.09406945,11.14979528,10.51620693,10.5885516
1776346_at,9.37123768,9.867045802,10.03797128,10.03459407,10.12686108,10.06868366,9.595536962,9.917644907,10.26508975,10.40540267,10.35876571,9.874501216
1776347_at,7.55921813,7.358197096,7.313708098,7.466150401,7.538264865,7.538465945,7.622929705,7.639162778,8.050911245,8.282429976,8.177413785,8.170029616
1776348_at,9.041248522,7.580079736,6.430755957,7.8054614,8.112388015,8.555653844,8.914538614,8.371747057,7.215527466,6.989788765,7.373577676,7.640226947
1776349_s_at,6.142362195,6.665206845,6.33883083,6.425032976,6.227340982,6.189598343,6.446760429,6.788436095,6.948872463,6.809066116,6.619649091,6.819920082
1776350_at,6.37705682,6.478794821,6.811183682,6.862366406,6.657078655,6.578016596,6.619427303,6.571376003,7.269222373,7.900036001,7.947683522,7.870781691
1776351_at,8.91902167,9.31692471,9.461351648,9.516069435,9.427087013,9.231800967,8.861789184,8.750476589,9.015049258,10.17891741,10.50651002,10.45048714
1776352_at,11.9215287,12.07293432,12.22174446,12.24694296,12.28707677,12.29316628,12.01806252,12.0671758,12.05647396,12.22834548,12.39633552,12.39414796
1776353_at,8.596972813,7.822837939,7.741325904,8.049547914,8.05025164,8.292428764,8.582051652,8.156987721,7.971594507,8.213612556,8.339953269,8.472247739
1776354_s_at,4.516064105,4.756072154,4.875356733,5.041717611,4.893195845,5.130051216,4.520895488,4.45191965,4.738915934,5.337072669,5.413666221,5.710817663
1776355_at,10.30685113,10.19709064,10.26963013,10.1982958,10.27503954,10.31859346,10.35988083,10.31378683,10.41954579,10.54664427,10.73734848,10.75083827
1776356_at,8.149242777,8.326427661,8.243581567,8.302261521,8.241685532,8.175342379,8.356880019,8.286654252,8.37572347,8.629366732,8.655008146,8.680254376
1776357_at,10.86128166,10.43299641,10.42247362,10.4303729,10.4426102,10.53203246,10.8104123,10.84668204,11.03175256,11.14653153,11.24641977,11.12108618
1776359_at,8.493012247,7.87536627,7.553024371,7.838910172,7.92563922,8.056849232,8.532546134,7.998643843,7.658996121,7.485685805,7.367226164,7.236249733
1776362_at,11.0463067,11.04759657,11.0921506,10.82820266,10.50597958,10.44226808,11.12592133,11.21374004,11.09193675,10.55784832,10.54022901,10.25308425
1776363_at,12.0198264,11.78388999,11.21354997,11.54912586,11.78767016,11.9491947,12.0606486,11.80518789,10.70175964,9.507402252,9.223624971,9.277743023
1776365_s_at,12.8095091,12.80824622,12.66193141,12.68372352,12.70328355,12.71536803,12.74086506,12.70694356,12.42542726,11.54496049,10.92388495,11.21012143
1776366_at,6.932570345,7.514118899,7.518140619,7.459914,7.411024502,7.325174243,6.947410199,7.151078861,7.810229423,8.251901226,8.326917973,8.372557457
1776367_at,9.340860263,9.415999421,9.61979976,9.682047799,9.621667889,9.550928926,9.398070429,9.612374607,9.972291843,10.25504148,10.58349422,10.59729987
1776368_at,9.488265754,9.375084807,9.273949127,9.019328424,9.031512497,9.200919384,9.401919371,9.291026886,9.261692795,9.089956135,8.997228791,9.197554666
1776370_at,12.43278578,12.24780102,12.04775172,12.07864593,12.18796566,12.31694734,12.34111348,12.17588621,11.56767415,10.619131,10.53779221,10.58025399
1776371_at,8.833751179,9.48350191,9.609521875,9.170022102,9.224987067,9.063483942,8.749323918,8.928333459,9.002551189,8.741286349,8.27761377,8.207036871
1776372_at,10.08565157,10.05108501,10.2028204,10.03488376,10.03581687,9.927157793,10.07112411,9.826590381,9.910012971,10.0588889,10.2491478,10.18338807
1776378_at,8.808321223,8.764668171,8.918463659,8.768933598,8.65732803,8.703110303,8.834989916,8.942895957,9.266583332,9.38443215,9.621174373,9.451769295
1776379_at,11.10847869,11.39147407,11.61914683,11.66320277,11.49859367,11.23442018,11.11132735,11.09469631,11.40018706,11.5774434,11.53764563,11.52361587
1776384_at,6.260366413,9.330535987,9.748702305,7.623272287,7.37369162,6.934413149,6.405428267,8.614572884,9.287863591,9.338741281,9.459659324,9.483467975
1776385_at,8.399822527,8.415155597,8.476118039,8.126812269,8.214006165,8.205895295,8.467368178,8.411370007,8.808389141,9.076203349,9.039703399,8.93771845
1776388_at,9.335694896,9.644777026,9.84416915,9.843194148,9.768241985,9.746252855,9.232871881,9.312904431,9.477879031,9.701390369,9.634053571,9.503488544
1776390_at,10.24533962,10.70216852,11.26712647,10.84586885,10.32715102,10.23723835,10.47244983,10.82881541,11.42848445,11.69811529,11.57042061,11.47728184
1776391_at,8.719280209,7.596478232,7.47869711,8.024870148,8.490481921,8.619701433,8.883175907,8.199619193,7.683726051,7.515032884,7.31679859,7.254171221
1776393_at,7.424489463,7.680285412,7.688083119,7.618289556,7.577229015,7.42243906,7.506251334,7.850900407,8.306280979,8.505486643,8.426220222,8.211446455
1776397_at,10.29703572,9.925822073,9.603699217,9.696761212,9.859949638,10.03276329,10.30351922,10.0058779,9.555108444,9.642138698,9.640133872,9.810656546
1776399_at,7.483684312,7.048221441,7.324887425,7.129211995,7.155029532,7.276160027,7.479478986,7.638382597,7.837134113,7.961607539,8.198739001,8.493746165
1776401_at,10.53974389,9.936914014,10.18107465,11.00181322,11.17884861,11.02511677,10.63730309,9.9119584,9.375467453,10.48973916,11.28674605,11.39167494
1776402_at,8.453328698,9.685388329,10.28398065,10.09498493,10.03598545,9.486816338,8.261802993,8.695125276,9.618742008,10.68523383,10.79077276,10.70066542
1776403_at,11.0111836,11.04566142,11.15864677,11.1200569,11.14326079,11.13500251,11.14854282,11.12432904,11.13559483,11.3118255,11.24556438,11.02203546
1776404_at,8.380530287,7.925265124,8.260504089,8.124203362,8.069885783,8.106625381,8.396618998,8.436873076,8.933551149,9.175601655,9.314515408,9.540737681
1776407_at,8.85214411,7.717815951,7.956410861,7.977483428,8.432908092,8.669618647,8.964338416,8.448469179,8.058820601,7.379280641,7.022427346,6.469693506
1776409_at,11.11407798,11.16868258,11.20368294,10.94170987,11.03062901,10.98068682,11.10673573,11.20455248,11.51520467,11.47603452,11.26790286,11.00101445
1776410_at,7.180854467,6.825671517,6.93515411,7.044297878,7.151390293,7.128301308,7.212362227,7.000679256,6.835261566,7.060876704,7.384392636,7.467448361
1776413_at,8.51523131,7.598757072,7.531069398,7.993259713,8.117548679,8.397406886,8.791382115,8.163329815,7.552301488,7.294342839,7.236698926,6.922043347
1776414_at,8.702308827,8.312097046,8.523569823,8.347154213,8.290279085,8.411414398,8.866242295,9.168925183,9.507458449,9.165796526,8.635491592,8.49531186
1776417_at,10.60336499,10.71313556,10.80840764,10.53610558,10.71863726,10.70478629,10.52846949,10.48360402,10.70713853,10.67709933,10.5591508,10.61763969
1776418_at,12.28759367,12.26391993,12.16364326,12.19846864,12.15233133,12.19456113,12.15611,12.18491896,12.12723349,11.82359754,11.51337985,11.54575567
1776419_at,10.99287628,10.92885466,10.83855051,11.15604327,11.33125704,11.49618861,10.85966732,10.62785993,9.773272428,9.58437059,9.367369841,9.355080273
1776420_at,8.774473821,8.112745403,8.451333245,8.648186877,8.716606007,8.67387633,8.605388244,8.39082693,8.186722111,8.223805844,8.245659641,8.441130473
1776422_at,9.515627262,9.641799606,10.07009589,10.26140771,10.2865728,10.05854076,9.562912248,9.429427519,9.688920142,10.09611578,10.19242132,10.23153098
1776423_at,8.397681165,8.426543892,8.736903824,8.352093444,8.197370435,8.312432507,8.441574709,8.486160989,8.987855046,9.501235211,9.485605778,9.753501974
1776425_at,7.353014151,9.164119117,9.025749196,8.025378054,7.795732969,7.525512591,7.449391693,8.483028881,9.398210005,10.09591865,10.21820357,10.06280646
1776427_at,10.42408283,12.3144225,12.57183198,11.70723465,11.16807487,10.76693594,10.51744178,11.57137594,12.37312096,12.60426783,12.54270531,12.54242888
1776428_at,8.18084182,7.675810233,7.357387867,7.799198572,7.84877083,7.798009147,8.168575361,8.716229806,8.35801033,8.229546273,8.198956796,8.217251163
1776429_at,7.674139777,6.899085614,6.858195653,7.365181484,7.633146978,7.571279007,7.761165424,7.358415856,6.989707336,7.015103376,7.151402557,7.136840227
1776434_at,5.504705816,7.098449649,5.743519903,6.625272942,6.830595341,6.769757496,5.358857415,5.200510662,4.978432104,5.331617611,5.603098783,5.875849284
1776440_at,10.27278486,9.971761933,10.09120502,10.06915547,10.12318606,10.11216974,10.28356943,9.830731933,9.495256324,9.333786453,9.263025829,9.284195086
1776441_at,11.57402908,11.18527581,11.12114716,11.33720977,11.38232149,11.34343981,11.54405151,11.26186234,10.99528032,10.92592699,11.29788405,11.41905107
1776447_at,8.256822711,7.83185659,8.021606837,7.884385831,7.766986119,7.967318376,8.105721316,8.047809364,8.306181233,8.638073069,8.895468392,9.226502158
1776449_at,9.027336963,9.236147385,9.552389018,9.341181301,9.340506514,9.321330613,9.236648359,9.195831277,9.51803848,9.560008932,9.459636595,9.061609983
1776450_at,11.2312286,11.60439515,11.68818657,11.57267934,11.37021832,11.19241324,11.34309737,11.89097526,11.92783561,12.15642964,12.34145158,12.13692746
1776452_at,10.38718609,10.27644017,10.39323408,10.22324994,10.21720491,10.22031597,10.41345801,10.51865803,10.57456523,10.55483438,10.35413261,10.07619872
1776457_at,9.343610807,10.07728869,10.0702608,9.752161675,9.561646047,9.483846521,9.169439572,9.858064716,10.46397137,10.61004488,10.8121272,10.85615286
1776459_at,3.482981239,3.455342491,3.482981239,3.158279357,3.337332277,3.276444854,3.523775278,3.378711851,3.310063096,3.013612332,3.118511416,3.14683745
1776464_at,9.836638682,10.06093351,10.36168905,9.838912287,9.787372809,9.833833045,9.964062686,10.17946122,10.65211392,10.8053898,10.82071257,10.88323413
1776467_at,12.72247744,12.598379,12.47473177,12.55773857,12.6950235,12.79531018,12.66144875,12.52536978,12.16033179,11.11034733,10.8250394,10.9464961
1776471_at,7.80279448,5.538939915,8.045194393,7.733807888,7.885349334,7.933322123,7.919610662,5.973339259,7.136350867,7.001103646,6.862915231,6.678788426
1776472_at,10.38699291,10.30996678,10.43048668,10.58902469,10.52847403,10.48571145,10.20185855,10.17707791,10.13845154,10.01629584,10.00788539,10.18417072
1776473_at,9.107978723,9.588219221,9.186372336,9.0217979,8.811119728,8.940345161,9.249162967,9.477001323,9.834483178,10.13367813,10.19790485,10.03898555
1776474_at,9.570546773,9.482094876,9.905398956,9.861507064,9.767206185,9.670088879,9.600340619,9.509480549,9.634195769,9.624202977,9.803199906,9.734690918
1776477_at,11.38232146,11.49010923,11.28065236,11.62709307,11.56531775,11.46651202,11.17694977,11.74502719,11.91206008,11.93835901,11.84575212,11.92576021
1776478_at,11.15776253,11.32033537,11.60647178,11.70780383,11.3864674,11.21552647,11.24529381,11.38085418,11.53076369,11.81838896,11.90819791,11.9179283
1776483_at,9.244572237,8.486583865,8.116679308,8.434618105,8.684529662,8.965850337,9.402079291,8.863708087,8.334494973,7.895449367,7.753268605,7.526988606
1776484_at,2.620235209,2.854192524,2.56392345,2.622302811,2.629573339,2.673413185,2.803600394,2.939730685,2.766100657,2.596598371,3.021087653,2.770413895
1776485_at,8.263209333,8.42351013,8.901432762,9.060514649,9.174854437,9.192607602,8.23770815,8.277492734,8.879354382,9.364330039,9.831097416,9.971676185
1776490_s_at,11.84716981,12.04139479,11.80080275,11.92976953,11.8906564,11.91796703,11.7496874,11.76061242,11.4937689,11.62356197,11.48390952,11.59167091
1776496_at,8.297147132,8.317008328,8.147231523,8.051041589,8.097649191,8.248719882,8.260625797,8.409523783,8.633071089,8.469684327,8.434632727,8.431584872
1776498_at,10.04499177,8.17475264,8.421461418,9.179770108,9.375572471,9.725349509,10.07417477,9.37271588,7.907409615,7.608948612,7.991009085,8.533108902
1776501_at,9.376351639,8.966712291,8.789508297,8.94664914,9.092027522,9.138623549,9.244198358,8.898657326,8.552176313,8.536535586,8.708373994,8.929202752
1776502_at,7.671010876,7.384556146,7.696666792,7.671807615,7.718824226,7.795652423,7.747821996,7.577013316,7.700549687,7.981210781,8.195993463,8.335495422
1776507_at,7.950683875,7.387742027,7.130596132,7.282232453,7.284824574,7.358902209,7.956415015,7.719234688,7.300585018,7.183091569,7.072522411,6.863144439
1776508_at,8.028321977,7.890172127,7.932680559,8.187769525,8.20140242,8.217460525,8.079151679,7.951025004,7.518071317,7.681226465,7.524468947,7.72579262
1776509_at,8.125580671,8.414680023,8.601059113,8.561986954,8.531462891,8.307644622,8.003984976,8.510832671,8.883375564,9.027869982,8.955710591,8.800340186
1776514_at,8.032335044,8.255387259,8.483270944,7.924689782,7.85714071,7.994668873,8.093787832,8.552741116,9.2268448,9.390420304,9.372473018,9.397932406
1776516_at,12.64096004,12.41428327,12.00378276,12.03749846,12.32741816,12.52494412,12.63443454,12.37881204,11.306347,9.74584945,9.401085564,9.825259992
1776517_at,10.80041334,10.97383306,11.30325994,11.45268099,11.34721889,11.0994071,10.7071681,10.85973156,11.31845566,11.89892817,12.1086598,12.07704519
1776520_at,7.35447194,6.782768882,6.830312761,6.9541363,6.928672996,7.055730274,7.210421267,6.601294238,6.086996497,5.928132942,5.965111332,6.051248994
1776523_at,12.03526933,12.05513373,12.06065531,11.9766061,12.04563372,12.0545104,12.14206076,12.16843131,12.14569508,12.11344952,11.8016162,11.49756705
1776524_at,8.788604149,7.480107354,6.121448139,7.605420987,8.02078826,8.350282855,8.470936296,7.706927993,5.829195479,5.032702999,5.449151022,5.733223929
1776525_at,8.788021411,7.856309685,7.972621156,7.644607767,8.089329436,8.43891813,8.839386099,8.618188451,8.323688126,7.65071964,7.199245437,7.080931184
1776526_at,9.526731819,8.854667113,8.417535453,9.231859304,9.505415482,9.708401461,9.600573573,9.303793542,8.689601558,8.618537969,8.745329841,8.734138326
1776528_at,4.588560865,6.449172275,7.729682624,8.598061566,9.022708037,8.43722163,4.741526665,5.713631538,6.917800091,8.713437824,9.36092385,9.257674592
1776529_at,8.757218893,8.998524735,9.378469413,8.927349395,8.814382353,8.693457564,8.780764676,9.24345851,10.08099244,10.4674257,10.84781745,10.99775644
1776530_at,7.273494296,6.630448276,6.851770986,6.751989426,6.980776263,6.967213385,7.204002615,7.135712885,7.196287252,6.984867265,6.72424179,6.743611085
1776531_at,8.561352722,10.56193518,10.59950362,9.973731203,9.996229799,9.398023315,8.70263245,9.924766413,11.03413023,11.64903872,11.24917046,10.77527295
1776536_at,6.470903418,6.24416296,6.328301849,6.213473817,6.170452012,6.029668349,6.700649145,6.123487076,6.202149894,6.245981945,6.122533961,6.081381909
1776538_at,12.10287099,12.22957638,12.47800698,12.55188319,12.38211176,12.17072745,12.18944496,12.16490106,12.48516599,12.66522383,12.65441911,12.5758021
1776539_at,9.077761636,8.68832335,8.581495813,8.713957182,8.926004601,9.042759656,9.123773563,9.218922138,8.994713069,8.675442714,8.522776349,8.464520016
1776541_at,9.657057969,9.640679363,9.669234481,9.290532449,9.299798116,9.411666684,9.703987039,9.835956804,9.777117001,9.61189193,9.271161144,9.302876995
1776542_at,10.62854052,11.31948742,10.9831572,10.59049088,10.52882496,10.61236594,10.56947957,11.07550772,11.14822982,10.89637754,10.44539144,10.41144484
1776544_at,2.5280926,2.496940241,2.631149551,2.594407726,2.68824455,2.529033209,2.448563981,3.084887204,3.174619519,2.879411186,3.124725901,3.848556485
1776546_at,5.276532622,6.067873077,3.116460234,3.013851199,2.738643895,2.985424625,5.825580264,2.928338969,2.754537752,2.671350009,2.262337428,2.384677245
1776550_at,9.750626559,12.13582594,12.36511433,11.78924156,11.38616063,10.85179503,9.924745953,12.1671539,12.77478009,13.0161295,13.08384287,13.06609599
1776552_at,8.131106965,7.749153105,7.546528125,7.669957466,7.841837403,7.83922973,8.111793992,7.906836839,8.022062632,7.855123953,7.53863621,7.426774906
1776553_at,3.518063256,3.964887395,4.677996323,4.56722357,4.689862977,4.698713068,3.362078083,3.315734464,4.983598231,5.532851392,5.588235216,5.958243944
1776554_at,7.271868232,7.262295535,7.200367043,7.246414609,7.400168789,7.375572111,7.485734123,7.398595128,7.451479712,7.343141443,7.35087892,7.55616421
1776555_at,8.504016535,9.109942232,9.413234084,9.064738749,8.934795876,8.807422175,8.411725602,8.673087605,9.004128963,9.025278604,8.474568714,8.275972525
1776556_at,7.292797911,6.440041357,6.659497094,6.637979191,7.008875051,7.262517825,7.210173311,6.575103364,6.367008423,6.454989086,6.120999575,5.964342051
1776558_at,11.2315411,10.70016909,10.57189339,11.13236595,11.08940913,11.31646208,11.29446516,10.97075636,9.82810696,9.798708,9.194802713,8.930666035
1776560_at,9.830126119,9.040957182,9.013939302,9.264346076,9.464745105,9.545736479,9.742312771,9.591410898,9.753638463,10.15449256,10.43109606,10.60294319
1776562_at,10.10931383,9.942947803,9.996758377,10.02440881,10.04115424,9.995490557,10.07576878,10.106487,10.00775828,9.836477867,9.766887233,9.627850773
1776563_at,9.08893995,8.625831432,8.705497896,8.870481867,8.953350609,8.849072396,9.176078082,8.9672374,8.753029343,8.51529938,8.598575098,8.401367428
1776565_at,6.749867836,6.424003897,6.978907781,6.96986673,7.106474631,7.276459961,6.855221709,7.138858476,7.450338945,7.469905457,7.389971603,7.685782912
1776571_at,9.251045493,9.309302815,9.559007802,9.421285195,9.325813646,9.348679374,9.071104715,9.298473683,9.494186866,9.388236659,9.208444969,8.887881989
1776574_at,10.03990688,9.99838861,10.31119775,10.35429824,10.18069474,10.18114346,9.953741835,9.691173268,9.626489452,9.747435988,9.450873765,9.337664926
1776576_at,4.406561485,5.188218199,5.426304528,4.988301629,5.127190983,5.288485274,5.006918718,5.404957847,5.789170124,5.60077126,5.870879671,5.813716845
1776580_at,5.854042264,6.633640077,6.570584998,6.097696189,5.847222614,5.59539602,6.195907129,5.930311974,6.224076726,6.765148622,6.942744747,7.245030464
1776581_at,7.533232646,7.384501415,7.80649394,7.692652918,7.672877277,7.536815893,7.548691687,7.592284976,7.604280712,7.911315986,7.860396743,7.759961927
1776583_at,8.216847132,8.308434074,9.057371432,9.142660277,9.190638702,9.590149513,8.066662701,8.554696419,9.809809041,10.32731886,10.23182014,10.17663557
1776589_at,10.4747423,9.844225205,9.941914129,9.953775145,10.10282622,10.17250385,10.42232435,9.938089826,9.414856141,9.238717301,9.180533597,9.19543804
1776590_at,7.270879774,7.028711161,7.386761102,7.224473205,7.235182258,7.088533373,7.38585412,7.296038059,7.538900535,7.856820491,8.018284367,7.783135002
1776594_at,9.505735067,8.978258674,8.668690007,9.022568016,9.126127242,9.357830193,9.418185713,9.337794652,9.040596906,9.186174227,9.282994819,9.316940575
1776595_at,7.647798444,7.299089734,7.243974256,7.459783131,7.41807777,7.483466244,7.605215841,7.457165417,7.350464822,7.458236128,7.445187748,7.50813206
1776596_at,9.964724039,9.476393999,10.8698246,11.48380082,11.48896877,11.16604181,10.07428093,9.545970076,10.55291063,12.00553543,12.63848912,12.79805995
1776597_at,9.091620911,9.018990187,8.799740901,8.584543861,8.853263983,9.147957086,9.444609252,8.755983284,8.615317448,8.354515251,8.583474773,8.435454437
1776600_at,8.42899448,8.780077551,8.665022412,8.611409285,8.557763416,8.529876448,8.541156736,9.030901255,9.683752637,10.096906,10.2387679,10.21627147
1776601_at,11.51064861,11.32660346,11.59919615,11.70349366,11.40166788,11.43228203,11.37006001,11.11327859,10.93413624,10.76677771,10.35675004,10.62394953
1776603_at,11.62948145,11.53304283,11.22153862,11.36416349,11.51424073,11.47835054,11.66436117,11.68692383,11.38291548,10.93485565,10.55259913,10.50492246
1776604_at,8.764037729,8.362035351,8.616121775,8.784703166,8.837839879,8.881849352,8.879569254,8.687929379,8.396675681,8.616930583,8.744079685,8.627484147
1776607_at,9.283017946,9.469814526,9.551357421,9.290236461,9.220988264,9.280182808,9.345800027,9.637270276,10.24825898,10.58922056,10.80458416,10.69380159
1776608_at,8.390139329,8.901672306,8.797365979,8.419419346,8.413207483,8.260964955,8.378336565,8.570098456,8.749291269,8.888141485,8.85726844,8.992525482
1776609_at,11.23762318,11.64322953,12.16890088,12.15344988,11.97191383,11.74173003,11.14785417,11.56538351,12.1883752,12.48823117,12.6299768,12.58605077
1776610_at,12.78884152,12.64957248,12.42969906,12.47791243,12.63007501,12.75086402,12.79769953,12.73807817,12.33739543,11.74207782,11.57509094,11.64338874
1776611_at,3.819943921,3.878237122,3.554205531,3.761496057,3.841259816,3.815435531,3.903782434,3.85089186,4.142917512,3.888682081,4.075788787,4.079058298
1776613_at,9.221846491,8.109069117,7.617677576,8.299992364,8.787956112,9.079230867,8.982634638,8.291891789,7.424501577,7.474859242,7.409201061,7.692491918
1776614_at,9.069108468,8.553730204,9.110684701,9.005320623,9.371350431,9.503361831,9.029480417,8.077959787,7.651609956,7.278448907,7.295028476,6.899384013
1776615_at,7.732832033,7.507887506,7.573869836,7.322507706,7.268629999,7.566247117,7.872236176,7.702435763,7.666194333,7.651785976,7.617931544,7.720102071
1776617_at,9.391774615,9.260380649,9.599292188,9.605671853,9.501900111,9.42333491,9.472114513,9.235833769,9.6486322,9.910049369,9.868633866,9.552749956
1776619_at,9.921626428,8.77278189,8.238273976,9.057544672,9.296690799,9.617891473,10.05972354,9.501008807,8.463472412,7.824208653,7.8263675,7.959227855
1776620_at,5.251282067,4.746724955,5.030501903,5.289380704,5.143845792,5.323449986,5.176013437,5.105539671,5.176013437,5.584199829,5.709809016,6.057541637
1776621_at,10.43061276,9.350409728,8.440609879,9.448793085,9.682141898,10.0782869,10.47474079,9.946780697,8.496110573,7.935144094,8.263247324,8.438075449
1776623_at,7.662172793,7.648779534,7.660739111,7.754043433,7.860749537,8.037070694,7.736058763,7.776570449,7.746847402,8.307929528,8.498267696,8.539578602
1776624_at,9.100358234,10.98901949,10.74502135,10.29655069,10.62108801,10.6353897,9.409900667,11.21928378,11.81243747,11.97627244,12.10707056,12.15192477
1776626_at,9.840741794,9.348589966,9.277108958,9.317677976,8.725437443,8.898703911,10.00550586,8.983419213,8.843724967,7.887826957,6.839059854,6.042556907
1776630_at,6.945958868,7.97544334,7.869264894,7.278435954,7.175223464,7.06988089,6.667991407,7.315678046,7.477669054,7.719966181,7.752247466,7.835395789
1776632_at,6.559741769,6.465510413,6.448505393,6.445216765,6.741457116,6.63201487,6.708026631,6.655819673,6.821127985,7.118743438,6.884188997,6.841701991
1776633_at,11.14239222,11.0303456,10.65661524,10.62897488,10.83531405,10.9413724,11.35317615,10.90971288,10.27166557,9.571807344,9.350985322,9.438921458
1776634_at,7.64409584,8.157783412,8.165782703,8.688867654,8.811705698,8.559085682,7.659383581,8.275550332,8.573964403,8.911602664,8.919769492,8.655667727
1776635_at,4.330162991,4.196305593,4.133261701,3.97472581,3.966592922,4.049320992,4.292609032,4.321436613,4.398554703,4.429619364,4.449430528,5.093478044
1776636_s_at,13.2379403,13.26267668,13.20596269,13.25259661,13.20596269,13.20267472,13.20355456,13.19077959,13.19924283,13.18406379,13.15106367,13.20386528
1776638_at,8.553673711,8.827549522,8.704230062,8.537899462,8.611101854,8.595220732,8.469833405,8.656192636,8.842765052,8.98647369,8.876486939,8.863559492
1776643_at,8.056299292,7.985378445,8.07635791,7.848916597,8.156547468,8.347887428,7.881939249,8.217341998,8.328768641,8.272727211,8.208212846,8.151064045
1776644_at,5.994475287,7.712928721,8.023408127,7.460272037,7.32004798,6.478383363,6.035716667,7.331139646,8.814148264,9.49308213,9.449191749,9.369872732
1776646_at,7.064201241,7.222491979,7.282031864,7.276954572,7.219811254,7.099077643,7.197187691,7.252681873,7.288143431,7.294004541,7.181843981,7.366719192
1776647_at,10.01457504,9.774916886,9.569498293,9.480518776,9.518819001,9.743064203,9.929895953,9.796970672,9.350418705,8.723718777,8.19588856,8.06188093
1776650_at,9.039204806,8.384629083,8.117007009,8.388337083,8.513364557,8.838537296,9.049905397,8.919365748,8.238108391,7.892764859,7.783135002,7.771302498
1776651_at,7.985860023,7.753124986,7.786440257,7.869437205,7.966426571,8.184020434,8.082636551,7.823134862,7.717627922,7.559657204,7.518344422,7.363903529
1776654_at,7.530511498,7.859936071,7.966372364,7.656762484,7.443116646,7.445512737,7.669273208,7.580503624,8.01802568,8.349922588,8.571130866,8.536439962
1776655_at,3.077761353,2.869928495,3.3278885,2.885116122,2.951238063,2.955520872,3.173938702,3.208338999,3.454967776,3.42344133,3.188777981,3.113948075
1776658_at,11.51628485,11.27710577,11.58964037,12.3956736,12.66567177,12.62518728,11.38646997,11.25564528,11.35843268,11.64432724,11.7985363,12.11998326
1776662_at,8.035319262,8.283771365,8.727660222,8.400968576,8.213994387,8.107440872,8.251491545,8.646104086,9.2615564,9.420128163,9.485535947,9.41292216
1776663_at,9.205636087,10.05284044,9.283705505,8.992289429,8.877046311,8.901432762,9.096308999,9.138456901,8.832296387,8.37874664,8.132153847,8.295876506
1776664_at,5.755048513,8.968136018,9.27811074,8.804908391,8.265798434,7.528942815,5.572201456,5.609688448,5.565644324,6.165377162,6.112315456,6.478770448
1776665_at,10.29912862,9.542524782,9.187852058,9.487869043,9.615616078,9.785500592,10.21636654,10.10250235,10.0017138,9.88947211,10.04021396,10.35432891
1776666_at,10.10958905,10.15600411,9.821764598,9.735698935,9.683778814,9.798814254,10.08881642,10.3517905,10.37857329,10.09190756,9.691112296,9.601239759
1776667_at,7.092096956,7.57431673,8.116083362,7.623424664,7.290530666,7.267479547,7.311227496,7.366756635,7.848992827,8.030370456,7.788508131,7.59568726
1776670_at,8.544732099,9.270608363,9.587959301,9.37977144,9.201302228,8.851500035,8.549162356,8.882958699,9.622001055,10.41575071,10.79314416,10.90743872
1776671_at,8.462512154,7.601430724,7.049287799,7.946509392,8.05587663,8.3904508,8.425509449,8.025511634,7.60192589,7.679343793,7.980284234,8.30179365
1776672_at,8.856918068,10.14712547,9.894765382,9.538845956,9.290981864,8.978228902,8.795345443,9.489053593,10.44517148,10.92588957,11.01977861,11.05584764
1776673_at,10.06400218,11.89326756,11.60752528,11.82224855,12.75370514,12.91982057,9.878082932,12.55224637,12.42658948,12.2843229,13.08016225,13.269702
1776675_at,10.56252039,10.49067747,10.70046982,10.56995452,10.46543531,10.46627419,10.57644552,10.38588492,10.35654115,10.32505481,10.35366338,10.36443362
1776678_at,12.33119157,12.15601372,11.90048658,11.91737446,12.02193156,12.15812814,12.27714964,12.15666548,11.68985104,11.00008707,10.76452866,10.81513313
1776679_at,7.698268363,7.629756303,7.997510334,7.75679403,7.929522593,7.790990369,7.814156819,7.799153815,8.03449639,8.545562493,8.64283622,8.703971322
1776680_at,3.330670029,3.602166215,3.841983795,3.510795096,3.818990824,3.620434222,3.563378457,3.457102787,3.89789401,4.396100889,4.875654883,4.623332368
1776685_at,8.374759641,7.816423209,7.845621045,8.146946844,8.180148214,8.400049862,8.397621852,8.563376541,8.670025845,8.993792088,9.281519304,9.08109868
1776686_at,7.727307838,7.696406927,7.995778605,8.010998401,7.99903691,7.958294457,7.920379069,7.564172969,7.534890538,7.555015629,7.129903432,6.852009884
1776687_at,7.861587525,8.097703233,8.96660327,8.200843035,7.780935282,7.622059227,7.867159209,7.967423751,8.837838257,9.047456273,8.859294785,8.716674502
1776689_at,8.280252201,8.803367053,9.141400455,8.976156626,8.729545309,8.499409962,8.361506871,8.455815725,8.815749666,8.907410007,8.452847487,7.765100486
1776694_at,7.977259205,7.862766804,7.874522897,7.952888042,7.967329427,7.934853659,7.823820114,7.87593933,8.014517849,7.936930859,8.055284569,7.901679257
1776695_at,10.67711371,10.50301954,10.6111878,10.66557788,10.59013095,10.5995106,10.50752693,10.47155733,9.860472804,9.500551555,9.124702554,9.259400125
1776697_at,10.33158485,9.532430532,8.965030596,9.417998669,9.562389406,9.87540805,10.37525526,9.80644901,8.858393077,8.385323469,8.449188813,8.594504786
1776698_at,8.3829583,7.977703472,8.071568721,8.023408127,8.040090607,8.092397236,8.190317556,7.907553118,7.845109954,7.741607774,7.751475181,7.9654786
1776699_at,9.726541884,9.458727334,9.591940624,9.340481661,9.354139637,9.357448312,9.868223085,9.668840002,9.522192857,9.636955855,9.530886496,9.691363706
1776702_at,9.393077681,9.433562388,9.838608381,9.704755382,9.649705971,9.491387755,9.535922338,9.623920635,9.828068644,10.02066177,10.10366161,9.951557648
1776704_at,8.847757571,8.677845388,8.681537722,8.61383782,8.766040024,8.782020647,9.056712835,8.828467259,8.953504062,8.937703204,9.037064271,9.113321888
1776705_at,10.95010052,10.84543228,10.29573262,10.50947247,10.60448472,10.79324219,10.94617901,10.7980392,9.741127569,8.853076623,8.734284418,8.815543415
1776707_at,8.761918202,8.324419141,8.666425061,8.291266881,8.198547608,8.314832014,8.795129518,8.835326883,8.969699297,9.057160131,9.250150472,9.430260674
1776708_at,10.40382972,10.53432751,10.59463929,10.4087819,10.37994243,10.33259517,10.32553399,10.52543119,10.7820748,10.93203951,10.85864484,10.60539183
1776709_at,10.48102561,11.10402106,10.77614945,10.3908166,10.16586499,10.0762868,10.46741561,11.52087444,12.00178972,12.00397421,12.2955265,12.35747946
1776711_at,10.00261147,9.390930347,9.251396403,9.426978063,9.635481749,9.77342133,10.09968337,9.479956968,9.043179872,8.693955236,8.509411617,8.21764829
1776715_at,7.083433008,7.383694194,7.881982525,7.494080779,7.506506923,7.530137964,7.303806496,7.750858152,7.891994035,7.533153789,7.490790763,7.568216296
1776717_at,12.01155722,12.7235514,12.8575241,12.52149458,12.17269446,11.98860636,11.94583506,12.30147835,12.55711434,12.48895216,12.42637944,12.30796566
1776718_at,9.200494965,9.322055814,9.123662596,8.877361993,8.928493099,8.90105939,9.197048293,9.226353462,9.339912626,9.434328545,9.43658153,9.480101335
1776719_at,4.870898635,5.480922475,5.837563112,5.348446787,5.236028109,5.352204163,5.093738016,5.405161253,5.790061121,5.754972917,6.296348331,6.23721094
1776721_at,10.2875032,8.957864608,9.532106534,10.27427872,9.883481647,10.13959741,10.24452128,9.753491727,10.17039361,10.09429631,9.075367354,8.891914701
1776724_at,7.788681642,8.141788103,8.142213708,7.933087784,7.758659005,7.696976558,7.787112824,8.226989084,8.489145964,8.61629554,8.60154262,8.388940807
1776725_at,10.35157606,12.55696068,12.05550136,9.819562342,9.372258435,9.549181328,10.15312067,12.51393232,12.77022033,12.71534582,12.75967648,12.89346232
1776727_at,8.681627486,10.52045716,9.101481013,8.364249057,8.5221418,8.697886297,8.643251024,9.386849164,9.130420602,8.355362527,8.218211223,8.359319781
1776729_at,7.784506372,7.760102757,7.581371311,7.499468594,7.686063109,7.477418381,7.686873301,7.884999895,7.874452202,7.773509577,7.656808218,7.82744626
1776731_at,8.756402677,8.72635968,8.750029468,8.481867952,8.365017119,8.553715133,8.790198219,8.887986185,9.441867996,9.799498801,9.755200639,9.888521376
1776732_at,10.15229415,9.831786165,9.789376503,9.68869408,9.735732382,9.77034002,10.13544579,10.20833856,10.14266778,10.02170303,9.931628099,9.851580461
1776734_at,11.86193504,12.00433918,12.21801449,11.88510707,11.60418756,11.62660658,11.8928353,12.1597991,12.42936228,12.56875874,12.40910671,12.39437613
1776735_at,12.60017423,12.55623162,12.40458246,12.39739157,12.42526767,12.54860203,12.49619725,12.45480922,12.22965185,11.15651769,10.25031405,10.35601086
1776736_at,9.156146426,8.424242332,8.440514093,8.681604637,8.71509439,8.733046819,9.265040043,8.976122042,8.493783913,8.409125928,8.327646431,8.075651261
1776744_at,10.19798793,10.27019518,10.54805859,10.33095885,10.2268387,10.15484454,10.2484214,10.37395003,10.59551008,10.77212557,10.85072408,10.73164038
1776745_at,7.858027355,7.866482301,8.102579804,7.950480789,7.901077488,7.965305375,8.062179188,8.249004258,8.80101018,9.073605226,9.148105928,9.138593067
1776748_at,11.89549513,11.64037288,10.68368969,10.89665937,11.316451,11.62119661,11.98227827,11.86880037,11.44110793,10.44579357,9.968535754,10.02016476
1776749_at,10.28155316,10.66062657,11.32564885,11.61776943,11.68774476,11.49895728,10.23316317,10.43347163,10.97079445,11.67662113,11.90528539,11.99427419
1776752_at,8.895237631,8.773208074,9.006312947,9.038889702,9.045149203,8.989561817,8.970587633,8.868548855,9.016264697,9.249755551,9.413524509,9.489006693
1776754_at,6.965964252,6.543405311,6.703270407,6.404428301,6.487516224,6.625567245,7.29910958,6.390277075,6.018851716,5.694804494,5.651895468,5.625101543
1776757_at,8.365532973,8.016348775,7.839933621,8.291474772,8.404344529,8.474804638,8.303233232,8.298586459,8.225709788,7.770289853,7.277094109,6.715699151
1776759_at,3.147804187,5.984541469,5.858750248,4.951730477,4.659499658,4.126156623,3.319499072,3.724546675,5.241522219,6.119881791,6.408133488,6.801271719
1776760_at,11.69564141,11.71117864,11.76291438,11.6895721,11.4214143,11.23277882,11.69522231,11.82960077,11.98969611,11.97161751,12.15222781,12.41613172
1776761_at,9.223564291,9.375720384,9.438017761,9.175182931,9.15430342,9.246933548,9.327406463,9.595721133,9.93026063,9.994915345,10.00722909,10.09612135
1776763_at,9.316962735,7.756547529,8.428497002,8.760978708,8.915593392,8.996882835,9.316962735,8.435553079,7.595054009,6.93893867,6.49564205,5.985218348
1776764_at,4.490140992,4.132741037,4.456084563,4.736644736,4.992135093,5.046309498,4.56382614,4.396061341,4.554998362,4.938937465,5.171577967,5.270863294
1776766_at,8.657454664,8.675482155,7.061475526,6.7625678,6.772972469,6.538962673,8.555308298,7.442091685,6.243282553,6.154759309,5.983615366,5.841236572
1776767_at,7.904615515,8.091674787,9.441917672,8.52444699,8.674035301,7.965423861,7.997769408,7.544975735,7.890096178,9.428958534,9.777820547,9.491520716
1776768_at,3.784701238,3.709246993,3.574954466,3.757114606,3.6473279,3.778288148,3.139103968,3.400881619,3.526070258,3.636265319,3.899398818,3.643809148
1776769_at,12.0963511,11.91406034,11.89599335,11.90434284,11.96574629,11.98001793,11.95609789,11.85824985,11.44491011,10.73239457,10.16537285,9.924750509
1776770_at,9.705690675,9.417029388,9.545466357,9.400345732,9.163484151,9.194650025,9.443163815,8.956181691,8.697518761,8.807880596,8.893466271,9.122457199
1776772_at,3.849838209,5.501263695,4.757021728,4.179193424,4.31195297,4.237243825,4.163258001,4.750057664,4.987617662,4.98021771,5.045110694,4.746030627
1776773_at,11.48344215,11.91143426,11.56721051,10.69648626,10.54612288,10.78136652,11.58443027,12.05218295,11.7925328,11.4388206,11.18919992,10.87851222
1776774_at,9.033969725,7.419399351,7.909267239,7.361234623,7.976724954,8.348082859,9.082708139,7.569945623,6.80427015,5.906400795,5.560334532,5.236028109
1776776_at,9.843574663,9.668749806,10.01943963,9.888972555,9.756818461,9.916479807,9.875386605,9.956280856,10.44550901,10.8762788,10.91277095,11.04385125
1776777_at,11.20998295,11.53410101,11.8339724,11.73826735,11.29051601,10.93432158,11.3964485,11.51963301,11.92031563,12.12365016,12.10706716,12.14437397
1776778_at,3.436624511,4.333625224,4.608222935,4.597547996,4.499080922,4.111650662,3.692977345,3.269340955,3.881222834,4.74619114,5.64877596,5.132653914
1776781_at,9.645395838,9.487637858,9.488153498,9.484931131,9.320557942,9.384965623,9.332083297,9.266034151,8.965844543,8.823148304,8.553501026,8.708225421
1776783_at,12.00475364,11.96331293,12.04515337,11.94417564,11.91053692,11.94531323,11.95974316,12.08097201,12.32821697,12.22983814,12.11156392,11.99965559
1776787_at,10.91399214,10.97978433,11.20086033,10.72321205,10.48569994,10.45947287,10.96839685,11.19822208,11.50494704,11.42253506,11.31387419,11.40829806
1776790_at,9.163492571,9.71921938,9.976832663,9.68688687,9.668921999,9.41921803,9.308839163,9.867336765,10.69959057,11.15878779,11.38202719,11.34109771
1776791_at,4.628318007,4.675005499,5.321273065,5.280006375,5.508064953,5.482149157,4.825096834,5.447322563,6.118631163,6.178172206,5.809245805,5.634420987
1776792_at,10.9190691,10.74627922,10.56538508,10.53261978,10.54054731,10.58913304,10.94978116,10.74808744,10.55075553,10.25470574,10.07554635,9.888395452
1776793_at,11.03348225,10.97890896,10.85197973,11.14461888,11.15026631,11.17976661,11.062642,10.96428936,10.80371125,10.13604938,9.3815995,9.127866049
1776797_at,10.89394932,11.09293607,11.18923582,11.36970804,11.37506282,11.25938923,11.02021417,11.08378004,11.25001692,11.41790138,11.45133921,11.44246541
1776799_at,8.809213974,9.074747141,9.50591022,9.344740575,9.153451165,9.064474272,8.821297081,8.732161325,9.016265917,9.248464572,8.930504167,8.653218476
1776801_at,9.958366311,9.610523836,9.408363853,9.494209565,9.476959533,9.576892503,9.986677219,9.697871409,9.653422332,9.527448489,9.673370505,9.736943652
1776805_at,8.502628705,8.885222908,9.27809864,9.142189161,8.939682291,8.850054218,8.511953462,8.619800399,9.038246941,9.521849008,9.740402793,9.718283217
1776807_at,9.574268523,9.674782956,9.795938262,9.535167042,9.509815335,9.527226806,9.909008031,10.00666152,10.2141716,10.45075134,10.43073572,10.23224609
1776809_at,8.234917444,8.194063783,8.391708029,8.536756478,8.472808983,8.475675032,8.058699606,7.983198399,7.732352815,7.773506851,7.59199015,7.314587853
1776810_at,9.260211563,9.980282453,10.15069952,9.444857756,9.280326292,9.224386173,9.299258119,10.13513378,10.88095349,11.09610511,10.98182332,11.1400143
1776811_at,10.67736821,9.244017018,8.7424974,10.34348653,10.41947735,10.45896002,10.88865986,9.838334463,7.935985072,8.369984616,8.537555256,8.443999152
1776812_at,9.869240466,9.438486973,9.173126772,9.181525355,9.277335957,9.322591912,9.957132353,9.783282042,9.625946989,9.371277624,9.27974457,9.024872996
1776813_at,3.871070792,3.685350886,3.901693054,3.738534914,4.075580171,4.180731943,3.837895959,3.525203408,3.640633072,4.34693414,4.525607897,4.573290665
1776814_at,10.5261936,10.5398568,10.60771917,10.79678526,10.70242487,10.63300214,10.50560241,10.56529342,10.72740196,10.83483489,10.97505694,10.89520517
1776817_at,8.661626479,8.934536783,9.542299321,9.467597723,9.354438921,9.218911172,8.637214294,8.578765979,8.874533314,9.36257434,9.625040261,9.719581347
1776820_at,8.177245668,8.85854781,9.074970156,8.923935913,8.683552425,8.497463358,8.292533519,8.499369373,8.649461733,8.912043371,8.6671769,8.4578104
1776825_at,10.37953879,9.809574497,9.908811652,10.15978155,10.2411467,10.26899767,10.28623627,9.68091493,8.927344552,8.486624979,8.434012848,8.550750739
1776828_at,3.473039088,3.531391534,3.880813785,3.583035671,3.655009492,3.137843038,3.717931823,3.8070053,3.374911459,3.624758335,3.534528155,3.531818492
1776829_at,8.300484627,12.66302527,12.71224258,12.54682317,11.58267899,9.863553519,8.308227536,11.20612549,11.85386736,11.86016343,11.5565553,11.45070781
1776835_at,9.518675991,9.358113671,9.634644794,9.749309225,9.620927639,9.47982879,9.476063571,9.130003516,9.185715915,9.372939031,9.545938179,9.599101688
1776837_at,6.696132253,6.639646282,8.454799774,10.01439918,10.50997464,10.60180043,6.619586815,7.00827026,8.043703281,9.093252622,9.580508653,10.03264494
1776838_at,8.289520816,8.56359386,8.416915327,8.461690965,8.369018974,8.193879493,8.095507183,8.461354425,9.022399398,9.229624861,9.321736947,9.441085489
1776841_at,11.19603557,11.49802763,11.40824861,11.04150156,11.04556932,10.93709114,11.28947502,11.48892557,11.68486876,11.66471581,11.52604212,11.56006277
1776842_at,11.10911914,11.13655604,11.08906734,11.08560925,11.18550139,11.18914714,11.16589483,11.22230143,11.23686202,11.09878968,11.02247298,10.99089949
1776843_at,9.065274704,8.410055842,8.617796112,8.630362492,8.842682804,8.970917533,9.276155943,9.133999348,8.696369908,8.152349067,7.931054839,7.76088431
1776844_at,7.959792859,8.097286238,6.016912015,5.641320932,5.459591302,5.631572087,7.983413543,6.389143577,5.275550272,4.764082133,5.049945841,4.564356867
1776845_at,8.969822873,8.859351459,9.132124947,9.269944889,9.269957717,9.194525577,8.996687716,9.073619865,8.917264712,9.327721681,9.598055667,9.748656941
1776846_at,10.68467553,10.48961808,10.26765045,10.23491877,10.29931786,10.3937065,10.47203219,10.51784418,10.49946173,10.24425062,10.03079246,9.909544003
1776853_at,11.06890424,10.87462373,10.60660049,10.60000972,10.76105948,10.93665702,10.8307054,10.62707391,9.745792764,8.914943703,8.608636116,8.753173704
1776854_at,8.004036583,8.347485004,8.684508683,8.346975578,8.350067918,8.268512847,8.11673666,8.289566943,8.940374929,9.320221519,9.227958712,8.994883887
1776856_at,9.116288384,9.055715908,9.022449492,9.199226239,9.319358548,9.338383525,9.123989291,9.004709176,9.024672335,8.794638099,8.706260196,8.616319285
1776857_at,10.72877413,10.58739855,10.57223822,10.69838566,10.74194149,10.7266455,10.88839362,10.61211989,10.35876571,10.23555016,9.953158023,9.749440499
1776858_at,8.505486534,8.982701052,8.654686645,8.116298853,7.782280913,7.966951879,8.380129384,8.857628686,9.706749604,10.12589023,10.50506985,10.72264382
1776859_at,12.10879916,11.77812172,10.82094137,11.37091565,11.61978708,11.84005173,12.04223787,11.89244662,10.05426784,8.853298223,8.752819133,9.313128845
1776860_at,9.48885181,9.428770836,9.656029293,9.70945154,9.814913137,9.772064504,9.630538527,9.924224943,10.14583655,10.0841192,10.42531933,10.68616908
1776863_at,8.454247096,8.285627238,8.751563783,8.623105098,8.570924627,8.33250305,8.498932494,7.897389021,7.897931471,8.425636886,8.664372406,8.409646755
1776864_at,8.109096413,6.438268021,6.281917843,7.018219626,7.574768579,7.945566063,8.04608196,6.876773349,6.256729137,6.376337784,6.717932132,6.97664114
1776865_at,5.442586403,12.09951826,12.56768381,11.92591478,9.455565996,6.853490694,5.351303163,10.58429301,11.99686332,12.40262182,12.44442073,12.42012076
1776869_at,9.136118279,9.104247986,9.172212362,9.498059781,9.453142105,9.338228728,9.17143758,9.03219629,8.830821406,8.890827897,9.108868443,9.227095254
1776872_at,8.240890932,8.497331264,8.391942677,8.121209982,8.108384214,8.089237703,8.425404379,8.504901931,8.434209977,8.596081406,8.510831307,8.481797274
1776874_at,6.892266651,6.993657488,6.867773125,6.31905124,6.511707854,6.685152318,7.017086682,7.034559581,7.085221821,7.277843943,7.512836425,7.485360373
1776875_at,9.876367122,9.692147109,10.09901159,9.432287788,9.404653853,9.624985886,10.1716473,10.10370465,10.4671391,10.4471497,10.47092538,10.48445382
1776876_at,7.765272049,8.295167744,8.101351196,7.985385471,7.955135498,7.9162973,7.855555424,7.947475375,8.282504347,8.438198204,7.940855482,7.74529031
1776877_at,12.12998852,12.13162256,11.98258092,11.90185359,12.01678655,12.04876224,12.12771459,11.996828,11.72306735,11.22034887,10.92744152,10.62897947
1776878_at,8.979064277,8.510187441,8.351700812,8.78243601,8.951806136,8.943293817,9.014555953,8.91512088,8.674117965,8.669844871,8.374229518,8.474760307
1776879_at,9.778869876,10.17594378,10.09915608,9.875593911,9.819651352,9.657748081,9.853300529,10.17627959,10.43219294,10.50097727,10.47418181,10.35938426
1776883_at,9.877887758,10.66700778,10.99062751,10.78210832,10.59603962,10.26660165,9.955507477,10.60621819,11.21671106,11.71020272,11.83764243,11.83304781
1776884_at,11.22965029,11.1930833,11.15706029,11.11232963,11.2728327,11.27218014,11.16554691,11.07740107,10.88992922,10.53196189,10.24846145,9.969163914
1776885_at,9.834399414,9.058425026,9.422087046,9.234370982,9.233870877,9.197522144,9.717840757,9.002246026,8.781128504,8.541028133,8.197864121,8.055055257
1776886_at,9.394150412,9.389694258,9.426700468,9.482020829,9.496888566,9.359783483,9.327094265,9.274726271,9.187475155,8.970003407,8.727623037,8.231099671
1776887_at,6.872389666,6.178665871,6.404862641,6.586475234,6.753036216,6.847317545,6.868202633,6.857608378,6.441772846,6.426001534,6.389969707,6.448716304
1776891_at,10.87189034,10.77727027,10.82359818,10.71710644,10.63622458,10.71808793,10.7599725,10.74156131,10.87653417,10.92568832,10.73366941,10.56397239
1776896_at,10.55949196,10.08644144,9.733665726,9.998368721,10.15236451,10.25877092,10.42645392,10.01418606,9.37090056,9.069479064,9.107322361,9.038742667
1776901_at,3.885357156,3.374773032,3.879936941,3.841983795,3.631666298,3.45080089,3.471991911,3.878513487,4.000621065,3.86661008,3.912346766,4.45052036
1776905_at,9.526409128,9.131895403,8.692118048,8.990553687,9.064954968,9.124116483,9.545978383,9.185459641,8.828900091,8.805410041,9.018837257,9.189918795
1776906_at,4.489450009,6.887445305,6.665870876,5.058224696,4.87873598,4.563504419,4.39983604,4.783907691,5.50395216,5.385959717,5.475574258,5.773140561
1776908_at,11.40005416,11.3617532,11.45509473,11.56172269,11.4016403,11.4542983,11.36961952,11.23844204,11.08610727,10.8672596,10.46706029,10.56624996
1776909_at,10.39222292,9.600571234,8.770323884,9.513732514,9.662589425,10.02188002,10.44873928,10.01741748,8.406360533,7.571279007,7.503147033,7.474747689
1776910_at,7.988165126,8.29769603,8.683195226,8.049962243,7.692500314,7.452178513,7.886772992,8.105168595,8.054943694,8.268841642,8.53625441,9.00425352
1776912_at,7.648413258,7.285745083,7.510668451,7.507055895,7.415608065,7.464375989,7.874209044,6.963695701,6.716097972,6.917371856,7.15154148,7.098852638
1776913_at,9.495949069,9.29868325,9.248425877,9.470721554,9.532973074,9.547532815,9.624022734,9.252622893,9.021507754,9.187238389,9.217598176,9.243803703
1776914_at,7.67813713,7.699027598,7.780557517,7.800698679,7.751907494,7.735918323,7.575359614,7.904725697,7.669682796,7.555067881,7.401768834,7.219479539
1776919_at,9.653031737,9.548292262,9.351005785,9.026437951,9.131581746,9.231385098,9.819157609,9.340639067,9.015814895,8.66008187,8.515630736,8.36117055
1776921_at,9.764544859,9.111274095,9.077235954,9.318063508,9.405260122,9.457146328,9.683501452,9.49982591,9.469684313,9.475211767,9.618773861,9.530488569
1776923_at,10.27122968,11.01802578,10.66147815,10.89350557,11.24830256,11.29821868,10.19543266,11.05740258,10.91191756,11.17594229,11.69491403,12.19227327
1776925_at,9.113811591,9.273386166,9.697145295,9.674826551,9.311542486,9.324573617,9.00617617,8.946452235,8.984223776,8.785288186,8.580746771,8.539648656
1776926_at,7.865506769,7.301091626,7.529141463,7.626414862,7.712670641,7.874085141,8.010410299,7.574286704,7.360251323,7.578295829,7.351450886,7.455115173
1776927_at,12.34845307,12.35696557,12.24150855,12.1859917,12.17264614,12.25803137,12.20825223,12.16482983,12.027942,11.18174132,10.23900902,9.91996902
1776928_at,10.5104475,10.63819353,11.00718844,10.83600107,10.70365661,10.67961988,10.5140959,10.61765078,10.88690785,10.97747521,10.837513,10.87459437
1776930_at,9.376403241,9.751451028,10.59248499,10.74852097,10.50915246,10.21282201,9.364140503,9.582014993,10.33779946,11.10318406,11.39378531,11.49954184
1776931_x_at,7.226462494,7.656384928,6.646559447,6.876522175,6.832906572,7.36349618,7.010282515,7.20632423,6.814488474,6.831486652,6.756654286,6.714767664
1776933_at,7.13647307,9.629339376,8.357621442,7.350454422,7.250189927,7.322244144,7.216406658,8.585265173,9.265535317,9.196982721,9.392772398,9.637948266
1776934_at,7.780852001,7.139812463,7.505169349,7.502368423,7.488286673,7.654565989,7.783799066,7.432500848,7.749104794,7.509342089,7.183276158,6.931140895
1776935_at,9.209240189,8.568516055,8.435958351,8.829012322,9.222778791,9.389562344,9.232089985,9.13073793,9.395423328,9.600076945,9.617716859,9.680460727
1776936_at,9.015783187,8.863218506,8.914876821,9.237866994,8.908635661,8.738588394,9.004747301,8.301594898,8.536466863,9.093465353,8.773519325,8.441274765
1776937_at,10.44522446,10.1550888,9.96030469,10.09527164,10.1016875,10.13546849,10.5112803,10.37134564,10.05435994,9.958549582,9.840186753,9.811536478
1776940_s_at,12.76547569,12.77422293,12.67796018,12.69753811,12.7416592,12.72960748,12.6986902,12.7042175,12.49632698,11.6774407,11.38390874,11.65006445
1776941_at,10.09333998,9.117758077,8.971328855,9.111190154,9.324519676,9.523080337,9.964395843,9.418828071,9.223851007,9.289835781,9.513126942,9.807120172
1776944_at,6.344634338,6.891180994,6.828818313,6.702791109,6.691066223,6.546348899,6.586887987,6.449219885,6.270259217,6.414697782,6.278928344,6.491957344
1776946_at,9.426621433,9.698901374,9.301387501,9.4510824,9.331719208,9.110314274,9.269582649,10.31899532,10.61276462,10.30683255,9.897772074,9.867954441
1776947_at,8.068174788,8.089104386,8.4213443,8.056800718,8.11727711,7.951315954,8.086078097,8.405772248,8.892951624,8.768393592,9.038015601,9.330368972
1776948_at,10.69634827,12.2921656,12.82154122,12.77986415,12.49580603,12.16205018,10.79582963,12.06700148,12.83373783,13.15250854,13.22686843,13.14663041
1776949_at,3.204563792,2.390747989,2.708510097,2.916950133,2.806530079,2.446107035,2.889074286,2.991874152,3.230977053,3.142869013,2.686401487,2.942525582
1776951_at,13.10783364,13.15518508,13.09074147,13.17238735,13.18606625,13.1092809,13.06417935,13.05389757,12.9973578,13.05512018,13.05713738,13.08404313
1776953_at,10.9057221,10.62598671,10.78646603,11.15807386,11.1003786,10.95564259,10.93205865,10.65955076,10.32030548,10.68170171,10.65577299,10.52991546
1776954_at,8.475901303,8.778833173,8.798174894,8.507654684,8.444198252,8.472740459,8.384813947,8.334607569,8.507514604,8.742971719,8.982429136,8.934859756
1776957_at,2.883640435,2.88919049,2.843031174,3.117295314,2.960266987,3.027248711,3.02582396,3.070844019,3.030172402,2.803370719,2.816151529,3.061578809
1776958_at,10.37239461,10.01308479,9.97911612,9.786605805,9.991483554,10.27274733,10.34409714,10.43642329,10.46310824,9.813319894,9.014839838,8.035435827
1776959_at,10.97549043,10.93666872,10.9214059,10.77380831,10.83284062,10.83340074,10.919416,11.13592176,11.3950881,11.48952398,11.52741668,11.64287576
1776961_at,13.36178675,13.40903651,13.41813254,13.47177152,13.42061448,13.40331967,13.31901932,13.38594832,13.39400439,13.37793478,13.34526952,13.42092791
1776964_at,5.48675004,5.794179723,5.94805734,5.268169781,5.630714669,5.314456281,5.762599773,5.58298295,5.777001959,6.059976432,6.252720059,6.437361594
1776967_at,8.589945932,8.758679746,9.139122504,8.786903061,8.759680338,8.741096655,8.642665092,9.071922317,9.502310544,9.477636508,9.477125914,9.382685347
1776968_at,9.150011804,9.674066251,9.870975699,10.12693584,10.1644938,10.11519182,9.197057867,8.426880676,8.155528605,8.697566645,8.692103857,8.540913166
1776969_at,7.847664659,8.251779862,8.339716494,8.015666295,7.798283822,7.776812824,7.807763867,8.027057686,8.18979662,8.675888419,8.76768109,8.901600212
1776975_at,7.413265836,8.058329403,8.102156817,7.612219134,7.640265063,7.358751292,7.488303295,8.108385331,8.657234963,8.723632278,8.731483859,8.657562505
1776978_at,8.572171555,8.975536938,9.397897528,9.397908507,9.33322025,9.211827971,8.467652741,8.91818472,9.388062255,9.598248059,9.631255839,9.533192133
1776983_at,8.222895495,8.699644112,8.168248833,8.016903027,8.022021254,8.13210029,8.2129021,8.251591428,8.126270705,7.762003,7.797644767,7.450522924
1776987_at,10.32872734,10.35409351,10.51443913,10.53397205,10.38595576,10.29761032,10.38284771,10.50506203,10.81861838,11.0979269,11.11524025,11.07496313
1776988_at,9.780710712,9.72355438,9.854580306,9.7640576,9.729534471,9.741061577,9.875692046,9.969355258,10.20780332,10.33685797,10.43506434,10.23485661
1776989_at,8.52816748,8.462300703,8.552925396,8.574204377,8.541579115,8.454969815,8.559064519,8.545533175,8.830958757,9.186676216,9.297782749,9.274766754
1776992_at,5.202250935,4.933597382,4.837937916,4.843157077,4.80503598,4.801908437,5.127641642,5.110236429,4.774612242,4.701262829,4.861420912,5.041230118
1776993_at,9.261793174,8.448184814,8.570736743,8.656735589,9.024085632,9.097485948,9.309094105,8.564398734,7.969914129,7.647608693,7.484199477,7.433298746
1776994_at,11.76822711,11.75104351,11.69798582,11.73691702,11.81718713,11.74410359,11.79775199,11.76258392,11.78710629,11.76408877,11.87894744,11.77430326
1776996_at,12.22900028,11.99991586,11.58887714,11.65948498,11.87974545,12.05804528,12.2000559,12.09049545,11.44588107,10.67288858,10.65630144,10.6914887
1776998_at,9.797141644,9.847449117,9.619630359,10.02128677,10.05840973,10.04100051,9.95519589,9.658992525,8.583890921,8.295001882,7.477638963,7.476221831
1776999_at,9.676047607,9.271118335,9.715864607,9.595188979,9.517385168,9.698451553,9.621400687,9.947837757,10.19634779,9.809243708,10.11743288,10.34745995
1777004_at,8.958636152,8.661717864,8.731756066,8.570103826,8.624755762,8.732892334,9.080218103,8.657095249,8.52992359,8.737868481,8.830641602,8.76942125
1777007_at,9.629399464,9.642871784,9.509138315,9.522079652,9.508425959,9.595127136,9.707996559,9.668609245,9.392062869,8.791983891,8.330009877,8.028481953
1777009_at,9.259798569,9.054809584,9.056007629,9.057805326,9.011827122,9.135106322,9.248472877,9.296639508,9.553282396,9.647087847,9.986007038,10.20724452
1777010_at,9.210993558,9.982042547,10.47324958,10.65598749,10.50594713,10.05849572,9.220766203,9.630878661,10.20846791,10.94989968,11.03957776,11.03547562
1777012_at,9.650272619,9.25374244,9.210381053,9.208955657,9.135545569,9.28728891,9.611775921,9.231552206,9.032674313,8.884584999,8.891823802,8.786295204
1777013_at,9.975464376,9.732825107,9.695393817,9.668726877,9.729170638,9.851415835,9.825111361,10.00566204,10.1373234,10.04042043,10.14534768,10.21978196
1777016_at,8.522900552,7.000661363,7.096545115,7.677175743,7.883765832,8.172763943,8.500655707,7.207911087,6.472052603,6.146645884,6.342881022,6.77318138
1777017_at,8.396847605,9.146718554,9.231778441,8.918704075,8.821255581,8.529075954,8.286281115,9.033581641,9.929782445,10.47592343,10.75455178,10.56718372
1777018_at,9.934904583,9.460616938,9.756413525,10.06906922,10.10586733,10.14966197,9.977897051,9.75380734,9.310647159,9.428852703,9.41190826,9.376637203
1777019_at,10.63351974,10.32443951,10.42966273,10.09700126,9.932560259,10.14620982,10.74650298,9.908429633,9.410177271,9.361268554,9.52277663,9.599179825
1777020_at,11.3501366,10.09840506,9.203392128,10.12632862,10.45745591,10.93673403,11.31059945,10.67369558,8.508986406,7.688987405,7.929875116,8.444419378
1777021_at,10.78744353,10.32254322,9.863787477,10.3206762,10.60804479,10.70895678,10.83974513,10.64881374,9.778659049,9.540217178,9.512880241,9.259400125
1777022_at,11.04918009,10.36787344,10.54623763,10.60020632,10.74304698,10.83457765,11.00688298,10.84349027,10.8687087,10.86019168,10.45558808,10.25446281
1777024_at,8.508665231,8.644962418,9.03194229,8.685323079,8.558700507,8.553363997,8.398586624,8.809567161,9.279078635,9.331721491,9.367622714,9.498248201
1777027_at,9.387726737,9.515683651,9.714816919,9.616078992,9.434228596,9.324699649,9.379203278,9.322408566,9.715744785,9.947680018,9.91212821,10.12949211
1777028_at,11.29672626,11.23945606,11.23975589,11.25524891,11.25595998,11.20251305,11.29740594,11.17099508,11.28838908,11.28302216,11.29635665,11.24940975
1777029_at,8.874201129,9.144286606,9.723641132,9.371461941,8.906779396,8.907995482,9.039935694,8.658281803,8.856699942,9.45138178,9.331328015,9.147980548
1777030_at,9.892396486,10.10535945,10.38672234,9.958311499,9.751392862,9.800221162,9.971669862,10.11809359,10.49211346,10.67010222,10.51454888,10.54955594
1777032_at,7.771763942,8.104466212,8.401324274,7.973169711,7.657906958,7.76337249,7.871874224,8.037271102,8.402409093,8.364635386,8.164903836,8.21586522
1777033_at,8.424444479,8.748878335,8.893003447,8.698532971,8.535680588,8.751965576,8.492192706,8.447279132,8.588086638,9.361092707,9.317604585,9.382326354
1777034_at,8.899462956,8.524949952,8.081128457,8.131147495,8.417287108,8.670621486,8.893095296,8.950710183,9.028194003,8.889567494,8.765588757,8.698411827
1777035_at,12.86306029,12.8675255,12.80898513,12.86655563,12.84825468,12.86437171,12.7903699,12.81095258,12.75329075,12.58336265,12.43766895,12.50490466
1777039_at,8.130628988,7.809098528,7.810628884,7.772688179,7.712670641,7.833177166,8.126957108,8.104437731,7.750046722,7.196858323,7.272120263,7.169469637
1777041_at,8.353600388,7.641704933,7.689769883,7.802089828,7.95503857,8.203701363,8.474707322,7.896194705,7.676692076,7.696162073,7.574497629,7.495127481
1777042_at,11.06245808,12.68694882,12.77609457,12.18965508,11.69838494,11.59723517,11.05696902,12.2881101,12.68629406,12.61916507,12.48061861,12.48843073
1777043_at,9.061301982,8.974467898,9.082869901,9.146729721,9.049150608,9.057945879,9.16652959,9.308821533,9.700042375,10.1233813,10.34741712,10.14487769
1777044_at,8.737762683,9.057170953,9.297495656,9.022888064,9.031310238,8.840056819,8.767093048,9.092485923,9.61293701,10.00406875,9.97386099,9.585578846
1777046_at,7.102928783,7.399672167,7.46485612,7.331267908,7.293909011,7.133392235,7.380530385,7.48170007,7.740329094,7.74602355,7.416363117,7.175905214
1777047_at,9.873564322,8.877971572,8.621066259,8.978522491,9.280239251,9.495543629,9.725581849,9.482626181,9.163019166,9.048761365,9.28388174,9.371277624
1777048_at,12.08854674,12.82934383,12.89407012,12.67784127,12.07565728,11.63373001,12.07131372,12.8414203,12.99902769,12.98201751,13.04424226,13.00665372
1777049_at,10.47220433,9.91418544,9.789015077,10.09287952,10.2116845,10.29597537,10.55938025,10.12439208,9.892321528,9.793322126,9.819744831,9.767195745
1777051_at,10.43295475,9.521988734,8.550761023,9.471543462,9.710475443,9.971709402,10.457559,10.14987947,9.321373816,8.660382802,8.522877312,8.665797796
1777053_at,6.476982888,7.764547788,8.46973855,8.393719442,8.098950094,7.578191631,6.527499052,7.313428559,8.271685073,9.271196605,9.401685019,9.241668341
1777056_at,7.105075576,7.058217821,7.096042849,7.094645633,7.042319901,6.981632745,7.146612901,7.101507639,7.105013606,7.058074147,6.811760221,6.639950393
1777059_at,8.565537121,8.017986927,7.999178207,8.070106443,8.229175472,8.404841284,8.514796431,8.761973533,9.049672806,9.154888553,9.215960899,9.204448342
1777060_at,10.68915031,10.37867875,10.20927572,10.10421543,10.12188429,10.30321055,10.48183329,10.42307592,10.33761206,10.19394271,9.913336007,9.973005649
1777065_at,8.895192403,8.846677287,8.99700316,8.960409157,8.916066612,9.070905239,8.877605512,8.946939748,9.0198804,9.060169605,9.289286539,9.49789351
1777069_at,7.41122276,8.248672164,8.148134426,8.038321052,7.987279268,7.87480553,7.567481191,7.936147273,8.116058479,7.939732822,7.563037732,7.340043058
1777077_at,6.278063161,5.553854876,6.044514365,5.908816394,5.833492015,6.043555907,6.174424816,6.390397778,6.518949757,6.574207959,7.096496089,7.203710117
1777079_at,8.773048081,9.124914637,9.334161753,9.034094839,9.090629366,8.963639539,8.817840202,8.688614992,8.781428189,9.363318193,9.459819293,9.329231408
1777080_at,9.837885756,11.64327007,11.1802349,9.767499731,9.521055388,9.162003907,9.894808241,11.36943596,11.7298688,11.77132515,11.8158847,11.71692223
1777081_at,8.474971577,9.047166294,9.127071449,9.198512051,9.105744988,9.096284748,8.477269778,8.617115326,8.760258762,8.727285978,8.67867367,8.854190299
1777083_at,9.700991542,9.453505356,9.608774489,9.727080981,9.939180215,9.926429129,9.708922134,9.534469181,9.401491426,9.268703844,9.271531485,9.164668902
1777085_at,7.453759145,7.406487035,7.344045488,7.231337017,7.074096808,7.289005478,7.349732947,7.262065407,7.286704647,7.355156572,7.385090056,7.389846506
1777086_at,7.790454091,8.049281238,8.084209643,7.990882819,7.756687514,7.740664052,7.659121443,7.820992296,7.984220119,8.56482493,8.596845782,8.857502944
1777087_at,11.23447098,11.04977786,10.93719313,11.01084647,11.11771077,11.01044189,11.12418356,11.04691087,11.06260955,11.09997525,11.08645377,11.01930985
1777088_at,8.455291275,8.747636311,9.031477893,8.731504422,8.499829078,8.509351246,8.318325834,8.645487763,9.296473508,9.651374603,9.818846258,9.918207331
1777092_at,10.09862896,9.847166397,10.13987909,9.891932096,9.80809426,9.786313356,10.16298393,10.2062423,10.52288323,10.34327259,10.17862699,10.17017222
1777093_at,8.194757133,7.832916362,8.180533291,8.03654404,8.056816795,8.057566241,8.404623967,8.277370455,8.483228174,8.598388734,8.444079386,8.331134538
1777094_at,11.45310987,11.62306366,11.89750035,11.53141006,11.1708223,11.15783525,11.4659086,11.78677674,12.30350158,12.41509832,12.44160728,12.41271469
1777095_at,3.705802712,3.709939113,3.865401221,3.608755808,3.708365056,4.117741457,3.956766014,3.670733748,4.063972199,4.065738403,3.865925774,3.775726803
1777096_at,3.519544013,3.840545352,3.649687684,3.542638116,3.481286909,3.667821628,3.996155364,3.772732034,3.920247964,3.758347063,4.167438562,3.672568678
1777097_at,10.97335128,11.37833314,10.71338398,11.14427288,11.38241043,11.69267442,11.08259762,11.87042471,11.7190092,11.07501459,10.77020361,11.88929007
1777099_at,8.400941906,8.656749867,8.359489049,8.337343376,8.237004888,8.351790882,8.226599646,8.378706866,8.593592783,8.445446215,8.456097895,8.464300905
1777100_at,8.897521008,7.5580613,7.407117432,8.159976683,8.271748594,8.620381843,8.868316736,8.296249649,7.789691195,7.447423561,7.892931694,7.907625807
1777102_at,10.2344733,10.35081632,10.84453543,10.97402954,10.84752514,10.58080675,10.22115868,10.26445469,10.57601759,10.9349488,10.99919264,11.11147687
1777104_at,12.61725011,12.53374037,12.46928943,12.47229922,12.54723777,12.55532683,12.52605353,12.4791557,12.24681007,11.29391985,10.74730731,11.04316587
1777106_at,7.665488226,9.474371127,10.83543709,10.47089596,9.750714722,9.090388273,7.371894824,8.496711418,9.969450007,10.86707441,11.15245654,11.19610768
1777107_at,3.454498052,3.330466041,3.427262573,3.401891133,3.288933764,3.359409178,3.454705461,3.465846325,3.199415945,3.292117374,2.724735095,2.869908437
1777109_at,6.549274045,7.829586568,8.310917399,7.890335646,7.460309419,7.132067677,6.52578451,7.554784552,8.257486303,9.099183545,9.25881042,9.366488461
1777111_at,9.981240298,9.642210024,9.543846177,9.67092588,9.682935122,9.755091084,9.992409838,10.16337283,10.23534501,10.0958072,9.862598243,9.778632228
1777112_at,10.49007617,11.00126778,11.27377299,11.07131708,10.87184138,10.70000861,10.57805075,10.52592794,11.02218142,11.49738503,11.63098369,11.63972289
1777114_at,8.327646431,7.488677421,7.661197482,7.800402581,8.190539891,8.477990224,8.195406452,7.817882846,7.703934472,7.571279007,7.604608288,7.589435657
1777119_at,7.756977979,7.854998529,8.127341155,7.930656272,7.759593194,7.636171813,7.686033184,7.847806594,8.394237506,8.74894442,8.970165766,9.031757504
1777120_at,11.34239457,11.20860375,11.35410402,11.39098623,11.41541199,11.35044433,11.34913656,11.23387134,11.33919785,11.36076711,11.46433205,11.49810847
1777121_at,10.57516961,9.857328117,9.428916595,9.874237441,10.02066177,10.14829127,10.5582015,10.05028634,9.042971046,8.826218575,9.208389379,9.545984853
1777122_at,7.219263371,7.740801576,7.386868172,6.637721823,6.649908817,6.882371717,7.010046595,6.888526104,6.434975892,6.266647112,5.88777283,5.969601102
1777123_at,8.52738599,7.905485069,7.687091025,7.792958841,7.884883894,7.663670304,8.707532657,8.499527495,8.246521875,8.367465389,8.314033996,8.050476279
1777126_at,9.934053881,9.685043013,9.70996738,9.850199959,9.895733126,9.869417204,10.02306659,10.02538606,9.983214678,10.00934235,10.0774309,10.01923695
1777128_at,7.491040931,6.960292163,7.239400122,7.692470565,7.881557588,8.10819799,7.476264879,7.216010665,7.090999722,7.081197714,7.101370023,6.910143623
1777129_at,6.90194535,7.119788531,6.896720577,6.382388558,6.407070108,6.398754988,6.97462697,6.57175291,6.7915568,6.84767868,7.040702188,7.034050881
1777130_at,9.033091721,7.835091249,7.323060918,7.954082697,8.360622931,8.568316691,9.025428122,8.338075336,7.75283363,7.222471931,7.272947655,7.141829622
1777133_at,8.260857549,10.24244084,9.724407354,8.98729789,8.74205294,8.57635796,8.272351631,8.966813657,9.436755019,9.508001156,9.46346846,9.202732624
1777134_at,12.99353462,12.94527059,12.91138809,12.8956589,12.94832966,12.93703165,12.98933035,12.96338282,12.82750871,12.64553297,12.40226266,12.36083656
1777137_at,9.179742794,9.358031378,9.342844597,9.58935083,9.451709804,9.55465602,9.21867231,9.262937361,8.92101665,8.965228085,8.761309924,8.829372427
1777138_at,8.074023776,8.631795959,8.217251163,7.834101651,7.997123413,8.022363907,8.1121593,8.569934896,8.797935674,8.768877875,8.788777651,9.040741854
1777140_at,12.22922869,12.3747306,12.57322485,12.48272239,12.27502885,12.14820158,12.3059602,12.42471854,12.65010617,12.76825905,12.83559515,12.83151037
1777141_at,9.155081865,9.483501255,9.512928293,9.008898857,9.152309279,9.14308491,9.133799292,9.624224389,9.913102491,10.08675396,9.750412124,9.598375745
1777143_s_at,6.642522307,8.060453275,8.511373094,7.945943796,7.504930787,7.535848797,6.761266159,7.133784935,7.737670209,7.952132622,8.146038514,8.486209738
1777145_at,10.16523524,10.20787746,10.38214844,10.42920314,10.38093015,10.28807556,10.16015143,9.931468966,10.0281367,10.21328434,10.23407462,10.13426841
1777146_at,8.351274179,8.404520919,8.467030161,8.23602427,8.24233343,8.235316447,8.450151597,8.565991956,8.753613974,8.866242723,9.01769906,8.914979102
1777149_at,5.396301385,6.048055523,5.346518909,5.543669134,5.542027143,5.583233969,5.788482545,5.850188119,5.702761513,5.576327824,5.581467439,5.62153101
1777150_at,9.897011919,9.8713223,10.33522533,10.35210297,10.13823074,10.09026101,9.93328098,9.613768122,9.819201343,9.663859568,9.409155337,9.115336306
1777152_at,5.171982117,5.166154272,5.041596147,4.962346435,5.077113594,4.670572027,5.380757129,5.178640033,5.211888296,5.018521547,4.893753803,5.005382701
1777153_at,10.10363884,8.469896595,7.483901431,8.729526837,9.19102682,9.640328703,10.12253504,9.497563953,7.908354332,6.534615427,6.772541528,7.501340026
1777154_at,12.22210625,12.19715426,12.2461656,12.23084317,12.17729626,12.13006074,12.18820389,12.1690703,12.2425601,12.13563029,12.01605079,12.00100496
1777156_at,8.37180277,8.084251155,8.002609871,8.053212389,8.041550956,8.199345336,8.403243285,8.983776008,9.118809884,9.201803615,9.192772618,9.026916932
1777157_at,8.607737754,8.301591691,8.379928142,8.189027182,8.240058081,8.280692387,8.604071595,8.611476196,8.993236449,9.212085257,9.343879914,9.287466868
1777158_at,9.057930825,9.711466751,10.0094868,9.777021659,9.737789758,9.500378985,8.951085193,9.888111719,10.49306339,10.92382744,10.96781588,10.95320852
1777168_at,9.494083776,9.165592353,8.893438337,9.046891001,8.992761496,9.025286458,9.487146016,9.259791063,8.719942923,8.624289611,8.55861616,8.520433628
1777170_at,7.568125592,10.71540337,9.142046558,7.519749864,7.149084543,7.256944207,7.519749864,9.583444364,9.676956955,9.24879444,9.241357289,9.376895678
1777171_at,11.19839189,10.93719263,10.93518365,11.12202808,11.28478814,11.28782061,11.01430611,10.76410207,10.43405789,10.49295896,10.29080958,10.44316604
1777174_at,9.680835744,9.966292898,9.96021665,9.765909642,9.772514057,9.671578013,9.761818585,10.03611861,10.44395365,10.72417269,10.96665564,10.90462939
1777175_at,7.880274975,8.909955723,8.297284794,7.340597354,6.800117605,6.674643131,7.987096963,7.630517243,7.697166357,8.078562463,7.771589959,8.138482809
1777178_at,8.780253314,9.169404848,9.086613951,8.594247828,8.697329781,8.689263724,8.737487421,9.223133124,9.654971128,9.766298203,9.744345485,9.651238687
1777180_at,10.0977911,9.335064747,10.03138098,9.544508183,9.520772549,9.615442737,10.06465721,9.081556433,8.692936002,8.352399486,8.128296417,8.081090253
1777181_at,10.31105226,10.14561976,10.16122593,10.12446182,10.04008997,10.13824854,10.18945891,10.20308781,10.41999324,10.67698286,10.7252086,10.72165822
1777183_at,8.608698413,8.618749206,8.978624061,8.850143326,8.738937683,8.477256401,8.760473077,8.683614211,9.119779063,9.48227802,9.35806106,8.943627184
1777184_at,2.980031723,2.963549472,2.974611978,2.958340323,2.951624052,3.104853175,3.417545727,3.266727785,3.105815912,3.149605658,2.708912258,2.965147116
1777186_at,9.727169714,10.26923421,10.75952967,10.22137175,9.906257221,9.650437326,9.769609423,10.51688656,11.50739207,11.89044073,12.07183332,12.26401735
1777188_at,2.454637053,2.368643145,2.714290372,2.742646578,2.454637053,3.315882436,2.604131846,2.724981467,2.515821853,2.35682808,3.036545088,2.714290372
1777189_at,8.39610009,8.506216682,8.6880614,8.519926918,8.466044359,8.321500552,8.437774525,8.779962656,9.0439895,9.35696744,9.311454126,9.100173189
1777191_at,6.186634574,5.907126391,6.308185547,6.358865265,6.687959543,6.754406977,5.828734775,6.203638286,6.436379777,6.70642573,6.668451041,6.937240425
1777192_at,10.79787523,11.57561677,11.90515737,11.54592003,11.31891876,11.10688094,10.69145463,11.23824703,11.98528414,12.32948398,12.17828346,12.11604174
1777196_at,7.098171421,7.864345928,7.667562329,7.432020275,7.465056586,7.258239486,7.213930613,7.37533896,7.801110399,8.114829749,8.279413142,8.322614573
1777198_at,7.61179367,6.777102799,6.727117784,7.257398555,7.370524462,7.484129269,7.780854327,7.557942679,7.007166298,6.877763808,6.763057309,6.986591823
1777199_at,10.38267776,10.02976663,9.509080324,9.893634371,9.970339382,10.08501157,10.34373864,10.11559142,9.841960013,9.589406339,9.5962444,9.777923748
1777204_at,9.180831905,7.522702159,6.393198045,7.795463597,8.113369083,8.589717555,9.001055365,7.940159426,6.212902242,5.913389333,5.972290529,6.323666958
1777206_at,10.12830193,9.03687387,8.325658283,9.052284557,9.356131082,9.71678085,10.11154648,9.748709606,8.710517504,8.284163203,8.28601907,8.453234463
1777207_at,8.667481371,6.729873905,7.425585335,7.603347776,8.108627477,8.798499902,8.511621664,8.171424527,7.251209775,6.37923719,6.246717318,6.176805273
1777211_at,7.137501657,8.081374178,8.057833982,7.762243944,7.618558143,7.610196458,7.302065729,8.026492927,8.412110139,8.647983653,8.538793123,8.629005253
1777212_at,5.333324898,5.966868878,6.023648528,6.0252019,5.835525407,5.723946712,5.415744661,5.78208615,6.276306418,6.797061121,6.80916264,7.10413534
1777214_at,8.058747341,5.72768667,5.633944155,6.776320218,7.54900338,8.094841914,7.900767355,6.426973691,5.40865518,5.504699865,5.913389333,6.553172514
1777215_at,9.252826434,8.614183133,8.574754752,8.673226664,8.859983259,8.942874401,9.443864786,9.20115407,8.824152645,8.516495409,8.374405801,8.21216667
1777217_at,9.997097276,9.261617435,8.952244245,9.276853862,9.395251606,9.653781893,9.888911458,9.652377917,9.261524155,8.995637036,8.951295403,8.876831988
1777218_at,7.484347479,7.993038882,8.315759754,8.114926596,7.75366668,7.04340139,7.575221676,7.474738583,6.640946234,6.653012086,5.498050538,5.064290874
1777219_at,10.90416929,12.81076947,12.9172493,12.78318543,12.07197291,11.34870601,11.00382768,12.59905185,12.9172493,13.05976967,13.02530868,13.08592448
1777222_at,4.351344264,4.896457709,4.700173647,5.771024372,6.137075098,5.39860062,4.418799532,7.384818137,8.123185701,8.088432585,8.056614938,8.041317196
1777223_at,7.991287404,9.516069435,9.887895353,9.484025754,9.323938347,8.825041909,8.04638884,9.394659837,10.39776021,10.86478978,10.68379068,10.50411108
1777225_at,11.09530687,11.11168399,11.13500886,11.03106085,11.0062226,11.0839842,11.08896623,10.95293427,10.9880999,10.9176498,11.01854478,10.91220633
1777227_at,12.75639269,12.68032543,12.52252311,12.49694179,12.63862918,12.71561606,12.71544817,12.63621217,12.31974681,11.36409218,10.77118132,10.88000259
1777228_at,4.865785329,3.686519215,3.0957172,3.381755566,3.313219103,4.387829448,4.911155892,4.363135689,3.752735364,3.104853175,3.235633411,3.727806427
1777230_at,9.754171955,9.931948081,10.30428007,10.35463973,10.17776682,9.957735762,9.687279961,9.778795917,10.15810983,10.61588734,10.73527527,10.75558773
1777232_at,4.710403218,4.298002605,4.20276129,4.717051314,4.693034336,5.017993524,4.66896196,4.608650394,4.587632869,4.628750881,4.655611398,4.685185926
1777233_at,10.7064421,11.28579483,11.48722248,10.97799894,10.88013511,10.868757,10.68598687,10.92113679,11.41574802,11.4182455,11.31316596,11.24379209
1777234_at,9.296015921,8.808381396,8.708196899,8.648162435,8.665606174,8.882857962,9.26320961,9.277182421,9.224327473,9.063806652,8.959208652,8.667059961
1777237_at,13.0023871,13.01709301,13.02077601,13.12152723,13.10385123,13.07264097,12.98197582,13.02229921,12.99957812,12.96012576,12.99362027,12.92303179
1777238_at,8.882773168,9.090436898,9.857355271,9.795733847,9.462413398,9.378365432,8.788466097,8.468139932,9.011020272,9.242726321,8.910359895,8.801775876
1777239_at,3.238785582,4.038000532,4.406660284,4.213631367,4.516403296,3.800039104,3.266758728,4.074086338,5.111585839,5.849425002,6.084135228,6.085747693
1777240_at,10.96671931,10.96914002,10.85715943,10.95849596,10.90501864,10.97443274,10.80377025,10.84038547,10.81363987,10.79316286,10.83317934,11.02760066
1777241_at,11.44105298,11.31128417,11.04500769,11.12916177,11.16939005,11.28186237,11.16565293,11.21844487,10.48167369,9.043084401,8.758335598,9.119643786
1777242_at,12.11468646,11.80141303,11.40554348,11.6113333,11.82911352,11.91947948,12.152892,12.11892117,11.77159764,11.40501974,11.1182517,10.99587544
1777244_at,10.96227038,11.26510715,11.4339571,11.1588021,10.7576852,10.7466982,10.93672903,11.36005083,11.75226675,11.79450483,11.93086402,11.97588454
1777245_at,8.310274278,8.222296018,8.152441408,8.114538265,8.183604329,8.211334633,8.38896269,8.428929216,8.858042507,9.07742776,9.210851037,9.180472498
1777247_at,9.234202422,9.082788719,9.375302181,9.56703388,9.601755425,9.444559205,9.124198642,9.189447285,9.161684936,9.181040228,8.934451348,8.697155075
1777248_at,9.158674868,9.271514631,9.556504213,9.415176191,9.402475835,9.124765049,9.117704901,9.197485023,9.966418321,10.50719041,10.68724401,10.67955787
1777253_at,11.29250661,11.45041454,11.29003732,11.54611459,11.76238754,11.59779072,11.35780092,11.57065625,11.59809792,12.17100085,12.41795969,12.41517768
1777255_at,9.422245953,9.486322512,9.664480819,9.673244746,9.723101861,9.557240456,9.490253098,9.434712716,9.779581962,10.15853086,10.27537287,10.2975983
1777257_at,10.72900492,10.61104406,10.55200702,10.68497688,10.70100006,10.65698218,10.81263473,10.86198012,10.76428469,10.84857408,10.89517222,10.95386216
1777258_at,8.121135484,8.29769541,8.298575313,8.253437075,8.208813248,8.125653308,7.574579008,7.671989833,8.022171387,8.436264266,8.067730379,8.576894483
1777260_at,11.73616786,12.42578474,12.71958606,12.77805485,12.67364101,12.35440886,11.68424955,11.95217565,12.4631358,12.7574059,12.79165537,12.62965708
1777263_at,12.97563228,12.98188913,12.92332303,12.90137367,12.97590919,12.99343984,12.93758053,12.96425713,12.83675916,12.63706351,12.52720331,12.51034149
1777266_at,9.15039707,8.646133127,8.672857714,8.817372495,8.907216902,8.987001108,9.196681546,8.947499867,8.867600662,8.917308704,8.655612294,8.585684812
1777268_at,7.5020738,7.723465716,8.075709798,7.883106377,7.740698355,7.535395902,7.606746046,8.080453111,8.560495731,8.83257521,8.895197156,8.820938492
1777269_at,8.392434518,8.283501208,8.469558713,8.19033938,8.214218618,8.142213708,8.329711191,8.856249487,9.28763544,9.462969015,9.549008655,9.700042375
1777271_at,10.72900463,10.31402731,10.31210547,10.85291744,11.00200097,11.01821357,10.62769759,10.53187703,10.20832733,10.25398072,10.09906135,9.993177897
1777272_at,9.5652147,9.338134849,9.441189584,9.504104504,9.380628165,9.359451709,9.809157418,9.685629388,9.501148855,9.269954688,8.86652376,8.575618222
1777276_at,4.922252368,5.829356207,6.751501443,6.404412584,6.282668627,5.977375582,5.428647957,5.443852232,6.356349778,6.780357711,6.784623871,6.797122175
1777277_at,9.904182155,9.663294866,9.732848945,9.519551966,9.469907481,9.649795306,9.864443437,9.970856444,10.15472284,10.15003892,10.37565323,10.46595591
1777278_at,11.5512898,11.61372243,11.92804342,12.15532556,12.16127812,12.07749033,11.55881128,11.66153445,11.97182046,12.20355665,12.30467709,12.27797611
1777282_at,11.60553717,11.8253024,11.84189505,11.68643436,11.63775896,11.50942289,11.5902994,11.64960238,11.9164391,12.18760121,12.31812519,12.34875177
1777284_at,4.745552411,5.014955839,4.672440922,5.265564728,5.085857321,5.274792114,5.0738215,4.952603637,4.691496317,4.916240458,4.590087116,4.539575755
1777286_s_at,7.637379974,7.38574062,7.831967267,7.937741921,8.017868516,8.282934154,7.809098528,7.629296466,7.689597852,8.115356667,8.086356531,8.327272167
1777289_at,10.63756963,10.41031633,10.3267356,10.29243946,10.3484546,10.36391526,10.56695646,10.65886543,10.94702204,10.95351877,11.11830918,11.0584065
1777290_at,2.037697883,2.485955273,2.282299204,2.181852042,2.055843315,2.264881132,2.165066507,2.034789325,2.181852042,2.057954823,2.338390935,2.188961963
1777292_at,10.28040643,10.70888417,11.13240257,10.96300617,10.84478307,10.56506612,10.0910066,10.77169014,11.54661083,12.03011849,12.23722431,12.30800993
1777293_at,9.892740055,8.497269924,8.477652347,9.358781659,9.746812662,10.00472187,9.81210599,8.875799119,7.816504918,7.999628604,8.315563228,9.038290442
1777294_at,3.034964136,3.135427574,2.993977947,3.211154001,2.967087816,2.949233092,2.746850545,3.121081399,3.34120508,3.163688726,3.35933936,3.391978497
1777295_at,10.09786091,9.783473009,9.523723368,9.538952652,9.494981311,9.814988223,10.00562044,10.07383329,10.0441717,9.991506039,9.917552541,9.938540017
1777298_at,8.082260218,8.447410839,8.610884346,8.35061044,8.322601237,8.053879441,7.941417819,8.393299653,8.899069284,8.957127586,8.980055762,9.087080333
1777299_at,7.116624296,6.759852472,6.832238821,6.767143162,6.810840029,6.882086544,6.968848461,7.088807031,7.237983284,7.532924007,7.868110235,8.095593738
1777301_at,8.278767345,8.332130044,8.562436197,8.237695122,8.139823008,8.131882004,8.391032886,8.578765979,8.927574598,9.142373147,9.404233067,9.402561671
1777302_at,11.33764312,11.64792922,11.77979631,11.65458312,11.51519552,11.35607688,11.52748762,11.88099818,12.07280953,12.15142904,12.56482632,12.63201998
1777305_at,7.764701073,7.671196338,7.486645002,7.41085555,7.413409716,7.418450534,7.709652138,7.714935415,7.933718663,8.225709788,8.439222044,8.571218546
1777306_at,8.91776141,9.342775769,9.275179138,8.995224839,8.979723044,8.907218693,8.899553293,9.362059907,9.976703223,10.38627724,10.51552631,10.31964308
1777309_at,7.873296712,7.313458103,6.390834414,7.231864563,7.569235571,7.485530506,7.775875112,7.541477886,7.026828744,6.719854138,6.570375451,6.347323465
1777311_at,8.234917444,7.426459124,7.496687776,7.716343532,7.735027549,7.89122971,8.32866709,7.456056627,7.085393574,7.117656674,7.005214915,7.112765488
1777312_at,11.80554365,11.72753941,11.60799044,11.53886677,11.66959639,11.67579826,11.83588952,11.85703191,11.6057552,11.31843474,10.80129337,10.57857572
1777314_at,11.45310987,11.30009653,11.00160082,11.06068413,11.19068886,11.32418182,11.49042106,11.52726781,11.25400751,11.00645055,10.7639454,10.98510518
1777315_at,8.547185375,8.673319513,9.403638562,9.408217682,9.340576577,9.396471816,8.537732373,8.594050237,8.722927125,9.121189821,9.129230014,9.362822756
1777316_at,10.1421154,9.880139207,9.915484039,9.997228441,10.10783048,10.2210815,10.13637711,9.890604051,9.581527198,9.495258895,9.324444551,9.260465988
1777317_at,9.738747794,10.48817882,10.89099538,10.44415999,10.15469722,9.916060783,9.684247363,10.58270602,11.52516474,11.82837294,12.01588075,12.11266063
1777318_at,8.666770675,7.573174173,7.622290083,7.798322645,8.264866004,8.518944927,8.696424897,8.763295109,8.464631042,8.403608481,8.647233734,8.771833489
1777319_at,6.982281189,6.225120542,5.885635943,6.155773355,6.505382911,6.746245363,7.121300443,6.565021498,5.985670236,6.256314868,6.534736682,6.76310548
1777320_at,8.436049721,7.733721868,8.05474279,7.927456914,7.97546595,8.180005755,8.559760062,8.223195719,8.133861894,8.143726135,8.103538714,8.076643709
1777321_at,11.86474235,11.81454789,11.90730539,12.11906853,12.20841856,12.27118682,11.90822312,11.64557032,11.26772552,11.37112888,11.4428431,11.27129323
1777325_at,3.696439699,3.271267191,2.714859139,3.234852241,3.228797099,3.127932686,3.182123984,3.25669404,3.39099953,3.505236576,3.795268671,3.608096603
1777327_at,9.258185571,9.198247523,9.425060744,9.305084007,9.105744988,9.053843361,9.124652742,9.259371583,9.407570253,9.739654726,10.00694161,10.04260803
1777328_at,9.556414569,9.477943152,9.588556156,9.708971226,9.765182568,9.738831242,9.393398976,9.43320625,9.284483251,9.434437325,9.700121932,9.816660947
1777329_at,9.598930298,9.801396074,9.665363522,9.229592996,9.360951379,9.519805588,9.778786262,9.802636146,9.657844513,9.656019314,9.416387187,9.437386806
1777332_at,7.969575482,7.040923795,7.18254073,7.55071562,7.437399125,7.72554475,8.002104935,7.775987453,7.745022616,7.941584593,8.570833879,8.612415012
1777334_at,10.72916977,10.87083466,11.16983371,11.2488238,11.24457065,11.1436822,10.70159304,10.6772796,10.91289718,11.15306823,11.04693813,10.85087188
1777335_at,7.612654978,7.801573978,7.877656818,7.519887406,7.57337309,7.601183016,8.004641898,8.024104741,7.320384982,7.132974057,6.80459284,6.544851212
1777336_at,9.910856757,10.52898999,11.13775169,10.79990559,10.57355521,10.33773662,9.833148906,10.2436866,11.08383707,11.48470331,11.53290538,11.60598415
1777337_at,9.465050708,9.721997336,9.886094491,9.568154157,9.445004262,9.446857464,9.446323285,9.646604739,9.901494399,9.810583308,9.694803847,9.542533868
1777341_at,10.14813009,10.20849101,10.47282342,10.34337326,10.20531776,10.16668849,10.12565569,10.32294215,10.69964709,10.69710672,10.56060985,10.70279071
1777342_at,9.95809072,9.588127025,9.585368624,9.568777662,9.612753429,9.83936478,10.33867474,9.875844502,9.176404281,8.774394282,8.606289184,8.184565706
1777343_at,7.996089402,8.97243177,9.836042658,9.87889368,9.563159757,9.368805964,7.995161958,8.111069033,8.745141805,9.291368304,9.316745979,9.377313462
1777344_at,11.72350695,11.77271215,12.11680665,12.21963395,12.04019594,11.93447914,11.76218306,11.83063633,11.88893677,11.82468741,11.69693265,11.63749144
1777345_at,7.543956388,7.600687658,7.738908734,7.612324508,7.686586666,7.537506854,7.721811722,7.530765631,7.624694295,7.83664132,8.023408127,7.965033102
1777350_at,9.535572214,10.31363494,11.29362281,11.64726086,11.60495323,11.24329694,9.558219072,9.658901107,10.57473647,11.97894855,12.26938347,12.33008155
1777351_at,10.16266032,10.12834352,10.11017075,10.10981473,10.03671513,9.921043946,10.12494382,10.00682221,9.925968269,9.782724738,9.535404604,9.626659767
1777352_at,8.503244135,9.189464378,9.366578344,8.843807679,8.759680338,8.578136977,8.333843014,9.358507765,10.16393213,10.67184461,10.7603215,10.84256115
1777353_at,10.53275614,10.31309191,10.09481772,10.28120341,10.37768508,10.45790563,10.62621485,10.54285083,10.55332935,10.46107958,10.40017078,10.45454414
1777355_at,7.370646141,7.05719108,7.253978779,7.208123769,7.103235866,7.14487116,7.464647511,7.468591292,7.8688492,8.031035127,8.45366944,8.537776456
1777356_at,9.178917177,8.856164572,8.77207843,8.882911306,9.041565688,9.109759564,9.107356709,8.910616149,8.855965014,8.673382877,8.679255913,8.826470319
1777357_at,10.34430476,10.23866016,10.34090223,10.28773648,10.29647623,10.31233841,10.25527127,9.896994637,9.837388198,9.911423275,9.702605916,9.772618723
1777358_at,11.1255226,10.53644743,10.45933703,10.50792869,10.53820919,10.75814323,11.10760271,10.83959707,10.54506507,10.34544316,10.71608146,10.87307713
1777359_at,8.702473199,8.163170699,8.03139365,8.156598184,8.359792396,8.462244684,8.676828573,8.621212632,8.821699445,8.853217846,9.115275988,9.104398082
1777362_at,9.008126035,9.404090941,9.657321389,9.073443634,8.88472052,8.82418201,9.017557319,9.710129047,10.27924978,10.57966621,10.74682773,10.98262204
1777364_s_at,10.23800709,10.25979625,10.34552081,10.54714167,10.53521466,10.52769423,10.41973139,10.12630399,9.847742583,9.768632525,9.632019615,9.37119343
1777366_at,7.332447228,8.807153804,7.452070025,7.613636388,7.641903243,7.357827331,7.468473292,8.619187684,8.966384794,9.195632139,9.710027666,9.774491081
1777367_at,7.188419618,6.532892432,6.880935594,7.00784889,7.105480673,7.076056181,7.291937995,7.042815295,7.091641196,6.873643348,6.724127767,6.41820487
1777368_at,11.36896391,11.12789198,10.95614928,11.15012394,11.22299427,11.30962323,11.23921963,11.07996435,10.59355895,10.11840887,10.01482507,10.10353377
1777369_at,9.969536493,9.269338788,9.070547714,9.485317576,9.684789091,9.83489903,10.07428093,9.689597742,9.398775281,9.13532359,9.428959874,9.486709586
1777371_at,8.33250305,8.460807312,8.783544448,8.836642311,8.867462707,8.773751416,8.488822812,8.325973035,8.819027054,9.24019786,9.281278822,9.032940945
1777372_at,8.008245024,7.703082039,8.130106087,8.0259777,8.130490774,8.29448845,8.166335964,7.793409913,7.808562359,7.568212665,7.227636202,6.98426951
1777374_at,11.01470362,11.02497283,10.91097843,10.83333456,10.70120262,10.70620688,10.97288716,10.78909604,10.5211982,10.52042963,10.87084748,10.8059984
1777376_at,11.72797054,11.57167886,11.86178368,11.51404977,11.51335091,11.51420304,11.71468511,11.42599825,10.49028915,8.712162738,7.329078239,6.934381006
1777379_s_at,11.96710053,12.14690113,11.87525044,11.85794444,11.88037778,11.97194848,11.90344805,11.91274125,11.67066549,10.7728816,10.62048882,10.800784
1777381_at,9.193305111,9.144261429,8.833008778,8.509529882,8.641365761,8.785304574,9.283574014,9.302622209,8.809455314,8.490458951,8.226931154,8.116637579
1777382_at,7.024120931,6.328357495,6.311199476,6.248588301,6.465167554,6.688176804,7.15291449,6.438851301,6.200386383,5.824156827,6.259371658,6.112698614
1777383_at,7.881736759,7.415659452,7.907003323,8.258946775,8.355360375,8.235009036,7.828395196,7.422253747,7.50796018,7.657028169,7.639634862,7.450874376
1777384_at,6.91214147,5.607360752,6.273408054,6.318650027,5.81899291,5.738847934,6.747354517,5.983373115,5.674979421,4.902621485,4.787294635,4.89720037
1777386_at,9.134016958,9.233278622,9.232400601,9.06998829,8.970764168,9.099183545,9.293026327,9.331688282,8.823673702,8.656670843,8.406621608,8.255744908
1777387_at,10.11844226,10.00016906,10.07492097,10.18224432,10.23912008,10.17447405,10.21139228,10.06210579,10.22338792,10.37674147,10.42780221,10.19062554
1777388_at,6.473647473,8.696237691,9.402059749,7.506024248,7.780115555,6.503392639,6.601918599,7.552870682,7.904453487,10.45846236,10.237558,9.008504234
1777389_at,5.137236863,6.824694264,5.615324678,4.867664352,4.898250725,4.779001199,5.497351662,7.823967414,7.746402724,7.56385908,7.95043469,7.832231685
1777391_at,11.03393047,11.22697661,11.32102836,11.24976302,11.16919348,11.01656978,10.99697952,11.21278936,11.42554923,11.59762457,11.43055084,11.12313104
1777394_at,7.239495387,6.95609518,7.123845594,7.70772112,8.033623281,8.295557463,7.331335996,7.086815097,7.181342892,7.330414812,7.397894733,7.308529112
1777395_at,9.01782057,9.03225948,9.070847838,8.734331696,8.755807789,8.820844609,9.225288813,9.35983664,9.475420065,9.390780344,9.197768159,9.105462488
1777396_at,12.59876944,12.52405703,12.57300268,12.58853807,12.66056418,12.6503841,12.68885587,12.61549269,12.53355166,12.5773331,12.56993356,12.43146598
1777399_at,10.10547826,10.17972212,9.756372191,9.745318778,9.943648377,9.918077916,10.03328507,10.20944727,10.07550906,9.585818827,9.371146575,9.294556529
1777402_at,3.29084361,4.116089796,4.298128652,3.813493714,4.007349757,3.506212063,3.459250857,4.427706975,5.15156653,5.566697163,5.918914478,6.521274065
1777403_at,11.11945139,9.850442858,8.989464475,9.988054906,10.33407602,10.66147596,11.04557522,10.54194544,8.58997073,7.783135002,8.136952722,8.697117038
1777404_at,8.958386663,8.644983967,8.798155042,8.839541462,8.873659679,8.976356612,8.981952677,8.916239554,8.622738405,8.596385372,8.403684984,8.246000603
1777405_at,11.20697621,10.41840174,8.888703906,10.01286365,10.30671076,10.72637788,11.10938141,11.0250347,10.44395287,9.67169463,9.410886559,9.695979376
1777409_at,9.460520162,9.455712609,9.452349219,9.435499254,9.408068314,9.439033452,9.560116599,9.2867756,9.241324752,9.098281847,9.216796496,9.211939103
1777413_s_at,12.82720922,12.81111802,12.73665148,12.72866673,12.77736408,12.7983303,12.80809671,12.78083843,12.5970107,12.39842544,12.26145252,12.19339721
1777414_at,7.170933857,7.911632356,8.097033416,8.129898009,7.885401348,7.525775612,7.339540119,7.695145425,8.048483194,8.813729132,8.932805672,8.931038351
1777416_at,9.498523535,9.068503614,8.589329899,9.048997792,9.040214042,9.107028371,9.425718168,9.241621896,8.907815381,8.78857354,8.809434585,9.069282449
1777417_at,8.664259285,8.622569789,8.797819736,8.675514314,8.432737066,8.386001106,8.631072608,8.459619652,8.820328558,9.367265611,9.338931222,9.313308332
1777418_at,9.645395838,9.100917357,8.941115003,8.868815823,8.962078311,9.146707797,9.721151807,9.67622943,9.778875449,9.695675426,9.735038805,9.843589057
1777421_at,5.709416427,5.421366412,6.276114819,5.490003238,5.882009905,5.727136312,5.617524918,5.617041859,5.870879671,6.798072435,7.077081578,7.215057105
1777424_at,9.806749476,11.17375666,11.46871952,11.26172629,10.58971794,10.04302681,9.739522199,10.67575497,11.37985941,11.50687589,11.46246034,11.38948904
1777429_at,11.78761749,11.64997945,11.60774872,11.70334711,11.76953717,11.74234023,11.79398872,11.67962688,11.54508865,11.45887275,11.34451407,11.4017755
1777440_at,9.439482272,8.848680497,8.519059591,8.557915217,8.854051677,8.927259679,9.541461919,8.742678822,7.853433337,7.683667385,7.592260406,7.547682161
1777442_at,10.48633773,10.51489155,10.70812793,10.77435031,10.81117048,10.69126898,10.4414845,10.44975309,10.55291977,10.68100107,10.73140639,10.56314781
1777443_at,8.4541174,8.334804724,8.439727875,8.134199849,8.216442988,8.413011025,8.434539525,8.349628424,8.405483314,8.24944123,8.040061822,8.415742259
1777444_at,4.795140885,5.090675356,6.379726,7.082209295,6.992782314,6.847390809,4.87951707,4.629944587,5.319564328,6.811948099,7.408075683,7.605777198
1777445_at,5.716338551,5.381546788,5.670015297,5.607477658,5.600114469,5.421044339,5.778560454,5.826608934,6.300807316,6.357488982,6.327959699,6.473558523
1777448_at,8.763017523,8.885049406,9.001440352,8.846508673,8.8058112,8.656426962,8.83205323,9.066723638,9.150991926,9.289476452,9.286359751,9.346560015
1777449_at,6.023954627,6.930023134,7.126734162,6.070583354,6.366227681,6.410264584,6.720056205,7.504383682,7.707854946,7.881751591,7.878580984,7.835487982
1777451_at,7.956255438,8.026624578,8.050416861,8.147099995,8.16188271,7.975472165,7.974137681,7.849241144,7.890037208,8.366137201,8.468901036,8.828184317
1777452_at,8.206484283,8.682551833,9.315965193,9.431621441,9.083313245,8.821409736,8.15444074,8.53002193,9.172742038,9.662629456,9.666494217,9.74685967
1777453_at,6.935331391,7.041230897,6.83689032,6.924435062,7.138370965,7.41732555,6.947294994,6.905136871,6.573728153,6.547818727,6.565884403,6.606110029
1777455_at,6.920961587,7.564943747,7.976289925,7.673756608,7.52959363,7.214323605,7.082591971,7.41732555,8.224271066,8.812629884,9.022926094,9.16296497
1777456_at,8.965345982,8.899514983,9.323462174,9.306341955,9.255706073,9.040434643,9.193776729,9.09176591,9.393564812,9.845644161,10.06169715,10.05443401
1777457_s_at,2.865580233,3.437507869,3.306280328,3.292587081,2.768660133,3.356681032,3.156308914,3.788052659,4.423342077,4.302391245,4.496807223,4.930393068
1777458_at,12.90344614,12.85268118,12.76079256,12.75536141,12.81057583,12.84075921,12.83399092,12.81817525,12.6148281,11.7956242,11.18907162,11.22305981
1777461_at,8.548176999,11.032742,10.28620701,8.98019924,8.662742723,8.440029228,8.5048094,10.53147309,10.85070413,10.39270767,10.0345717,9.927522427
1777462_at,9.09859718,9.117286883,9.095418186,9.357131022,9.324906161,9.29119096,9.314147616,9.289923223,8.860117335,8.539928256,8.297356404,8.337094522
1777463_at,9.403175293,9.567189516,9.96771246,10.03994583,9.862169905,9.918128757,9.457081674,9.556952169,10.09753998,10.44960733,10.51746558,10.80013967
1777464_at,3.68233602,3.673687401,3.523140696,3.664592786,4.394330734,4.417392307,3.532108677,3.793500511,3.798208293,3.688779492,3.868503011,3.790914161
1777465_at,8.325216275,7.882281042,7.829841879,7.692024918,7.914896828,8.024079766,8.410815976,7.883769616,7.406577997,7.278497894,7.240756726,7.065098322
1777467_at,10.54184445,10.90822555,10.78625114,10.60030909,10.55314958,10.42614273,10.42899262,10.96874182,11.49480416,11.73108285,11.90322965,11.96463652
1777472_at,2.24438781,2.513360569,2.259988687,2.48658488,2.184904123,2.259704576,2.302356897,2.076265485,2.70514349,2.653179698,2.822109149,2.98034206
1777473_at,9.178776093,9.631884851,9.489018551,9.348992113,9.469853867,9.26535518,9.279303384,9.620209634,9.931260837,10.47162599,10.74225684,10.64692897
1777474_at,10.70218591,10.58545166,10.34041423,10.46899686,10.58871587,10.48966387,10.59162888,10.73895431,10.60457382,10.24854967,10.11519693,10.26870911
1777476_at,8.315085708,8.796434436,8.573803248,8.435951919,8.325024541,8.351660133,8.251306544,9.667171422,9.445900198,10.19995397,10.7027156,10.86266735
1777477_at,11.4285536,11.18035013,10.69168905,10.90278044,11.15381208,11.35880001,11.4902764,11.25791386,10.01318761,8.719219615,8.40833807,8.248861624
1777479_at,11.59642711,11.49948634,11.51922582,11.60306178,11.76205962,11.81480777,11.51128934,11.46128409,11.34597075,11.31286574,11.38224711,11.55059524
1777481_at,8.828228021,7.699448904,7.228079482,7.940828083,8.174188545,8.476526075,8.400831273,8.08182759,7.81314182,7.945976947,7.864297414,8.146087803
1777482_at,8.092496717,8.207850938,8.395354738,8.287734369,8.122658045,8.055743324,7.94800243,8.254600977,8.599906941,8.933139075,8.997406848,9.0550324
1777486_at,10.47189229,11.31692335,11.16643775,10.66760303,10.4194697,10.28720607,10.35485933,11.24333485,11.67659074,11.66759636,11.57807803,11.54059013
1777489_at,8.707456296,8.035232483,7.597955534,7.90193876,7.945189034,8.213018662,8.673102522,8.451533879,8.170124876,8.040082886,8.055235813,8.257634842
1777493_at,8.325837025,8.494505097,8.67731509,8.512142053,8.45985288,8.332399576,8.327949206,8.67584341,8.877804265,9.390879718,9.559568971,9.574064144
1777495_at,8.274919244,8.647850006,8.334634457,8.660070937,8.616632508,8.626907054,8.374768037,8.31818741,8.216442988,8.200772926,8.201386358,8.165016781
1777497_at,10.25941673,9.980606957,9.960154459,10.00677663,10.13275585,10.12829004,10.18202883,10.28581665,10.45956709,10.54108324,10.6723046,10.70676347
1777498_at,12.02205712,11.88374478,11.83646619,11.82321398,11.85195256,11.8672382,12.0530631,12.02454447,11.91408144,11.84734151,11.72580941,11.76239071
1777504_at,12.38412207,12.37964876,12.40165948,12.26090858,12.18494259,12.20367366,12.43456833,12.50448233,12.5917863,12.50448233,12.58382834,12.60525625
1777509_at,7.010904361,6.527397583,6.939000411,6.529963034,6.8586451,6.904390115,7.161834737,6.739951278,6.011101596,5.833237751,5.454966538,5.075325505
1777510_at,8.529082692,8.520267455,8.837430992,8.68867054,8.590400364,8.537010762,8.482455099,8.120959231,8.939419539,9.040194487,8.957024365,8.835720564
1777511_at,10.22524123,10.58912448,11.12860879,11.06063264,10.89304774,10.77920928,10.19922975,10.24581144,10.58234888,10.9668759,11.11791061,10.94722602
1777513_at,4.975757606,5.069189941,4.755267837,5.190720831,5.752543702,5.476129544,5.171333822,5.63371837,5.824260225,5.7012717,5.7012717,5.980533087
1777514_at,10.22264439,10.40779118,10.58103649,10.48669905,10.36518362,10.29218825,10.23752268,10.25354321,10.41098533,10.37980458,10.13337322,10.01490182
1777517_at,3.28973688,3.173933255,2.988083126,2.984321339,2.683405049,3.175359795,3.124085228,3.337356078,2.889623249,3.488812661,3.198852345,3.265796461
1777524_at,10.81338509,10.82518796,10.68736588,10.85077801,10.88731394,10.80908359,10.7324336,10.63467803,10.55060663,10.46048432,10.49462654,10.63721954
1777525_at,9.216806564,10.42668509,10.41351196,10.01116624,9.892693073,9.545059974,9.117767693,10.29366769,11.37925063,11.93917648,12.15140441,12.09610797
1777526_at,9.569067834,9.440297254,9.44718254,9.594830083,9.3776624,9.500781977,9.426093345,9.410988256,9.436082831,9.168615966,8.988220773,9.001725206
1777528_at,12.25542907,12.30684797,12.08097577,12.12707921,12.11347422,12.21961612,12.08362857,12.10483815,11.88711698,11.16418032,10.87869437,10.85901198
1777531_at,9.140774599,8.738196879,9.201508707,9.178980686,9.166216938,9.007178536,9.2015671,9.101831189,9.138378857,9.372849702,9.302204513,9.02702992
1777533_at,10.36308177,10.65793425,11.06604075,11.02773129,10.86405285,10.73414266,10.34197424,10.62415997,11.10372029,11.27298209,11.1326738,11.18316057
1777536_at,5.12096233,5.247497715,5.870879671,5.968820038,5.975363674,6.049685909,5.114037248,5.119638453,5.654628839,5.942926441,6.067221303,5.763209889
1777539_at,9.206238437,8.927197003,8.842896798,8.844351428,8.828339433,8.933765889,9.163561688,8.843201969,8.710439016,8.521683406,8.438866153,8.472294644
1777542_at,12.02589604,11.94126407,11.70843001,11.9355718,12.13499236,12.22099494,12.22779097,12.02433892,11.55083698,10.86446146,10.36428258,9.655331686
1777543_at,11.84976009,11.69640931,11.64967162,11.68574278,11.80363124,11.82615362,11.79932412,11.60223483,11.29789379,10.97263586,10.79415347,10.85053941
1777544_at,11.78872964,11.89750675,11.93115058,12.00190779,11.98910032,12.03531526,11.61955897,11.30862552,11.18084003,11.25779302,11.27098888,11.12173976
1777548_at,5.645194847,5.795005844,5.892194829,5.818583488,5.728631461,6.19736323,5.510170227,5.946478934,6.086547414,6.549202126,7.092684252,7.482401207
1777549_at,11.48133785,11.93077585,12.14337753,12.11228226,12.20204696,12.1033354,11.42382219,12.24834305,12.28573115,12.34215467,12.32812099,12.50869566
1777551_at,9.672035601,8.736152337,8.200183664,8.778147637,8.947376085,9.276453258,9.481282497,9.048668865,8.190507584,7.854548552,7.800253508,7.946822441
1777553_s_at,6.30539231,5.769399406,6.071809455,5.612938088,5.886698946,6.561274054,7.457090717,5.527651358,5.300698451,5.004844938,4.761668023,4.689711654
1777554_at,11.9813956,12.04684126,12.31536314,12.18000625,11.86331829,11.67134935,11.96467932,12.14768857,12.52660933,12.69951222,12.81751705,12.89521841
1777555_at,12.15271178,12.14378622,11.99401194,11.9900538,12.01910448,12.08142462,12.07026407,12.10261588,11.8403756,11.03004214,10.45189214,10.33984148
1777556_at,7.843018446,8.635345076,9.850592582,9.445211821,9.043538795,8.74032612,8.17836196,8.477001537,9.558745922,10.02589745,10.28398169,10.36219523
1777559_at,10.53322245,10.55679142,10.27046474,10.13857378,10.19996229,10.23531937,10.40384769,10.65637518,10.62915473,10.00955897,9.68395934,9.44357272
1777561_at,7.071338053,7.560924154,9.316257788,9.036161392,9.275925183,8.942905868,7.213989815,7.388734653,8.464109531,8.958613277,9.190682169,9.556284292
1777563_at,11.77432466,11.54852348,11.21156236,11.62407163,11.60877023,11.55592584,11.75575556,11.41741622,10.97910217,10.98630666,11.17033073,11.2473378
1777564_at,9.089490218,9.126629128,9.410122552,9.266023473,9.272332025,9.156811865,9.073699088,9.203347714,9.557280034,9.650932573,9.759132469,9.71385196
1777566_s_at,3.140142206,3.113048742,3.300585978,3.327936841,3.037294524,3.301904988,3.25811217,3.32056416,3.048862418,2.749512738,2.964240857,2.810035401
1777567_at,11.06571067,9.19746407,9.492297984,10.03491785,10.27915114,10.65329393,11.07455639,9.130628741,7.754939639,7.691716013,7.810302763,7.823996717
1777569_at,8.419553107,8.394018676,9.373069635,9.823723961,9.928321175,9.682029028,8.337993799,8.039756261,8.331655191,10.13624997,11.96008507,12.41242374
1777570_at,3.240781795,3.256706349,3.727773067,3.353103968,3.506097685,3.169568679,3.537852877,3.516106335,3.375019159,3.746205417,4.308541244,3.277596341
1777571_at,9.696315847,9.62355465,9.87734485,9.898864176,10.01104254,9.958186523,9.724540131,9.475983037,9.547888347,9.842839681,10.14362052,10.19755838
1777572_at,8.689222606,8.268708528,8.386135949,8.25901967,8.410312982,8.417102257,8.766760532,8.630392082,8.702671021,8.590350644,8.498747144,8.383853187
1777575_at,6.453931231,5.393579327,5.725436713,5.614628598,5.474879806,5.735706272,6.175999781,5.586691089,5.506639081,5.70667452,5.374841312,5.434443619
1777576_at,7.733602003,7.286408475,7.236949142,7.359259045,7.528704706,7.528942815,7.644418773,7.604854961,7.594480508,7.828029937,7.494689353,7.443574022
1777579_at,9.479161334,9.201339909,9.282557688,9.720481212,9.282900656,9.112213319,9.660241036,8.981634396,8.552462036,8.667468481,8.743105239,8.59620255
1777580_at,10.09580282,9.870159231,9.473173802,9.797921446,10.10048503,10.26082078,9.953046533,9.436063061,8.70543954,8.243337122,7.799131734,7.482921013
1777581_at,9.319456044,9.321444369,9.065917975,8.653523574,8.267941674,8.233676294,9.069440552,9.217355845,9.133021163,9.165993164,8.442350284,8.367358131
1777585_at,8.234917444,8.895307652,9.128627008,8.901913426,8.915473436,8.718092378,8.392764837,8.737212371,9.03659266,9.248492251,9.297889358,8.967365206
1777587_at,3.007463744,3.081927979,2.822109149,2.81213731,3.003313033,3.003414118,2.538162432,3.135894944,3.449608973,3.523885884,2.98030766,2.890947727
1777589_at,10.9722136,11.35772068,11.76063278,11.80446808,11.51153216,11.25717974,10.97735818,11.25443377,11.88638351,12.23517284,12.52418462,12.53371995
1777593_at,10.88227049,10.84384483,11.20138206,11.05280863,10.85341977,10.96838098,10.66018151,10.65217245,10.65913584,10.34434993,9.877899985,9.854995277
1777601_at,8.760309301,9.176270837,9.342620902,9.209821355,8.988622368,8.723586746,8.937239086,9.182316423,9.864843518,10.36952239,10.64964862,10.9353391
1777602_at,10.34949351,9.300924045,8.636523514,9.466598206,9.652788531,10.05527305,10.27934463,9.931932155,9.150202924,8.720415727,8.781528145,8.736700476
1777603_at,10.39395129,10.41139531,10.74039266,11.02268647,11.12415929,11.03529876,10.28590794,10.21396208,10.36339947,10.64647419,10.98748345,11.06297912
1777604_at,9.169360971,8.850257116,8.939984178,9.151536874,9.169806809,9.140325667,9.164375278,9.172559844,9.289466276,9.314347314,9.528109267,9.572229164
1777606_at,10.13552232,9.951590714,9.692705643,9.745989466,9.744333507,9.816688977,10.14405405,9.810858843,9.410672282,9.203599919,9.024498805,8.909198094
1777609_at,8.242566459,8.326231898,8.221062342,7.839247343,7.94848921,7.887347875,8.248131266,8.205416214,8.393002044,8.473714489,8.485215708,8.609563718
1777610_at,10.78782051,10.78368905,10.67023213,10.80926863,10.76560983,10.7873868,10.72829118,10.66590771,10.55479038,10.2372962,10.2741051,10.40985764
1777611_at,8.8724463,8.945295408,9.104068433,8.824311657,8.745753959,8.751445799,8.710210437,8.772378773,8.977349681,9.051463275,8.915635899,9.117865478
1777613_at,10.73522109,10.64977957,10.65069655,10.70195694,10.7265745,10.60649809,10.75896305,10.60423342,10.57204074,10.51507162,10.41492047,10.37149592
1777614_at,9.196043582,9.436933781,9.058934465,9.307928422,9.437298049,9.066203669,9.239437202,9.415081634,9.49249115,10.15743827,10.5582015,10.67369558
1777616_at,9.761775292,8.384446851,8.492996278,8.738938701,9.155278174,9.433455147,9.702099567,8.448812813,7.930860816,8.061093593,8.13413656,8.257659939
1777617_at,7.778670311,8.297012007,8.78992854,8.879439207,8.811311646,8.637199332,7.86000063,8.402920488,9.254443107,9.706115371,10.14846149,10.31200325
1777618_at,9.260957912,10.85144003,9.746929393,9.148589891,9.21021848,9.24110777,9.389276476,11.60550935,11.50601911,11.15098102,11.29461553,11.43340762
1777620_at,9.322584634,8.81326533,8.425610634,8.785814845,8.958883615,9.111198781,9.552530192,9.317655514,8.794831174,8.517068001,8.2523077,8.142899994
1777621_at,8.80155917,9.26623843,8.986782776,9.046044126,8.939809014,8.754020073,8.672260386,9.24242995,9.710272837,10.25139546,10.46971156,10.54078977
1777623_at,9.811408227,9.556685258,9.398213854,9.252702231,9.365120476,9.481528077,9.837172246,9.709556058,9.70365137,9.918310136,9.721866314,9.63249527
1777628_at,11.00542197,10.92964373,10.8538832,10.89806903,10.91139492,10.89198913,11.01500134,10.82603536,10.62586847,10.62590983,10.45502272,10.16027232
1777629_at,8.112015351,7.544300372,7.404290741,7.993356618,7.892492195,7.929510752,8.125420503,8.26616202,8.165576765,8.409266763,8.817621153,8.949560032
1777630_at,12.15432609,11.6045629,10.61976575,11.51690038,12.05444533,11.96697478,12.157987,11.8549266,10.79535268,9.53334354,9.221145092,9.132494767
1777631_at,7.760976193,7.793691962,7.82357894,7.723973802,7.514709282,7.771077078,7.8672691,8.03831167,8.209311542,8.075153507,7.861089792,7.766115097
1777632_at,10.46604909,8.761073046,8.582192991,9.537576183,9.812027127,10.10770132,10.52529375,9.768996114,8.238194376,7.438056414,7.605789941,7.81872073
1777633_at,9.107340735,9.807120172,10.10852769,9.334740191,8.803943645,8.712358992,9.128512313,10.10964031,11.00522982,11.27622948,11.30945797,11.32821913
1777638_at,9.492613496,9.005449257,9.096971789,9.168551816,9.327396565,9.374214996,9.684613541,9.28785897,9.01220419,9.023350225,8.926077398,8.870277836
1777639_at,10.1180934,9.623882104,8.491714017,8.917840708,9.345101462,9.71913931,10.04111731,9.476065527,8.270497132,7.092321804,6.903724824,7.01893178
1777640_at,7.223509838,8.042284726,6.796709179,6.796036765,6.687959543,6.843660029,7.141440003,7.700584567,7.20532377,6.940436454,7.265942449,7.276115102
1777641_at,10.27407253,10.07294213,10.01063402,9.97019382,9.888170167,9.85037069,10.05376348,9.797695379,9.867985402,9.822117472,9.69375702,9.788481707
1777642_at,8.076552201,8.657731457,8.292533225,7.954258911,7.968433301,7.672367418,8.282026827,8.655286042,8.408802352,8.44986209,8.434368153,8.586012095
1777645_at,4.360218028,4.252941178,3.958906628,4.005806446,4.023931019,4.209457322,4.234650542,4.075909382,3.912755526,3.747118427,3.655489843,4.084312309
1777646_at,4.766067056,4.543062519,4.620255977,4.783464786,4.443482731,4.63535476,4.663170836,4.970191291,4.920208169,4.726094181,5.144106833,5.097695212
1777647_s_at,12.75063663,12.48835834,11.96349743,12.34602264,12.4394421,12.60468758,12.69013281,12.20212869,11.20014512,11.12089937,11.15494691,11.35783289
1777650_at,11.38186964,11.15240876,10.83259034,11.04416247,11.11900868,11.21824988,11.38586274,11.14270543,10.66562879,10.27240421,10.24094874,10.16862913
1777654_at,9.783395534,9.348225981,9.507395427,9.52274558,9.627278486,9.544453214,9.911506163,9.493632364,9.029877603,9.068033005,8.651197463,8.363794837
1777655_at,7.905289723,7.714606721,7.725447586,7.568186504,7.679121554,7.806952658,7.9381463,8.259871309,8.667481371,8.624670278,8.761319521,8.78749923
1777657_at,11.4809087,11.35056044,11.44400377,11.57547033,11.60388185,11.58082199,11.43455773,11.02328888,10.87262879,11.19804823,10.92399534,10.80483872
1777659_at,7.735361339,7.929109559,7.280964519,7.413882342,7.413627577,7.410046668,7.669623638,7.902044937,7.786657635,8.195403819,8.333870061,8.551733942
1777660_at,9.135198573,8.734281986,8.977751371,8.903413543,8.873464126,9.234368849,9.26332804,9.243064337,9.061708616,8.778832743,8.554216048,8.489718377
1777661_at,9.153683911,8.838847251,8.747442013,8.865791731,9.021924792,9.009653992,9.278927105,9.069913857,8.862032184,8.787154529,8.812094016,8.839291031
1777663_at,9.360046977,9.320703393,9.486921947,9.39694067,9.370308542,9.291468068,9.327591846,9.609205621,10.14733162,10.51572468,10.88719191,10.83900956
1777664_at,11.30476551,10.89817283,10.88462635,11.11648331,11.30485937,11.4,11.15142209,10.97130485,10.56383116,10.31904701,10.58619209,10.97522699
1777665_at,7.678453787,7.779515142,7.961896758,7.708992009,7.596456605,7.640576714,7.808180925,8.221118829,8.784506085,8.880460956,8.905361498,9.141480341
1777667_s_at,4.79665535,4.903497515,5.400628771,5.684889054,5.78651437,5.508706958,4.645889595,4.835982323,5.26091678,6.000404717,6.284253843,6.273937765
1777668_at,9.757140471,9.614630914,9.804328891,10.10873843,10.09088763,9.888534867,9.703307601,9.589796695,9.629824022,9.75880788,9.754755112,9.632137839
1777669_at,8.272659889,8.758990874,7.157229879,7.142320351,7.161892891,7.557690985,8.192113389,8.346351627,7.372321401,5.681345585,5.34343125,5.426590514
1777670_at,10.33387811,10.41512783,10.67643675,10.37910893,10.06975951,10.12583549,10.22134004,10.44214769,10.56160897,10.30543847,9.932480348,9.899142617
1777672_at,10.13880128,9.814400191,8.947370926,9.48174107,9.831044393,9.944780997,10.10014848,9.847492642,9.592116221,8.957636598,8.843278849,8.442097456
1777677_at,9.705524486,9.718186114,9.726933885,9.791398341,9.871161166,9.809935645,9.65352682,9.610294443,9.6857045,9.852840135,9.735215294,9.603267885
1777678_at,6.847510289,6.705565668,6.608742278,6.816847251,7.640779389,7.831907612,7.030453179,6.339527444,6.284714702,5.606526394,5.83516565,5.783371632
1777679_at,7.053398933,6.808031162,7.293885155,7.176605078,7.2413858,7.268819338,7.19875505,7.564868373,8.072906094,8.337589054,8.528769841,8.573095063
1777682_at,8.666551735,8.826057065,8.96109131,8.677643888,8.446417446,8.555689722,8.844624474,8.764262816,9.09400663,9.406412963,9.455603875,9.438010558
1777686_at,9.6210929,9.096804501,9.142682853,9.2887316,9.407917399,9.498845539,9.474354311,9.376093522,9.163556106,9.05875488,9.099667995,9.460498664
1777689_at,9.941299337,9.31710608,9.372938768,9.632636527,9.796918617,9.780155721,9.892699361,9.581553775,9.371175195,9.379537534,9.260859253,9.032739259
1777690_at,4.024883901,7.240134278,6.690289758,5.5329989,5.745849906,5.145211879,3.885194684,6.203809331,7.661914185,8.263918932,8.157521605,8.055847568
1777691_at,9.980734891,9.989755363,10.14901446,10.02303425,9.810650953,9.758797105,9.78252692,9.983340103,10.25906599,10.13001764,10.10553323,10.27467913
1777692_at,9.270373561,8.80603777,8.562674814,8.748874647,8.869721165,9.092167119,9.261939893,8.859864784,8.617486711,8.373531833,8.372684937,8.478212829
1777693_at,8.67817947,8.906682595,9.084179396,9.073147946,9.036926958,8.989690298,8.631706886,8.316753155,8.346174307,8.176692864,8.062338107,7.833687798
1777697_at,10.83363605,10.86044158,11.28301983,11.46019372,11.4796358,11.49817599,10.85130572,10.82666276,11.2495284,11.57325089,11.74802745,11.57132803
1777699_at,7.998854255,7.570226952,7.769063229,7.818442459,7.865524083,7.85600504,7.869782723,7.856493131,8.100376137,8.195552792,8.403396319,8.33944075
1777700_at,9.86266972,9.264778205,9.064289245,9.317462843,9.519789681,9.563953174,9.983258751,9.814292549,9.58490939,9.37305004,9.430116701,9.471072866
1777701_at,8.825588764,7.790409627,7.525435811,7.022492763,7.651929469,8.195340289,8.960729944,8.889147171,8.627249618,7.925884857,7.30724121,6.498891423
1777703_at,5.301383503,4.769605939,4.661768686,4.516466042,4.803921617,4.592688485,5.499119235,4.673962694,4.273412612,4.411530019,4.259589543,4.374921614
1777705_at,8.319208965,7.62934287,7.910516327,8.237659626,8.100926139,8.335248426,8.262033888,7.6326824,7.488381721,7.64756088,7.857141507,7.65194993
1777706_at,11.51901525,10.63754947,10.07008912,10.61955624,10.85797542,11.14067861,11.54811023,11.13423497,9.580349264,8.827144354,8.942852531,9.31500812
1777707_at,7.317086932,10.63691428,10.03227255,7.879375358,7.557819607,6.995532207,7.362944017,10.10551673,10.97939466,11.0661348,10.92603761,10.84778889
1777710_at,7.082400011,6.059661985,5.583084425,6.601933778,6.734666571,6.985211563,6.769094862,6.122829055,5.533837517,5.106084785,4.809374754,5.126753118
1777711_at,8.54505402,8.484674293,8.571376309,8.668421981,8.760030897,8.684015615,8.518388188,8.469593165,9.074295179,9.674245667,10.05431316,10.16770703
1777712_at,2.377494628,2.278049218,2.28499934,2.351017797,2.620897456,2.622681738,2.443185998,2.652754138,2.346159992,2.365891096,2.619027819,2.541988386
1777714_at,10.70586279,10.4932062,11.68908176,11.5728386,11.66436308,11.43638358,10.81977616,10.7115256,10.70474878,10.54315568,10.65706266,10.95269579
1777718_at,10.61186209,10.43795922,10.40785318,10.25231473,10.35553794,10.50176142,10.71419189,10.3808527,10.04935194,9.743820929,9.708253578,9.760860391
1777720_at,12.17655305,12.13963108,12.42136633,12.21001892,12.06352083,12.0295465,12.14203202,12.28880117,12.55678529,12.71643714,12.69701856,12.71311885
1777721_at,7.475298854,7.969338381,8.319674336,8.17240357,8.095507183,7.730982434,7.543236711,7.818646633,8.265108449,8.982100097,9.181533784,9.280239251
1777723_at,9.616031364,10.7700137,10.66974127,10.00056496,9.898159659,9.754170212,9.484048763,10.36260601,10.29088782,10.41611659,10.22891967,10.311299
1777724_at,7.144772099,7.20880796,7.190388937,7.380338678,7.542995108,7.623025016,7.166110179,7.248309828,7.33414965,7.37086945,7.558619966,7.548982807
1777725_at,8.975121323,8.860228188,8.951035359,9.121530036,8.896826445,9.127239018,8.779685633,8.51152434,8.50280929,8.366777762,8.403093732,8.558165663
1777726_at,4.496046406,4.506117616,3.916685291,3.961783769,3.916685291,4.040687062,4.181790754,4.09375688,4.075170946,3.925523397,3.938070716,4.028366388
1777731_at,7.989430469,8.315429587,7.846917476,7.991129653,8.044809854,7.745465657,7.753776931,8.711263787,8.707625899,8.482874576,8.283198758,8.091502353
1777733_at,10.99573783,10.78260276,10.75620058,10.89466105,10.90222227,10.95323312,10.95633565,10.60854299,10.28060169,10.08936263,10.07345679,10.27212977
1777737_at,6.201026056,7.059302301,7.328505297,6.825578702,6.95117915,6.57937893,6.344835029,7.098128242,7.829681183,8.391881912,8.460900263,8.595219147
1777738_at,11.39119312,11.415012,11.53163114,11.46572679,11.42045603,11.39059859,11.27898939,11.2404956,11.37920868,11.41062502,11.46835946,11.51890078
1777740_x_at,3.265758361,3.923422278,5.052654465,4.701061745,4.184417262,3.528157558,2.954943362,2.882968952,4.042177508,5.213464818,5.210585907,5.429423052
1777744_at,8.521218095,9.069870233,8.712238236,8.681604637,8.668973964,8.690741988,8.625884277,8.34046584,8.185695962,8.165911079,8.190400299,8.081649065
1777748_at,11.2498345,11.3346985,11.16872996,11.26560961,11.21330441,11.17415008,10.99913486,11.1048854,11.13477101,10.98198387,10.93180874,10.81513444
1777749_at,9.49844684,9.385314814,9.427870613,9.517397491,9.580360271,9.522201334,9.498639824,9.547868657,9.256534906,8.948393376,8.594303338,8.375510219
1777752_at,8.78452917,8.632089749,8.479384571,8.647740917,8.582042121,8.586906926,8.713968921,8.569418163,8.488130199,8.747733958,8.767434368,8.633071089
1777753_at,7.410790808,11.17575494,11.94303085,11.13830217,10.12945574,9.038818653,7.152885815,9.499876415,11.64813404,12.33960199,12.12961176,11.59885839
1777756_at,11.55632001,11.76410031,12.05432876,11.98245399,11.82885844,11.68868033,11.54449161,11.67390769,12.13022556,12.39160792,12.3965841,12.33975045
1777758_at,9.518292839,9.667580537,9.777812375,9.550848789,9.566833912,9.432000459,9.500430943,9.873784133,10.41046195,10.68677176,10.67141204,10.57920768
1777759_at,8.427510473,8.929915257,9.103938671,8.993254337,9.008670861,8.793942097,8.544157995,9.014334046,9.165725369,9.350510733,9.228468116,9.16449871
1777760_at,7.59099287,7.751125926,7.591940353,7.733721868,7.641621897,7.565931528,7.506392873,7.710036221,8.067190736,8.24644396,8.413063789,8.603480649
1777761_at,9.482345907,7.080119465,7.025857376,8.275868526,8.763162158,9.254093745,9.502198527,8.105579328,6.713779107,6.027247302,6.318677321,6.91867341
1777762_at,8.93477713,8.651839206,8.82494738,8.473939034,8.501459707,8.521568333,9.090146866,9.093122284,9.006712575,8.713858007,8.380656535,8.082164009
1777763_at,10.92418187,12.63147789,12.73823277,12.61331468,12.24957575,11.59051885,11.0109882,12.37107142,12.69543437,12.88864212,12.87289098,13.02502572
1777772_at,10.0554213,10.66229788,10.63860568,10.10126627,9.951136355,9.927059302,10.18933561,10.583374,11.0430772,11.0898753,11.17234142,11.17477497
1777774_at,7.623200048,7.507149355,7.511665957,7.480553751,7.474375354,7.394679917,7.618995667,7.596836966,7.637483284,7.441591082,7.41056814,7.330533023
1777778_at,9.582793294,9.204033405,9.206790315,9.355400332,9.46283377,9.530200588,9.430605203,9.279489066,9.327973718,9.327321548,9.663664721,9.829755845
1777779_at,2.717317513,2.792102531,2.86697245,2.779892168,2.731258905,2.86322211,3.139893779,3.225011255,3.104853175,3.020970026,3.03513575,3.302683828
1777780_at,3.125667124,3.349805511,3.182104234,3.763865418,3.094225719,2.998563672,3.389190346,3.379240374,3.078349097,3.09896029,2.926605164,3.181775969
1777782_at,8.15336479,7.614460752,7.595102426,7.895449367,8.12419455,8.230132026,8.034319356,7.832067214,7.417223616,7.243373413,7.34584663,7.65980856
1777784_at,7.823631825,8.005741782,8.159024435,8.115720529,7.822144728,7.934078617,7.944819027,8.196012914,8.693806958,8.736388453,8.778155475,8.895215839
1777786_at,10.89684651,10.36407759,9.426229479,9.963167101,10.33356947,10.62849076,10.87371649,10.35644675,9.05735991,8.471651369,8.401324204,8.442617218
1777787_at,8.91811165,9.642540726,9.316761097,8.843201517,8.809974112,8.807422175,8.957835822,9.325678327,9.919639348,10.31040111,10.3804089,10.42059212
1777790_at,10.11292383,9.29583266,8.922824206,8.971456906,9.190518418,9.489244783,10.00154301,9.931913381,9.600030115,9.234173996,9.247914712,9.133471292
1777791_at,8.879608309,9.449750764,9.731480034,9.418183643,9.22686384,8.974713475,8.847957339,9.426917444,10.09246537,10.45962378,10.51719781,10.57054851
1777793_at,9.289168408,9.532819739,9.439656067,10.00518656,9.718193144,9.277108363,9.155650813,11.05146499,11.10372682,10.88297852,10.50893949,10.22209356
1777795_at,8.451643631,8.469618722,8.546940564,8.19743149,8.277281252,8.321772023,8.64282749,9.027963716,9.400924007,9.400634647,9.51075653,9.407760023
1777796_at,8.207552356,7.270879774,6.861346066,7.672283138,7.658955621,7.859200803,8.256836176,8.224260621,7.554970502,7.425875495,7.41851143,7.401013313
1777797_at,9.093042885,8.694602472,8.59564655,8.368464418,8.732766991,8.822061744,9.454922132,8.571658525,8.195184687,8.285295384,8.386988398,8.215122144
1777799_at,10.99377876,10.98467067,11.41912319,11.57299427,11.33064549,11.24375604,10.92432744,10.71160046,10.50057678,10.4022546,9.762074302,9.9407244
1777800_at,7.589403682,7.719065996,8.229470178,8.282724271,8.17947414,7.819466036,7.622218914,7.598564883,7.94306799,8.309818523,8.417191588,8.254130526
1777802_at,6.342293154,5.985762453,6.100611133,6.216380329,6.449540213,6.144146195,6.235677588,6.195756848,6.058867254,5.942700043,5.900097151,5.752222697
1777807_at,8.048239727,7.877838109,8.140850503,8.043151213,7.977409717,7.93291026,8.036967151,7.675516405,8.169572452,8.445612519,8.38738933,8.106857351
1777808_at,5.372754454,7.507039308,6.326541925,5.847021272,6.112250834,5.526058393,5.187773564,7.901251227,8.470776787,8.449953688,8.540834828,8.381797282
1777812_at,8.009042776,7.956868656,8.160416405,8.071672152,8.04456788,8.188845466,7.9968567,7.966471243,8.059908004,7.872165881,7.919551721,7.85514337
1777816_at,6.245716151,7.381259915,7.99083247,7.398121943,7.125239831,6.536602625,6.356789279,6.684530441,7.128751815,7.687430318,7.705609423,7.654363814
1777817_at,12.34651952,12.44553786,12.30128011,12.3935672,12.36481562,12.35126459,12.26837325,12.34544298,12.26243551,11.73852335,11.48874964,11.67819039
1777818_at,10.19021561,10.32268379,10.44356033,10.36139468,10.35252632,10.34256173,10.16340404,10.18087734,10.80526798,11.32318251,11.61341444,11.56724661
1777819_at,9.699574131,9.222361703,9.284320418,9.549176142,9.512137837,9.585940655,9.635191236,9.490238355,9.399379021,9.415156289,9.452600433,9.386087128
1777821_at,9.819333214,9.548352372,9.303454772,9.436162436,9.473883521,9.631510946,9.732623617,9.812721408,9.878554845,9.75718255,9.834191281,9.710574843
1777823_s_at,7.223398909,6.854494043,7.196906751,7.365812642,7.138954785,7.242485453,7.249492235,7.460834859,7.070792359,7.341488316,7.526336614,7.661075817
1777825_at,9.682724269,9.753976831,10.24654171,10.19446312,10.16721298,9.949793181,9.99416518,9.833432594,10.27573781,10.64230488,10.5460868,10.33792496
1777827_at,12.32200251,12.03947195,11.55592538,11.76888216,11.96419797,12.17435166,12.30327455,12.18521745,11.1441129,10.33676634,10.54821628,10.91321671
1777828_at,9.648443694,9.775214693,10.08825759,10.30732505,10.21242045,10.09820863,9.550268449,9.640885181,10.03413548,10.42875172,10.65881469,10.66987954
1777834_at,8.949504766,9.282358052,9.580176199,9.329993377,9.211844336,9.084438963,8.966240885,9.221789136,9.879677989,10.30366167,10.31960417,10.24824609
1777838_at,10.34939648,10.54890249,10.73877387,10.50285257,10.41735694,10.27682722,10.54891118,10.72458591,11.00069321,11.29284577,11.16212646,10.83950444
1777840_at,12.12103295,12.00370779,12.11248929,12.30859415,12.3872459,12.31392699,12.15233078,11.88387089,11.58323512,11.82617958,11.97954042,12.15483593
1777842_at,8.683420389,9.308570388,9.345898082,9.058986249,8.949207768,8.736128461,8.780870424,9.189153392,9.7091058,9.821275809,9.86146326,9.940783984
1777843_at,11.69175263,11.62826518,11.58677747,11.76324336,11.74406043,11.64770076,11.6305527,11.43568114,11.26686842,11.37987856,11.28155582,11.45079244
1777845_at,8.613777878,9.90342858,9.726364497,9.360139721,9.383532031,9.097659798,8.614132456,9.558753853,10.24074458,10.53280253,10.60294491,10.49764228
1777846_at,11.56213858,11.14037296,10.32655513,10.84461493,10.94585315,11.27611488,11.49713693,10.60318205,8.806396651,7.50892396,7.193843196,7.309401179
1777847_at,7.748436084,7.270879774,6.99680172,7.261507791,7.360048322,7.255225807,7.828161047,7.557942679,7.355535085,7.617397688,7.569019883,7.810942598
1777850_at,4.197610724,3.593942907,3.662951413,3.406125817,3.638140913,3.625662047,4.465131355,3.820204797,3.590168279,3.406125817,3.552584556,3.974512871
1777853_at,10.62837452,10.23479176,10.12449923,9.902492497,10.15737883,10.50882004,10.81317544,10.28185766,9.405694463,8.977345106,8.899773187,8.95656778
1777854_at,8.918407068,9.551190497,9.862927961,9.891864638,9.961691216,9.680699266,9.030494861,9.364086517,9.68980151,9.898699196,10.03145369,10.0357438
1777855_at,7.863094634,7.658809784,7.760680001,7.76942498,7.753719297,7.715232879,7.845551622,7.628172603,7.972479154,8.113935057,8.353526223,8.305620374
1777856_at,10.5093133,10.31609656,10.21010137,10.41367122,10.45176268,10.43089651,10.27314,9.677156955,9.397992719,9.49277073,9.569733683,9.844283231
1777857_at,8.136243781,9.432483571,9.167052327,8.337071116,8.341504935,8.152868121,8.233719773,8.4724237,8.965481599,8.839235084,8.05072739,7.683632599
1777859_at,9.025568955,9.065026823,9.324922418,9.021648688,9.027716468,8.984593717,9.064782906,9.434342641,10.03235311,9.994914654,10.13131088,10.34773121
1777860_at,5.050589002,4.983481128,5.273949657,5.191141306,5.143845792,5.237548161,5.441425429,5.453636193,5.632611563,5.435062885,5.278571819,5.787539778
1777863_at,9.144651063,8.715604859,8.857935089,8.617803301,8.626494813,8.650072002,9.11769734,9.155337473,9.643670849,9.896829187,9.979086688,10.00414782
1777867_at,8.015334287,8.159638676,8.497023227,8.309224923,8.408354639,8.010205585,8.107808958,8.209423581,8.644155624,8.912692177,8.76742049,8.450598579
1777871_at,10.37444839,10.40879416,10.91745667,10.90740805,10.77558935,10.67490141,10.40436005,10.29549681,10.57736721,10.74656394,10.3866259,10.28364951
1777872_at,4.724070751,4.064371884,4.441852373,4.292243221,4.545985848,4.891543236,5.376452265,4.321436613,4.585183183,4.099604117,4.219751931,4.225011194
1777874_at,11.91641149,11.89276572,12.1238651,12.23312083,12.19668538,12.08559966,11.82448334,11.70032669,11.88896301,12.30428086,12.36738916,12.53234072
1777877_at,8.858105687,8.668829793,8.782301726,8.603120345,8.562826861,8.53795915,8.929281509,8.991047445,9.279184219,9.364472129,9.501049393,9.244413513
1777878_at,2.85900148,2.732591033,2.575827423,2.971541494,2.638466405,2.741297645,3.03383583,2.797016191,2.861720244,2.801350856,3.06241671,3.206510647
1777879_at,6.727075214,7.442578472,7.549422934,7.467246537,7.521899643,7.187311069,6.956042256,7.117779683,7.069537371,6.945688278,6.708583826,6.303531905
1777881_at,9.644948538,9.679686919,9.859802848,9.723613319,9.675768654,9.664386022,9.703947615,9.612142114,9.670366507,9.676044951,9.704383856,9.566139244
1777882_at,9.040502856,8.946726263,8.950279526,8.76768948,8.747017827,8.788855588,8.976283447,9.331946684,9.560898654,9.694627017,9.76274301,9.775075629
1777885_at,8.083339419,7.936826826,8.060708982,7.871625297,7.72753414,7.787554096,8.18947072,7.966084377,7.933478117,8.24846878,8.393122493,8.525399405
1777886_at,9.476333121,9.491156154,9.614773395,9.709008694,9.698813928,9.664505771,9.447561413,9.465425232,9.542266211,9.711343368,9.876767755,9.876440681
1777888_at,8.34769374,7.627778988,8.041411879,7.814908443,7.966991811,8.008428172,8.415028651,8.039023083,7.717526772,7.464891265,7.586564888,7.719678481
1777889_at,8.760046472,8.362035351,8.519820299,8.700213151,8.705591872,8.687431499,8.759393776,8.675832095,8.748912277,8.856816161,8.95280874,9.050613444
1777891_at,8.937548294,9.08857815,9.115306739,8.890288626,8.90434126,8.878151867,9.108143393,9.279906221,9.614555517,9.835805144,9.672311942,9.453145221
1777892_at,8.097619692,8.000692368,8.220718554,8.552266435,8.4484978,8.383074457,8.259814292,8.203858022,8.34676522,8.623601202,8.783415681,8.953415014
1777896_at,11.31076202,11.16455347,11.24378405,11.28091214,11.30085847,11.25212065,11.38610036,11.18575829,10.95071435,10.57964659,10.3447041,10.07740202
1777898_at,10.73602117,10.54041215,10.62685129,11.00659892,10.94014537,11.07524107,10.8487076,10.3732701,10.06125853,9.904012441,10.08946423,9.930082046
1777899_at,10.10484449,9.958971912,9.939601402,9.93392968,9.982779552,9.915818801,10.11507082,10.00622176,10.01669389,10.1200489,10.30240835,10.28533858
1777902_at,8.240080206,7.750952714,7.98977985,8.096020221,8.158891526,8.171281321,8.407516763,8.432501611,8.598026957,8.774306799,8.61999085,8.448144845
1777903_at,10.8077583,9.89406156,9.088534212,9.819812274,10.32259769,10.54716671,10.76668734,10.48401562,9.69502278,9.232456163,9.085184595,9.163627515
1777909_at,8.624567206,8.250088642,8.37488232,8.52049812,8.449794141,8.508159753,8.540794592,8.437177311,8.287039201,8.322673361,8.319013695,8.590041372
1777910_at,8.644342833,7.858656625,8.211251846,8.399831062,8.648030485,8.55456085,8.643284439,8.30919234,8.485529334,9.064301958,9.455109586,9.662895409
1777913_at,4.757719948,4.133130546,4.329811202,4.594435438,4.496432765,4.968415689,4.73061039,4.661175744,4.671507802,4.698972931,4.853803117,4.661961601
1777916_at,8.178724569,8.328548648,8.275978504,7.9751323,7.916999355,8.087862676,8.190761281,8.229270342,8.220273719,8.178664336,7.873033684,7.747650468
1777917_at,5.255886121,5.628344257,7.795063608,7.173469452,6.825767275,6.313261899,5.193688694,4.316358248,6.674642314,7.431226721,7.681393704,7.504932117
1777918_at,6.762785464,6.197970944,6.798363205,6.739638093,7.138912242,6.872675511,7.107142552,6.264092524,6.344204241,6.485442203,6.481463927,6.46250311
1777919_at,7.349325067,7.801573978,8.079883838,7.803727857,7.713640565,7.466378328,7.516112237,7.446256056,7.695906227,8.186802681,7.939701938,7.931999029
1777921_at,9.127618366,7.848275024,7.526619227,8.168308072,8.531456202,8.701368897,9.127827724,8.573273213,7.885276179,7.934786222,8.517229551,8.743458965
1777922_at,9.790292913,9.043930128,8.407337372,9.094703619,9.505776168,9.780192307,10.17253242,9.503205607,7.676782007,5.561119528,4.525449268,4.682847371
1777923_at,7.703819249,9.752973022,8.535680588,7.698652927,7.900242616,7.96732134,7.864690891,7.894901495,7.707282128,7.282509781,6.654996652,6.238460495
1777924_at,2.966392934,3.537265108,2.916628294,2.827330752,2.805798594,3.088035085,3.455433227,3.19937232,3.540019221,3.02562858,2.903503223,3.043619702
1777925_at,8.120105889,7.764794769,8.054143652,8.28536402,8.250717575,8.063252526,8.014713528,8.617776208,8.846273248,9.054900127,9.166620661,9.341400245
1777927_at,9.460242608,6.731707013,5.800974573,7.67645698,8.143503871,8.896531398,9.402401768,8.267464106,6.707305502,5.89385732,5.95203875,6.65031638
1777928_at,10.05876704,8.773208074,9.937649754,9.841011564,9.735276612,9.867954441,9.964535221,9.593764983,9.481877283,9.170013364,8.942416502,8.709924857
1777929_at,7.951497869,7.693559894,7.61016551,7.448343771,7.537779161,7.65205568,7.87855471,7.915383406,8.251838524,8.22404371,8.253243103,8.251146752
1777933_at,7.694549935,8.321819644,8.413773906,8.316615381,8.256281415,8.071696487,7.516646131,8.109895378,8.54817622,8.950939222,9.091420957,9.105798457
1777937_at,6.178591155,6.486732737,7.398360801,7.659994547,8.064707337,8.044464043,5.948015386,6.841269341,6.97237417,7.038829253,7.016533536,6.988746358
1777938_at,8.050341953,7.415134269,7.010596219,7.069083861,7.361931596,7.592786216,8.064488451,7.761202034,7.504221463,7.19002209,7.399296003,7.522119779
1777939_at,11.4535293,11.29934965,11.31116374,11.27482417,11.2917382,11.37375722,11.38686584,11.25724739,11.04900287,10.90856817,10.85284607,10.96287233
1777941_at,10.18507212,9.986580314,10.55018706,10.8176666,10.87728561,10.71201165,10.05350414,9.909633279,10.12892501,10.5720656,10.80221996,11.02437795
1777942_at,9.676057897,9.160622105,9.135102627,9.203581081,9.37987176,9.490406057,9.706262129,9.191522064,8.769700673,8.608820855,8.65222424,8.381914143
1777944_at,9.830584984,8.926179221,8.01047056,8.633576868,9.073574773,9.48892066,9.897657852,9.043853869,7.435454747,6.969407038,7.098296472,7.429169561
1777945_at,5.704076438,8.505459026,7.144582432,8.621919743,8.121209982,7.314904857,5.752936346,5.394241373,5.717055454,6.262475058,6.419207953,6.918782288
1777946_at,7.158200106,7.233630868,7.453406294,7.751197752,7.766115097,7.644006832,7.210468918,6.958050558,6.655109434,6.551877937,6.665064105,7.155641941
1777947_at,6.78353536,7.891181164,7.517579704,7.108867205,6.841569523,6.816605701,6.921545797,7.973486944,8.682692679,8.826145769,8.746144027,8.73703621
1777948_at,11.92337221,11.30282114,10.84712789,11.28859388,11.41535081,11.55429955,11.8576328,11.51866587,10.56672771,10.3327096,10.44705105,10.69908443
1777949_at,8.972102914,10.00856167,9.091499237,8.804494246,8.823971058,8.843867202,8.814508837,9.904334209,10.61646799,10.51457997,10.42304304,10.43859129
1777955_at,12.66379237,12.63048546,12.4846227,12.52148409,12.59669814,12.69518397,12.61382419,12.57479554,12.20159432,11.31482262,11.19726741,11.27220454
1777956_at,9.386279495,9.332378164,9.484610134,9.297755367,9.315385578,9.336181203,9.299746943,9.345118957,9.707538971,9.743887791,9.898129054,9.928259173
1777959_at,9.756031857,9.146294471,9.249755551,9.314231316,9.408707665,9.590836389,9.67191306,9.636964504,9.625594795,9.502210349,9.810920732,9.905171431
1777962_at,10.04497977,9.847944447,9.853474977,9.907739424,9.884321092,9.775020289,9.987131499,9.727180783,9.552002807,9.753354096,9.813430468,9.862860613
1777963_at,10.82434563,10.7046357,10.62925956,10.7231969,10.73142989,10.80449084,10.99919264,10.71159908,10.33204776,9.940585937,9.829253713,9.63393252
1777964_at,9.033251055,9.260392863,8.97805512,8.954822195,9.013074868,9.094737445,9.068014809,9.319998178,9.784691692,10.030856,10.3537532,10.50415263
1777966_at,8.498391788,9.09200256,8.92612569,8.730172021,8.568590812,8.535293127,8.470621838,9.184154553,9.91097102,10.26476029,10.20782526,10.159267
1777967_at,8.336077114,7.517167735,7.436566586,7.666803294,7.809518407,8.115398015,8.626403695,7.894434479,7.795229823,7.828876089,8.28850107,8.331714622
1777968_at,8.600300302,8.586525429,8.970048057,8.753358015,8.621882219,8.352441762,8.466001836,8.6703748,9.031334362,9.065110755,8.987701378,9.11978589
1777971_at,10.96600253,10.75560204,10.45146266,10.56926564,10.75587864,10.80864238,11.06337151,10.79902957,10.29554875,9.988345783,9.78887705,9.309201156
1777972_at,4.400899514,4.430858636,4.552573651,4.568262115,4.676214246,4.806042799,4.425996348,4.341768142,4.804992099,5.380458716,5.700710908,5.606154335
1777973_at,9.023780714,8.911172698,8.956290847,9.009131433,8.894811104,8.879205179,8.992855796,8.97093876,9.158649395,9.154449081,9.232270268,9.163975668
1777975_at,7.042661203,8.724316466,8.410387563,7.329219995,7.262083951,7.194567765,7.160676524,8.020525532,8.710352964,8.817050429,8.98019924,8.997241614
1777978_at,10.41750298,8.743469044,8.238032057,9.195069911,9.547819836,9.975813674,10.33662963,9.367362884,7.577720581,7.118292765,7.403192518,7.760261901
1777979_at,11.08227719,10.55225477,10.28408073,10.42438715,10.53930062,10.72646211,11.02049777,10.67938661,10.39148685,10.08864829,10.19839912,10.49636386
1777980_at,10.00858722,9.281347295,9.222379525,9.706069453,9.798713306,9.913244472,9.906420969,9.645617416,9.227383839,9.112064409,8.838419179,8.72987409
1777982_at,12.49046587,12.47793216,12.3551366,12.30958755,12.37116939,12.46106687,12.44489689,12.37686482,12.05765607,10.49107111,9.978286025,10.15126498
1777986_at,9.857869517,9.796060401,10.09634498,10.0076406,9.811809579,9.786731777,9.926306296,10.04348358,10.44169862,10.51634398,10.68280636,10.81580314
1777987_at,8.485177826,7.779119307,7.785315525,8.120298684,8.226464123,7.988524849,8.520854131,7.571379115,7.38480099,7.787260592,7.878961036,7.823461694
1777988_at,10.89161994,9.402701327,7.957223284,9.384648973,9.824795319,10.33047317,10.83381909,10.03712115,8.381131503,6.884236282,6.920878158,7.373566924
1777989_at,12.31323118,12.20987872,11.70278006,11.90048373,12.14723793,12.33616367,12.31212037,12.19049902,11.41330306,10.01213478,10.30237719,10.63566149
1777990_at,12.04434417,11.98160421,11.7617543,11.80161719,11.8247682,11.96807545,11.8381288,11.90206383,11.31185475,9.964113313,9.380398785,9.71544347
1777991_at,6.567640022,8.124895237,6.876247161,6.253780799,6.138579187,6.295791509,6.788750294,6.924926805,6.904172055,6.89198484,6.869486829,6.783095637
1777997_at,8.885049834,8.69829009,8.355529811,8.582819496,8.765681405,8.747423938,9.028943008,8.980981351,8.605143102,8.487211468,8.303713059,8.126812269
1777999_at,7.450756171,7.050882565,7.049291159,7.866178685,7.804539315,7.547737894,7.53284331,7.460766343,7.389919803,7.277877813,7.447864125,7.53478961
1778000_at,9.416841609,9.438543239,9.692154701,9.460663745,9.429760994,9.536982813,9.333027983,9.566211802,9.60626686,9.361391699,9.087980853,8.977532851
1778001_at,7.808880346,7.718176701,7.786488525,7.7649689,7.836015975,7.506601927,7.853034963,7.479550201,7.586996503,7.468381796,7.508363553,7.317132923
1778003_at,9.418400453,8.586605453,8.78740615,8.737835357,8.496678285,8.722878843,9.397381588,9.12273677,9.055854443,8.175536016,7.267976898,6.448978714
1778004_at,7.890284502,7.567061143,7.702475068,7.698840678,7.916920892,8.042229645,8.199690511,7.903193668,7.896096294,8.12622534,8.138642749,8.058049101
1778006_at,8.417692984,9.543290427,10.32913241,10.31378432,9.984143537,9.563466302,8.389338739,9.202206886,10.07626634,10.80509576,10.91943778,10.68751471
1778008_at,5.06348543,4.997929721,5.187506011,5.346518909,5.39508546,5.16410064,5.162356646,4.721582598,5.082703871,5.371946915,5.203069697,5.091942532
1778010_at,7.87342575,7.307400975,7.319236339,7.392187202,7.457963671,7.504530907,8.007495556,7.258124925,6.779986373,6.812192019,6.681420873,6.654447469
1778014_at,9.680439288,9.867960764,9.787872022,9.634174627,9.612753429,9.606960816,9.68217056,9.879615234,9.993205373,10.00922094,9.728692555,9.761083894
1778017_at,11.83801041,11.89004343,12.10447736,12.04695035,11.91005712,11.814509,11.87387949,12.03818313,12.2977335,12.47281114,12.58001862,12.53897691
1778018_at,11.59318725,11.68348515,11.95034657,11.95176626,11.94046753,11.89864077,11.59259675,11.70110114,11.98015459,12.29754319,12.20107789,12.24669732
1778021_at,8.295412497,8.22891912,8.358239209,8.241696421,8.071105051,8.066034565,8.370031798,8.881177862,9.361125256,9.579428652,9.805986635,9.902222117
1778023_at,8.612593566,8.359778068,8.323365514,8.114786673,8.267274622,8.303279898,8.675463468,8.560475602,8.639477771,8.418697875,8.330961197,8.348777724
1778024_at,3.869380164,3.983343464,3.94737973,4.025696184,4.189634812,4.289081989,3.506780422,3.946998411,3.880928154,3.629212465,3.961897988,4.12469778
1778025_at,5.093998684,4.703443223,4.855622585,4.883783247,5.251322269,4.857433169,4.711424922,4.324447869,4.498584234,4.704022909,4.867955996,5.361722845
1778029_at,9.318636184,9.312563544,9.705387255,9.811960172,9.591131425,9.378850906,9.369099556,9.075099534,9.095047646,9.434749453,9.363700166,9.156127399
1778030_at,9.724629338,10.70449813,10.88668545,10.09204283,9.846800678,9.817209546,9.702695454,10.54624598,10.96761583,10.97261603,10.98600234,11.02604726
1778031_at,8.744672536,8.382026398,7.571979668,7.923672839,8.095507183,8.382300323,8.760202301,8.165041779,7.57821581,7.267186905,7.395069874,7.653331198
1778033_at,10.18327443,10.7315489,10.11485961,9.552511378,9.473071618,9.566464251,10.03790536,10.59455008,10.80189001,10.59912282,10.66734942,10.77330964
1778034_at,8.884733115,8.936454061,8.877336868,8.790121751,8.756970007,8.737190681,8.804884199,9.231953659,9.757194363,10.05235968,10.14503799,10.16662884
1778035_at,11.23675925,11.77714992,12.00191395,12.56690713,12.40715155,12.19016096,11.45536213,11.34614682,11.3865474,12.00564065,11.97427269,11.7533409
1778038_at,11.14421843,10.13181936,9.708786848,10.25323487,10.53655608,10.72680184,11.15377635,10.43930676,9.061897514,8.471889128,8.25873634,8.124260376
1778040_at,8.206282133,12.33021288,12.6671542,11.99500894,10.50974677,9.690266633,8.159363492,11.55133104,12.55927367,12.84251814,12.83240228,12.79367643
1778042_at,9.258867976,9.353512656,9.691092375,9.309681367,9.178290615,9.111946598,9.167835991,9.489015099,9.93487128,9.827498194,9.42333491,9.585784211
1778043_at,9.938409579,9.955586734,9.965827404,10.06936592,10.04838159,9.890422703,9.956097411,9.899388472,9.80889274,9.850349726,9.963994913,9.823577439
1778044_at,8.443124344,8.104039966,7.572522251,8.336895214,8.407710567,8.22410244,8.345479756,8.268185493,7.887142229,8.141937114,8.463609725,8.468495306
1778045_at,10.44537386,10.02822981,9.70911981,9.767223327,9.982810017,10.15436292,10.4105855,10.14181451,9.954671693,9.811332675,9.767830823,9.841156658
1778046_at,9.305092139,9.242616342,9.345561574,9.449569893,9.33748834,9.292127862,9.237725017,9.075244064,8.915985056,8.795089799,8.578136977,8.246048024
1778051_at,8.264513186,8.062158874,7.983046376,7.879999813,7.837545884,8.029801778,8.429312302,8.394594209,8.29271039,8.397576915,8.42200896,8.285945624
1778052_at,9.020553655,9.098079609,8.914254054,9.044962773,9.044096704,8.948152846,9.021171453,9.425763036,9.5226779,9.648928982,9.888668743,9.913577127
1778053_at,7.94307492,11.20683329,11.44927967,10.97155529,10.98032279,10.6350753,8.216557624,9.683499089,10.20734491,10.15635093,11.14217781,11.34804189
1778055_at,10.63652357,10.51420281,10.31822442,10.24529393,10.28673981,10.41767579,10.64271329,10.61897088,10.44774932,9.992803118,9.497303803,9.579483283
1778057_at,9.441431366,9.418258155,9.413210587,9.167679608,9.20502968,9.250742968,9.424584669,9.836634127,10.29054765,10.53383671,10.64215937,10.7368598
1778061_at,7.518173106,8.238632026,8.716583167,8.424898682,8.240902176,7.954792015,7.47116755,7.391715781,7.980360282,8.058369366,7.657067588,7.489954252
1778063_at,11.21687459,9.486917152,8.74809665,10.01509565,10.44681896,10.84438797,11.37511499,9.858877009,7.347437275,6.455694058,6.817286424,7.297637193
1778064_at,8.913139288,8.790748057,9.013331132,8.770457594,8.790354766,8.722012611,8.907954845,9.285386864,9.889103602,10.40598697,10.57872046,10.55642799
1778065_at,8.187142215,8.384291821,8.481248708,8.419061258,8.290881422,8.193504723,8.058881064,8.233077684,8.660961709,8.938295361,9.085306606,9.196481833
1778073_at,10.19222845,9.35426773,8.833808731,9.348743489,9.582602413,9.777997003,10.10727412,9.798420119,9.462122042,9.041430281,9.274558644,9.384914806
1778075_at,7.432209918,7.376404872,7.391941121,7.287821787,7.256084128,7.110483844,7.695841467,7.943180029,7.822697151,7.953596564,7.783286588,7.776410849
1778076_at,5.288186675,7.264845623,7.949067982,7.108134265,6.428290872,5.969280178,5.454848857,7.408711489,8.670639249,8.836645738,8.968966871,9.085741363
1778077_at,10.85024374,10.75213968,10.79024436,10.80694806,10.90852026,10.8867141,10.84252176,10.77236604,10.69853503,10.71637838,10.76294051,10.79496335
1778078_at,7.82418871,7.408783851,7.227773421,7.182860501,7.175379487,7.307770498,7.677279552,7.786203896,7.467698973,7.286954476,7.418731514,7.202447563
1778079_at,9.163492571,10.5792993,9.78144855,8.971968333,8.412844299,8.45078918,9.080674485,11.17198366,10.93736782,11.11729989,11.97042232,12.07571748
1778081_at,8.603892436,7.936788417,7.981036405,8.274323854,8.272098125,8.494144322,8.403214585,8.523254614,8.372755074,8.317662721,8.538029125,8.699994545
1778084_at,8.708169423,8.853277048,9.258066005,9.176699663,8.921913523,8.915611058,8.509167798,8.566024246,8.760496705,8.616245737,8.131640606,7.893407778
1778085_at,8.863619254,7.477203291,7.890276204,8.283467653,8.530766587,8.702391633,9.048886329,7.946595926,7.04280122,7.132284687,7.131214432,7.231482531
1778088_at,7.664279263,8.134959015,8.10208533,8.076825605,7.890897877,7.572903418,7.762761943,7.949666954,8.35576254,8.587482558,8.950969066,9.134136553
1778089_at,9.301993737,9.320935278,8.952812584,9.311410407,9.305889746,9.291986157,9.366666721,9.306478872,8.65522153,8.385062719,7.933317012,7.919972534
1778090_at,5.952952422,5.691744968,5.276909021,5.565421154,5.893302774,5.982635861,6.276364409,5.950351323,5.56980357,5.187417094,5.339764722,5.004844938
1778091_at,10.09382561,9.602839402,9.435087586,9.728123262,9.98315475,10.07874461,9.977733312,9.756945661,9.276125522,9.086622528,9.086266395,9.02222879
1778092_at,10.44568268,9.458371267,8.667090656,9.505442521,9.819937144,10.17179622,10.51857369,10.13161414,9.269135517,8.517436009,8.399572302,8.394905336
1778093_at,10.69569189,11.29840871,10.97406153,10.8962991,10.91524066,10.86974711,10.73419575,11.05474889,11.22472014,11.30625567,11.30455391,11.0664891
1778095_at,8.518769275,8.229675682,8.265222815,8.514402058,8.61471448,8.631282417,8.324491036,8.237788679,8.255064945,8.637199041,8.779063677,9.005750782
1778096_at,7.782551441,6.859627254,6.97656471,7.164278953,7.460657689,7.60322118,7.878287067,7.28857046,6.636434794,6.525776203,6.293105447,6.035269347
1778097_at,12.63653053,12.61457842,12.60262366,12.60003389,12.62451468,12.61688045,12.59896012,12.6492251,12.64972806,12.6223198,12.47211096,12.53066636
1778098_at,8.115919706,8.038393495,7.859383576,7.917677344,7.977803811,8.079551709,8.142151139,8.107201583,8.022107979,7.939253396,8.108123709,8.288048486
1778099_at,12.35101399,12.25562491,12.04939664,11.96718059,12.04346371,12.16787262,12.37949684,12.24743841,11.83291479,11.16629381,10.90425615,10.62603224
1778100_at,8.285185568,7.39748935,7.259634395,6.928483502,7.397592043,7.911917724,8.262837142,8.043451077,7.141792863,6.306364488,6.038124108,5.851619281
1778103_at,12.72917228,12.73006979,12.63962476,12.67756293,12.59598477,12.62216003,12.70900109,12.88712105,12.94843273,13.0086858,13.04620466,13.05242637
1778104_at,11.40679186,11.09020382,10.99324733,11.51412294,11.62485261,11.61705835,11.42188002,11.20118594,10.44005165,10.03389566,10.01970664,9.932308292
1778105_at,6.003331475,7.985351954,8.151834426,7.401029405,7.280388574,6.683514335,6.203685433,6.832287615,7.821187526,8.318260323,8.34465826,8.307393203
1778106_x_at,2.990213846,3.041706674,3.578601344,2.99847583,3.144841452,2.956558842,4.041772759,3.031504309,2.916425821,2.845643067,2.637859836,2.687606276
1778107_at,12.17127118,11.91513529,12.05831641,12.11400326,12.1229808,12.16786151,12.06937378,11.80747862,11.72222045,11.69553199,11.56768878,11.74264599
1778109_at,11.85604453,12.04916764,12.21290798,12.38666692,12.44673934,12.30898482,11.91536176,11.97005115,12.26291891,12.70856916,12.80784573,12.90350445
1778111_at,11.1505969,10.45444714,9.912534512,10.99507476,11.16698208,11.20508854,11.09845763,10.47298354,9.328623076,9.617551997,9.401856414,9.297536792
1778112_at,8.842520838,8.616798205,8.577258591,8.64675489,8.759680338,8.588607402,8.803688144,8.641803938,8.602349228,8.810929494,8.777323986,9.009398826
1778117_at,10.49488132,10.77816275,11.11768432,10.98452619,10.78652265,10.66030342,10.44261963,10.8163914,11.40878652,11.73779916,11.78464101,11.75104325
1778119_at,8.591782542,8.357375994,8.620034664,8.489423013,8.587921206,8.663554625,8.511763164,8.573101018,8.68257104,8.859882703,8.849479924,9.057638289
1778120_at,11.00879907,10.52700954,9.847361297,10.39019141,10.60551723,10.80667641,11.08418717,10.82954253,10.46986783,9.846552866,9.973427032,10.11021849
1778121_s_at,4.41566892,5.224428968,4.582010599,4.30417026,4.691681097,4.685084299,4.453062666,5.051686443,5.161186309,5.365553007,5.290853591,5.670907269
1778123_at,9.284407745,9.054469547,8.991682588,9.09023649,9.122248264,9.169020557,9.255542972,9.312580325,9.333758721,9.425784233,9.425739188,9.587463128
1778124_at,8.978640046,9.369010356,9.434428938,9.086872311,9.112479858,8.97910924,8.969763166,9.51749037,9.770510231,9.88120522,9.994618686,10.16817595
1778125_at,7.353514914,7.365585538,7.514719843,7.408306611,7.419528827,7.246543171,7.483394017,7.393498443,7.50796018,7.718497432,7.747131707,7.622192171
1778128_at,8.081848831,7.708854081,8.694770411,8.751396451,7.490577877,7.093573541,8.123228288,7.701480862,7.324811103,7.533564112,7.308774769,7.191551414
1778130_at,6.444717032,7.324917669,7.861741784,7.50118374,7.403414205,6.997356697,6.743914936,7.366595113,7.818471135,8.053316543,7.967268243,7.709441602
1778131_at,9.200277778,9.486353462,9.847220588,9.733966118,9.61920993,9.544729625,9.236013833,9.289288741,9.534402221,9.698380446,9.618460783,9.560617753
1778133_s_at,13.18329492,13.15780998,13.09513936,13.15496652,13.16177458,13.18981884,13.14623621,13.14326509,13.00269707,12.50284768,12.17418617,12.23283238
1778139_at,8.046643739,8.137347479,7.372374493,7.91608295,7.963144951,7.828797959,7.951008098,8.23192899,8.161825015,8.223037128,8.444881533,8.281640537
1778141_at,10.22617301,10.42338299,10.82409541,10.08790287,9.52369826,9.383733815,10.37063757,9.935298795,10.05672592,10.30306967,10.20192951,10.07645375
1778142_at,3.87854931,4.132741037,4.900560981,5.054723766,4.575381422,4.785575726,3.983749644,3.59861063,4.23197701,5.557429688,6.769879665,7.680522517
1778143_at,10.2570033,9.95519589,9.798827022,9.821010003,9.877073867,10.16577072,10.22377176,10.33164517,10.19365344,10.14662211,10.23691251,10.27134336
1778144_at,7.213272862,9.167260573,7.85239978,7.215178215,7.465056586,7.29549135,7.327259887,8.172463903,7.460285653,8.102522809,7.79940621,6.886156284
1778145_at,7.669397569,6.25124084,6.008759401,7.08487938,7.626702646,7.878011644,7.814871974,7.096869861,6.574480478,6.706080598,6.728903507,6.856147095
1778146_at,10.38674365,10.03721865,9.98402777,9.918151705,10.0615304,10.2801232,10.32394897,10.0201445,9.620033087,9.341673062,9.305728077,9.422314698
1778147_at,9.362044823,9.305897303,9.135914276,9.265489845,9.313529599,9.280121679,9.340170108,9.364452596,9.039429988,8.809256485,8.732354029,8.803951912
1778149_at,6.259986475,7.245284338,7.654151466,7.660836544,7.785043477,7.684244944,6.780910699,6.795440486,7.687540997,8.85752765,8.818542089,8.356293514
1778151_at,9.132553412,8.286726385,8.762601124,8.832177758,8.938905852,8.978865557,9.127544393,8.48736254,8.597161771,9.285239122,9.031601069,8.732695354
1778153_at,3.936819515,4.20190139,3.870980625,4.327290851,4.598416178,4.163908486,3.985121223,4.421475759,5.229757289,5.04071784,4.587205692,4.546262645
1778154_at,5.482722588,5.275679293,5.51725237,5.846013957,6.076896974,6.028367685,5.729054525,5.149951174,5.651651205,5.806739806,6.022006216,6.225381802
1778155_at,7.610902901,6.711112385,7.210744288,7.454668247,7.52959363,7.969753793,7.866577572,6.565309206,6.31788594,6.253950714,6.104114432,6.110168169
1778156_at,11.76908622,11.63020485,11.44985808,11.86161869,11.88007041,11.70383403,11.74254912,11.49953746,11.10282881,11.05388775,11.14418394,11.28101377
1778160_at,9.469575436,9.659384211,9.820875393,9.583597075,9.57605135,9.555231122,9.660951932,9.255077882,9.368915752,9.774833489,10.05604834,9.941078257
1778165_at,9.975945601,10.118103,10.52508226,10.34187425,10.10976924,10.02656151,9.815113727,10.05644022,10.43136043,10.51051882,10.27467533,10.13074696
1778167_at,10.88065337,10.65390598,10.55555321,10.6172339,10.69469404,10.7132015,10.75097484,10.7239757,10.6081072,10.67298013,10.74852376,10.84568202
1778168_at,9.211144231,9.302334239,9.041976602,8.724300848,8.804612921,8.821411684,9.258235338,9.476282208,9.70726744,9.77441996,9.935138671,9.723256822
1778170_at,9.741996312,9.450549015,9.445763031,9.526893004,9.607954896,9.592660876,9.592104765,9.589641496,9.721556752,9.978025244,10.34155116,10.72807999
1778173_at,10.27050554,9.920843045,9.871399152,9.984219189,9.995440965,10.13216556,10.37463783,10.41082678,10.57231501,10.37244382,10.30976617,10.26918944
1778174_at,8.61975743,9.358188869,9.726592213,9.457240279,9.247277625,9.017320276,8.656171397,9.06547127,9.876949924,10.26774006,10.48945083,10.43893976
1778177_at,8.977449187,8.189412871,8.734837345,8.813046463,8.856025616,9.044223476,9.068118287,8.843173307,9.416578773,9.47520804,9.356736452,9.468023622
1778180_at,11.6372923,11.64791746,11.55402298,11.5347501,11.56779503,11.60457365,11.6694347,11.62699509,11.33958499,11.0860974,10.98659509,10.91063466
1778181_at,5.107706344,6.617553794,6.83865624,6.308827186,6.040500504,5.510457705,5.653539387,6.087621926,6.581892077,7.076738333,7.146340192,7.200908479
1778183_at,8.203789324,7.884479252,8.271807068,8.173300492,8.13982402,8.166920405,8.278970995,7.885616913,7.922889691,8.287038411,8.346566061,8.386608731
1778184_at,7.158849109,7.133549172,7.525346558,7.725723214,7.51231011,7.162779182,7.065005679,7.183777486,7.338516836,7.575583532,7.726192398,7.532846557
1778185_at,3.350375207,3.619093985,3.375504814,3.251254061,3.504633728,3.265273872,3.222156803,3.57727391,3.307933416,3.130284954,3.251254061,3.605760917
1778187_at,7.83387578,7.885444718,7.931317698,7.856036719,7.78955795,7.821907147,7.720102071,7.784088481,7.854479153,8.004547714,8.166237905,8.233796702
1778188_at,9.408333944,8.29093695,8.07395212,8.553792701,8.764388017,9.022600617,9.413636144,9.176048755,8.669286461,8.568790636,8.673429929,8.606149533
1778189_at,11.06913077,10.49498618,10.10923357,11.56032337,11.54709721,11.22185781,11.07192124,10.09831306,9.28217574,10.59216506,11.77933435,12.07598744
1778190_at,11.22399471,10.48234357,9.455198875,10.02700914,10.32789372,10.69339314,11.20106602,10.96484875,10.04901812,9.279612533,9.153174165,9.20543449
1778191_at,6.762442522,6.691189352,6.830029821,7.037431509,7.088743677,6.943754386,6.929876939,6.762687993,6.906587322,6.961036273,6.867679159,7.119205569
1778192_at,11.14624708,10.95935302,10.62458263,10.69799336,10.94941741,10.9809131,11.29743981,11.00558153,10.57695189,10.32739222,10.11664321,9.739613153
1778193_at,6.146472666,5.495979665,5.441435359,5.272734597,5.417824426,5.929085091,6.185753205,5.426370824,5.513835858,4.980465193,5.223557096,5.077285119
1778194_at,9.427684975,8.674189759,8.535257041,8.32140929,8.764425885,9.180232128,9.672728492,9.330527549,8.443051996,7.391657127,6.890416956,6.553595912
1778196_at,9.160538597,8.992358255,9.017283031,8.878898974,8.890045004,8.847642086,9.327412412,9.1207372,9.182593799,9.068075898,8.861971438,8.518685734
1778197_at,3.215975364,3.283563308,3.203683744,2.806472436,2.861111853,3.001067613,3.431879508,3.408823305,3.178925541,3.444490606,3.171604724,3.381755566
1778198_at,13.06739947,13.06429915,13.06058962,13.14857349,13.12837293,13.06024453,12.9763989,13.01776899,12.99038118,12.9954626,13.00800426,13.05433806
1778199_at,8.315114488,7.974414936,8.154143921,8.252259004,8.28967931,8.416981118,8.44797695,8.233984255,8.022156496,7.933753017,7.874092133,7.807719714
1778200_at,3.536860911,3.416971921,3.441712669,3.942897863,3.881325147,4.032924541,3.417545727,3.612372019,3.805366923,3.612117149,3.841983795,4.510039136
1778201_at,7.052174464,6.686533151,6.173378113,6.501096015,6.682062877,6.708659736,7.046526569,6.130810396,5.755678444,6.522224594,7.081207175,7.147720476
1778202_at,9.966321129,9.30624713,8.833030301,9.275930603,9.490924681,9.579423309,9.922428315,9.544298907,8.907452179,8.758313031,8.771307919,8.890739697
1778203_at,7.777209952,9.784108029,10.39134746,9.532850115,9.269267209,9.219017347,7.89161101,8.760791473,9.980233488,10.66572457,10.53735794,10.00044947
1778204_at,6.099171996,5.998128142,6.203347421,6.077372653,6.159158296,6.205266111,6.167307434,6.20783421,6.413531595,6.692887699,6.779744356,6.530680398
1778205_at,8.990485733,9.302863558,9.465362653,9.404653853,9.250926188,9.108579039,9.067457798,9.258606853,9.503875121,9.869373161,10.00915724,9.929518212
1778209_at,10.08442717,10.0242564,10.35504735,10.31564039,10.24401503,10.15216287,10.01954459,9.807435605,9.706756173,9.869889297,9.605895289,9.722628942
1778215_at,11.39222027,10.24889293,10.71179507,11.0967006,11.17430165,11.22197829,11.35236988,10.90289327,9.650341326,9.358380656,9.4628124,9.685998786
1778216_at,9.197325158,8.985754536,9.055632679,9.015336479,8.813270524,8.912281697,9.46862853,9.187933386,9.436395841,9.495063961,9.496501138,9.392229944
1778218_at,6.018859682,7.997303657,10.42706048,9.80550886,8.987811861,8.207042261,5.866148371,6.807576273,9.446835534,10.85163523,10.76744311,10.55790613
1778219_at,12.14583779,11.35504707,10.91637642,11.31005655,11.56321945,11.80130941,12.19544622,11.76863675,10.56651934,9.927006851,9.934758403,10.0106018
1778220_at,8.31949066,8.375886304,8.3761183,8.547069333,8.458212079,8.217251163,8.19390153,8.098855875,8.501176018,8.843905575,8.852127178,8.966645094
1778222_at,11.86251631,11.82145842,11.82473515,11.8590014,11.89150776,11.91722681,11.77157116,11.77915454,11.81252929,11.76700195,11.53712639,11.63204163
1778223_at,5.194025605,5.274232847,5.200510662,5.772584578,5.8526713,5.78476165,5.52541849,5.466820217,5.32613539,5.506214927,5.506214927,5.841827683
1778226_at,7.426941836,7.432074504,7.652908136,7.588558465,7.441354554,7.165954314,7.418731514,7.465993263,7.610563882,7.965489922,8.152625289,8.159865899
1778227_at,5.284891346,5.656307281,6.46766232,6.352143382,6.502832619,6.198274866,4.85957786,5.49957457,6.449110991,6.797932332,6.815323643,6.749626125
1778228_at,9.765840029,9.207845181,9.167052327,9.311505602,9.347097916,9.666994272,9.674843853,9.154336482,8.620599231,8.422152606,8.190233394,8.543214196
1778229_at,5.246302334,4.517538082,3.976238729,4.064482762,4.271926734,4.735038239,4.984005746,4.690147455,4.186382282,3.829138071,3.408543966,3.717089878
1778232_at,9.644637638,9.242179947,9.300349243,9.053912183,9.201341595,9.232121276,9.66475476,9.648395127,9.640098044,9.748158586,9.839749052,9.725944385
1778233_at,8.519576026,7.989658987,8.884585812,8.61907962,8.920733287,8.426952207,8.533270688,7.929759803,7.20884449,9.033088235,9.778672589,9.74496116
1778235_at,9.450060647,9.109559372,8.919665077,8.95917713,9.048940651,9.201110479,9.467772518,9.575421163,9.693050469,9.955263859,9.979276446,10.14387652
1778237_at,5.980463544,5.34334821,5.048325477,5.464058986,5.334992298,5.696261645,5.717106588,5.771476,5.614737815,5.584532038,6.186940594,6.274669379
1778238_at,8.467549222,7.862266645,7.706663139,7.74622628,8.1759702,8.351476941,8.380252412,8.218216782,7.793618053,7.607318195,7.535833876,7.720859569
1778240_at,8.432806044,9.811881714,7.855884919,7.60876133,7.700025916,7.978349933,8.48874257,9.778970868,9.292233499,9.156510785,9.605583644,9.837055115
1778243_at,11.04235579,11.6164986,11.4154872,11.25227351,11.17884632,11.17036403,11.14222756,11.43079602,11.75728491,11.98983258,11.84321044,11.72639286
1778245_at,7.916002832,7.800375853,7.00225882,7.407718623,7.443913459,7.568783073,7.975263583,7.802181991,7.381004237,7.633779161,7.767704844,7.987382746
1778246_at,8.697515209,9.440130498,9.911246588,9.72271433,9.426960116,8.712232562,8.687360583,9.929979658,11.02269334,11.39331956,11.27743013,11.05728441
1778248_at,9.910196658,9.59705069,9.512686422,9.640767264,9.736538521,9.705722978,10.0887055,9.717039246,9.450169302,9.298222708,9.368881592,9.177360755
1778249_at,10.37752908,8.768128254,9.0198804,10.17501141,10.70842239,10.76440517,10.24504898,8.898619262,6.488175705,6.516148605,6.560917616,6.612604269
1778252_at,12.33577174,12.09375183,11.67284143,11.87362822,12.10757171,12.16432579,12.4035759,12.23860512,11.69261614,11.4955721,11.52163193,11.65945049
1778254_at,3.281149563,3.918495067,3.521462376,3.432047621,3.871190273,3.885705366,3.498743736,4.005235208,3.565823342,4.168298073,4.179431886,4.267138254
1778259_at,8.912696187,8.315244159,8.497117477,8.670841796,8.684736269,8.652267541,8.958371609,8.387971127,8.522189103,8.743644034,8.607494727,8.518458404
1778260_at,13.60882719,13.6685965,13.6620697,13.69718428,13.67524274,13.64936049,13.56544737,13.63800811,13.60750452,13.64283114,13.62593421,13.66455047
1778261_at,9.871152279,9.711328807,9.679020108,9.818446514,9.827961553,9.844359898,9.898253342,9.860929043,10.02188922,10.29205027,10.33215903,10.11910674
1778262_at,8.467568388,8.021699268,7.901297187,8.163385227,8.155292004,8.379042983,8.307789558,8.454165406,7.983687284,8.0019035,7.940841072,8.293772384
1778263_at,8.713193309,9.48829796,10.11735724,10.02631911,9.767347097,9.409738244,8.693179464,8.996926965,9.783727992,10.61009901,10.97843476,10.82577043
1778265_at,7.555419904,6.015416194,5.052668318,5.001591444,5.262695848,6.005904059,7.571549985,8.031194747,6.572961069,5.403559484,5.212792737,5.315979978
1778267_at,5.578058735,5.019162269,5.526127078,5.741451195,5.867358776,5.834022559,5.566222569,5.45902486,5.744274626,5.816451691,5.995385178,6.039054227
1778268_at,11.78106085,11.73886273,11.57346712,11.35892088,11.43801646,11.55423718,11.73496538,11.68531862,11.55137319,11.43609759,11.05902052,10.92132989
1778270_at,9.280239251,7.077795284,7.243641013,8.141960635,8.51668478,8.664726684,9.338788289,8.666464379,6.519393985,5.038138884,4.963132154,5.049041486
1778271_at,9.42400219,11.27710577,10.1295325,9.428303759,9.59109384,9.499223145,9.223311478,10.16616465,9.882086134,10.31817803,10.48363798,11.07362663
1778272_at,4.795503148,4.694998834,4.357972579,5.012465872,4.804181391,4.954310062,4.905522316,5.244598963,5.109684082,5.296568187,5.314204852,5.682228902
1778274_at,9.317798342,9.179177192,9.373086153,9.640115589,9.717517089,9.49845963,9.262062556,9.162058824,9.069180231,9.329883109,9.310694863,9.375356645
1778275_at,10.59202132,8.692706097,8.613252494,9.550305993,9.860342414,10.22755673,10.52696856,9.834357974,8.327249464,7.571364833,7.738347169,8.262244698
1778277_at,10.49001864,9.713177203,10.40604842,10.40643685,10.25161282,10.13776445,10.44982477,10.34584291,10.33053899,10.34766842,10.26339153,9.805614062
1778278_at,7.47569505,7.448491054,7.748158134,6.970957107,7.099774959,7.037937056,7.306529244,6.876522556,7.166112857,7.481273422,7.723453427,8.103483811
1778279_at,9.963621847,9.219102718,9.141118913,9.29474532,9.566372004,9.623754039,9.777702213,9.771154177,9.398562132,9.268118722,8.968443067,8.952869641
1778280_at,8.601364232,9.01145549,9.280561908,8.897745573,8.731336749,8.592093209,8.766971392,8.970843224,9.226336549,9.123903644,9.369290256,9.150011804
1778281_at,10.56955902,10.4445332,10.58959268,10.67368132,10.66099158,10.6381535,10.55543186,10.49231576,10.54184848,10.45276144,10.39229555,10.29653645
1778282_at,11.70099356,12.28611183,12.35006163,12.09614836,11.99266972,11.8397699,11.8068748,12.31827372,12.54150834,12.62929125,12.48651943,12.47312086
1778283_at,7.442102944,7.526131192,7.641921769,7.197677541,7.293358561,7.19155018,7.286729671,7.898149659,8.150016552,8.029073327,7.835294971,7.59305803
1778286_at,6.552503265,6.71926008,6.644662845,6.569131538,6.521274065,6.389811448,6.791198589,6.919904486,6.765228825,7.023703971,6.814734617,6.933106691
1778287_at,3.520736254,3.045523588,3.202032788,3.314476442,3.5968167,3.280887155,3.139753802,3.506774429,3.200984423,3.524691879,3.510443598,3.654255057
1778288_at,9.7201607,9.873450684,9.875035441,9.770010061,9.720636823,9.624985886,9.603027197,9.795889574,10.2436607,10.49353315,10.58024958,10.56658416
1778290_at,10.19036737,9.997031039,10.28874074,10.66142955,10.67614198,10.71519701,10.15194608,9.87828206,10.08935507,10.47440314,10.67088796,10.63928795
1778291_at,9.957629805,9.590856309,9.556379541,9.476990971,9.573411407,9.614971257,9.821271266,9.726791782,9.930339412,9.924934241,9.930109248,9.890293053
1778293_at,7.294678875,6.853472014,8.263262656,7.595176336,8.090421272,7.788981033,7.488135728,6.167081011,8.020373475,7.886784789,8.181549205,8.382248512
1778295_at,8.940720599,9.072540239,9.237023996,9.036737423,8.928086665,8.865337603,8.919222123,8.930663193,8.85446712,8.584102205,8.284887205,8.224692613
1778296_at,8.796613834,7.577456746,7.783548709,8.145406883,8.576878149,8.676084951,8.754384703,8.242444166,7.47959538,6.546816298,5.871333554,5.675430844
1778299_at,10.73522109,10.51621305,10.61925954,10.52078815,10.60092801,10.48524338,10.62096086,10.33463279,10.20667529,10.50704509,10.62960189,10.74806854
1778300_at,9.703093419,10.35285105,9.723744489,9.457959532,9.471266681,9.474652586,9.668331716,10.14397082,10.58444065,10.51878308,10.34160641,10.19917541
1778303_at,13.13183353,13.04294538,12.96333616,12.94091384,13.00930743,13.09021473,13.06427251,13.06185765,12.91871187,12.59217517,12.17608794,12.0900852
1778304_at,7.394361336,8.158756296,8.369348523,8.106081346,7.866315717,7.635171649,7.303286417,8.001095931,8.937435277,9.317688251,9.487448742,9.679602546
1778305_at,8.457187288,8.370210721,8.319013695,8.200592389,8.147315361,8.136213329,8.703130132,8.889060418,8.686131615,8.30452833,8.157655017,8.001750614
1778306_at,11.25612584,11.2354019,11.42773053,11.17718951,11.1090547,11.18849873,11.4581492,11.3877946,11.63502926,11.83006126,11.68270793,11.39382792
1778308_at,9.733158133,9.350697526,9.343996095,9.410707268,9.390751259,9.553644144,9.775682903,9.925832644,10.19341103,10.40174838,10.53055173,10.54535899
1778312_at,9.043932541,10.32033725,8.25445823,8.764143685,9.670145596,9.982785734,9.209061734,11.13215349,8.709342129,8.668265676,9.571250842,10.61661843
1778315_at,11.54227331,11.1647191,10.62356583,10.75007143,10.94994457,11.13254108,11.43107551,11.16050694,10.50876933,9.647218217,9.436098044,9.546389474
1778316_at,10.42461515,10.89381701,10.92024619,10.44690213,10.40330899,10.33092822,10.3761826,10.82346304,11.30970105,11.43844311,11.58823265,11.59227626
1778317_at,9.508331359,9.303638186,9.168645466,9.275876127,9.321017194,9.39786803,9.488608655,9.009927664,8.600610043,8.614566023,8.583570135,8.522899186
1778319_at,8.740820555,6.347622276,7.351033895,7.774776948,8.38840615,8.547109847,8.58818489,7.712670641,6.714203513,5.029875005,4.744793578,4.551378901
1778320_at,7.967389504,7.439696848,7.546344059,7.541177046,7.659205156,7.694189164,7.970366863,7.289009996,7.323877211,7.109323513,6.891829375,6.895401588
1778322_at,11.08765406,10.55548854,10.16739112,10.39087329,10.53730364,10.77109398,11.07521173,10.79795435,9.952744213,9.398432074,9.329425883,9.334028746
1778323_at,9.980331753,8.261819674,8.32957453,8.92740496,9.195462352,9.616828201,9.963046653,8.856280779,7.681358915,7.400330054,7.63934854,7.785664807
1778325_at,11.96921587,12.07791549,11.85285224,11.260495,12.02911545,12.23302833,12.01893516,12.55048618,12.10902048,10.53584007,9.578266441,9.132006933
1778327_at,11.12908177,10.96772164,10.58443369,10.64868002,10.86466902,11.01685214,10.99109724,10.81662694,10.25296325,9.486633064,9.342881481,9.352725215
1778328_at,12.10366335,12.13222327,11.94746194,12.02500486,12.11789334,12.18154293,12.03521089,11.80313522,11.30183577,10.83996147,10.82348629,11.18221819
1778330_at,9.782687685,10.28254563,10.31701315,10.22990075,10.09820309,9.991120683,9.743561375,9.707538971,9.813218327,10.05864298,10.24321221,10.50036477
1778331_at,7.584336344,6.700707421,7.023626071,7.132311277,7.37994112,7.588055662,7.756120628,7.175965824,6.677510998,6.039631151,5.684750077,5.484377227
1778332_at,10.39487467,10.05498913,9.861979007,10.05475622,10.1365218,10.28021927,10.36842285,10.13760921,9.737483265,9.473848511,9.411931606,9.385428384
1778334_at,2.665215186,2.698108162,2.94720318,2.646637476,2.317772664,2.728546172,2.654016705,2.590545745,2.627914575,2.584944667,2.534289103,2.811200756
1778335_at,10.72537946,10.44224976,10.84876729,10.64274638,10.49414772,10.54000327,10.69925686,10.25477624,9.981873022,10.00300637,9.97060907,9.805754063
1778344_at,8.892100205,9.919359758,10.05924512,9.196804166,9.107868474,8.932101547,8.697430083,10.14257517,10.48287159,10.25293067,10.25006329,10.65160899
1778345_at,7.649050597,7.46476127,7.720566215,7.529757186,7.680071727,7.730895873,7.856036719,7.787495041,8.264438452,7.8848068,8.042826108,8.074056674
1778347_at,11.95635349,11.20142203,9.884221761,10.85793497,11.12214873,11.44269519,11.75392186,11.56508847,10.34398641,8.87963384,8.735668808,9.233669726
1778348_at,9.554206696,9.403425067,9.490191954,9.378682674,9.431748252,9.479248622,9.548726192,9.612031466,9.739420636,9.846437406,9.842042039,10.10611721
1778350_at,9.566526949,9.835933208,10.32206661,9.928348732,9.75416194,9.587853846,9.562694348,9.603754701,9.891230451,9.635083312,9.173562271,9.103907607
1778351_at,8.52438392,8.414380545,8.620497185,8.279647465,8.468100343,8.527478627,8.651897332,8.842176093,9.014397474,8.855220897,8.741234152,8.610776651
1778352_at,9.251157791,9.295204461,9.121688777,8.931395113,9.050360142,8.911242599,9.196597483,9.634114871,10.06775374,10.06560647,9.891074233,9.868575173
1778354_at,7.583199457,7.498683435,7.522193276,7.813661806,7.845187782,7.722784677,7.247654731,7.34716124,7.500846585,7.546403789,7.656133019,7.815517052
1778355_at,10.40059611,9.909566833,10.3213471,9.991051589,9.740750461,9.637348092,10.24111327,10.50704633,10.92383474,10.47756152,10.41817954,10.28483761
1778357_at,8.95786697,8.726082782,8.943182366,8.475142526,7.925294478,7.72579262,8.850372126,9.145444112,9.425035775,9.379604107,9.005919933,8.783885118
1778358_at,4.011860755,3.767241476,3.561976712,3.954697629,4.042599432,4.397025532,4.055236136,4.106660301,3.977826984,3.904202347,3.942272763,4.24807545
1778359_at,11.57840505,11.04339718,11.19124215,11.37179458,11.67020854,11.63234056,11.592003,10.52000304,8.221827864,10.53363718,10.53844398,9.485452181
1778360_at,8.799807601,8.437837262,8.293983208,8.134195208,8.209089476,8.268860682,8.84607506,8.45762994,8.239627642,7.948146499,7.856699154,7.655277505
1778363_at,8.504697282,7.898322769,7.752030976,8.212419088,8.374302473,8.521469164,8.541699619,8.564239868,8.32297161,8.589729353,8.659779367,8.6578594
1778364_at,6.514763666,4.530113268,4.568389103,5.316664784,5.414497802,5.89276597,6.735286412,5.00146867,4.268451047,4.355526299,4.684003088,4.812754393
1778367_at,10.43715016,10.32501512,10.3708477,10.6120932,10.73820651,10.73926715,10.3332297,10.1735917,9.963962766,9.865405307,10.19611295,10.38307976
1778368_at,9.084523738,7.484908981,8.326480579,8.184565706,8.528596414,8.596683526,9.108140497,8.0893404,7.868422856,6.90948105,6.192344478,6.124553219
1778371_at,10.41325566,10.89008832,11.46871952,11.21968379,10.87678136,10.61915965,10.43190616,10.76469638,11.36437629,11.56855116,11.64966537,11.62498965
1778374_at,7.798577214,8.708879167,8.741130374,8.413465249,8.392308363,8.159467288,7.706936914,8.813016726,9.809913526,10.32822596,10.47863457,10.51813285
1778375_at,6.619337851,7.736289272,8.209968899,6.745408302,7.247282513,7.485326601,6.902124457,8.048301886,8.969830545,8.877058856,8.959061092,8.92583814
1778380_at,3.975703084,7.160184578,4.885006512,4.470809687,4.172887979,3.883269483,4.353073914,5.075525137,4.541450227,4.52040065,4.891580829,4.755102743
1778381_at,8.816111025,7.702850896,7.788660275,8.005293256,8.322184129,8.481488884,8.755424896,8.258166097,7.740014762,7.594470867,7.457078734,7.572874561
1778383_at,11.89622723,11.82728483,11.95898596,11.75234579,11.57171963,11.62296806,11.89042628,11.87945272,12.0266653,12.0112801,12.03256955,12.04522295
1778384_at,8.769027712,8.656974506,9.023602322,9.074672795,8.970375686,8.799657305,8.752450512,8.769457775,9.111273294,9.586067667,9.68537954,9.558303594
1778389_at,7.723736877,7.535784265,7.725875222,7.524441095,7.427470318,7.232139267,7.836371928,7.863428099,8.257486303,8.547017812,8.706036163,8.874533314
1778391_at,3.493969075,5.938462242,4.741312949,3.445500076,3.106383937,3.299060252,4.038527597,4.059611203,4.166285763,4.006701707,3.277109144,3.688163762
1778392_at,8.316888966,8.103621695,8.258141489,8.121044954,8.211271403,8.191976384,8.318539387,8.271711911,8.553666543,8.542974918,8.638027688,8.73133781
1778395_at,8.513473754,8.301591691,8.536602448,8.253956495,8.231776232,8.317359722,8.67172713,8.565006089,8.956669503,9.335323743,9.658117707,9.870360611
1778398_at,8.722878843,8.590775821,9.020527301,9.118044878,9.038830256,8.86322703,8.63288059,8.553709478,8.698164836,8.598935767,8.380934641,8.285700746
1778399_at,7.721235946,7.731976805,8.161980224,7.861803182,7.505533658,7.326730215,7.587106487,7.408081327,7.990661771,8.366777762,8.517892992,8.838806639
1778400_at,9.542160922,9.171941912,8.817920335,9.218839607,9.333627359,9.444950421,9.590256525,9.259374566,9.102439374,8.969081209,9.198485658,9.395215271
1778401_at,8.313648988,7.917785956,7.878461911,7.843416212,8.104767261,8.198909175,8.279321057,8.353198994,8.711444895,8.937850007,9.029928579,9.078507214
1778403_at,9.744422508,9.61863322,9.583762571,9.648311335,9.726236397,9.622835252,9.787864068,9.690457049,9.691396642,9.761569328,9.717193962,9.488415067
1778404_at,4.032449654,4.116829486,3.565823342,3.942586925,4.126205956,4.342942199,4.097777861,3.816630152,3.545142694,3.385315275,3.205529122,3.596225783
1778405_at,9.177250582,8.923277102,9.085884682,9.065581662,8.907950739,8.979786319,9.18395666,9.168577267,9.309061799,9.374518257,9.507171266,9.653645918
1778406_at,9.454078324,9.725402036,9.907624204,9.711758014,9.637631911,9.499787864,9.646553806,9.868316577,10.27816221,10.43635656,10.2699049,9.874933593
1778408_at,4.753774656,4.052562603,4.38568498,4.526338209,4.475221963,4.989966143,4.85957786,4.524498965,4.505172322,4.198781254,4.575381422,4.251128515
1778409_at,10.15079098,10.76632102,10.48524085,9.949036116,9.838553748,9.851739304,10.10686623,10.71812361,11.09423293,11.10165554,11.1427284,11.30212822
1778412_at,11.54193164,11.41043703,11.48606807,11.61038987,11.68771286,11.63840765,11.61457402,11.431607,11.05121957,10.95209603,10.87088629,10.76962832
1778414_at,9.961971397,9.672086161,9.602372224,9.867699412,9.854137285,9.908391259,9.939438923,9.856193941,10.02086131,10.11484909,10.48226577,10.62348892
1778416_at,9.403352259,9.279654337,9.017928024,9.188827447,9.149352305,9.243296322,9.40300263,9.326950988,9.119391772,9.08502572,9.30154208,9.313825793
1778418_at,8.089754626,8.028936367,8.132444371,8.063257129,7.935818688,7.960846378,8.167898042,8.35660378,8.741222238,9.078128478,9.11548648,8.869922817
1778420_at,11.26484613,11.01232225,10.94167431,10.99644457,11.16649258,11.17535308,11.31193584,11.02286096,10.66349204,10.41304908,10.66771602,10.39854834
1778423_at,11.33888726,10.5689105,9.988090552,10.37889016,10.61333884,10.90519359,11.2652208,10.75738333,9.587555812,9.0871796,8.952306588,9.147519978
1778425_at,11.20465277,11.3514854,11.76860204,11.62228018,11.42553401,11.34823698,11.23151374,11.22172625,11.46475209,11.46562685,11.45762298,11.37687804
1778426_s_at,12.071205,11.94715802,11.59402173,11.89617044,11.85529751,11.97518437,12.01978584,11.4435156,11.38777066,11.67262239,11.72701701,12.07896735
1778428_at,11.87153625,11.84403658,11.92286658,11.68718915,11.62242813,11.68356031,11.91927461,12.04645662,12.29533126,12.33916293,12.32434163,12.31942764
1778433_at,7.091996439,6.299590571,6.422357087,6.780535475,7.019866939,7.247798387,7.296709084,6.838448413,6.36481979,6.260772974,6.302133948,6.002530789
1778434_at,7.939629963,8.235316447,8.31033898,7.879909409,7.783135002,7.734462603,7.783328802,8.017026666,8.426656469,8.608170553,8.116885678,7.712670641
1778437_at,8.257764713,8.942480111,9.714187419,9.558237994,9.4737214,9.173007009,8.344874356,8.589237549,9.490228325,10.08761724,9.979542833,9.438460055
1778439_at,12.7104271,12.56540309,12.55330875,12.52337331,12.60575958,12.64302395,12.56209886,12.52629952,12.22691156,11.53359214,11.07626459,11.33189417
1778440_at,9.395757362,10.18922412,10.78315176,10.55913431,10.28743357,10.01681919,9.309736145,9.717182507,10.40213916,10.82553326,10.8806387,10.94013896
1778442_at,8.223700323,8.081392512,8.312180377,8.304933565,8.327397185,8.315711979,8.44810649,8.530368611,9.088189604,9.399013436,9.566340998,9.450690866
1778444_at,7.558030491,7.693579092,7.832258133,7.623174118,7.636361922,7.388269357,8.02252638,8.24585852,8.377111197,8.631245681,8.574357194,8.673188251
1778446_at,9.513604342,8.713458294,9.139297564,9.459931347,9.33280513,9.521019834,9.616348446,9.318952074,9.125505585,8.923063697,8.849119726,8.887538119
1778450_at,9.918483767,9.925948508,9.822897802,9.817015572,9.804455674,9.807271641,10.05170678,9.737928405,9.478306274,9.464028126,9.683762327,9.608747163
1778451_s_at,12.81974519,12.79615443,12.69775703,12.73573878,12.74786807,12.7952849,12.72351668,12.72504532,12.67067839,11.97872755,11.64794721,11.8282563
1778452_at,8.675008892,8.789777957,9.219734832,9.149968077,8.921416884,8.863594132,8.569661276,8.384562774,8.575765083,8.615566897,8.446857717,8.312195016
1778453_s_at,6.755720131,6.762807701,6.597678307,6.738222704,6.870958123,7.01109911,6.585637505,6.27345402,5.970099809,5.628652512,5.92412625,6.178454656
1778458_at,11.20284405,11.10983853,11.24317419,11.46356683,11.44845126,11.32107077,11.23397882,11.17337788,11.38213288,11.47275028,11.75372474,11.86120302
1778462_at,5.170790796,4.604153025,4.672171402,4.685944152,4.783970662,5.187906784,5.568790845,5.9293859,5.600095033,4.885340551,4.752803879,4.994781621
1778470_at,10.2473899,9.882893941,10.04601563,9.892578148,9.941023938,9.981323592,10.28372514,10.29372352,10.44695607,10.27596577,10.33338017,10.28091773
1778472_at,11.06348535,10.97143756,11.07667092,10.9914568,10.94007308,10.97834447,11.20453163,11.06760964,11.06798558,11.05764532,11.07892843,11.03690349
1778473_at,9.888255858,9.287294185,9.392367644,9.66683442,10.01881112,10.20530969,9.907514928,9.693513592,8.999880519,8.856129546,8.784772054,9.023875009
1778474_at,6.653020909,6.7072526,7.414313751,7.206621296,7.115230753,6.79369807,7.029405188,6.917992091,7.519467277,7.820312275,7.996290683,8.076036427
1778475_at,6.078633083,8.3988898,6.835961278,6.203683839,6.469947683,6.110292768,6.031959318,6.888298424,7.116788757,7.636501283,7.78530838,7.946460054
1778477_at,10.25166525,10.27840479,10.13198018,10.21176035,10.0586941,10.13158164,10.13612713,10.00322823,9.892879668,9.797368163,9.605055138,9.706876931
1778479_at,6.82787259,6.300316898,7.041943356,7.600390787,8.240328512,8.793297879,6.848957359,7.390951502,7.505451105,7.080667167,6.556820779,6.849058758
1778481_at,12.91813728,12.85109647,12.87689604,12.80305328,12.86428143,12.87046507,12.90076963,12.9249246,12.93033587,12.79294893,12.65245209,12.53359632
1778483_at,7.682219332,8.540208977,7.815935292,7.461288508,7.508402432,7.697154867,7.706063692,7.856424793,8.029539394,8.136828048,8.267918106,8.40188825
1778485_at,8.131753001,8.21572945,8.548088957,8.849133245,9.054259566,8.936182708,8.135877005,8.106424731,8.338908579,8.756500814,8.9691663,8.859975834
1778486_at,11.75244617,11.67834683,11.65164826,11.67863828,11.86899711,11.85850723,11.9414527,11.65360087,11.14036919,10.49618497,9.60691716,8.679683771
1778487_at,11.01616114,9.68558369,9.304180429,9.930880399,10.18858901,10.48138157,10.97169464,9.745192721,8.216117773,7.894124926,8.008959043,8.475427385
1778488_at,9.270985656,9.010432017,9.077359289,9.046990428,8.960953638,8.93036145,9.278060124,8.81533664,8.702067621,8.674575701,8.453221008,8.27609454
1778491_at,8.979829192,7.89690836,7.677782587,8.666002215,8.716324716,9.029492958,9.041787281,8.471336558,7.567764395,7.31206745,7.556824478,7.933747827
1778492_at,9.286841282,9.08646732,8.83233067,9.129083094,9.275839032,9.336782365,9.126991825,9.080651138,8.8500301,8.736822449,8.68974264,8.640089647
1778493_at,8.299532399,7.86917554,8.182911832,8.364149171,8.31749333,8.298348884,8.505575648,8.266103525,8.411988924,8.745733593,9.030329444,9.08190826
1778494_at,9.289418069,9.108773451,9.227751788,9.252123456,9.264187996,9.17414581,9.381514982,9.591567687,9.767424006,10.02843161,10.12877402,9.961534178
1778495_at,11.53770774,11.54669296,11.62690893,11.45499077,11.44676252,11.399124,11.51858147,11.6172652,11.79592688,11.63777056,11.52977118,11.35759565
1778496_at,9.164236146,8.763654751,8.937680971,8.925610554,8.992761496,8.894375849,9.260768832,8.860700744,8.78422461,8.981513612,8.897303859,8.879479925
1778498_at,10.05904543,10.9854885,11.55042199,11.4362813,11.24241745,11.0334048,10.33829031,10.79607117,11.59675838,12.02992345,12.09788185,11.99929072
1778499_at,8.16264959,7.631561327,7.654196459,7.898211292,8.006264259,8.053489424,8.219061882,8.188763938,8.148764638,7.692347555,7.541852148,7.477040309
1778500_at,8.366508545,8.40310505,8.794569391,8.706869259,8.588340386,8.546123002,8.612331184,8.188007537,8.357045693,8.40345866,8.046515754,7.776473781
1778501_at,7.685773311,7.98936895,8.698919562,8.642675099,8.613852673,8.295717446,7.690072681,8.381372896,9.321660596,9.998448171,10.25297734,10.32251002
1778503_at,12.31889202,12.19621161,12.12062993,12.24064634,12.26947374,12.36236514,12.41172442,12.18103484,11.33872898,10.53321525,10.25946873,10.32759237
1778504_at,12.18379691,12.05325854,12.00049109,12.05527357,12.18697183,12.17264546,12.19409073,12.11540566,12.25321008,12.35274642,12.41406544,12.32376436
1778507_at,9.074420387,9.263318231,9.205763517,9.152565578,9.017371545,9.015945532,9.061462012,9.305353267,9.575321525,9.756897013,9.787084302,9.680658719
1778508_at,9.473323357,6.833762033,7.340936915,8.427752653,8.744645898,9.136398502,9.473409912,7.61302241,6.375522826,6.429423522,6.509357798,6.91859759
1778510_at,8.500696157,8.510243679,8.237986207,8.0971874,8.104516024,8.116739345,8.398352742,8.609116776,8.77686992,8.813887559,8.811976859,8.754478884
1778512_at,11.44473893,11.19733782,10.91415155,10.90396032,10.92925548,11.10539501,11.31946057,11.07194854,10.50234515,9.772672735,9.302183275,9.291204302
1778514_at,6.606405971,6.6356543,6.718450256,6.411719723,6.511733919,6.467358026,6.812169176,6.465027743,6.402657684,6.469802378,6.488490743,6.335019926
1778515_at,7.815699705,8.298594949,8.155990313,7.882261242,7.987856421,7.879145892,7.938772459,7.674482153,7.959455585,8.159516342,7.968591999,7.81078682
1778516_at,6.256497158,6.587429911,6.92604946,6.512096008,6.394876036,6.197255019,6.537314996,6.578784524,6.769274805,6.836525709,6.786963028,6.527079674
1778518_at,5.854716547,6.113426991,6.76648911,6.934284501,6.790060241,6.949542761,6.041524598,6.159877759,6.347622276,6.408196982,6.833154288,6.651905169
1778519_at,9.091736675,9.098786238,8.957198261,8.783304159,8.720919038,8.789252166,9.103980677,9.241457405,9.686011797,9.760246293,9.75922173,9.830165748
1778520_at,8.159315973,8.05677184,8.154916287,8.169050661,8.212456366,8.147298141,8.278537025,8.174020121,8.160811776,8.243421518,8.076184146,7.874510471
1778524_at,8.53714394,8.233725124,8.354708758,8.327646431,8.49506711,8.466302291,8.635174844,8.590353323,8.389376317,8.251990277,7.949341178,7.840384873
1778527_at,9.980883106,10.5283846,10.59088686,10.31322047,10.41470731,10.24726005,9.954922158,10.01406455,10.23055992,10.47521797,10.35146425,10.3513702
1778532_at,12.80243784,13.25915036,13.4597974,13.45434468,13.22906979,12.99299774,12.90717258,13.24895853,13.48538687,13.53628312,13.52625747,13.55584042
1778536_at,6.928408434,6.659712867,6.543475958,6.744175178,6.615541199,6.749424526,6.910687751,7.129729955,7.409525115,7.598656152,7.576544611,7.640852251
1778537_at,3.072181057,2.864348199,2.730278205,2.923245866,2.985050112,2.882968952,2.887628696,3.077068976,2.735916999,2.937225099,2.629732851,3.052455927
1778541_at,8.481457341,7.852048783,7.893342691,7.922431154,7.411777124,7.954018695,8.419727716,8.372223283,7.955403654,6.766007522,6.048739798,5.784931039
1778542_at,6.942559302,5.441454441,5.555229909,6.122829055,6.592486569,6.78565094,6.958193711,5.807104741,5.438967601,5.521573675,5.855638056,6.366907947
1778544_at,11.62802125,11.30137197,11.59393879,11.73019399,11.75739871,11.81126644,11.53947129,10.72161414,9.71983902,9.61301657,9.620251326,9.562726165
1778545_at,5.841827683,6.430529087,7.291746752,7.706927993,7.806223141,7.476702642,5.813689282,6.194268334,6.788175203,7.495355802,7.783542078,7.776669889
1778546_at,7.682044644,7.233567998,7.339745151,7.18529952,7.373208876,7.585254425,7.718891665,7.607979852,7.555480712,7.663647705,7.770553421,7.815447693
1778548_at,8.733294373,8.20006315,8.182522803,8.342998587,8.333095186,8.525274105,8.711446767,8.47277565,8.617295695,8.989914848,9.280069724,9.387468588
1778550_at,7.931009526,8.038689143,6.441353325,6.602668803,6.398193996,6.6548972,7.730032509,7.430843744,6.720911554,6.046263344,5.788757455,5.005661938
1778552_at,7.054055476,7.792821974,7.738827526,7.320732332,7.170442617,7.178457883,7.060740175,7.525904208,7.854479153,7.816702631,7.710702726,7.81201589
1778555_at,12.06544246,12.02934127,11.97273577,12.03690717,12.08051789,12.08254281,12.13223439,12.06177851,12.07881958,12.22792301,12.28446078,12.22726156
1778556_at,5.142551407,5.130052284,5.31421699,4.909705407,5.034650342,4.831480465,5.628171156,4.617667754,4.733396852,4.819750248,5.301291666,5.164512362
1778557_at,11.94843282,12.07940841,12.36989834,12.14764844,11.87588533,11.6868877,11.94581722,12.18467199,12.64260765,12.80283474,12.8328176,12.89953844
1778560_s_at,12.98522808,12.97304662,12.91294655,12.96578169,12.9679757,13.01134674,12.94118549,12.98522808,12.92504047,12.52147651,12.2548295,12.36246466
1778561_at,9.11155397,9.373451268,9.453629019,9.37055675,9.283270615,9.078490904,9.203116223,9.412977494,9.770571224,10.10618931,10.14036931,9.986603358
1778563_at,8.643990426,8.076253327,7.424903352,7.622605918,8.194546693,8.545231902,8.436291336,8.249393034,8.220882362,8.38048585,8.485932169,9.497116037
1778564_at,9.929572055,10.15566551,9.490836604,9.513762408,9.278172631,9.588236588,10.00192196,10.0042498,8.950859765,7.783235499,7.156718137,7.19498626
1778565_at,2.57799586,2.531116979,2.828400263,2.792630839,2.545213618,2.961337188,2.696158754,2.704995955,2.921554329,2.783035028,2.753570821,2.78142984
1778566_at,10.357556,10.4863687,10.8525418,10.65850196,10.40950294,10.35924883,10.25274913,10.28141452,10.41426687,10.2672307,9.896617525,9.875617814
1778567_at,9.648284206,9.217976494,9.333885765,9.299368151,9.473476262,9.613937495,9.793146823,9.254095403,8.597247934,8.127672231,7.901397972,7.496954123
1778568_at,9.959613882,10.06413387,10.13258977,10.11000763,9.913390614,9.929716837,9.960077295,10.05537697,10.35555763,10.4871293,10.33746869,10.10841374
1778569_at,2.462548031,2.371704157,2.255955704,2.317932849,2.257222644,2.404226704,2.336882294,2.338570337,2.631107009,2.288418944,2.329426251,2.533346118
1778570_at,13.29559385,13.32824082,13.3586678,13.34259692,13.33513978,13.25814309,13.27132997,13.27641918,13.25725804,13.33418682,13.21704538,13.20075881
1778571_at,8.067768845,8.094742528,8.077825839,7.667792733,7.611060343,7.407748195,8.140008631,7.978887846,8.147120141,8.251844949,8.229353464,8.265949454
1778573_at,12.47685141,12.38704263,12.17556582,12.05879035,12.23966723,12.25241256,12.50574256,12.41033685,12.25746229,11.67421713,11.70137143,11.78540998
1778574_at,8.479424015,7.80393721,7.911856575,8.096273496,8.229600828,8.304067972,8.518027843,8.434355649,8.469726808,8.744711919,8.700223128,8.715537557
1778577_at,11.77578015,11.68843169,11.69210978,11.8711498,11.7365517,11.77962375,11.66243199,11.61023306,11.21531925,10.95447911,10.4850117,10.52635664
1778578_at,8.573025485,9.150484625,9.527808322,9.041678761,8.74630454,8.666516498,8.549628643,9.281301798,9.991662221,10.39986717,10.54952238,10.74774502
1778583_at,8.958613277,10.1591768,9.635567597,8.928750121,8.889133051,8.836553629,8.992772562,9.299603175,9.559417024,9.440699871,9.293011885,8.882663159
1778585_at,2.8417849,3.149771594,3.000926013,2.923604716,2.878496248,2.76307416,3.182366577,3.087235988,3.260504011,3.001217246,2.987541829,2.798453008
1778588_at,11.67508158,11.54634188,11.52923004,11.5917644,11.5530331,11.56891653,11.75102489,11.48218824,11.38479744,11.21594742,11.20591485,11.21847498
1778591_at,11.26843537,10.70680548,11.17529346,11.26705306,10.98795625,10.81981402,11.20111889,11.03680806,10.4392467,10.20966578,9.624301808,9.26640635
1778592_at,12.595823,12.56396079,12.37939543,12.29877864,12.4619186,12.5527983,12.48204037,12.46080133,11.87446761,10.64590236,10.37777544,10.8083446
1778593_at,2.784897361,2.660868693,2.465205456,2.704869772,2.610801391,2.585260233,2.773148751,2.720711037,2.771197887,2.887040476,2.755563869,2.58634037
1778594_at,9.684694695,8.901729182,9.090530204,9.409368356,9.471367008,9.589995555,9.643522611,9.412064834,9.325634195,9.303293942,9.206446733,9.122976223
1778597_at,7.398238129,8.176008244,8.201535259,7.950920651,7.945996165,7.833357569,7.614780962,7.867729255,8.050568679,8.188580826,7.848756957,7.809726386
1778598_at,9.540773651,9.13891441,8.929774658,9.050866598,9.13266635,9.263349637,9.606600949,9.27850573,8.640366665,8.489313637,8.318219266,8.266262924
1778599_at,10.89938201,11.23118872,11.83273348,11.92106432,11.82259819,11.67217903,10.91616291,10.90668731,11.33884989,12.08283668,12.13818744,12.02576093
1778601_at,8.93606909,9.556411229,10.16396445,9.650868805,9.320539447,9.356660186,8.868136488,9.375760618,9.860501329,9.85601132,9.575663861,9.55445751
1778604_at,8.094187947,9.582883553,9.822990143,9.480800178,9.307115377,8.792200419,8.248411005,9.2097763,10.30516584,11.04580911,11.15245654,10.93598663
1778606_at,9.6094949,9.467987673,9.454405421,9.421287799,9.441392746,9.351207887,9.647082138,9.524773227,9.613060508,9.864764386,9.938327561,9.844746708
1778608_at,7.046661446,7.209798564,7.197397981,6.748750239,6.839399695,7.012369319,7.040697954,6.999536254,7.257294059,7.064412879,7.025126029,6.65579708
1778611_at,12.71668106,12.64714454,12.46518659,12.34587991,12.44689885,12.54130338,12.74893579,12.79983427,12.72717088,12.46118916,12.27590777,12.00560264
1778612_at,9.371707483,9.644494834,9.908174141,9.903114982,9.843172156,9.621813504,9.455670156,9.347058844,9.689408806,10.07273928,9.994618686,9.957978739
1778613_at,9.990314431,10.10699504,10.41836829,10.45449125,10.31132837,10.39990119,9.838522843,9.631669788,9.666572806,9.530629978,9.23928922,9.320310766
1778617_at,6.359276829,6.303348003,6.423817108,6.12374984,6.118589133,6.125431393,6.405782233,6.305408181,6.328301849,6.16336303,5.868382515,5.596751613
1778620_at,3.178642405,3.464617611,3.181436908,3.169896556,2.92732456,3.487528853,3.75671698,3.835577331,3.724056519,3.082545027,3.201682846,3.43178318
1778622_at,6.297050842,6.032508805,6.408262629,6.822626148,6.858373759,6.884550447,6.166895351,6.129287717,6.273125839,6.619105196,6.452928428,6.337361959
1778623_at,7.60192589,7.388792197,7.599197175,7.507509728,7.33048068,7.326617201,7.694418337,7.409156883,7.965423861,8.337780926,8.853781934,8.80849516
1778624_at,11.41097622,11.26513571,11.40038202,11.46175475,11.38290129,11.29144321,11.38347342,11.38182973,11.65881585,11.80661153,11.95129018,11.99612446
1778627_at,10.63995858,10.46942155,10.40831221,10.30699267,10.22180024,10.32183357,10.61888512,10.75008765,10.86952995,10.79799796,10.66366449,10.68475028
1778632_at,8.237309917,8.55594733,9.243572025,8.295066902,8.319487801,8.029722529,8.18262281,8.160876861,8.214111669,9.660033135,9.932117909,9.447815173
1778633_at,8.217892374,8.4214203,8.432166991,8.18322828,8.203793385,8.026713269,8.221757439,8.270286194,8.426204092,8.606270028,8.454180334,8.245230055
1778638_at,8.608055874,8.914431861,8.859815576,8.615760028,8.684045456,8.65205921,8.640496313,8.861048624,9.079407358,9.133564586,9.138952557,9.184687536
1778641_at,8.358348214,7.317545673,7.530668191,7.683409493,7.863661373,8.152459183,8.230495745,7.819373422,8.045264731,8.104869591,8.145524589,8.099467847
1778644_at,4.25156471,4.223716595,4.835520643,4.592935731,4.7219265,4.578384146,4.311946825,4.02897357,4.862118966,5.476971857,5.585590188,5.544275198
1778645_at,9.687440428,9.667166676,9.811903603,9.707416567,9.669755776,9.571427302,9.755366129,9.755366129,9.76736769,9.834727438,9.999563141,9.940728388
1778649_at,2.71334897,2.533729208,2.760778223,2.455449981,2.680883682,3.003985802,3.074046581,2.639046634,2.722434758,2.755684135,2.851608889,2.74851873
1778651_at,12.02328305,11.75337373,11.28261613,11.59458871,11.89498468,11.91140239,12.10714329,12.06494307,11.87090452,11.34717342,11.11994187,10.84514792
1778653_at,10.61837786,9.524350914,8.599065174,9.461219805,9.895417696,10.23087793,10.70305703,10.1499796,9.116381213,8.287834315,8.455422807,8.837567855
1778654_at,12.44970455,12.24240738,12.59353449,12.31213448,12.37918816,12.39492357,12.58626857,12.38840098,11.86831316,12.0177254,12.19836426,12.17917085
1778655_at,8.474466672,9.259577156,9.554812861,8.765662209,8.561791407,8.601229325,8.62080733,9.162722711,9.565793935,9.706787804,9.585396659,9.436408019
1778656_at,5.070140733,5.922351933,6.71436291,7.028830783,7.038128253,6.75689333,4.801584396,5.512069081,6.399987859,7.181238162,7.748637126,7.90367114
1778658_at,9.755249939,10.01741748,10.0941031,9.931401755,9.862205078,9.830624616,9.766655479,9.842154872,10.1352798,10.4710184,10.77084859,10.87944228
1778659_at,11.7386999,11.79922363,12.13475203,12.3094351,12.27002716,12.19710152,11.74660742,11.70788326,11.91951251,12.23451932,12.2759413,12.49672323
1778664_at,7.893441986,7.617926933,7.59684538,7.598198847,7.59684538,7.659989482,8.040997485,7.976867456,8.493796734,8.54146715,8.44305864,8.118184331
1778665_at,9.050312608,8.775872073,8.905596775,8.921413761,9.067631326,9.136888728,9.13606844,9.034905544,9.400924007,9.912689324,10.0675087,10.00897535
1778666_at,4.018636311,4.184061455,5.16410064,5.141660458,5.236028109,4.86990048,4.202944729,4.270791061,5.542198057,6.994308066,7.532193959,7.518304512
1778668_at,5.316664784,5.010908187,5.124052457,5.564674041,5.725786764,5.691744968,5.124052457,5.175704988,5.122747751,5.519019153,5.326590094,5.600534014
1778672_at,11.45485274,11.56170944,11.92387158,12.02058214,11.83930964,11.68256186,11.39357958,11.41823275,11.70683019,12.11506601,12.05401779,12.13316429
1778673_at,12.37635719,12.34339289,12.19598831,12.15111343,12.26373991,12.33273712,12.50773802,12.51070654,12.34351195,12.20321693,11.896784,11.65073992
1778677_at,4.427539494,4.349399825,5.078284018,5.064367373,5.345650586,5.330048463,4.585438259,4.660205376,4.92413878,5.582131952,5.612268007,5.410100956
1778679_at,8.620490863,8.491135661,8.406976274,8.085803347,8.171214314,8.269456385,8.643774279,8.776753373,9.031828229,8.886430133,9.039696195,9.089766515
1778681_at,11.19810514,11.53647138,11.71791438,11.2268238,10.97497729,10.93960062,11.18067989,11.74585001,12.48316424,12.64950965,12.79276111,12.81405221
1778682_at,8.471952659,8.670626052,7.942623113,7.309788097,7.677049469,7.955756999,8.545671229,8.079124446,7.677254583,7.244555573,7.203735928,7.331022339
1778683_at,3.153196162,3.095615037,3.095615037,2.852512494,2.999449418,3.2365278,3.060800881,2.979687155,3.122975043,2.891903971,3.025137419,3.175359795
1778685_at,9.95495564,8.051559104,7.900963434,8.97388163,9.334110545,9.680261841,10.02034253,9.089482978,8.173573876,7.786763278,8.16447042,8.67900612
1778686_at,8.076125761,10.64071571,9.926836227,8.982815511,9.117626937,8.832488098,8.198150738,9.146833918,9.414391579,9.435026076,8.838266976,8.275640366
1778687_at,9.24282688,9.968200904,9.803592767,9.455541385,9.484024512,9.270797922,9.39116513,9.872953041,10.357768,10.5483167,10.79808364,10.68109985
1778689_at,8.261409604,8.577938483,8.827048386,8.783043614,8.41715283,8.530602873,8.172092073,8.236512794,8.410679305,8.004996977,7.780805236,7.716915218
1778691_at,9.700745645,9.383209382,8.97147587,8.957468133,9.080965102,9.171879604,9.535086542,9.688997896,9.575967728,9.272569953,9.236895993,9.406529355
1778692_at,9.325328702,8.798959444,8.770268806,8.934955857,9.014020627,8.916037515,9.333642898,8.918677079,8.621961907,8.589814114,8.605598236,8.690588285
1778695_at,9.866221919,9.787183908,9.520332309,9.716338468,9.870375846,9.982785734,9.849484839,9.887901337,9.813948242,9.785816754,9.909036777,10.15600976
1778696_at,10.9291258,10.86478267,10.87166468,10.99601739,10.98033303,10.93524811,10.87528206,10.64957434,10.51392466,10.42280369,10.50046468,10.88230982
1778697_at,9.426303978,10.07276741,10.2001933,9.737662648,9.591585033,9.329567376,9.459800004,10.08080521,10.69024048,10.91079459,10.77904502,10.50333157
1778700_at,9.319915778,9.596584232,9.776839856,9.418977927,9.256180413,9.265868681,9.319270403,9.378900102,9.771317417,9.78874974,9.784434324,9.41803639
1778702_at,12.02058921,11.75698898,11.46754778,11.46458458,11.69032464,11.72878898,12.096027,11.77734885,11.17721519,10.58305388,10.40252066,10.36769024
1778704_at,9.310029736,9.331893468,9.697411998,9.630641345,9.606797483,9.591068678,9.377081497,9.4457429,9.812724851,9.839635233,9.969251211,10.1225943
1778705_at,6.854909629,7.062784204,7.001502047,6.966799117,6.810840029,6.681831884,6.994211094,7.317322833,7.851941439,8.131483729,8.140893172,7.997095072
1778706_at,3.46206315,5.488645523,6.318483963,5.624662706,5.500585078,4.985050893,3.935845326,4.736602839,6.099249544,6.942282897,7.088190233,7.38132136
1778709_at,6.124831058,6.623118979,6.231227517,5.58962498,5.844841072,5.764092749,6.63946896,6.547010297,6.703977847,6.841234873,7.315892186,6.987401426
1778711_at,8.530035988,8.988519029,8.797884282,8.949832221,8.828284852,8.685573485,8.798420323,8.848929667,8.888553163,8.956910465,9.005121788,9.06946602
1778713_at,10.24408152,10.46655979,10.82917796,10.72194097,10.54415958,10.40728644,10.18219235,10.33596421,10.71630965,10.95160349,10.64791253,10.60838666
1778716_at,10.17979828,9.960403244,9.742412577,9.83392481,9.911304754,9.863956294,10.1735055,9.937159302,10.02728951,9.947670306,9.813859527,9.846490017
1778717_at,7.791760165,7.922322729,8.273471245,8.239787512,8.149853207,7.965423861,7.899215067,7.848931012,8.372914944,8.572038584,8.416057362,8.25000251
1778720_at,11.36168075,11.31018634,11.55523821,11.56752878,11.45901532,11.24716415,11.35004559,11.56553883,11.61989783,11.87010547,12.37914082,12.60815757
1778723_at,5.745948252,6.52519532,6.093198539,5.948855085,5.243056727,5.469206794,6.278375368,6.923080442,7.174185731,7.623222042,7.337882291,7.101106672
1778724_x_at,6.929170159,6.91860361,6.942209308,6.927227021,6.835251183,6.695303069,6.99398027,7.023845449,6.933187131,7.276559081,7.04553272,7.259155251
1778726_at,11.10721245,11.05328711,11.2155527,11.39705404,11.3802403,11.35468154,11.00070463,10.98353425,10.93881963,11.07719472,10.99350587,10.99011878
1778728_at,8.78506481,10.62176993,10.12445947,9.3888255,9.23158073,8.959264122,8.778234459,10.19111451,10.77384533,10.97234386,11.14034207,11.26382537
1778729_at,5.468063237,4.69340914,4.866209028,5.246265711,5.386725725,5.275263814,5.454107205,5.523132939,5.972463816,6.343214701,6.290631194,6.252286853
1778730_s_at,13.07046746,13.04678956,12.9902111,13.00060265,13.00784087,13.03763633,13.03044939,13.0258172,13.01019663,12.88035975,12.68731828,12.62659631
1778731_at,12.47797871,12.46642172,12.39255943,12.38148657,12.38591356,12.45423686,12.40237182,12.45997935,12.25528089,11.71635139,11.39704584,11.44515014
1778732_at,3.502663203,3.298072559,2.958340323,2.960317071,2.841436883,3.01654344,3.118850381,3.533917089,3.170073863,3.108501928,3.278535858,3.356520424
1778733_at,9.580874428,9.314335719,9.212082079,9.158031193,9.091425989,9.178252145,9.727622586,9.752509681,9.945834218,9.867874118,9.505977231,9.193311061
1778735_at,9.087104238,7.645810838,5.694378641,6.200657298,6.901281149,7.475774494,8.936665856,7.092844456,5.053221653,4.141585543,4.189917527,4.434607045
1778737_at,12.34386619,11.98466928,11.62007977,11.86118451,12.00168126,12.12954233,12.36600049,12.17110688,11.3991915,11.00929699,10.89557077,10.98039367
1778739_at,9.296564978,7.582356948,6.71578639,6.251747951,6.723016192,7.368904387,9.337216074,6.874987213,5.569550745,5.099520548,5.455517356,5.415558124
1778743_at,10.61230565,10.51621521,10.58989781,10.32436709,10.37523999,10.31538379,10.5990024,10.61761614,10.64422656,10.51217775,10.13215363,10.06305524
1778744_at,8.328318273,8.152749173,7.8848068,8.062158874,7.86069935,7.878886126,8.304850187,8.838257998,8.734140228,8.893634614,8.895033467,8.904165752
1778746_at,8.281904245,9.211840565,9.061426572,8.668985759,8.656448886,8.376172171,8.428351002,9.447996263,10.13111924,10.42281156,10.48972993,10.3781834
1778748_at,9.688435045,9.948562997,10.36623577,10.28077541,10.36816545,10.32804381,9.700513666,10.01467625,10.46263532,10.48542988,10.45614834,10.65795325
1778751_at,8.989215617,9.182922398,9.410809727,9.171639602,9.023776654,9.017641801,8.808802214,8.955250124,8.92858986,8.612623942,8.112063097,8.228357559
1778752_at,6.346008696,5.157380377,5.102267578,6.173421876,6.612111646,6.485271584,6.671562139,5.99185738,5.22891896,5.243242177,5.374841872,6.007301174
1778753_at,6.002382616,5.095461284,5.050881154,4.795638541,5.10601293,5.497928938,6.011660672,5.836335911,5.144458377,4.110093801,4.572322417,4.038664634
1778754_s_at,10.64942172,10.62581637,10.69329838,10.747721,10.81873,10.66567106,10.64804087,10.47302534,10.28768064,10.35994001,10.19052571,10.21718062
1778756_at,9.042076692,8.572035551,8.383157355,8.513747499,8.708038551,8.848704481,9.107543917,8.962684495,8.895281802,8.974269544,8.853011724,8.644182079
1778758_at,7.725701704,8.767407537,8.760272508,8.49517539,8.323734795,8.12635314,7.675219484,7.832010214,8.164689048,8.283990562,8.378430338,8.176379218
1778759_at,12.65184923,12.54561646,12.45118616,12.37170139,12.46340199,12.53992169,12.60457879,12.61381124,12.50699452,12.30112346,12.10059742,11.88714211
1778760_at,9.218353151,8.540081456,8.583201852,8.752334131,8.774602128,8.940950682,9.241061354,8.835967537,8.444067177,8.278137823,8.184578281,8.21912528
1778764_at,11.08432293,11.24619151,11.43468408,11.2587492,11.18889191,11.18622816,11.02530843,11.06070938,11.12949714,11.1317434,11.10569837,10.98621163
1778765_at,8.528210097,8.187069584,8.251086886,8.317477833,8.416329123,8.352890788,8.555308298,8.532422135,8.723701954,9.035086423,9.173101365,9.236501002
1778766_at,9.416835231,9.287012196,8.871559513,8.757116105,8.843016641,8.96746959,9.3718245,9.212344511,9.035085597,8.909121486,9.21938595,9.146959187
1778769_at,10.19586715,11.50401693,10.63556784,10.08963996,10.18727329,10.2372389,10.37909096,10.99299354,10.79870862,10.70334491,10.43128358,10.31108799
1778772_at,10.44786979,10.62920711,10.84369119,10.63132723,10.54022313,10.46223147,10.36147298,10.40591065,10.8305388,10.83960934,10.76264036,10.67432357
1778775_at,9.377454383,8.955708152,8.965071031,9.161175346,9.088304041,9.166692705,9.459376756,9.303094816,9.232515404,9.231013772,9.080071275,8.936780882
1778777_at,12.19686848,12.1311365,12.14993864,12.27674942,12.28538652,12.25167778,12.22206039,12.00375002,11.65237754,11.37911888,11.0641286,10.92909036
1778778_at,9.473247603,9.626736495,9.430629664,9.338126278,9.313270479,9.26780796,9.581266612,9.551985015,9.657604063,9.549504854,9.545605389,9.664656536
1778780_at,10.36923626,10.26516714,10.76902859,10.76720822,10.56305726,10.52826447,10.3403386,9.828058306,9.780405915,9.665814752,9.380798331,9.195182734
1778781_at,9.260136689,10.19482938,11.11325202,11.54974737,11.4903006,11.15202329,9.33343227,9.640763861,10.83494835,11.81330843,12.14235546,12.33423502
1778782_at,8.817545081,8.070000047,8.29624731,8.114231056,8.331756942,8.515066338,8.986886875,8.710090185,8.650433914,8.65108201,8.457615493,8.319591899
1778783_at,9.723761189,9.197213989,8.857015007,8.755624785,8.892353231,8.98882994,9.625921737,9.394328818,9.455583224,9.10786772,9.019438178,8.886807468
1778784_at,11.64223261,11.84070616,11.38482838,11.48343483,11.59399378,11.72002394,11.63863603,11.47565958,10.81863596,10.24152026,10.31261928,10.25976458
1778785_at,9.531924887,9.759358756,10.13417947,9.648417732,9.487229804,9.381682975,9.487325214,9.876733088,10.47723508,10.72036911,10.80692036,10.80822953
1778788_at,12.53655021,12.49984821,12.46578895,12.45384193,12.42422638,12.37504733,12.48731218,12.58650983,12.65746607,12.6974032,12.87598394,12.90412139
1778789_at,8.083613105,8.200391665,7.759472462,7.525489736,7.380039057,7.399735725,8.0590825,8.072467883,8.344929147,8.80069788,9.253389982,9.651053509
1778790_at,8.576195017,8.160412525,8.125951793,8.107046145,8.172249054,8.426701432,8.78057856,8.388675179,8.138288372,7.926181697,7.824615562,7.782140277
1778791_at,8.912683462,7.874148196,7.945786712,8.418754683,8.668339832,8.865750153,8.940317085,8.168006743,7.418731514,7.146347195,6.991881743,6.900223032
1778792_at,9.18355408,8.727621193,8.646288056,8.936240018,9.042336503,9.108056965,8.989453781,8.975191327,8.696774629,9.022541878,9.137670648,9.430374567
1778793_at,11.32733045,11.10772114,10.85540377,10.88986001,11.00014418,11.13979817,11.31078617,11.05661238,10.72420797,10.36611448,10.18459134,10.20696501
1778794_at,12.8496892,12.83951938,12.75517856,12.74463492,12.75514619,12.78313084,12.78440056,12.80051658,12.73529755,12.21889931,11.90488576,11.85427559
1778795_at,8.949447492,9.36753474,9.406667295,9.265737804,9.098033093,8.850505202,8.982169813,9.715665938,9.975668357,9.954283594,9.625815493,9.415559768
1778798_s_at,13.0098294,12.99280407,12.92364616,12.94071251,12.9480947,12.99500525,12.96915525,12.96386385,12.85668895,12.47573872,12.0883567,11.94561229
1778800_at,6.505481587,6.942917209,6.742937393,6.774312886,6.803511281,6.669042174,6.911878646,6.937651163,6.930320236,6.819317108,7.149112511,7.020196896
1778801_at,9.150865301,9.654330001,9.68350706,9.429211169,9.495896758,9.27294581,9.106426022,9.720498967,10.14347638,10.57837144,10.46269258,10.18303409
1778802_at,8.935075153,7.451712098,7.233073134,8.017852617,8.454674403,8.670156094,8.898221903,8.699089043,8.012106496,8.060242208,7.974085091,8.272660656
1778804_at,7.128745635,7.786313318,7.924316676,7.68327196,7.349140875,7.384604339,6.865476165,7.217611284,7.223302762,6.97682106,6.455150063,6.016731057
1778805_at,4.462279841,4.774379507,4.17505147,3.88948238,3.963093204,3.8334858,5.119601074,5.255719346,4.413560558,4.399862046,3.806215062,3.994012784
1778806_at,9.679616562,9.298745163,9.328534805,9.064823914,9.12976865,9.190905067,9.882360135,9.055274352,8.331389524,7.675516405,7.137074934,6.969496512
1778808_at,10.94917321,11.05203834,11.30111183,11.33646807,11.21308937,11.15261488,10.90301139,10.88012134,11.02777782,11.1731083,11.43898621,11.48919602
1778809_at,11.25898585,11.17759171,11.26553105,11.3506844,11.35711655,11.34059566,11.43182749,11.31369985,11.32267216,11.27056059,11.07530334,10.79747562
1778811_at,9.983364546,8.049189038,7.452070025,8.681604637,9.03903768,9.486041401,9.692508331,8.704928265,6.843246087,6.458544077,6.750161036,7.600443975
1778813_at,9.314327712,8.622756014,8.438163469,8.434761997,8.516110186,8.689916734,9.256106302,8.905246706,8.648832206,8.366777762,8.404875673,8.345792618
1778816_at,12.62291647,12.62189554,12.60053499,12.65635504,12.52568419,12.45210767,12.66566138,12.56707759,12.15522698,11.94702157,11.79142631,11.6955272
1778821_at,9.315948019,9.186991275,9.597428537,9.512041058,9.544260542,9.623877832,9.446954145,9.447422398,9.358716436,9.095839886,8.652676878,8.380701924
1778822_at,9.489405261,9.605293954,9.99553497,9.718996279,9.572798462,9.402701327,9.620881863,9.775983762,10.09885184,10.16461897,10.11171405,9.942873473
1778823_at,5.656426364,5.937602089,6.474812253,6.512105613,6.481848759,6.254254777,5.990055848,5.924427282,6.462705781,6.870622218,7.368906512,7.466809476
1778824_at,7.865842299,8.337212071,8.072171239,7.893001045,7.615913198,7.702788657,7.819686524,8.179655821,8.484031277,8.373935024,8.110882207,8.006677003
1778825_s_at,12.90765754,12.99289191,12.88360608,12.98267415,12.89230177,12.92554834,12.88384051,12.96130938,12.97263385,12.95894635,12.9489611,12.9870512
1778830_at,6.410797689,6.472416758,6.52519532,6.388673948,6.384065086,6.390880452,6.766706849,6.616655504,6.350917291,6.173025495,5.913389333,5.80655753
1778831_at,9.787955484,9.511638036,9.425420012,9.47203285,9.514647698,9.686342305,9.541475698,10.10307687,10.22394765,9.793865587,9.698885588,9.698250458
1778832_at,3.858392646,3.81972908,4.006739399,4.21455919,4.2468707,3.647661724,3.860052335,4.150891738,4.29850665,4.591910916,4.684992631,4.668935813
1778833_at,8.238759625,8.036880666,8.229071872,8.291621399,8.076323007,8.154080211,8.263738484,8.149381379,8.276428202,8.508727387,8.5742697,8.857199756
1778834_at,7.977245709,11.04104596,11.33501199,10.78432703,9.449018951,8.304168629,7.870101446,9.207717929,9.884293647,10.042829,10.14813935,10.19239009
1778835_at,7.873331615,7.837953154,7.270027691,7.228227048,7.398256526,7.574032453,8.11077788,7.353762921,6.795187094,6.443000282,6.43507626,6.494713281
1778838_at,8.486142231,8.38738933,8.594745772,8.487804142,8.522153629,8.417983295,8.600985474,8.612331184,8.689431486,9.021556013,9.061021973,8.897404468
1778840_at,8.622392017,7.902341012,7.8577363,7.890391268,7.857904305,8.077749013,8.468002931,8.223298094,7.601273792,7.257695452,7.049195868,6.933163052
1778842_at,9.775815945,9.481562874,9.293216888,9.291661855,9.387523116,9.525534262,9.714622383,9.581369119,9.514397702,9.443604311,9.410022973,9.397138639
1778847_at,5.105022686,5.005478533,5.413182444,5.26200428,4.868701453,4.87439053,4.999411384,5.140505812,5.490300879,5.751639389,5.901025622,6.039377168
1778850_at,9.33526806,9.056594617,9.001089784,8.852193088,9.040719746,9.168831267,9.426493248,9.053690965,9.038847749,8.696030659,8.332372302,7.954577634
1778851_at,10.05075705,9.874984083,9.88218819,9.951922723,10.1184003,10.28391464,10.07194266,10.47512728,10.78055832,10.78619417,10.73222609,10.67543733
1778852_at,3.767693787,3.488938851,3.972853002,3.937963375,3.733509733,3.592255105,3.644756012,3.95684764,4.768229664,4.973423724,5.084565497,5.030835433
1778856_at,7.75846366,8.388051063,8.961630337,8.13867522,7.886997502,7.914619294,7.812906985,8.133647115,8.449416369,8.393101044,8.040367721,7.986549118
1778857_at,8.863632594,8.421657987,8.458608713,8.51084677,7.409568161,6.872675511,8.973036159,8.571335669,7.781172088,7.504894383,7.345709757,7.088467391
1778859_at,7.281205507,7.419395374,7.396783583,7.54829285,7.486102531,7.218085234,6.98251817,7.33282353,7.654808043,8.176024971,8.479787665,8.718654705
1778861_at,7.973437362,8.216847132,8.248923146,7.94312303,7.859843525,7.870861504,8.021615809,8.425891105,8.865984055,9.12193287,9.33759049,9.193030971
1778862_s_at,10.58670934,10.32489619,10.39943316,10.53028757,10.5025417,10.5130902,10.43765354,10.52265228,10.80337663,10.91234365,10.87682783,10.77973649
1778863_at,10.02846425,10.01741748,10.24726005,10.34125699,10.40108239,10.22990444,10.02409484,9.821704866,9.843376945,9.964912235,10.07418697,10.02838017
1778865_at,11.28856692,11.18530685,10.34276017,10.43257998,10.77645168,10.9889882,11.2911808,11.02142528,10.37156755,9.813361424,9.273391159,8.780121497
1778867_at,9.356131082,8.982146783,8.924205475,8.855971694,8.911432932,8.978576418,9.282501,9.22856027,9.235665362,8.889629298,8.71460346,8.582542438
1778869_at,9.337834498,9.966295223,9.873906244,9.500837788,9.446314657,9.387998837,9.433482846,9.820622562,10.3425582,10.42142413,10.35066679,10.48428255
1778871_at,8.318260575,8.354111326,8.575618222,8.400418608,8.308820397,8.315560793,8.332597976,8.793114382,9.593209304,10.23101657,10.37056233,10.39313995
1778877_at,9.485194766,9.536444695,9.468500812,9.250591766,9.370717186,9.242010201,9.351905555,9.736345904,10.24362423,10.45568912,10.5375229,10.45388621
1778878_s_at,6.4130693,6.386941128,6.385263142,6.188144885,6.185954421,6.028367685,6.179662809,6.406744718,6.076471242,5.622417443,5.95274244,6.00234738
1778879_at,8.899168231,8.69396391,8.438805961,8.633982472,8.514949066,8.590090229,8.790291089,8.622428738,8.893684116,9.192797143,9.257427016,9.167604283
1778881_at,8.695727821,7.874653858,7.821114583,8.200463363,8.280075361,8.328953008,8.38738933,8.32754688,8.270853434,8.324635623,8.618184362,8.800639069
1778882_at,6.855113398,6.447428515,6.30882556,6.514924552,6.720758536,6.852588684,6.73273344,6.42689058,6.31966227,6.36370971,6.797314002,7.209656932
1778883_at,10.52054148,10.15813512,9.882242686,10.22553399,10.2460131,10.32502063,10.26035828,10.10406996,9.786830232,9.629536777,9.522524213,9.618337166
1778884_at,5.542388828,5.836320414,6.465106524,6.441410944,6.355427293,6.140360215,5.89220728,5.791848537,6.581206175,7.287905199,7.53953278,7.848232022
1778885_at,9.304589111,9.00051226,8.860284467,8.945595358,8.907639563,9.302496249,9.217052449,8.764674225,8.241685532,7.992368434,8.216789344,8.480851778
1778886_at,13.13072201,13.08897951,13.02071084,12.99188074,13.0591941,13.07827431,13.11703767,13.10423257,12.9465052,12.16032449,11.49607314,11.74873147
1778888_at,6.695551494,6.093859064,6.187875541,6.547939696,6.573170116,6.781664251,6.793001186,6.801214453,6.891024813,7.278252426,7.40057998,7.497087667
1778889_at,10.68374401,11.24532351,11.55331973,11.15497234,10.80326244,10.70143007,10.65459358,10.96229737,11.41123703,11.47490683,11.33513636,11.39372953
1778891_at,6.566350098,6.565878208,6.93884506,6.723779908,6.550531243,6.507573272,7.025237333,6.907975209,7.035036504,6.56421936,6.700931802,6.223419577
1778892_at,9.317188756,7.934965186,7.802677503,8.286800671,8.40850032,8.854614865,9.182610126,8.438937714,7.658470444,7.204898861,7.544719786,7.649510912
1778896_at,11.73431428,11.74398993,11.67886952,11.70220438,11.75343114,11.76133761,11.66215737,11.71753557,11.68217991,11.58256691,11.60560703,11.4956573
1778899_at,9.092643234,10.48445751,10.46331598,10.39161914,10.25903199,9.510216892,9.191274953,11.14552136,11.42893716,11.76784651,11.91334481,11.74544398
1778903_at,8.186538729,6.245563663,6.6294939,7.186867547,7.295003477,7.845428504,8.015813477,7.179810107,6.749939353,6.875740702,7.077115536,7.199088037
1778905_at,11.54948,11.74966871,11.99414971,11.65345159,11.29065491,11.32184037,11.54804219,11.86194713,12.28969492,12.51541753,12.59423405,12.62734783
1778906_at,9.65869507,9.480495813,8.836343907,9.058909995,9.206032715,9.272302727,9.521465214,9.325499823,8.659731313,8.300101603,8.252939652,8.369776233
1778907_at,6.781403035,9.535629298,11.02060514,10.75801777,10.14212033,9.319162561,7.040061917,8.358359966,10.75850519,12.03448452,12.29947561,12.10348511
1778911_at,9.979359085,10.06521984,10.14005354,10.00746609,10.07003713,10.03275311,9.93166799,10.17902141,10.41794573,10.54792625,10.54186063,10.51276929
1778912_at,11.24497932,10.41617289,9.464713682,10.34662789,10.66817095,10.94707405,11.33414999,10.68796314,9.253910241,8.049907827,8.202631545,8.41438355
1778914_at,5.004534892,5.295486785,5.091410589,5.139541691,5.076643529,5.094058304,4.924111923,5.557217702,5.719839845,5.440036226,4.741191787,5.05102928
1778915_at,6.132956796,6.552251378,6.578809192,6.386529087,6.424507851,6.117539173,6.246239539,6.305721109,6.545280336,7.015484615,7.027658367,6.924572915
1778919_at,10.39191785,8.960784153,10.23191863,10.22371861,10.45855092,10.60873615,10.4741496,10.44638964,10.1523997,9.228945459,8.651212223,8.522496415
1778920_at,3.459321955,3.944437922,3.867830889,3.883780806,3.742110914,4.055876814,3.872271683,4.278364818,3.743080314,3.821209991,3.873360612,4.078988871
1778921_at,9.368405881,8.571655547,6.975463277,7.786872006,8.119088573,8.645790664,9.243898781,8.928333459,8.077575172,7.225080734,6.719744365,6.814225041
1778925_at,7.781144962,7.861920932,7.796982884,7.710533901,7.634178279,7.667542383,7.894051933,8.018470612,8.343161273,8.485485714,8.520602765,8.312658261
1778928_s_at,12.85255358,12.84130636,12.73906651,12.75027236,12.772883,12.8175994,12.78018713,12.78684083,12.66040916,12.03367357,11.80570055,11.95917741
1778929_at,12.16016689,12.11858521,12.10236874,12.0017284,12.04687715,12.07518199,12.10428385,12.13437261,11.83919249,11.19784382,10.70201037,10.47607768
1778930_at,6.823489317,8.216847132,9.219300828,9.358832367,9.064125371,8.76357435,6.813658361,7.636714024,8.899389872,9.660724673,9.775197946,9.816868675
1778931_at,8.842909572,10.00288877,10.80494485,10.19380367,9.777131384,9.456954478,8.620525689,9.322235419,10.46042512,11.23089918,11.67155063,11.65160184
1778932_at,10.22854321,9.422448495,8.585857211,9.342050802,9.636351093,10.01181843,10.41155919,9.959933517,8.911575229,8.111605026,7.899657435,7.961678985
1778934_at,10.57847543,10.47648481,10.3380156,10.44045524,10.53188913,10.49132821,10.58456015,10.41611583,10.2360097,9.920194676,9.766977332,9.767956077
1778936_at,10.7307231,10.55647639,10.38631316,10.30793334,10.28894816,10.31473674,10.60248088,10.61264274,10.66989249,10.53947006,10.19332682,9.900980813
1778937_at,9.17333158,9.308636518,9.011144981,8.986604896,9.105794775,9.066929948,9.330551813,9.257860207,9.01289551,9.024622493,9.061687971,8.971455362
1778943_at,8.697797074,8.197020476,8.351981244,8.443030074,8.546878127,8.661555625,8.720625442,8.536946532,8.175646949,7.983271414,7.860132759,7.888824353
1778947_at,11.87921996,11.8868022,11.82177262,11.78691312,11.74996807,11.77742032,11.87089946,11.82372219,11.72935204,11.57050593,11.44736758,11.52947927
1778950_at,8.152983001,8.115544784,8.077325457,8.175189854,8.241685532,8.236944002,8.10429948,8.240917836,8.360885607,7.933089994,7.652167482,7.519818831
1778951_at,7.021769258,6.23242191,6.522238748,6.505481587,6.740545392,6.638594864,7.13256691,6.804661779,6.706450772,6.674158528,6.646559447,6.478282218
1778952_at,12.50789691,12.4260131,12.39391544,12.37179816,12.42994392,12.44117113,12.418676,12.42201269,12.22914834,11.7177381,11.46503537,11.68124504
1778953_at,9.837841447,9.797700587,10.06886983,10.1010669,10.03601782,9.879138197,9.853757214,9.584785429,9.713670842,10.02815034,9.960428546,9.983449361
1778954_at,11.37046941,11.3385835,11.29305032,11.34720126,11.4039879,11.44036435,11.36656296,11.34690664,10.95805406,10.59043947,10.48249609,10.46243946
1778955_at,9.044774302,9.104236884,9.248577083,9.103875399,8.99334466,8.997099784,9.02675519,8.781887458,9.32437573,9.56045545,9.670635922,9.795796014
1778956_at,7.621668323,8.378385402,8.241636283,7.908876865,7.982803172,7.887347875,7.813459185,8.081449322,8.413147565,8.384554362,8.225774053,8.109703759
1778958_at,7.67230825,8.012607145,8.163019086,8.104344314,7.952186346,7.867165261,7.800310161,7.550532855,7.860577521,7.858362301,7.579798092,7.369408318
1778960_at,9.932885015,8.515125081,9.606881426,9.626172414,9.54118229,9.569984221,9.843074982,8.959296409,8.569197465,8.401694453,7.90921592,7.450519287
1778961_at,9.155758439,8.845605614,9.356010031,9.45417391,9.526028755,9.532682105,9.368995909,9.354248605,9.503057226,9.859038984,9.949978523,9.927365368
1778963_at,10.3761498,9.735733033,8.890455394,9.480587379,9.718930654,9.965043552,10.32132691,10.11744198,9.661114063,9.242424139,9.178301873,9.180091645
1778966_at,11.42067304,11.48983824,11.75423608,11.74058733,11.67274699,11.5684523,11.37386295,11.49682053,11.7103463,11.98431749,12.05502625,12.0463638
1778968_at,8.949057752,10.41647718,9.356963602,8.815160313,8.921788491,8.985816905,9.178085177,10.07962166,10.309761,10.11737731,10.33333283,10.08869275
1778969_x_at,6.25463595,6.430801843,6.648299622,7.019014739,7.137179956,6.878652718,6.151561984,6.287438047,6.633462211,6.934606312,7.033221959,7.236722206
1778973_at,7.593506375,7.777405231,8.74774241,8.535246704,8.014639283,7.687556667,7.700373741,7.867707877,8.246320863,8.556337602,8.294167846,8.32314884
1778975_at,11.40050981,11.26839446,11.3664247,11.3952329,11.45810533,11.40291055,11.39955612,11.37100171,11.42994019,11.52495998,11.528885,11.57624195
1778977_at,9.512829963,9.72814638,9.834314212,9.580284959,9.649051166,9.657355762,9.522514081,9.71362145,9.923404867,9.731354478,9.378229403,9.106615529
1778979_at,9.456140433,9.995101058,10.23701626,10.02900995,9.878932136,9.905832879,9.386266797,9.449362928,9.724157389,9.730488991,9.443876682,9.469152022
1778980_at,9.947884078,8.429018199,7.98037139,8.965558021,9.244676805,9.719842783,9.966113647,9.495748834,8.080367497,7.121195454,7.206865105,7.657765401
1778982_at,8.618405507,9.085610897,8.995565128,8.797269548,8.69497597,8.657469759,8.44227449,8.981277969,9.004658061,9.445402999,9.097382542,9.295242914
1778984_at,5.661661943,5.88105298,6.105159665,6.045139225,5.925308386,6.140663153,5.969197602,6.032046856,5.992696754,6.034983357,6.217647589,6.211732881
1778988_at,11.92520494,12.02253736,12.16561839,12.32095357,12.20045616,12.020007,11.92057726,11.89873341,12.07212378,12.27616167,12.27468978,12.42377797
1778989_at,9.556843858,9.525767432,9.346560015,9.275831207,9.307743914,9.398447543,9.506516589,9.403530976,9.403589166,9.152508245,8.806885383,8.753801249
1778992_at,10.36881089,10.32582508,10.37300742,10.15323682,10.07321983,10.01741748,10.46302694,10.55566505,10.97275551,11.20284659,11.26855421,11.2373611
1778995_at,8.236501236,8.823497259,8.082512851,7.885491293,7.907516937,8.015789541,8.166960798,8.807858142,8.831228694,8.601922674,8.687448768,8.551291296
1778996_at,9.597351713,9.6849313,10.88627792,11.73204381,11.80291434,11.57085386,9.652882401,9.20196069,9.764691999,10.69440704,11.05811257,11.00643397
1778999_at,8.3725661,8.288998477,8.489724498,8.17991286,8.207353873,8.187232556,8.516202398,7.718491314,7.563871202,7.689938243,7.549869904,7.340897311
1779000_at,11.16921136,11.1145392,10.8300904,10.79365983,10.84961553,10.82154962,11.27414154,11.06080987,10.5466926,10.41156198,10.31711952,10.18996834
1779001_at,7.990020017,8.246595867,8.613252494,8.406639051,8.365904525,8.295240751,8.068557649,8.270195744,9.04387924,9.452755147,9.378359402,9.331189597
1779003_at,9.816411793,8.909286226,8.93571771,9.036001994,9.235792784,9.460380821,9.767814427,9.494782644,9.197974252,8.762312768,8.520655003,8.490241575
1779004_at,7.440906321,7.682424363,7.770147326,7.364618494,7.385189094,7.41473938,7.760155491,7.642173612,7.89197994,7.845810684,8.066433918,7.845889677
1779006_at,9.934338556,9.721638012,10.02834785,10.18238129,10.16203566,10.14957947,9.759453913,9.378907065,9.218346425,8.873872134,8.787850105,8.826511942
1779007_at,9.521231688,9.178453082,9.211669119,9.003221804,9.084644012,9.111255395,9.521658932,9.447760539,9.531099533,9.667530981,9.808927022,9.686020442
1779010_at,9.203622135,8.99560073,9.000058846,8.764857701,8.633015784,8.763807463,9.207262148,9.12764485,9.220029935,9.000058846,8.803435618,8.793689207
1779012_at,8.554010665,7.938904155,8.10838031,8.020875773,8.001710591,8.274498051,8.440264908,8.230485417,7.817577964,7.615327811,7.517458628,7.607911636
1779014_at,8.931115729,8.916293249,9.226878641,8.953867677,8.84529418,8.845339859,8.993842681,9.075170428,9.25364809,9.154731873,9.181472518,9.06207053
1779016_at,7.003100833,6.685817433,6.976274688,6.882140831,7.169610757,7.100688273,7.037505528,6.834374098,7.041967397,7.369237131,7.445706997,7.5495665
1779017_at,9.143694321,9.213185887,9.21129872,9.080440606,9.075246199,9.035680311,9.182047739,9.623561403,9.881092044,9.840335908,9.825431465,9.780928113
1779018_at,9.283501582,9.959100213,10.01267239,9.806577633,9.875507649,9.790097596,9.428179481,9.607488132,9.980913762,10.01694722,10.08547515,10.14341865
1779019_at,4.674020146,6.648869845,8.540547591,7.20459498,6.561112169,6.251729314,5.076296025,5.628944055,6.936544167,6.932984483,6.962798305,7.056476523
1779020_at,10.84876791,10.35471777,10.17470619,10.46486799,10.59222004,10.8775146,10.88257485,10.38296397,9.83616243,9.569171518,9.612283353,9.715193998
1779027_at,9.603199207,10.19016354,10.6169378,10.22052752,10.04624305,9.864748069,9.5058656,10.19208822,11.09537531,11.300919,11.29042434,11.24367502
1779029_at,11.42535801,10.80006878,9.800740311,10.59970385,10.88509255,11.16026866,11.34820286,10.95199296,9.902234152,9.419864325,10.00122528,10.09583166
1779030_at,10.34468895,10.34469761,10.6,10.41936497,10.58459071,10.79848708,10.50588666,10.20260859,9.910195656,9.748046406,9.627477984,9.540652864
1779031_at,11.67431077,11.87036104,11.71757863,11.51541419,11.25337911,10.95718796,11.69078403,11.79963547,11.75573471,11.64713789,11.67628401,11.25898134
1779032_at,8.316274472,8.817829862,8.643397539,8.458782357,8.618962137,8.615966375,8.218107844,8.69036198,8.824570415,8.972462808,9.030476503,9.080105959
1779033_at,8.847383812,7.793529355,7.915359755,8.13189121,8.237734192,8.471538855,8.771213831,8.331316786,7.88122824,7.492144236,7.462798572,7.560299795
1779035_at,7.00573171,8.206564298,7.92512678,7.600687658,7.455204581,7.294812647,7.279715564,7.737013962,7.708609943,7.865259129,7.673751101,7.425169232
1779038_at,7.77027444,8.507050247,8.789873389,8.325898685,7.827102078,7.660739111,7.669623638,8.165698207,8.658214714,8.72907125,8.605501918,8.789996686
1779039_at,6.733607436,7.308411364,6.254784279,6.49259474,6.365773602,6.458083853,6.761916919,7.224091257,7.080625816,7.071799806,7.125768928,7.212341652
1779042_at,9.58969929,9.625591582,9.89636402,9.985748365,10.00315102,9.870635757,9.82765284,10.06071042,10.35986398,10.7965298,11.14004424,11.19352782
1779045_at,12.51807638,12.3380698,12.06672547,12.10906346,12.31937697,12.38836114,12.49369392,12.33113273,11.79653687,10.89085679,9.765596,9.268820381
1779046_at,11.54899247,11.85617648,11.73094664,11.63742212,11.71160812,11.65438432,11.48556243,11.46102151,11.46072474,11.55185306,11.27152385,11.18525185
1779049_at,11.37121441,11.24663325,11.19722728,11.24419063,11.22545232,11.20925239,11.20702049,11.17509068,10.98464277,10.65493133,10.48610181,10.39815537
1779050_at,7.410743228,6.791383877,6.830064781,6.795078236,7.130764805,7.229815542,7.446078581,6.72794253,6.375223102,6.018127949,5.802370925,5.758143455
1779051_at,10.17700942,9.887447579,9.797902834,9.800407391,9.850803248,10.01383669,10.21208777,10.06004408,9.903074379,9.84827381,9.823264574,9.889600523
1779055_at,11.74500068,11.24683402,10.94984438,11.18432011,11.38313457,11.53382239,11.68555452,11.55858741,11.24371594,10.84014516,10.80530175,10.84271204
1779057_at,5.08141793,6.542811149,7.9193948,7.495355802,7.264481615,6.849086461,5.106088674,6.011450425,7.34810653,8.71591832,9.162873042,9.334401209
1779058_at,9.025568283,8.790697127,8.741056659,8.613769437,8.676372923,8.760292355,8.890774439,8.749003227,8.673932121,8.650512758,8.736066408,8.613009778
1779061_at,10.51973867,11.84118025,11.72441005,10.83526921,10.12840927,10.0436255,10.46716861,10.77291839,11.54887209,11.75860077,11.46132689,11.4461033
1779066_at,4.819944887,4.595063422,5.296166327,4.424351956,4.718175202,4.643030462,5.096874791,4.795314005,5.018837602,4.848616729,4.925418506,4.903800138
1779071_at,7.074865547,6.384044878,6.482648069,6.311749245,6.500901639,6.800091651,7.337064796,6.55363008,6.603154817,6.521274065,6.566371998,6.643791446
1779072_at,11.19148847,11.08289471,10.81393515,10.98203418,11.02954258,11.09459219,10.95401269,10.89538975,10.60440287,10.20031297,10.21672512,10.67965792
1779073_at,10.09121582,8.231638363,8.132828647,9.015844115,9.33231413,9.564186047,10.07740346,9.496210705,8.283519412,7.820766775,7.949274875,8.464105258
1779074_at,9.59498555,9.32997334,9.569244916,9.99297667,9.945404835,9.604673808,8.911583049,8.911583049,8.55619695,8.1473112,8.378359619,8.731650669
1779075_at,4.708006842,4.641237677,4.714478497,5.073655619,5.001044441,4.99477863,5.052478155,5.371883639,5.361503636,4.947076722,5.004844938,4.850643389
1779077_at,9.392948058,8.990276889,9.174611073,9.165023904,9.229711405,9.270684073,9.298766473,9.076109919,8.829118907,8.700223128,8.522527933,8.549923741
1779078_at,9.846717473,9.852610041,9.876676889,9.7154259,9.648747289,9.682410683,9.730930104,9.722247973,9.67487985,9.23992164,8.923746621,8.780005799
1779079_at,9.021263283,9.291204546,9.510546571,9.562998288,9.719425307,9.392431343,9.110755296,9.32828521,9.732485532,10.05382443,10.17154531,10.41071415
1779080_at,9.470011069,9.113230427,8.99220637,8.972544728,9.110632609,9.12488969,9.306192569,9.424659615,9.547717057,9.701189635,9.614955712,9.48571687
1779081_at,9.408416804,8.934716236,8.708976786,9.00331923,9.061301851,9.159359886,9.317837745,9.458300927,9.502759658,9.362461672,9.739218967,9.893477668
1779083_at,3.403289329,2.963860432,3.254340465,3.052944631,3.392627535,3.465109685,3.649687684,3.30348507,3.445500076,3.61950784,3.798624704,3.78103923
1779087_at,8.966618941,9.85753147,9.872902393,9.057141596,8.979194065,8.85726844,9.015459668,9.116947159,9.674491044,9.740567215,9.653437264,9.452211998
1779088_at,7.976087093,8.653218476,7.874159501,7.768915748,7.863971227,7.918192825,8.04893281,7.848402929,8.192565426,7.857141313,7.705815483,7.64651318
1779091_at,3.444017828,3.819639945,4.020664326,4.455725672,4.3944905,4.099425909,3.502782837,4.163121936,4.59570058,5.463588505,6.098281433,5.924824486
1779093_at,11.05968829,10.87843122,10.86893345,10.92859252,10.91227886,10.88736347,11.10556502,11.04089197,11.01386062,10.97276921,10.95388751,10.98757494
1779094_at,8.02850541,8.033991267,7.8848068,7.616642562,7.568748241,7.752149523,8.275939667,8.722594274,9.158335059,9.120903573,9.183204354,9.002791123
1779095_at,3.558896505,3.937660422,3.743017475,3.703658858,3.786887971,3.579335474,3.933764573,3.446649921,4.106065638,3.905417868,3.848731326,4.217217121
1779096_at,8.946679803,8.866085318,8.741918568,8.602517726,8.611657456,8.635653591,9.19146113,8.970202358,8.636500162,8.479668441,8.336074033,8.259910437
1779097_at,11.21660697,10.464308,9.225118255,10.07529843,10.55700496,10.97502697,11.10986055,10.4792196,8.599571355,7.249679025,7.427531432,7.642093245
1779098_at,4.541072072,4.908192698,5.091942532,4.997524898,4.978855934,4.727384617,4.891387495,5.150900164,5.316664784,5.492533328,5.475033331,5.680405495
1779099_at,8.888674344,8.557780663,8.51840636,8.404341158,8.513976326,8.530662844,8.914262211,8.949868929,9.019257553,9.095233906,9.057995721,8.72004339
1779105_at,8.240599434,10.22670067,10.9244569,10.08588562,9.835871571,9.372863062,8.366299795,9.108546616,10.47275053,11.48542056,11.50618767,11.18844727
1779106_at,8.807099327,8.606913996,8.626838486,8.567786968,8.54882458,8.714217824,8.827828994,8.814480178,9.118364952,9.295910245,9.255401737,9.25406702
1779107_at,10.7603873,11.10382543,10.66115656,10.44077639,10.23130901,10.34298578,10.72418482,11.55932046,11.6741722,11.55245173,11.95952531,12.22102778
1779111_at,8.848408285,8.827425092,8.895940269,8.655514825,8.570619745,8.551867951,8.883168751,9.000491376,9.361424103,9.430212999,9.407618939,9.25480528
1779112_at,9.247651982,9.020343526,9.093178949,9.583847587,9.777116027,9.383767318,9.330727861,8.28735749,8.189391617,8.719780298,8.474804638,8.163298338
1779113_at,9.254290626,8.800273535,8.837769127,8.697541419,8.802819504,8.926700447,9.321975172,9.048025194,8.733875855,8.43342845,8.334129226,8.206232752
1779114_at,10.601982,9.988477665,9.495563697,9.854266254,10.05631665,10.38953077,10.51816682,10.47750603,9.978212974,9.17997081,8.700623914,8.516761967
1779115_at,9.473289731,9.357278014,9.951178909,10.33499619,10.41805818,10.31186621,9.409240235,8.970699226,9.047635313,9.261360508,9.300158938,9.267810938
1779118_at,3.168128624,3.552050517,3.282136595,3.175359795,2.729175465,2.938955553,3.731705412,3.29254402,3.14799337,3.032422601,3.561563685,3.26739638
1779119_at,4.811988706,4.751433931,4.346917736,4.493805191,4.386748857,4.505349606,4.6678833,4.871043262,4.739864072,4.704513135,4.681702966,5.006663819
1779124_at,8.088457275,7.394641762,7.491949647,7.452834164,7.669033036,7.703784346,8.047581605,7.76062655,8.006212941,8.271109259,8.178443938,7.840384873
1779126_at,10.28050504,10.28641681,10.08854662,10.13856272,10.23323233,10.34213206,10.18829738,10.31754384,10.34064501,10.17807136,10.13531615,10.15890471
1779128_at,10.22059548,9.922146844,9.702642637,9.885065102,10.04053717,10.19168146,10.14087123,9.792705871,9.355296087,8.841743038,8.784441419,8.6862439
1779129_at,5.366296797,5.79279163,6.319156396,6.412612722,6.463543407,6.388948727,5.686537404,6.347544995,7.356794841,8.044896277,8.318518383,8.585208583
1779131_at,6.811676368,6.465534744,6.311430993,6.452186022,6.603499211,6.654270618,6.831942824,6.754317459,6.80143537,6.752963655,6.788395127,6.57280816
1779132_at,10.56856134,10.73920157,11.04171992,10.92263236,10.87068369,10.71023115,10.54061701,10.78586382,11.2568626,11.64680506,11.68627962,11.50431094
1779133_at,6.978484405,7.766270516,7.801857391,7.399178107,7.286496407,7.397683563,7.193366096,7.699094036,8.19563401,8.524293359,8.304636757,8.532911165
1779134_at,11.39978254,11.02251588,11.16904436,10.82553139,11.06833548,11.24910045,11.36382679,11.06689664,10.48595173,10.01049656,9.606612742,9.376763291
1779136_at,10.06244004,7.51980044,7.938884811,8.899508338,9.209543612,9.630504773,9.980609897,9.038699365,7.496205945,7.070792359,7.635989172,8.201930955
1779139_at,12.2930362,12.09806638,11.88042162,11.98014493,12.09874553,12.09463445,12.30128656,12.22687,12.12450506,12.01537495,11.9719701,11.92826763
1779140_at,10.63529125,9.943677813,9.543080207,9.837797381,10.05444492,10.19285323,10.52423566,10.44891219,10.19258318,10.42306489,10.59549712,10.72270309
1779141_at,8.843110918,8.948104054,9.089248207,8.891061319,8.876910622,8.774406063,8.863372156,9.082328107,9.703888976,9.951036064,10.04063189,10.16714161
1779142_x_at,9.080651138,9.084656241,9.115362458,9.323075251,9.385786936,9.297124584,8.943575563,8.488090406,8.646333878,8.879811434,9.016402209,9.114546893
1779143_at,5.289486635,4.995856612,4.811818221,5.252687795,5.628898093,5.944702674,5.743079286,5.16410064,5.236028109,5.307264045,5.523226312,5.65468566
1779144_at,12.56884903,12.18328289,11.72176971,12.13191599,12.37504321,12.5169836,12.55536792,12.30827108,11.44393122,10.83123252,10.84503077,11.32079084
1779146_at,6.593714211,7.116559556,7.250496303,6.850072732,7.0183734,7.054844787,6.65118833,7.386761102,7.397244638,7.52643958,7.516372535,7.209934177
1779148_at,8.479167079,8.664709111,8.832412571,8.642195306,8.65748342,8.43335033,8.609193305,8.713438099,8.947988752,9.068610494,9.271257161,9.280046615
1779150_at,9.972340726,11.75563979,12.52299524,12.43680566,12.2296044,11.77760721,10.04172165,11.53973622,12.4680533,13.02575427,13.08404368,12.99015299
1779152_at,10.98478394,10.02158747,8.409634798,9.45870687,9.989305865,10.48007344,11.0468838,10.58465279,9.681330856,8.761703439,8.36742102,8.26726405
1779153_at,7.791298909,7.822420232,7.676794207,7.803727857,7.80043346,7.775845113,7.855624106,7.8108405,7.749450809,7.871715269,7.835155487,8.071517062
1779154_s_at,13.05468304,13.06786637,13.01390163,13.00930743,13.03375594,13.04561942,13.02529806,13.02740041,12.96822234,12.59836644,12.27077973,12.2843482
1779155_at,8.374979416,8.413959395,8.419697445,8.31585946,8.330868122,8.287479572,8.302734344,8.737878186,9.083313245,9.512287902,9.531241235,9.735805351
1779156_x_at,12.39493492,12.3892216,12.20960163,12.22841075,12.2036863,12.31161219,12.19239532,12.25407699,12.03861184,11.22115628,10.43295443,10.36327305
1779157_at,8.006677003,8.553709354,8.988484777,8.367435994,8.200130689,8.064717769,8.311976197,8.143585095,8.348913944,8.380481715,7.935779238,7.823696517
1779158_at,8.155767197,7.880862601,8.299022622,8.210367195,8.349931396,8.131535732,8.129631379,8.033977003,8.067285931,8.367589348,8.883733673,9.399016812
1779159_at,9.033311911,8.887779684,9.013846196,9.155151717,9.243223702,9.303149041,8.98821741,8.933014538,9.300430829,9.430086877,9.506614499,9.269978009
1779160_at,9.864689874,11.71659831,10.72675285,10.07934342,9.950078576,9.816324163,9.884718796,10.30420061,10.39894411,10.26622538,10.11844946,10.2791816
1779163_at,8.541645297,8.61194007,8.878474232,8.350816665,8.266775324,8.237431914,8.536328372,9.151085982,9.934311713,10.13791897,10.26769905,10.32265929
1779165_s_at,9.855794803,10.31432367,9.95788931,10.2531538,9.886210689,10.02086567,9.728980412,9.795496933,9.274426808,9.520168585,8.976862563,9.478808105
1779167_at,9.914068554,9.297817099,9.341736051,9.449169744,9.427242975,9.576856936,9.969570155,9.552889191,8.975426346,8.833681141,8.969282493,8.923867566
1779168_at,6.644724482,6.424603565,6.763154723,6.703016747,6.737979024,6.65802306,6.79137318,6.608753059,6.593568476,6.767625734,7.051517859,6.941482416
1779169_at,9.403474425,7.067182021,6.989211346,7.923599265,8.34077178,8.794994125,9.278135716,7.767122118,6.06219539,5.295394124,5.585977512,6.307489772
1779172_at,7.855081011,8.605028453,8.762056461,8.311305164,8.253395963,7.987065824,7.690872351,8.255362659,8.549544235,8.545934847,8.185178767,7.806890887
1779175_at,10.29341645,9.08029789,8.513202439,9.268426235,9.562823864,9.898370297,10.23602451,9.956093086,9.212902485,8.544578609,8.600802656,8.837964202
1779176_at,10.86175911,10.86555684,11.10661944,10.9763053,10.86913976,10.90181733,10.88806849,10.83157348,11.03058033,10.99044862,10.94382665,11.15562205
1779182_at,9.587272384,9.212344511,8.8283526,9.07065701,9.294688321,9.371210001,9.467511092,9.216796496,8.873618657,8.48486611,8.493517864,8.571478015
1779186_at,9.620974028,9.885017999,10.23723492,9.868302544,9.713882995,9.714178636,9.668035573,10.01996251,10.38578438,10.29314678,9.96275338,9.954885618
1779191_at,11.82851062,11.82500018,11.83500592,11.83573367,11.71697123,11.80475643,11.84853293,11.82622893,11.79758612,11.78333284,11.86889615,12.01370798
1779193_at,8.146038514,7.898888058,7.9278207,7.982714495,8.034829133,7.965423861,8.192701605,7.843802297,7.859447742,7.965118245,7.644006832,7.809786967
1779195_at,5.149097328,5.035924609,5.219320408,5.439677346,5.523843213,5.4161993,5.502518438,4.87336534,5.079191083,5.004728494,5.352416181,5.69204985
1779196_at,11.15313136,11.38545787,11.65378113,11.27627338,10.95252713,10.91075086,11.22698733,11.67475095,12.23878115,12.51010856,12.5333595,12.55019077
1779197_at,11.00432884,10.74698416,10.62450995,10.7022319,10.71232324,10.82803977,10.8465107,11.00921013,10.91216431,10.69576095,10.74649697,10.74702163
1779198_at,9.382849259,9.312185534,9.55358904,9.4510824,9.509774313,9.36707111,9.455664582,9.557262948,10.04071504,10.16897793,10.44256922,10.65188925
1779199_at,9.296491086,9.113921122,9.004649558,9.116250666,9.135661827,9.201287847,9.219258589,9.394601607,9.530330568,9.622674793,9.857669738,9.81283998
1779200_at,9.572222923,9.163002195,9.275502448,9.459698166,9.514078537,9.373134716,9.489462328,9.51809085,9.579427844,9.652587694,9.73657419,9.810745516
1779201_at,11.8963607,11.70135161,11.64644708,12.01969366,12.05898444,12.06649101,11.7852745,11.57899663,10.57485605,10.39654794,10.24482396,9.721997355
1779202_at,2.251238513,2.316659592,2.248661959,2.335572725,2.613126549,2.557175308,2.50781238,2.383953478,2.240451665,2.56713564,2.30012065,2.301239535
1779207_at,8.806300251,7.796065611,8.809196792,8.423499617,8.402035197,8.290533847,8.454534442,7.214962983,7.581962867,8.447039724,8.24856263,8.384701107
1779211_at,4.288210088,4.517373607,4.681557704,4.533675896,4.483918587,4.223038916,4.491300599,4.342237112,4.983147522,4.800344398,5.208686099,5.420542062
1779212_at,10.466189,10.3624664,10.40279691,10.38542928,10.35469104,10.34297971,10.4637947,10.25520921,10.38036254,10.30728173,10.47696657,10.543804
1779213_at,8.5532418,8.510187441,8.43757309,8.542986814,8.685559415,8.727131294,8.564089501,8.700621598,8.943235647,8.983757543,9.169982402,9.281203176
1779214_at,9.301417044,9.190074558,9.016884992,9.112866853,9.160187803,9.093252622,9.328054242,9.086618013,9.410677127,9.614444984,9.546285483,9.399374281
1779217_at,9.24282688,9.377782712,9.528332109,9.457379993,9.434586255,9.3588849,9.375536439,9.636964504,9.6639535,9.584254157,9.47798895,9.380321079
1779218_s_at,12.70518738,12.73887074,12.56228015,12.59300171,12.66097411,12.66512769,12.66488547,12.68309737,12.3810817,11.57425918,10.97154161,11.14243953
1779219_at,9.901413955,10.10269212,10.11984279,9.882881469,9.771209365,9.741476952,9.910049369,10.2075611,10.74556758,10.94337009,11.21562531,11.13397108
1779223_at,9.922107091,11.25397154,10.99864071,10.12307065,9.582406314,9.632275883,10.00312297,10.87184054,11.49236776,11.64416445,11.72224723,11.70563562
1779227_at,7.771575771,6.258749017,7.481633073,7.15378656,7.246354623,7.601290089,7.885193839,6.568073552,6.157027075,5.75442462,6.081892304,6.119444579
1779232_at,6.363501859,7.294846777,7.615800314,7.137123885,7.249706542,6.872675511,6.375281993,7.547140248,8.449316343,9.029709342,9.193088701,9.106611817
1779233_s_at,12.96803848,13.03100225,12.94371162,12.96536585,12.97416619,12.96393842,12.94087111,12.99463095,12.92913,12.72083673,12.57120215,12.55923152
1779234_at,8.979507849,9.151501927,9.218360604,8.850763623,8.863992796,8.737830671,8.822147981,9.32807474,9.991218079,10.36907479,10.55017079,10.64336212
1779235_at,6.52519532,5.954608008,5.710373419,6.159529908,6.006093423,6.338163802,6.527019285,6.248323907,5.430354834,5.167379304,4.991522682,5.065605221
1779236_at,8.18720406,8.429805022,8.220402048,7.926987209,7.883255798,7.972049354,8.097927866,8.448903694,8.51199202,8.740077482,8.610323968,8.679259547
1779238_at,12.13273792,12.1030819,11.9062038,11.8084679,11.96519612,12.0392763,12.10164439,12.21690401,12.11145564,11.72466738,11.57894683,11.47097934
1779242_at,8.471728516,8.495960096,8.907377801,8.541557256,8.617829944,8.373318547,8.359289461,8.701136028,9.049464761,8.917883266,8.862326594,8.506522478
1779243_at,9.304447446,9.29025901,9.343283346,9.300294206,9.2972554,9.336112069,9.166847444,9.574991285,9.789063089,9.802550105,9.974858397,9.99101404
1779247_at,11.04388384,11.19501704,11.18550786,10.99744906,10.95430212,10.95959452,11.13807459,11.35838652,11.71700938,11.88135987,11.88976698,11.88634142
1779249_at,10.38697134,8.622969172,7.738643029,9.017476843,9.480821744,9.933341253,10.17905132,8.838983365,7.265046648,7.038714783,7.296320043,7.795255767
1779253_at,9.123953217,9.543571186,9.985244396,9.595921745,9.443402865,9.29557702,9.152427105,9.446718986,10.14030243,10.23087077,10.21086272,9.980453762
1779254_at,10.08714308,8.690684563,7.946257718,8.780348419,9.298492336,9.523251059,10.07662084,9.427099525,7.871329649,7.800772661,8.154995602,8.51320793
1779256_at,10.7932419,9.391232646,10.34294967,10.93924486,10.98134636,10.78683238,10.77221384,9.808359325,8.810319194,8.736811061,8.759825976,8.803895717
1779257_at,9.52202559,8.126208496,8.483228174,8.895566197,9.112202999,9.449701226,9.555488818,8.068442691,7.654552817,7.219697213,7.15943894,7.076098371
1779263_at,7.856996532,8.012693877,7.969732804,8.31080485,8.286070581,8.166664034,7.844222381,7.816641331,7.678564168,7.905477062,7.98122338,7.832325286
1779265_at,9.339745441,9.580576103,8.993282182,9.078601649,9.104354384,9.25881149,9.124351797,9.440676622,8.902267866,8.284746057,8.137480578,8.209487162
1779266_at,5.656426364,9.882802315,10.65527409,9.022418498,7.898118456,7.428044094,5.699824483,7.237625912,9.053304638,10.40571319,10.34856686,10.07826737
1779267_at,5.464353753,5.679772064,5.94701616,6.116866993,6.384065086,6.752896729,5.705213575,6.235461715,6.409436633,6.696108048,6.776682618,7.022853329
1779268_at,10.35414527,10.09766334,10.2073157,10.32198936,10.46991739,10.44681405,10.22342418,9.896474687,9.445486887,9.353229649,9.199573541,8.999573681
1779270_at,8.934037648,8.895940676,8.890184436,8.878937263,8.807026243,8.882517999,8.933036895,8.957162664,8.934788279,8.884798791,8.838103008,8.542167947
1779272_at,8.864802163,8.498688392,8.436291577,8.91689696,8.966748304,9.04092683,8.725824875,8.987963836,9.131664464,9.379989488,9.511785345,9.568263197
1779274_at,11.50699946,11.65086564,11.83526257,11.47979081,11.21758876,11.19794618,11.53767428,11.84771188,12.32186468,12.53787056,12.66087823,12.75155361
1779275_at,10.20366967,10.92060686,11.71692912,11.79523137,11.67375996,11.34503342,10.22214686,10.85051005,11.67110681,12.48355735,12.81832921,12.90179653
1779276_at,8.787217374,8.859253249,9.130292714,8.772214226,8.787044608,8.781082547,8.849600873,8.779240734,9.021251398,8.992012777,8.85726844,8.670791723
1779277_at,6.74804858,6.180898121,6.457085705,6.819709593,6.625165187,6.593514165,6.561094998,6.464517184,6.265634112,6.219769678,6.162934017,5.955264318
1779278_at,8.270821025,7.717053816,7.697365135,7.555911206,7.767385503,7.884454861,8.259850438,8.425202862,8.321592347,8.274920844,8.142855855,8.077810134
1779279_at,7.988095237,7.724354172,7.62101025,7.517908638,7.612285707,7.885774445,8.119727674,8.095335476,7.993686734,7.965409394,7.612285707,7.29543446
1779284_at,7.066932193,6.52519532,6.97656471,6.863401109,6.840265286,6.943505109,7.083871587,6.657319181,6.657979785,6.467472533,6.066435436,6.267199693
1779287_at,10.94025921,8.990860888,9.025528436,10.08306381,10.35512533,10.69948447,10.7833731,9.145613035,7.393451956,6.864786936,7.224869586,7.817009032
1779289_at,5.947396966,5.260080724,5.421930568,5.20904695,5.314292935,5.184569238,6.277161068,5.194603007,5.203980057,5.623038131,5.830311598,5.836021692
1779296_at,6.485311093,6.628439246,6.537521931,6.498598718,6.323076325,6.29734194,6.607639306,6.272478064,6.42574383,6.344965027,6.459419475,6.389811448
1779297_at,2.690957973,2.593604038,2.460425784,2.795154344,2.623154718,2.89972862,2.80928869,2.619115582,2.754537752,2.959007831,2.769193429,2.642380529
1779302_at,8.01965543,8.156741614,7.917958105,8.145260319,8.130486195,8.112657889,8.03399676,7.893622056,8.253974487,8.381691983,8.804954198,8.886468456
1779304_at,8.434020241,8.418987086,8.499220968,8.417615295,8.37788763,8.47313146,8.596929078,8.657306287,8.570567483,8.392743185,8.481509872,8.314822783
1779306_at,6.778582511,7.09460713,7.333245669,6.954297034,6.850246808,6.513675673,6.869606705,6.987975106,7.468053832,7.845161738,7.84958875,7.68404281
1779307_at,9.433320578,9.906556754,9.838821292,9.745402535,9.707221906,9.666103335,9.437191963,9.745470753,9.711855397,9.752697868,9.754052408,9.50092171
1779309_at,12.26282987,12.83427764,12.68081653,12.39437897,12.10359864,11.81345557,12.25212075,13.00001505,13.24590594,13.08829132,12.83910326,12.65917615
1779310_at,8.548466064,8.436883137,8.463987084,8.668931997,8.574366863,8.464170128,8.583637297,8.286201217,8.473802282,8.682336918,8.862049732,8.843201517
1779312_at,7.856247287,7.508126963,7.449495089,7.571753196,7.618650938,7.787545621,7.886115856,8.184823749,8.16078971,8.237722726,8.192801701,8.466427499
1779313_s_at,2.398227956,2.27051695,2.688887319,2.511408922,2.122425041,2.271124504,2.352286054,2.591039127,2.728762555,2.525842651,2.530942922,2.417311786
1779316_at,7.183429126,7.657083516,8.005194436,7.750074721,7.650183234,7.426924153,7.182094497,7.082701365,7.374602714,7.646751717,7.348094355,7.098570191
1779317_at,9.330341536,9.490219789,9.613770109,9.479737695,9.475522073,9.323738063,9.189252177,9.726586372,10.28085739,10.3465119,10.48693121,10.41543216
1779318_at,11.47731361,11.54063296,11.60531218,11.52111279,11.27830597,11.31151392,11.54867144,11.58677141,11.69029961,11.64898009,11.69790759,11.63495599
1779319_at,5.101097239,5.343224963,5.45920922,4.892302806,4.913032376,5.330363537,5.497853848,5.280739777,5.564550222,5.661402816,5.768452946,6.166264937
1779321_at,9.315538773,8.864510142,8.901432762,8.942787195,9.084472102,9.152741229,9.319705585,9.210024591,9.089951847,9.143896062,9.191905075,9.091274955
1779322_at,9.280225977,9.008926451,9.16877036,9.141360444,9.157040644,9.314639174,9.332083297,9.311603207,9.436755019,9.492107645,9.451419202,9.571220783
1779324_at,10.65065808,9.417697542,8.914035445,9.494021773,9.7418538,10.19280472,10.53018266,9.634742635,8.572741365,8.446996429,8.645243963,9.137954824
1779327_at,5.919106292,5.498597411,5.877206071,5.921346299,6.194745558,5.955225779,6.144599248,6.000739372,5.793852878,5.583084425,5.650443689,5.739598527
1779329_at,9.728006745,10.1357451,10.22869968,10.17429776,10.13961722,9.949249085,9.743699996,10.04539513,10.22446524,10.17043911,10.07724213,10.06624438
1779330_at,9.298507169,8.805462849,8.822997826,8.868777408,9.118890783,9.18465788,9.295205786,9.032209861,9.023845024,8.980066882,9.055885868,9.012641273
1779331_at,11.36733514,11.31620278,11.21056083,11.18457519,11.21292347,11.22101169,11.37554258,11.19292175,11.08660956,10.7239756,10.49143114,10.18897442
1779332_at,3.848462244,3.860675235,3.500787072,3.690905532,3.687061644,3.963188947,3.842855907,3.965020558,4.232854688,3.811032652,4.34569381,4.612019441
1779333_at,9.273379784,8.716778203,8.563307583,8.303881772,8.724720162,9.093252622,9.592175998,8.994415976,8.408955894,7.692470565,7.480737262,7.176716164
1779334_at,10.04467685,9.711646592,9.585824933,9.7365615,9.920358339,10.06852147,9.979433901,9.816957873,9.594591944,9.184648018,9.146070748,8.950964445
1779336_at,11.66933877,11.25858692,10.93214998,11.1108148,11.28223872,11.31792053,11.58813378,11.601688,11.17906397,10.73790707,10.38197255,10.46955918
1779340_at,10.2083533,10.17414721,10.25751068,10.08864705,9.967656491,9.998253798,10.1883628,10.08567996,10.09068887,10.01162331,9.864838394,9.908812963
1779343_at,9.544784805,9.377558623,9.430221935,9.313308332,9.466360452,9.484870647,9.682023144,9.892292582,10.28027261,10.29664435,10.53726616,10.56706644
1779344_at,9.070038968,9.281339606,9.018539482,10.00950798,9.819129468,9.16454047,8.937286273,9.941008042,9.337629574,9.484864945,8.684529662,8.523483649
1779348_at,7.18258955,6.55743281,6.855691536,6.690665186,6.837615733,7.20341868,7.028136859,7.365776083,7.878574528,8.021951694,8.068609729,8.155990065
1779349_at,9.322097703,8.653862443,8.689017708,8.90866807,9.062143379,9.245113606,9.434261547,9.110972741,8.911216647,9.08653212,9.132535358,9.024966626
1779350_at,7.760133434,7.69340109,7.515110571,7.467499245,7.630401789,7.618925332,7.946701704,7.817713653,8.07621683,8.095368719,7.853022929,7.779914104
1779351_at,8.785289046,8.178353879,8.645133195,8.708008428,8.745475419,8.770457594,8.827321245,8.553440351,8.789058269,9.10505438,9.325550311,9.290726705
1779354_at,3.466493966,3.452046931,3.410211394,3.070699449,3.371684623,3.258661107,3.258661107,3.432556055,3.326285487,2.893249816,3.287972878,3.251693689
1779355_at,4.471232325,4.625462324,4.698944142,4.004975961,4.47370586,4.320737863,4.100326692,4.496667305,4.601258319,4.633404354,4.642910131,4.47239658
1779356_at,9.545970076,9.805727252,10.11740515,10.01509489,9.859156805,9.883311595,9.449546307,9.445716614,9.602341925,9.76545886,9.383209382,9.263439391
1779358_at,7.929271058,8.796466272,9.110217477,8.566739132,8.327923146,8.063688773,7.818516486,8.025499412,8.72441054,9.442881878,9.453196598,9.346560015
1779360_at,9.708573194,8.877726601,8.63893466,8.929910354,9.121206189,9.42333491,9.641513145,9.442604474,9.167470545,9.259642942,9.301829528,9.44874485
1779364_at,8.977488504,9.90049942,10.26329463,10.43902487,10.5467274,9.967490712,8.844146944,11.05403449,11.18613101,10.81370089,10.53565168,10.30085726
1779365_at,8.483133111,8.161085345,8.108557816,8.276483101,8.392671952,8.453857158,8.623132471,8.391378241,8.156803774,8.249166941,8.142031905,8.117475624
1779367_at,9.928771083,9.953064883,9.928028805,9.668623797,9.648327755,9.782303952,10.02465912,10.05457843,10.33981973,10.21985276,10.29761489,10.30667118
1779369_at,4.226792338,5.311800802,5.310620162,5.316664784,5.936164675,5.916723243,4.378363356,4.496282802,5.855279705,6.609308738,6.287487717,6.061824654
1779371_at,5.191242725,5.656426364,5.607136424,5.395047148,5.061771745,4.834538855,4.849984182,6.257534917,6.360784922,6.592806287,6.235410387,6.333941692
1779372_at,7.450138736,6.467945962,6.393148725,6.594944271,6.582770011,6.939444879,7.296857904,6.535700176,6.474041314,5.944734788,5.789903447,5.484456571
1779373_at,10.55010634,10.09970401,9.976216914,10.30022279,10.3812975,10.41793646,10.55580511,10.22445338,9.720821467,9.205467449,9.013579202,9.019129962
1779377_at,10.40330062,10.42997029,10.47538541,10.51897132,10.47805966,10.40385697,10.52042887,10.29668861,10.22292072,10.53116515,10.5404396,10.37061554
1779379_at,12.06243597,11.85373497,11.78828387,11.99275465,12.13299208,12.15827439,11.97435761,11.91039379,11.60722437,11.28600494,11.55820148,11.66367857
1779380_at,11.91994791,11.80390104,11.90676798,11.77024313,11.65530985,11.68255036,11.88710567,12.00866821,12.11223929,12.09620528,12.1359297,12.21850459
1779387_at,10.43191498,10.49521146,10.79703912,10.98241234,10.81809499,10.72074723,10.33426933,10.28898626,10.65164921,11.00303081,11.12238028,11.27108609
1779388_at,11.49508337,11.55829177,11.7098573,11.62320519,11.52584133,11.45194493,11.47751588,11.61797439,11.60927033,11.54921786,11.6710587,11.73596097
1779389_at,5.759190458,5.128087688,5.052439548,5.281558854,5.449831819,5.391070821,5.928266294,5.51506474,5.358763668,5.053083074,5.400654317,5.595777145
1779393_at,8.832620918,8.241685532,8.314508351,8.444930466,8.532514482,8.734279521,8.811715784,8.382668927,8.186663291,8.237461498,8.247482811,8.27125376
1779394_at,7.854479153,8.556548248,8.960327375,8.741904383,8.452072043,8.160927316,7.81161573,8.101776129,8.595987709,8.876832125,8.786875177,8.620268536
1779398_at,7.641035468,6.798420971,7.100713024,7.207840109,7.399177107,7.593397739,7.691129308,7.203692887,6.942912494,6.564192629,6.226843925,6.173064018
1779399_at,9.190511831,9.839367921,10.26537645,9.659956266,9.919266904,9.663172942,9.250799612,9.663136724,9.112312752,9.615535894,9.438616778,9.079351697
1779400_at,8.568554944,11.67930601,10.57282203,9.28262677,9.067319608,8.817934237,8.482439379,11.24660457,11.58378952,11.46296759,11.337929,11.49246365
1779402_at,10.08224184,9.706260154,9.469632902,9.550463854,9.750486335,9.957485435,10.11709687,9.908609162,9.713454643,9.17875075,8.893725894,8.770481389
1779403_at,7.493503871,8.079167847,8.109661975,7.927581535,8.032857852,7.739655182,7.389076958,7.594149088,7.785733213,8.053004721,8.171218232,8.032106025
1779404_at,8.855468075,8.39933657,8.345725876,8.255249304,8.298928305,8.443092304,8.884047091,8.817065195,8.66452154,8.634642288,8.759951781,8.734361714
1779407_at,7.587301201,7.391128642,6.960818539,6.742416995,7.033297179,7.47467013,7.627099438,7.608529817,6.715181437,5.749215681,5.327284094,5.177369688
1779408_at,10.60756092,11.84245261,12.38873414,11.9766424,11.72379989,11.32583491,10.60478802,11.50101266,12.37999595,12.84740153,12.89390844,12.82288305
1779410_at,5.588217,6.777255989,6.008572713,5.673460217,5.343460206,5.554770591,5.720253641,6.265121696,6.552349677,6.467606959,6.383206453,6.546053915
1779411_at,7.74823199,7.73049235,7.955615045,8.058813947,7.95442146,7.95570428,7.802042084,7.921390619,8.403515845,8.915248239,9.001987097,9.104758299
1779412_at,10.85483134,11.40841272,12.16836527,12.43600496,12.38800048,12.19061031,10.94628934,11.36382679,11.79872203,12.28457997,12.38603022,12.38925721
1779413_at,5.251301722,6.736551884,8.425411819,7.164278953,7.488149448,6.025906861,5.536065473,6.193118949,7.607936778,10.02276078,9.710275808,8.863218506
1779414_at,9.864165263,9.126473035,9.239481084,9.328716937,9.54738907,9.678624216,9.638897258,8.988323373,8.509932534,8.471915129,8.461789211,8.777319385
1779416_at,2.554080213,2.664209599,2.568564711,2.768727533,2.864564127,2.407820527,2.659047016,2.451303713,2.306866555,2.749115903,2.310540871,2.401426337
1779420_at,8.601182011,8.989453781,9.267594765,8.802049693,8.675875745,8.635664532,8.710796554,9.129242612,10.03318258,10.27653647,10.30912109,10.26804354
1779422_at,8.483228174,8.600280491,8.825090545,8.300864679,8.087573609,8.152821576,8.538177339,8.49741648,8.829007355,8.966854928,9.035260372,9.031760377
1779423_at,6.013955043,4.665091,4.797481151,5.37749377,5.951919434,6.189759059,6.084348901,5.935953952,5.60434713,5.393036394,5.612870074,6.010477871
1779425_at,8.881982524,8.928715813,9.480898932,9.293644482,9.196371161,9.25881149,8.792807355,8.739040855,8.813470848,9.076779355,8.988989903,9.085363393
1779426_at,10.82631725,10.50376369,10.42836006,10.45175801,10.59852152,10.57606693,10.87552563,10.6166223,10.53762022,10.50317029,10.52856873,10.31662447
1779431_at,5.656426364,5.593081469,6.096852193,5.773140561,5.992763684,5.850489692,5.874689193,6.158270304,6.55225296,6.710989297,6.481463927,6.50969847
1779435_at,8.597723538,8.926979331,9.403734281,8.895879454,8.706175461,8.750721456,8.663001875,9.055584903,9.615388398,9.673987496,9.832009341,9.841094964
1779438_at,2.459367407,2.623582201,2.719308002,2.626959211,2.688902176,2.882968952,2.634416469,3.08669694,2.802037024,3.204325146,3.079739704,2.591039127
1779440_at,11.04802761,12.62561169,12.90601762,12.72284756,12.16099132,11.76191121,11.0700019,12.26842242,12.9208267,13.12407129,13.1079288,13.11907319
1779441_at,9.520945833,8.752273344,9.262072851,9.502531094,9.117844078,8.696044256,9.71295434,9.12948223,9.187602068,8.750265411,7.66048319,7.311029117
1779445_at,11.11070108,12.03855978,12.11184887,11.60195885,11.0748069,10.94620278,11.13614497,11.81817372,12.19492743,12.19981733,12.09242853,12.09065382
1779446_at,2.293305065,2.586838175,2.636373231,2.395126836,2.452856994,2.470272949,2.756121249,2.494243952,3.059196341,2.574229912,2.640998156,2.855440467
1779447_at,10.75488514,10.45662332,9.944655151,10.14906184,10.24400104,10.43629951,10.79720559,10.88302453,10.77874045,10.43141272,10.29775996,10.32762224
1779448_at,7.861216492,6.992169217,7.294167129,7.414890999,7.497006802,7.712649944,7.795823282,7.162512677,7.05835816,7.352205139,7.421934445,7.169299209
1779450_at,6.127995377,8.336917776,8.251581275,7.305318912,7.501637318,6.974816807,6.209537567,7.783737323,8.909323544,9.257353325,8.968966871,9.095139391
1779454_at,7.772830437,8.198424301,8.440609879,7.888870849,7.774530702,7.791298909,7.788940937,8.390083904,9.023546022,9.11398332,9.045465798,9.173805471
1779455_at,3.860989313,3.952181491,3.700316004,3.997472192,3.899341612,3.857797674,4.109075791,4.578431807,4.977006668,4.591663506,4.881267763,5.047259984
1779459_at,9.091559364,8.549645654,8.506182736,8.632162353,8.942806879,8.923316776,9.229991459,8.796346124,8.770227627,8.552952178,8.852594689,8.827144354
1779460_at,12.0495136,11.9606516,12.00498254,12.01800347,12.03515548,12.05313061,11.99027328,11.96853074,12.05287514,12.09538221,12.1502394,12.13342087
1779461_at,9.60173016,9.837620781,9.693691702,9.440989076,9.558779527,9.453961803,9.578325499,9.947302171,10.42518631,10.80028245,10.98874002,11.00784814
1779462_at,8.682089493,8.649192173,8.685185013,8.563505105,8.483228174,8.535577688,8.644022371,8.842413694,9.198487431,9.253361073,8.94004907,8.763949768
1779464_at,8.317167832,8.187926585,8.142213708,7.908278152,8.050497992,8.118118937,8.429019885,8.585303341,8.791954759,8.811222859,8.953852569,9.003916893
1779466_at,8.926519525,9.029828973,9.033943578,8.741489187,8.660683814,8.638426507,8.87810458,9.046217449,9.399266797,9.708949676,9.689799951,9.74916241
1779467_at,6.167750886,6.149345538,6.350604989,6.106457283,6.027218218,6.228294334,6.259204493,6.522990225,6.214883354,6.563260634,6.322683375,6.280970819
1779468_at,11.28645436,10.86522823,10.53211635,10.91262968,11.2242153,11.16179518,11.26651729,11.11581588,11.04085768,10.91834657,10.99539375,11.11150965
1779473_at,10.05201422,10.56559802,10.74095595,10.62253712,10.60985532,10.47368271,9.995661358,10.31987305,10.87172965,11.15504646,11.13780505,11.02053152
1779475_at,11.64700736,11.7999743,12.30537899,12.21856956,11.92503859,11.72490991,11.72113028,11.78578792,12.14688299,12.28423378,12.24704362,12.16932036
1779476_at,10.54757013,10.98457109,11.24077053,10.75392993,10.63258293,10.50756227,10.56216635,11.03240898,11.78582448,12.11681662,12.20010698,12.10321608
1779478_at,12.1294827,12.17485045,12.1746465,12.15947304,12.20567364,12.12180714,12.15165161,12.22454451,12.24141287,12.32954641,12.20626156,11.96657295
1779479_at,9.800036395,9.855749473,9.695407727,9.733319449,9.380052025,9.208126682,9.742874374,9.954936471,10.17291475,10.37588514,10.30967256,10.35926836
1779482_at,11.13389899,11.40570603,11.05895496,11.11572746,11.06130675,11.02040376,11.4432461,11.42016203,11.32944827,11.18978837,11.21257705,11.13306479
1779483_at,10.7002923,10.44218009,10.4517669,10.37427417,10.30892656,10.30867929,10.69539608,10.61448236,10.64396944,10.66439177,10.63534575,10.81525729
1779484_at,2.421032726,2.934890247,2.79685042,2.758321878,2.561926017,2.790293904,2.733437032,3.003203625,3.344956408,3.069284671,2.991680207,3.699293774
1779485_at,7.71464882,8.210451301,7.25425243,7.388229982,7.637456228,7.672282619,7.769506275,7.758438623,7.427525361,7.520132674,7.642522303,7.979916627
1779487_at,8.028571219,7.806639924,7.829220078,7.515086044,7.61232122,7.857701638,8.081089767,8.031365426,8.074244435,8.350557156,8.435140262,8.559664385
1779489_at,10.48792619,11.10963007,11.5404629,11.99199406,11.87444971,11.4961263,10.52055315,10.44353903,10.9244569,11.80796201,12.01803587,11.9269214
1779490_at,11.53503372,11.33950925,11.66586995,11.47209774,11.5757191,11.63890788,11.55565959,11.28464158,11.26132369,11.27871389,11.06048816,11.12986146
1779491_at,11.48260078,10.79283481,10.29350495,10.57984372,10.87437627,11.11107091,11.62157904,11.24373459,10.57071335,10.10233123,10.11442024,10.11344381
1779493_at,9.00588654,8.22778314,8.218656052,8.373726443,8.402740624,8.834226467,9.086518317,8.909427308,8.388725527,8.061717905,8.297904554,8.253860895
1779494_at,3.267339752,2.9638503,2.979016426,2.889682951,3.18513364,3.15148185,2.927101351,2.799682262,2.883378651,2.87819018,2.713225658,2.634838679
1779497_at,10.82476059,10.80894928,10.86640253,10.72992874,10.68678169,10.68835733,10.81474741,10.85500732,10.81034118,10.84153804,10.78170243,10.75069071
1779498_at,7.804203214,9.919913571,11.745979,11.62477207,11.12336521,10.43173954,7.717160783,8.863921492,11.22427043,12.8103488,13.12079499,13.06456072
1779503_s_at,11.00814626,11.09353321,11.33958675,11.438904,11.51759271,11.47592101,10.99614767,11.22582388,11.54155436,11.81333121,11.93226208,12.009621
1779506_at,12.05636411,10.53712478,11.16277025,11.34226668,11.52734343,11.69110521,12.16339444,11.52653633,10.3673485,8.449751579,7.522872726,7.376081086
1779507_at,9.653080893,8.741413979,8.300572246,8.638076977,8.939078978,9.273960282,9.529193852,9.080366667,8.718597865,8.708141009,8.747422238,8.561847425
1779508_at,11.4711229,11.17268757,11.32804608,11.18118179,11.16288301,11.27348401,11.54655135,11.65583251,11.90451378,12.14821119,12.30066836,12.48058513
1779509_at,7.667869224,6.846527586,7.175965824,7.48387051,7.745188778,7.725773592,7.612363193,7.286735943,6.887715133,7.050494554,7.129005586,7.031651153
1779510_at,9.700619,9.856204395,9.944620638,9.571564634,9.708891839,9.936356744,9.532856155,9.616046798,9.682414594,9.647574405,9.5291621,9.543757929
1779511_at,8.223700323,8.440497997,8.577171642,8.188930449,7.808728712,7.763904282,8.11630717,8.445685899,9.599543976,10.1862761,10.05203029,9.937675707
1779512_at,9.677837635,9.977667896,9.527804262,9.221436201,9.210922439,9.230198995,9.475063245,9.668086148,9.561279369,9.179546425,8.947866386,9.054812288
1779514_at,11.49232267,10.00910856,8.767701861,9.955142505,10.40564296,10.92467545,11.41010904,10.4840609,8.010119754,7.070019596,7.132970523,7.639829941
1779515_at,6.712049363,6.901419667,6.812035231,6.759522421,6.628508842,6.667246776,6.668684123,7.281920682,7.268616789,7.443741587,7.2762727,7.331376341
1779516_at,11.2025958,9.935107012,8.626697881,9.897819602,10.32335887,10.68958636,11.10639949,9.837497209,6.979233175,6.90025727,7.628532002,8.136948812
1779517_at,3.39874046,3.685350886,3.76515404,3.970871534,3.89176057,3.558226787,3.492569817,3.760850117,4.093635409,4.432689857,4.541771572,4.959126081
1779520_at,11.12398082,11.05251748,11.03453389,11.00067646,10.8210734,10.71548646,10.98782155,11.6530088,11.55876927,10.57196871,9.547018055,9.402170884
1779524_at,4.44478399,4.301462478,5.160912457,5.250565537,4.749663685,4.928060819,4.037928871,4.17392376,5.336924069,5.452916747,5.646299138,6.239344777
1779525_at,10.1939182,9.548655024,9.216643315,9.54658017,9.469799085,9.913187405,10.05128606,9.797583914,9.540180488,9.308694424,9.363677009,9.465297776
1779526_at,7.249706542,7.778033742,7.872534998,7.570731494,7.522548305,7.689140874,7.352941988,8.365681456,8.888776586,9.050573156,9.036064624,8.948838574
1779529_at,9.767050166,10.28798002,10.82144094,10.83489028,10.71085862,10.53057546,9.706980367,9.878862527,10.64048566,11.20215886,11.40609065,11.45595768
1779531_at,11.6575611,11.63912971,11.45499308,11.54742823,11.52812276,11.57850722,11.50615928,11.73100446,11.79325393,11.52038909,11.35439865,11.39413183
1779532_at,12.70043665,12.62617009,12.42774525,12.45341706,12.55916576,12.65177976,12.66130343,12.57759206,12.1018139,10.62941071,9.899059445,9.854118223
1779533_at,9.822390069,9.572388848,9.382262518,9.455365999,9.390512728,9.593253089,9.910849719,9.891333196,9.904262388,10.1332267,9.988193423,10.11482651
1779534_at,8.857738733,8.834722097,9.340805329,9.445526918,9.412087304,9.183864344,8.796648208,8.766874113,9.054180115,9.573985615,9.737728637,9.88093478
1779535_at,10.86028563,9.736910955,8.725714062,9.76675308,9.991871826,10.3291146,10.80653696,10.62686268,9.526307191,8.607517384,8.604815152,9.112386502
1779536_at,10.95735386,10.51263348,10.42556255,10.42995158,10.41673691,10.4943091,10.88630142,10.76201374,10.35024778,9.685972868,9.446109178,9.222545909
1779538_at,8.983485825,8.365109007,8.420729502,8.508803619,8.680432965,8.714668698,9.01557305,8.87146297,8.667481371,8.501492814,8.601031313,8.621125706
1779539_at,11.21831629,10.80772582,10.23135475,10.59036587,10.80608011,10.93704136,11.16182062,10.82511159,9.693905844,9.172542237,8.955738923,8.76552802
1779541_at,8.945124129,7.071322419,7.068796877,8.010640588,8.495313425,9.040575267,8.971081909,7.392999437,6.739500797,6.637007397,6.560911797,6.478770448
1779542_at,11.2311837,11.05043396,11.1595342,11.20982144,11.17198059,11.15544256,11.24495486,11.37837643,11.70417325,11.90378168,11.95006236,12.04514484
1779544_at,10.24233006,8.43943775,8.151727363,9.046863643,9.298931107,9.666592725,10.15047369,9.614560004,8.929651188,8.569352099,8.847571394,9.111041522
1779548_at,9.800050729,9.695225269,9.747575911,9.93222293,9.879664948,9.808883779,9.734777404,9.720484248,9.866614083,10.05352458,10.27088111,10.3192723
1779549_at,10.04338933,9.602228287,8.718514851,9.421638782,9.774013125,9.950893544,10.02047691,9.679087631,9.274347787,8.806132652,9.014216504,9.14754933
1779550_at,8.559159003,8.386677609,8.33336231,8.227323975,8.286629495,8.326518025,8.547855806,8.9351701,9.200386811,9.237857378,9.244832973,9.394507464
1779551_at,9.561013527,9.579375812,9.828703629,9.663803664,9.402861595,9.361666228,9.381862925,8.982340178,9.16205195,9.177854768,9.180890712,9.516319561
1779552_at,9.754096745,9.608080063,9.515326129,9.597655582,9.714430858,9.68136534,9.687913757,9.597025618,9.655086243,9.743401975,9.816722908,9.931069362
1779553_at,9.041050611,9.15521867,9.069451038,8.592904676,8.603663549,8.822345415,9.082294972,9.364626931,9.565161156,9.451940968,9.511793927,9.587563609
1779555_at,11.12747049,10.73355561,10.84630399,10.82982671,10.85455359,10.94094062,11.01940841,10.62714143,10.42156088,10.44641491,10.59449961,11.03240552
1779559_at,12.58096864,12.53659625,12.41809593,12.41543754,12.51142625,12.63356445,12.51432691,12.56122576,12.19553904,11.63635895,11.20357707,11.34463022
1779560_at,3.093411468,3.090307999,3.313855998,3.296298851,3.398109905,3.048238638,2.978014012,3.21819817,3.488059868,3.569122193,3.651983838,3.650603073
1779561_at,10.44306784,10.47278013,10.68861509,10.69999415,10.57051918,10.4679598,10.46728718,10.34430783,10.63202311,10.81362587,10.90753076,10.8729219
1779563_at,5.09033544,8.040450086,9.313886016,8.701017342,7.968262979,7.402984927,5.058988407,5.907049289,7.902982134,10.24492263,11.06858925,10.99707658
1779567_at,4.217242539,4.28131731,4.090425843,3.987155291,4.083841316,3.923617495,4.511299008,4.10055865,4.228641778,4.313081345,4.039698847,3.839471556
1779568_at,4.868347127,5.730134363,5.792282828,5.172741423,5.401593682,5.383923074,4.84966364,5.162725085,5.829195479,5.976123017,6.260727223,6.687744357
1779569_at,8.966196526,9.063504827,9.383191794,8.973576481,8.829065573,8.859998212,9.114840064,9.460831908,9.756764701,9.669066203,9.724691566,9.652766178
1779571_at,10.18228626,9.397823371,9.107736236,10.11339664,10.73133367,10.90171881,10.26862385,9.300688174,7.611198955,6.972388519,6.683922479,6.163952495
1779572_at,8.363496216,8.69469399,8.340309881,8.083735566,8.103536409,7.997030432,8.440184362,8.502434236,8.764821636,8.797507426,8.69135453,8.795848351
1779573_at,9.114235741,8.99520357,9.17968382,9.20119044,9.055954328,8.952330103,9.020887135,9.146381529,9.513591805,9.751210099,9.781241407,9.67833791
1779575_at,9.823409648,9.608020782,9.457594739,9.62957077,9.617111289,9.639971306,9.941773535,9.890422703,10.11506523,10.11848623,10.01614093,9.614713304
1779576_at,11.41552018,11.31656991,11.3421092,11.44865401,11.43301258,11.44172305,11.31771728,11.22572212,11.14511488,10.98271144,11.22767864,11.46153276
1779577_at,4.739037866,4.438376506,3.657613334,4.163447298,3.727718184,4.002089462,4.486579769,4.180208164,4.123070363,4.228820786,4.404824245,4.495372533
1779578_at,9.725305073,10.69869931,11.28898439,10.82835284,10.3329411,10.06346628,9.588809348,10.43317178,11.05450251,11.0846405,11.06750646,11.19907164
1779582_at,8.569735494,8.060809661,8.171730378,8.592004602,8.511824287,8.710196304,8.398935252,7.851109361,7.887253895,8.142249457,8.337230297,8.801140096
1779583_at,2.641172161,2.823144559,2.564233089,2.850408814,2.622205672,2.744883352,2.830958459,3.027248711,2.964419582,2.981364365,3.069623554,3.070345599
1779584_at,9.823402527,9.464001966,9.505076812,9.577380813,9.554119057,9.769104699,9.853540431,9.862592796,9.633223895,9.370964257,9.284465284,9.072487519
1779586_at,10.0389178,9.745289248,9.819516768,9.68990518,9.752858519,9.942297936,9.943292582,10.35112754,10.24858603,10.07267142,9.862789245,9.725433974
1779589_at,7.876839647,8.724349177,8.848253758,8.502064301,8.514927953,8.22540732,7.768566791,8.077346775,8.22540732,8.496645491,8.444081637,8.196488105
1779590_at,8.939373375,8.442339004,8.496989313,8.361592438,8.280757005,8.474170519,9.056307085,8.829380176,8.938093,8.859858441,8.553083726,8.434715306
1779591_at,9.484475626,10.67832509,10.89984008,10.24929627,9.819521188,9.474659428,9.45444845,10.74290851,11.32936741,11.43760328,11.3179601,11.52054512
1779593_at,8.0157842,8.402987448,8.382533422,7.926577219,7.959644072,7.931437192,8.277780782,8.312591898,8.327972702,8.351690302,8.370778431,8.521885924
1779594_at,8.556586079,8.666002215,8.662944796,8.708134481,8.671484019,8.564465446,8.680066019,8.954499413,9.580297672,10.00745978,10.29846841,10.26091693
1779597_at,10.85497116,10.88399352,10.71361926,10.61659221,10.75825578,10.7948674,10.88663426,10.99442204,10.67104607,10.50377203,10.46122672,10.67229646
1779599_at,12.68489092,12.67268043,12.60367482,12.65079467,12.64468791,12.6856791,12.66627811,12.57959785,12.4439354,12.27536772,11.82729813,11.90786867
1779601_at,9.846739384,11.83206464,11.75576563,10.25684754,9.83983732,9.736235496,9.872018591,11.53053085,12.23010511,12.21523852,12.16877667,12.26381255
1779604_at,11.907132,12.04571862,12.02183321,11.73944357,11.61845764,11.627434,11.89038435,11.90019486,11.65694921,10.88151659,10.44317647,10.3639182
1779605_at,8.418771737,8.714619934,8.906141503,8.827144354,8.700697275,8.49610884,8.412994306,9.007777258,9.538384083,9.975094821,10.06365787,10.15036313
1779609_at,8.471299486,9.79828069,9.901024074,8.982736876,8.455569672,8.030452529,8.388887528,9.858661425,11.05614355,11.44408154,11.83885203,11.99717998
1779613_at,7.647633868,12.07439936,12.0472969,10.26010145,8.804413706,8.185626432,7.55921813,11.29023951,12.14515352,12.40657474,12.34800908,12.42493824
1779615_at,10.78681996,10.00335902,9.172491313,9.747280532,10.23537506,10.69434969,10.79523644,9.94356033,7.845932955,6.162891031,5.777530655,5.643050606
1779618_at,8.22693132,8.108954634,8.034913848,8.107026856,8.241164212,8.325878038,8.508773576,8.236079312,8.243510742,8.117974949,7.897991439,7.783013984
1779620_at,4.393391278,3.921686408,3.789202215,3.893432192,4.050838722,4.485574217,4.335933649,4.339343075,3.911731835,4.09978681,4.031975681,3.864069794
1779623_at,6.626929456,7.143101951,7.054604874,6.540989085,6.583834542,6.551638591,6.94872745,6.547813833,6.709946086,7.113076992,7.343914024,7.084366758
1779625_at,8.64711257,7.69885342,7.29342113,7.987169935,8.047237821,8.35801033,8.510905634,8.219759472,7.74347478,7.539859594,7.745287262,7.870493475
1779626_at,9.152337794,9.5590854,9.813330953,9.67308245,9.430727006,9.316328794,9.176304922,8.725437443,9.24327178,9.589370162,9.660993952,9.431754486
1779627_at,2.454324856,2.987498273,2.735091848,2.717707604,2.853180839,2.717707604,2.675343028,2.735091848,2.932931427,3.020557195,3.083482606,3.535580719
1779628_at,11.82201476,12.06487665,12.15691074,12.55102008,12.67107214,12.50560336,11.91479169,11.88790978,11.80610945,12.19368579,12.38583383,12.14442332
1779631_at,10.050109,10.27109627,10.71786296,10.41421055,10.1984697,10.01088013,10.03848787,10.3616253,10.86782325,11.39160211,11.44076765,11.57804117
1779632_at,11.23561408,11.03356626,11.09581931,11.10513837,11.14579721,11.12235622,11.31103101,11.00319476,10.84586832,10.81768847,10.84654208,10.46618275
1779633_at,9.829094438,9.926632955,10.12853675,10.0501268,10.02780343,9.840810082,9.697936562,9.584532041,9.687036341,9.929658305,9.791995126,9.820597907
1779635_at,9.962563543,9.752590128,9.397501825,9.61740422,9.566180105,9.6171661,9.982427777,9.979892256,9.809465006,9.584061702,9.477294547,9.356848181
1779638_at,7.261633969,7.302244582,7.260917761,7.439293643,7.51324119,7.627915722,7.456148283,7.38064317,7.414156822,7.37137637,7.565812536,7.754679692
1779639_at,9.866313208,9.895125403,9.963269332,9.765182568,9.718568638,9.599908718,9.841747697,9.846976827,10.06669848,10.1616988,10.10528423,10.11806948
1779643_at,11.94060016,12.00325136,11.91873994,11.85245997,11.82430572,11.63079256,11.95686629,12.28696489,12.40598231,12.21967953,11.93216399,11.49636404
1779645_at,11.60411356,10.8090187,9.351723535,9.108441152,9.735981256,10.75133446,11.59673268,10.93140047,9.323493638,7.695163928,6.86753679,6.620723068
1779649_at,7.671822884,7.688470085,7.868080963,7.741367887,7.532793075,7.506874477,7.570667449,7.623397968,8.084936291,8.252764216,8.353221327,8.257879114
1779652_at,10.8338847,10.68001646,10.57427312,10.68116094,10.63247235,10.73503565,10.63979852,10.66142907,10.37545273,10.15908697,9.999018816,10.25339758
1779654_s_at,11.59424342,11.65968928,11.3281393,11.15797054,11.24196264,11.26629676,11.49998113,11.63279106,11.60195739,10.99848907,10.29813961,10.1850642
1779656_at,9.544765758,9.029356815,9.053899244,9.27821632,9.287587728,9.331484709,9.639086126,8.949339662,8.577884235,8.559580332,8.815183294,8.854092865
1779659_at,7.937558899,8.235316447,8.171203393,7.741889382,7.447990933,7.414695758,7.872623698,7.904329559,8.615493575,9.142348869,9.163346578,9.282557688
1779660_at,7.143051919,7.678841234,7.922460823,7.900857945,8.037678233,7.732125803,7.254180047,7.687694228,8.075210224,8.534831613,8.868114723,9.007250216
1779662_at,8.905199095,7.90093765,7.530086963,8.179381037,8.3358062,8.720939277,8.901170907,8.595530012,7.582711003,7.279344953,7.071810334,7.289994633
1779663_at,13.15345099,13.20807512,13.1944881,13.22611992,13.21783742,13.15684959,13.14801654,13.18565528,13.18260897,13.19537305,13.16875281,13.16291906
1779664_at,8.515641085,8.317055958,8.605745337,8.526508652,8.629736253,8.599397957,8.61977408,8.481758516,8.762931263,9.112426383,9.108269213,9.175519756
1779665_at,6.520480892,6.40471119,6.195853324,6.467905257,6.320105838,6.200859429,6.65446603,6.811264223,7.041172467,6.936469781,7.152510182,6.995150652
1779668_at,9.633710592,9.978875013,10.54763769,10.37533662,10.10394373,10.06676937,9.616921166,9.44998524,9.585535922,9.392272479,9.068343184,9.055827412
1779669_at,9.768112208,10.09372779,10.29691445,10.07007261,9.840060658,9.878698321,9.682678276,9.677472434,9.79569764,9.517387876,9.138502209,8.969773247
1779674_at,9.538639788,9.436626223,9.411721377,9.421241929,9.352113278,9.383371864,9.682590133,9.451312742,9.332958286,9.352649886,9.131231305,8.982921775
1779675_at,9.476368835,8.684520329,8.238758672,8.763479149,9.036459974,9.215955503,9.42511915,9.132124947,8.610465477,8.393122493,8.562033143,8.622498573
1779677_at,8.321126591,8.559322352,8.614993019,8.433832379,8.40409047,8.407472356,8.454017143,8.474734648,8.72012673,8.639960806,8.668669149,8.64122189
1779679_s_at,8.621122419,8.84286586,8.849150847,8.681965855,8.724810385,8.378546539,8.702958243,8.726013153,8.579116248,8.735626708,8.801775876,9.002557909
1779680_at,9.965031692,8.521983585,8.105842645,8.849709985,9.147687303,9.391100224,9.926130195,9.244546765,8.192085707,7.811316622,7.962052796,8.437130289
1779681_at,3.518332662,4.426992055,5.007445185,4.027030306,4.575381422,4.470983221,3.234384452,3.350630337,4.132741037,4.185607195,4.754942362,4.912751748
1779682_at,11.55711716,11.40596468,11.14935767,11.72251962,11.94539332,11.87946645,11.77621871,11.59844133,10.78046208,10.47430317,10.60781699,10.69325641
1779684_at,8.267208723,7.538166394,8.030209093,7.961747803,8.138106301,8.189400105,8.232246718,7.926120579,8.201955152,8.449618705,8.857254251,8.996125762
1779688_at,6.854074169,10.98138122,9.9249756,7.658088843,7.356398978,7.197343934,6.644656306,8.969831416,9.603834092,9.522658481,9.499629704,9.578873125
1779689_at,8.276029704,7.826210694,7.85862893,8.062158874,8.198547608,8.148581783,8.265886562,8.121277923,8.219475899,7.969896115,7.712286194,7.588242647
1779690_s_at,13.0509741,13.00333637,12.92297573,12.91219156,12.92975438,13.00713632,13.01939441,12.96767489,12.73121948,12.22830451,11.88069128,11.93554852
1779691_at,11.08337833,11.33970068,11.52581323,11.13506656,10.8121272,10.77157976,11.03098782,11.45116584,11.88595998,12.01703882,12.07602499,12.14885421
1779696_at,8.084176743,7.893189143,7.734920489,7.758091218,7.676692076,7.900489794,8.150582088,7.798073912,7.65299468,7.681079008,7.69557645,7.809098528
1779697_at,8.865283318,9.462835135,8.75683793,8.445103764,8.516839103,8.546056319,8.975386783,9.379279091,9.288530946,9.060907415,8.908089348,9.012997557
1779699_at,9.270149417,9.730594615,10.25505323,10.18107465,10.04086609,9.760659475,9.291864423,9.356131082,10.02215636,10.37225298,10.05258053,9.768356739
1779702_at,3.410416559,3.416063235,3.216365244,3.267030369,3.021565109,3.460469812,3.537166731,3.640171665,3.565823342,3.256758746,3.432365754,3.481109318
1779703_at,11.05880929,11.45376655,11.81541359,11.31224118,10.92653875,10.82491776,11.09803047,11.70883957,12.27450945,12.50301258,12.49386973,12.70616357
1779705_at,9.817429143,9.811408227,9.900690622,10.03603144,10.05183077,10.02555898,9.874410659,9.739643629,9.701129865,9.643013579,9.910664087,9.774033797
1779706_at,7.522620424,7.156605117,7.493040506,7.40487985,7.271687471,7.097257219,7.515047448,7.627936947,7.637100608,7.687813421,7.619391811,7.571279007
1779710_at,8.282799096,7.458418406,7.498733548,7.624527514,7.77693824,7.863561058,8.302734344,7.743114855,7.693184439,7.943778262,7.98119297,8.065938415
1779712_at,9.669746597,9.779429718,9.895314508,9.914042559,9.980340035,9.921935242,9.515506601,9.684131039,9.872134657,9.844452395,10.18354791,10.0718429
1779714_at,8.220783793,8.697231392,8.855523401,8.625429451,8.498060638,8.295014179,8.2373242,8.808899509,9.253709207,9.660866674,9.704805375,9.961954729
1779716_at,11.38763742,11.66481574,11.85045548,11.55300578,11.27821804,11.19475716,11.36242976,11.82178231,12.15831306,12.40821158,12.5101683,12.56990258
1779717_at,9.755200639,9.10678855,8.742173241,8.905510439,8.930022978,9.126319455,9.736860011,9.632792919,9.462439889,9.336620924,9.236908756,9.11221898
1779718_at,6.979642144,8.638813166,9.657922005,9.311141444,8.961699807,8.357127127,7.093605116,7.952331191,9.495796478,10.47338872,10.84118761,10.79848872
1779720_at,8.916227586,7.424526632,6.877755851,7.452677489,7.839689303,8.23647556,8.980422092,8.38403087,7.47932214,7.132357961,7.47338403,7.79862699
1779724_at,6.895070935,6.663641044,6.679295844,6.908803193,6.903782214,6.963436882,6.851930511,6.73273344,7.310526927,7.611871933,7.394641762,7.358669872
1779725_at,4.286782542,4.231487913,4.046931264,3.844084459,4.006226176,4.323324273,4.35520586,4.185750013,3.914926234,3.917548124,3.660964038,3.800506503
1779727_at,12.99179099,12.94485195,12.89538369,12.88206841,12.91289188,12.95017251,12.95588409,12.90196046,12.76673603,12.35819759,11.93218708,12.25800973
1779732_at,8.907367786,8.694566416,8.899501432,8.905259135,8.992761496,8.93070141,8.766158834,8.645209818,8.763991592,8.694285416,8.727284116,8.971124531
1779734_at,12.14345965,12.03592314,11.56158688,11.52126606,11.81809116,12.03374731,12.22281858,12.09565921,11.30503541,9.752233107,9.529139523,9.805819163
1779735_at,9.087993062,8.86698626,8.95320685,8.840720546,8.910451413,8.993528474,9.079465254,9.205564133,9.474204841,9.660762915,9.792615552,9.793300382
1779736_at,3.252297629,3.524214747,4.491373122,4.157584933,4.222969538,3.87047311,3.353516171,3.769072808,4.568657588,5.117245671,5.413363101,5.817156341
1779737_at,10.24217523,10.33389349,10.33555087,10.03911824,10.01637974,9.935311732,10.09165334,10.23880168,10.55349611,10.71599602,10.78472155,10.77666917
1779738_at,7.365776083,8.115112927,8.641763317,7.995678518,7.717423678,7.488020211,7.317830763,7.61302241,7.750509181,7.329501845,6.662478482,6.667468068
1779741_at,7.87315068,10.35500696,9.224437395,7.950920651,7.794683025,7.957453738,7.902485726,9.323963306,9.309845786,8.695900755,8.619417476,8.817751385
1779745_at,10.90557745,9.779721752,8.946642032,9.786903746,9.986288581,10.34477936,10.86187853,10.02708837,8.241685532,7.52839393,7.825055948,8.24009633
1779746_at,9.161118697,8.826033819,9.007975169,9.055055152,9.074654292,9.095154844,9.205092419,8.933014538,8.753832907,8.438948877,8.165234421,7.974638985
1779747_at,4.611051246,5.753012135,5.658141511,5.388398429,5.25489428,4.916240458,4.954638835,5.390647427,5.386584542,5.322105944,5.469539626,5.372868988
1779751_s_at,9.826553821,9.37018801,9.328017156,9.455737684,9.550305993,9.64649598,9.769756542,9.431206065,9.038123985,8.771357258,8.765405435,8.656873157
1779753_at,8.557401364,8.006745758,8.173294666,8.213192765,8.444996408,8.556468151,8.595043506,8.394027063,8.174497152,8.161377857,8.017622765,7.811746464
1779754_at,8.74413017,9.610140617,11.8889324,12.38940603,12.30317856,12.07871375,8.858822999,8.466423016,11.40680324,13.15580816,13.30655476,13.43029192
1779755_at,9.012963875,9.238184373,9.318044221,9.29294479,9.344738488,9.24955805,9.29932122,9.233422439,9.142707151,9.006607202,8.852594689,8.617308913
1779756_at,8.200927471,8.232425143,8.320957814,8.367060984,8.345749856,8.252217974,8.15194159,8.392462309,8.587479926,9.108918243,9.389159351,9.423614544
1779759_at,9.432759474,9.388039019,9.607080777,9.326501397,9.229800651,9.242854407,9.409965533,9.059088794,8.904900229,8.590921873,8.148575367,8.066366565
1779760_at,11.24451982,10.92091969,10.39488822,10.76259245,11.02009093,11.13895072,11.14337008,10.95393625,10.36857592,9.973437407,9.957242623,9.865840225
1779762_at,9.285473548,9.226432302,9.366151052,8.891024875,8.771054811,8.797450728,9.201205448,9.228908404,9.361792644,9.159808099,9.241896698,9.137390484
1779763_at,8.194861618,7.587183663,7.579281152,7.710362176,7.890897877,8.039740863,8.129253503,7.763589138,7.738370289,7.586381353,7.889989477,8.146739814
1779764_at,3.20876637,3.264442807,3.215884367,3.081644277,3.399670756,2.795911827,3.191468958,3.104853175,3.359627011,3.732144016,3.767834961,3.767693787
1779767_at,9.367413416,9.948641071,9.715462077,9.474677787,9.461777097,9.430249127,9.374072032,9.776705706,9.975366517,9.645656097,9.582607688,9.427549078
1779769_at,9.600220561,9.598277158,9.708970344,9.888953826,9.983498455,9.896888261,9.775191418,9.640759823,9.732481408,9.904929966,9.825124502,9.687752641
1779772_at,10.00989734,8.680665091,9.694931847,9.782163421,10.04379728,10.21310584,10.12426949,9.042442086,8.487754114,8.066266847,7.863753878,7.893476554
1779773_at,10.4377738,9.59812628,8.817667445,9.504637388,9.880644028,10.18357217,10.42917297,9.962002288,8.941522302,8.440134445,8.593618625,8.875382806
1779774_at,9.362043927,9.709453098,10.18190822,9.817499835,9.406867947,9.455656929,9.49907815,9.971573564,10.54762198,10.91340373,11.17652422,11.29096493
1779775_at,12.46564483,12.47984868,12.45126399,12.58928541,12.59881995,12.56176386,12.43614831,12.4215236,12.21064435,12.27374514,12.24977743,12.11246135
1779782_at,12.92347786,12.848301,12.79426085,12.82111935,12.84665164,12.81880268,12.81241232,12.86521484,12.70318196,12.53144686,12.47069479,12.45089502
1779784_at,10.56230879,11.1551142,12.37801222,12.38194314,12.19640363,11.9623102,10.50112804,10.22136349,11.36991419,12.16338214,12.11491502,12.431496
1779786_s_at,12.70188852,12.72518306,12.60487006,12.65944564,12.65851013,12.67036388,12.63834066,12.68714145,12.50505387,12.22051643,12.02587059,12.02739918
1779787_at,11.8098063,11.98020655,11.78026156,11.84681431,11.81566348,11.85416851,11.70481701,11.74316018,11.55599707,10.81630613,10.17995335,10.53459359
1779789_at,11.99396926,11.85665088,11.90744217,11.83163016,11.74546437,11.7942541,12.06733233,11.99572484,11.85249691,11.69824347,11.42791414,10.91332821
1779790_at,6.311290883,5.640979054,5.539727705,5.81719055,6.006093423,6.091557995,6.808080078,5.583084425,5.601580398,5.545817171,5.750987442,5.600737173
1779792_at,3.764886682,3.92493938,3.559527782,3.498709567,3.657700123,3.699112283,3.677609238,3.896519594,3.48456879,3.284534424,3.266228908,3.451160689
1779795_at,9.485244731,9.923801047,9.947671987,9.833301409,9.88191608,9.72786023,9.485909828,9.762304507,10.03395563,10.08859007,10.00668353,9.995635209
1779799_at,8.266830367,8.793044202,8.787996413,8.485111186,8.488506061,8.4944496,8.30511565,8.167747962,8.132408271,8.409371429,8.352730954,8.49318691
1779800_at,11.02760851,10.71370144,10.64953699,10.86164612,10.99119283,10.98121785,11.19749467,10.81541175,10.37849436,10.12274046,10.15711519,9.897060033
1779801_at,7.779734768,7.17240068,7.176195801,7.17235394,7.305977146,7.487058652,7.526267579,7.51731855,7.579137197,7.756695645,8.154635955,8.286586187
1779803_x_at,3.316178856,4.083453597,3.337786119,3.337937736,2.952459226,3.164619541,3.095321278,3.779869848,4.415482065,4.281327161,4.022593795,4.588783218
1779804_at,8.658919715,6.561027136,7.260435719,7.933522335,8.093977317,8.436449326,8.534682652,7.316277277,7.013502721,7.16470295,7.60866776,7.622887798
1779805_at,10.87042352,10.91509942,10.70076472,10.62218188,10.80141639,10.7228993,10.80428234,11.15584328,11.29807202,11.58653044,11.55463594,11.45055883
1779806_at,3.258722868,3.352338063,3.228215008,3.214955709,3.565420549,3.637415607,3.239793749,3.355311816,3.255337474,3.355311816,3.597156545,3.876929427
1779807_at,9.247902651,9.175350957,9.097173073,9.063653002,9.207535534,9.145610313,9.2530645,9.260576674,9.431845637,9.539758054,9.605109213,9.49609708
1779808_at,10.10114217,9.029307887,7.978375013,9.114230493,9.467230509,9.789283263,10.22310541,9.626681133,8.379657924,7.489646507,7.487190454,7.710268927
1779809_at,6.16451589,6.018130358,6.576760675,6.660395902,6.426892686,6.160555832,6.289353755,6.086852281,6.697303491,7.291488011,7.544311433,7.61074605
1779810_at,8.238961205,8.523978125,8.701364203,8.551482524,8.450036901,8.381320949,8.280802815,8.544414248,8.882161039,9.127799879,9.069605517,8.835286321
1779812_at,10.71623636,10.14015096,9.979769851,10.17410508,10.32843332,10.48609581,10.51536139,10.15390047,9.860644457,9.772093371,9.949735611,10.22944479
1779813_at,11.5548856,10.80493363,9.548541081,10.45391936,10.81536748,11.12370384,11.50661006,11.14546786,9.285717544,7.479470417,7.563957318,8.25000251
1779815_at,8.908685621,8.449057169,8.495272308,8.625820641,8.812104423,8.913959963,8.998235081,8.650182983,8.826261039,9.15853126,9.49539839,9.579773646
1779816_at,12.67266251,12.54003188,12.20018982,12.39579553,12.55209369,12.62811864,12.62922855,12.5362146,11.5632746,10.042611,9.811542023,10.33953075
1779817_at,8.833937076,8.777129487,8.719383114,8.702357155,8.672499188,8.77725286,8.863538176,9.235387876,9.523425886,9.48766093,9.777905134,9.987409153
1779818_at,7.685497107,7.773125269,8.599788473,7.999779449,7.388298552,7.428959105,8.111482749,7.565729633,7.496489863,7.646767125,7.711793992,7.615550614
1779819_at,8.992727272,8.886617207,8.710281351,8.657492346,8.668595878,8.634988218,9.120195667,9.269337981,9.593502834,9.799620801,10.02563956,9.830996148
1779820_at,12.14410316,12.12385603,12.02925895,12.10683709,12.09955641,12.16962781,12.17336808,12.09389505,11.86011545,11.85370419,11.81538179,12.08182163
1779824_at,9.041144624,9.243772897,9.554012089,9.417959462,9.213213171,9.14485632,8.866313174,9.159691698,9.481059063,9.690765322,9.622886515,9.495725391
1779825_at,7.938636823,8.266169321,8.115245351,8.163304344,8.141472223,8.04181519,7.858576791,8.0893404,8.080648199,7.984135379,7.895983934,7.671216538
1779827_at,9.049853871,8.761256896,8.594337159,8.616514384,8.738444335,8.716490822,9.174687312,9.273018643,9.55275602,9.823301666,10.01759475,9.975193326
1779830_at,10.98508879,10.72664754,10.55238802,10.59333779,10.64707176,10.75026641,10.94585904,10.82434595,10.77150671,10.67442323,10.74380011,10.95651233
1779832_at,9.970728477,10.01176886,9.872065693,9.810650308,9.832920389,9.912087867,9.910958702,10.07857087,10.19098573,10.05433038,9.881328056,9.692839454
1779835_at,10.71217982,10.82019239,10.8158106,10.84567088,10.83625047,10.8802201,10.7274606,10.84953173,11.03406843,10.91214363,10.81908435,10.6584533
1779836_at,12.77819616,12.5414345,12.34641965,12.78590995,12.83741654,12.87070928,12.75687551,12.5366247,11.92063731,11.58121694,11.28105277,11.29052753
1779840_at,10.07739534,10.01332018,10.13820468,9.895818989,9.88976102,9.905902586,10.19648984,10.35354368,10.49266862,10.62722905,10.55676579,10.48442438
1779841_at,10.97888185,10.89542225,11.11840407,11.09683457,11.01238299,11.04904358,10.7770082,10.88061619,11.08441804,11.2671525,11.15268871,11.36898495
1779842_at,10.51670978,10.50014719,10.49021049,10.36004695,10.3860338,10.54562822,10.58954798,10.55296309,10.50285257,10.34853869,10.35761399,10.28004327
1779843_at,8.799690804,8.995451796,8.699238489,8.596727824,8.71702792,8.861314954,8.784703166,9.098889196,9.330574091,9.609010719,9.983866782,10.47431459
1779844_at,5.266331257,5.939064078,5.823002295,5.677996618,5.293514267,5.389973638,5.398318856,5.248438775,5.321354722,6.019198043,6.089792299,6.065036355
1779845_at,11.60108313,11.79562827,12.29423008,12.00149363,11.65605888,11.46388969,11.61228176,11.92772398,12.4296904,12.75481322,12.80596388,12.83348723
1779848_at,9.098570163,9.096341976,9.356823685,9.204875797,9.159503599,9.136294121,9.196393796,9.348369726,9.950221807,10.33355144,10.54803924,10.60330545
1779850_at,5.344265081,7.135286041,9.476286988,9.722737392,9.586322861,9.134266001,5.564950868,6.186815863,8.523644355,11.01937358,11.35270067,11.07242575
1779853_at,11.01760593,11.15018832,11.06149232,11.35141092,11.30394415,11.17592637,10.7436083,11.3163582,11.24363298,11.16302963,11.20696948,11.46852132
1779854_at,8.855517702,8.366665098,8.19345093,8.380710553,8.442540139,8.668702204,8.848372305,8.896618019,8.771266922,8.682461873,8.389710261,8.302184365
1779856_at,8.982558765,8.042306888,8.042586103,8.475752478,8.633373874,8.969681082,9.185853234,8.74647338,8.47440849,8.383794499,8.297012007,8.151122533
1779857_at,9.578100052,9.178181174,8.992274257,9.114350317,9.243004161,9.349656275,9.454885402,9.1333854,8.66880556,8.24644396,7.986005288,8.055759005
1779858_at,8.801301109,8.938093597,8.72590556,8.633001626,8.431425661,8.531643924,8.706810489,9.101099807,9.344199222,9.430062317,9.574998454,9.601480781
1779859_at,11.38715946,11.3086846,11.28118274,11.29375769,11.37710022,11.41925911,11.35934924,11.30369346,11.30470472,11.20292124,11.37820777,11.29769164
1779860_at,5.771190561,5.481783896,6.111357622,6.407210562,6.718858485,6.386909974,5.795269019,6.041340277,5.898428874,6.185965681,6.111168081,6.079220888
1779861_at,8.426199026,8.301591691,8.294509904,8.160011367,8.076839884,8.216118128,8.564532151,8.468305902,8.714638035,9.222594942,9.20156252,9.191188489
1779864_at,11.67058833,11.58320292,11.47757079,11.64125731,11.74619815,11.74981315,11.68085832,11.56843661,11.33410558,11.30177854,11.43402609,11.47431679
1779865_at,10.22784025,9.376670009,8.979958497,9.519936947,9.973841108,10.26196796,10.26100233,9.726843617,8.850253242,8.01665872,7.818019661,7.893700766
1779866_at,6.789684372,6.622925817,5.740441354,5.958072002,6.129165435,6.019231704,7.02039247,6.268973052,5.26953388,4.982138601,4.717238767,5.019862486
1779871_at,5.23895824,5.495190827,6.291939033,6.680540989,6.327884502,6.09259151,4.985223701,5.296120971,6.244293883,6.600223427,6.696098883,7.158651643
1779873_at,9.143994216,9.017555692,9.137422794,8.96298373,8.932276429,8.95474173,9.093425623,8.959338037,9.080197382,9.330398786,9.333687238,9.318850896
1779874_at,8.316615538,8.246950845,8.264469735,8.292424946,8.192691421,8.224780222,8.303413886,8.451221416,8.574522339,8.660360214,8.883363875,8.747208243
1779877_at,7.144241551,7.967897295,8.485861016,8.006536536,7.827227741,7.347437275,7.210468918,7.842976298,8.644087676,9.101965714,9.375197832,9.19312347
1779881_at,6.256729889,5.645093494,5.883113341,6.129805303,6.377077866,6.256553864,6.160407286,5.998459208,5.755970884,5.816940079,5.891633649,5.922364138
1779888_at,10.95595145,10.7584976,10.25992516,10.49327378,10.77522243,10.98783874,10.94212224,10.80279184,10.02251089,8.982347283,8.242833632,7.832875947
1779889_s_at,12.07573908,11.86759171,11.48758414,11.63939317,11.75843251,11.95808851,12.09473147,11.92832801,11.10373861,10.27546987,10.04874236,10.06555645
1779890_at,9.975589629,9.976885376,9.827371901,9.456239627,9.412234309,9.517710493,9.948819047,10.11990985,10.4233432,10.13760474,9.808498415,9.931892831
1779892_at,7.880598045,9.830680332,9.813194405,8.173082484,8.242833972,7.802466239,7.868476458,8.919438898,9.689739552,10.03730996,9.913027706,9.485933997
1779897_at,6.348686054,7.982563047,9.145985331,8.636766614,7.952744353,7.589299304,5.975215051,6.36783737,7.146045486,8.723549491,9.35853635,9.288221384
1779900_at,10.25419407,9.96132527,9.757534864,10.04016145,10.25573832,10.40197574,10.41708343,10.1642798,9.928116034,10.01768826,10.20511292,10.28789248
1779904_at,7.90812585,11.20991319,9.223851007,7.724634634,7.589411895,7.629182832,7.959357455,8.823157592,8.20958251,7.875102005,7.888393035,7.748550191
1779905_at,6.007962803,6.039377168,5.99651737,5.598585427,5.524433597,5.542388828,5.890701202,5.989140993,5.840797011,5.627535442,5.718648261,5.79928295
1779907_at,9.857962301,10.05822981,10.17490949,10.18238982,10.10404081,9.950039712,9.955630943,9.908117435,10.07519825,9.965939291,9.904706677,9.920869389
1779908_at,6.51121154,6.32124269,6.507573359,6.592751583,6.423459081,6.64638915,6.441264085,6.636569495,7.051910656,7.230764034,7.366726591,7.306847445
1779910_at,9.165084685,8.611084552,8.717081052,8.74055153,8.789022706,8.937225597,9.069274929,8.69882693,8.680656188,8.98454395,9.087739202,9.283315632
1779911_at,6.128590992,6.831903094,7.293395733,6.845370304,6.936520442,6.774351408,6.690085158,6.731872877,7.133464825,7.154142939,6.848622501,6.835448152
1779912_at,7.084830149,7.296965797,6.63121327,6.91055795,6.73548406,6.559921228,7.441794626,7.621314065,7.17018119,7.247619022,7.401064546,7.469566757
1779914_at,5.7191199,6.241717542,6.751823661,7.661333118,8.164173921,8.077454973,5.882884422,6.326040547,7.187384767,7.988031758,8.461863241,8.698242846
1779917_at,9.013205259,8.725699892,8.652330059,8.708590492,8.724175952,8.867485556,8.848604924,8.793999681,8.372521164,7.923407322,7.521110046,7.099717676
1779918_at,8.756449932,8.925770288,9.115821513,8.920100643,8.900296223,8.895726992,9.016097785,9.257744199,9.374586499,9.405826758,9.164310815,8.971333681
1779920_at,9.671844134,8.943996639,8.977739455,9.273857323,9.230470955,9.276810717,9.464418222,9.163506238,8.662456843,8.858530818,8.701164234,8.485669724
1779921_at,10.71390221,11.55545267,12.10676059,11.92804108,11.69011008,11.50976939,10.5894812,11.32432235,12.04074806,12.38767388,12.37984753,12.31332282
1779922_at,8.964882466,8.336040677,9.887887043,10.78668842,10.71759102,10.48047472,9.090323236,8.552069404,9.384146777,10.90909682,11.85783857,12.09671632
1779923_at,8.686712832,8.493548787,8.534133596,8.421660461,8.511856601,8.464009708,8.713140772,8.692063033,8.833490048,9.138874179,9.139440124,9.306451069
1779924_at,7.966783323,10.58803143,10.80489581,11.07751352,10.97524812,10.69314374,8.09298614,9.154900142,8.363471666,9.409282895,9.334064644,9.114178565
1779926_at,7.502391361,7.361395982,7.670487222,7.325058648,7.369074851,7.438226242,7.526163208,7.668226649,7.842682818,8.080136198,8.207888714,8.227165624
1779927_at,8.156850149,7.694169866,7.645759049,7.640331552,7.716202001,7.940735363,8.22357032,8.220139113,8.342431969,8.304271082,8.270044582,8.161677767
1779928_at,8.643054364,8.374116028,8.374758669,8.606744518,8.692874349,8.518346755,8.775272612,8.371985884,8.069800985,7.854603556,7.819623799,7.560211895
1779929_at,10.82209215,10.82799041,10.84251996,10.80402662,10.70191064,10.75758219,10.75492249,10.72430041,10.79982073,10.70038557,10.60759522,10.64288095
1779931_at,8.783038457,8.060356648,8.21198991,8.429683162,8.571428991,8.725937137,8.765792903,8.767216857,8.643083285,8.791773548,8.714893848,8.987706334
1779932_at,9.402027465,9.646936212,9.836539935,9.90560021,9.813814669,9.70325416,9.385673965,9.575953311,10.05395423,10.42519206,10.53153945,10.4059614
1779933_at,11.98373912,11.90763766,11.99139106,12.06121923,11.99998891,11.96282193,11.90572654,11.87375288,11.98651953,12.11238895,12.15904301,12.26036128
1779936_at,9.022608977,9.589421668,9.84494739,9.772974045,9.602773697,9.359645198,8.942784033,9.4326879,9.883950247,10.38606343,10.29846841,10.00557536
1779940_at,9.295067931,8.963877684,8.493360626,8.997408236,8.984487497,9.142042444,9.444913909,9.063998803,8.377469826,7.99509479,7.918510386,7.887144948
1779942_at,10.06521984,10.47290579,10.60163403,10.50285257,10.38439789,10.27275133,10.18647128,10.50698939,10.82157942,10.86573128,10.59224294,10.49161852
1779944_at,12.44191139,12.28978099,12.28628977,12.35616311,12.42396998,12.46432539,12.39524983,12.32792964,12.1692516,11.85363917,11.72846659,11.5312585
1779946_at,10.4219744,8.85959965,6.085560924,8.229720339,9.227660935,10.16765341,10.29569726,9.564865792,7.154609909,5.86538163,5.739505535,6.086528098
1779947_at,11.44580892,11.34559177,11.46855739,11.67951332,11.71262459,11.6537276,11.4262871,11.27419616,11.26707056,11.43322546,11.55628506,11.83260164
1779950_at,7.743275098,8.163270679,8.415702028,8.134848511,7.794551581,7.850313461,7.643644911,8.159906596,8.461568822,8.497878116,8.707404919,8.892176731
1779952_at,8.225580294,7.907507188,8.003451071,7.903429955,7.872256127,7.819186299,8.427239061,8.213082657,7.918490898,7.53802762,6.986252591,6.886967311
1779955_at,8.655300935,9.231134184,9.407972755,9.266409652,9.127977929,8.856102691,8.700552753,9.484405893,10.12854951,10.63186727,10.69861189,10.75121355
1779959_at,8.881064908,9.377192661,10.22836446,10.28823176,9.890487711,9.457446031,9.049426528,9.250464808,10.02048602,10.32958828,10.29441077,10.2649847
1779961_at,11.14770118,10.42020132,10.87208597,11.24399799,11.5272213,11.54612544,11.27278475,10.27788722,8.788860063,8.454968401,8.244531022,8.000124112
1779962_at,9.589560952,10.38503897,10.45337787,10.21013393,10.1383897,9.776903696,9.644438455,10.37396883,11.12230429,11.68113018,11.8281914,11.750121
1779963_at,8.18084182,7.700849976,7.551014931,7.529185876,7.645226995,7.770274274,8.162496491,8.300091786,8.195233475,8.093856601,8.308205203,8.635724186
1779965_at,9.654571189,9.437542176,9.75193702,9.723832819,9.221998212,8.751442766,9.564256644,9.36460808,9.404700314,8.974204685,7.217384201,5.261570447
1779968_at,6.827180349,6.874065148,7.415759162,7.111030517,7.06272132,6.90327121,6.948465456,7.050130197,7.541085785,7.816110613,8.08048473,8.152402191
1779971_at,7.360819248,6.698437631,6.618863592,6.807238637,7.079610793,7.138472449,7.681709286,6.809388757,6.365229745,6.23242191,6.424672246,5.887769144
1779972_at,12.18825636,12.380602,12.64701534,12.66422968,12.65761868,12.57967813,12.22027432,12.52778466,12.76473772,12.95431016,13.02769367,13.09395725
1779973_at,9.41049049,9.864681056,10.46946863,10.11804796,10.10794434,9.930100836,9.3588438,9.972755847,10.79155487,10.93712679,10.77466701,10.48803445
1779976_at,6.311825013,6.29970788,6.537773641,6.766268582,6.786803279,6.600903542,6.216881898,6.158771473,6.149613718,6.594038662,6.63307292,6.708731984
1779977_at,9.251614331,8.792664876,8.655849064,8.748410047,8.934446854,9.009492748,9.250276326,9.169326066,9.228637364,9.105603139,8.930197664,8.655703519
1779978_at,10.60736113,10.62940245,11.24529669,11.48086009,11.56671436,11.50799644,10.69828841,11.22069325,11.062004,10.76137721,10.7144111,11.14097891
1779979_at,8.851821932,7.919133671,7.395406915,8.2949512,8.546992816,8.79529927,8.86830985,8.427707729,7.3444127,7.587608992,7.543228584,7.630840793
1779981_at,6.638403836,6.528339078,6.37493803,6.023499682,6.118439011,6.240899281,6.904057781,6.142098236,6.244001434,6.287585601,6.650045393,6.594727642
1779982_at,13.05938103,13.03316376,12.95689415,12.94553508,12.98783024,13.0196192,12.99669174,13.0248251,12.94899977,12.40854767,11.79322832,12.0110992
1779985_at,5.018761412,4.757250538,4.666419322,4.628037442,4.796614977,5.254216871,5.208620871,5.197234568,5.150398189,5.030985353,5.129091692,5.186638428
1779988_at,9.32579021,9.291980102,9.491135146,9.450362371,9.375999922,9.281832593,9.304912774,9.241994153,9.248147794,9.228413674,9.112430937,9.43265814
1779999_s_at,5.9334952,6.74901273,6.23295583,6.007268738,5.950800072,5.905331679,6.249741462,6.547697251,6.838415077,6.65965961,6.760073546,6.50220367
1780001_at,10.9187387,10.66807657,10.04780483,10.34409255,10.68284848,10.88258725,10.92937929,10.50700067,9.774747306,9.028037673,8.89590965,8.8140253
1780004_at,11.59133035,11.20358367,10.61745992,11.16092869,11.33195041,11.38375559,11.78236407,11.45554764,10.56339067,10.22520542,10.55734454,10.6140405
1780005_at,8.93485769,7.709227796,7.627700021,8.017852617,8.179349845,8.418151335,8.872450386,8.118281665,7.821061549,7.704027581,7.800487073,8.055576858
1780006_at,6.415706382,6.906139612,6.953242156,6.526454515,6.439110207,6.20640914,6.637791428,6.517342123,6.733385524,6.966791152,7.417972084,7.240905492
1780008_at,8.205847744,8.679690923,9.105181196,8.898444362,8.771025645,8.462769438,8.307149365,8.415400617,8.952296634,9.549455034,9.566396127,9.482699133
1780009_at,8.594070438,8.128252359,8.163734216,8.265053645,8.28278036,8.257107201,8.542263036,8.525450713,8.833774353,9.262883115,9.382215851,9.487183809
1780011_at,7.83737943,8.430306022,8.531118505,8.650027335,8.624450195,8.325434106,8.057653617,8.888660261,9.419572787,9.89716248,10.15779828,10.22828716
1780012_at,8.064733125,7.605565392,7.366083419,7.645068384,7.7331975,7.872873742,8.036506892,8.268687094,8.469100497,8.671999902,8.871357155,9.005319483
1780013_at,7.328513089,7.086536774,7.62722354,7.626544786,7.761244196,7.867894715,7.326720994,7.201748341,7.792879351,8.088616507,8.220463312,8.222764169
1780014_at,10.04305,10.55893672,11.00497263,10.78941409,10.67020356,10.43099521,10.0563978,10.28207863,10.60509664,10.82983483,10.68413624,10.5653033
1780016_at,8.5156072,8.270272019,8.238353648,8.216442988,8.259560208,8.31874723,8.49841263,8.46402701,8.527513985,8.419894565,8.251013691,8.257218503
1780018_at,8.97186065,8.749506797,8.778282389,8.834639216,8.954582256,9.095756356,8.805095544,8.637829678,8.701736547,8.733682818,8.917207729,9.112181123
1780022_at,3.051687897,3.882572495,4.343269391,3.841983795,4.183855625,4.019129484,3.847108105,3.639572526,4.168159096,4.296457713,4.35889968,4.339358759
1780024_at,8.477089316,7.975253899,8.073354822,8.327134066,8.438468768,8.414355358,8.35176767,8.0893404,7.904612809,8.241445046,8.329783575,8.367153949
1780027_at,7.95043469,8.479885367,8.60004603,8.429929699,8.182449338,7.874915847,7.95383298,8.498267696,9.081095164,9.377617359,9.473705949,9.445402999
1780029_at,7.909861777,8.331117473,8.504942399,8.244909911,8.323076922,8.235316447,7.936270159,8.418129597,8.66452154,8.807477719,8.481452379,8.358719381
1780030_at,8.031624107,7.684079762,7.864797079,7.803727857,8.038884051,8.080549031,8.133757684,7.978566311,8.335613533,8.865287436,9.162732185,9.277649252
1780031_at,10.90663655,10.80582188,10.94175561,11.09074646,11.07210289,11.04910281,10.97974839,10.76415093,10.81579396,11.00600516,10.93038319,10.70931725
1780032_at,8.506490194,8.556522158,8.516538651,8.680040615,8.465126581,8.407797312,8.542783149,8.647784269,9.058235937,9.490317795,9.615096061,9.87462242
1780036_at,9.214163985,10.27436994,10.67018055,10.29629529,10.15594437,9.831919128,9.177233406,9.980069341,10.65666698,10.94730647,10.78035141,10.38732066
1780037_at,9.37268761,9.543416221,9.857753072,9.583583638,9.540651169,9.482667213,9.319606814,9.364920851,9.555083425,9.406533753,9.004739456,8.749744559
1780038_at,11.10330917,11.24225733,11.51581846,11.62350239,11.54480402,11.40896518,11.14047036,11.16820472,11.48423863,11.64215088,11.7108508,11.68616297
1780040_at,2.527657447,2.421445713,2.682030065,2.523025375,2.340741307,2.363102791,2.388362244,2.661894811,2.583365261,2.861684839,2.809920152,2.583365261
1780041_at,12.6724777,12.57676482,12.57805084,12.58525839,12.6272203,12.6793503,12.68137178,12.62791988,12.474018,12.28850551,12.10203975,12.09978084
1780044_at,6.186148414,7.163313877,8.447311526,8.898198338,9.020537792,8.64754869,6.295742415,7.525045331,8.771378931,9.467892887,9.282261895,9.154701301
1780046_at,10.89799075,9.991722471,10.50177173,10.64869952,10.07198415,10.29852972,10.85182123,10.26140048,10.13828703,9.470977783,8.512822952,7.981977461
1780047_at,8.942861502,10.89931488,10.4417509,9.756392403,9.758633721,9.605832499,9.080628628,10.01693914,10.47956494,10.81330596,10.88015122,10.74373478
1780052_at,9.460530071,9.588693145,9.929008582,10.11579137,9.870091718,9.710181919,9.380063258,9.51767899,9.926644091,10.40032016,10.55834781,10.45487157
1780053_at,9.36503977,10.14447244,10.241898,9.947146213,10.06598235,9.711542307,9.247758868,10.2075161,10.45060104,9.581072455,8.409162004,8.459517213
1780054_at,7.461246485,7.371595352,7.660739111,7.367087977,7.463579436,7.414421645,7.476241997,7.780916766,8.088551743,8.508533015,8.474804638,8.681211709
1780055_at,11.87386864,11.75094123,11.52392177,11.44343038,11.57214096,11.6357247,11.9516495,11.76440701,11.38445816,10.64684996,10.26731462,9.993649066
1780056_at,10.75281083,10.72318101,10.72992167,10.99475731,11.16059641,11.12025328,10.72957856,10.56019504,10.57663862,10.49395971,10.51274112,10.4966399
1780058_at,10.2891572,9.997271751,9.867164439,9.94535246,10.04847088,10.13031923,10.17592063,10.19480575,10.05214637,9.846925562,9.911283819,10.0677518
1780059_at,11.81125438,11.56538049,11.07645845,11.45240314,11.49200809,11.49525256,11.91936017,11.93634683,11.39814282,11.03982331,11.36755888,11.41574612
1780060_at,10.54889797,10.38406815,10.3780106,10.43343336,10.50054656,10.49611588,10.52417068,10.3004354,10.17054531,10.17357179,9.997311614,9.936407805
1780062_at,8.964964492,8.572463583,8.586158337,8.422055477,8.504239879,8.515813199,9.118711602,8.900050851,8.738262173,8.523390225,8.197840951,7.654462816
1780064_at,7.314420619,6.592426472,6.650031619,6.673995085,6.923080442,6.979657462,7.272744617,7.085030323,6.821391253,6.816489242,6.743510921,6.724280021
1780066_at,8.382825555,8.662644691,8.626697881,8.707211735,8.756710224,8.664402724,8.242297645,8.545914033,8.994109529,9.260667975,9.31164542,9.240398218
1780069_at,4.232173369,4.507557732,4.307787845,4.504634552,4.959836146,5.016498744,4.38385877,4.948005097,5.584413931,5.665672491,5.703328271,5.51148201
1780070_at,8.834407892,10.973155,11.49112319,10.71569385,9.88709283,9.545327729,8.838746358,10.34241794,11.23913058,11.38927821,11.30189929,11.00634624
1780071_at,10.89062453,11.24878963,11.26405673,11.16714398,11.29448401,11.35462491,10.98279858,11.19052093,11.30985291,10.86502843,10.41345958,10.04746317
1780073_at,8.374519176,9.051039101,9.220109241,9.201341143,9.112080465,8.902389001,8.291292998,8.434136748,8.724947567,8.763586695,9.169383846,9.393636448
1780075_at,9.794855894,9.718152069,9.356497934,9.533898622,9.701372525,9.694409543,9.765130303,9.696999109,9.397499626,9.445366757,9.282557688,9.456915525
1780076_at,12.22360448,12.23042707,12.00869854,11.99115488,12.02046639,12.07350704,12.03735082,12.05851257,11.92532642,11.41816138,11.36512237,11.43659229
1780077_at,10.38254228,10.48269356,10.77932835,10.89657306,10.74744311,10.59832186,10.34348004,10.29339986,10.4417079,10.76349268,10.40905175,10.20398525
1780079_at,6.385197134,7.088754233,7.853522563,7.44912534,7.374127671,6.978274344,6.430174546,6.93900445,7.897740549,8.375854199,8.487278861,8.44216362
1780080_at,8.887526284,8.4366453,8.872462489,8.790956665,8.819181343,8.792007837,8.997997881,8.757287306,8.787659764,8.726561049,8.542445275,8.569700153
1780082_at,8.82885959,8.984316146,9.169610031,9.155126383,9.048792553,8.922806044,8.833973074,8.7802971,9.292870219,9.413063063,9.276386252,9.062727778
1780083_at,11.1979492,11.3708139,11.8290616,11.49469448,10.81554311,10.75329007,11.24643876,11.38910476,11.70596352,11.68580603,11.38266427,10.86059706
1780084_at,8.840944448,8.095071799,8.198050177,8.377301144,8.506871428,8.602952126,8.872197268,8.644296908,8.368002182,8.149633521,8.037989429,7.965615169
1780085_at,6.515784395,6.039377168,6.569173258,6.895219208,6.856489152,7.040296705,6.51946058,6.440857782,6.8471532,7.363734454,7.406612181,7.352507862
1780088_at,2.750566121,3.196849411,3.266889554,3.10992591,3.170521255,2.728576482,2.986381113,3.183941242,3.479642599,3.535469855,3.642378055,3.838362107
1780089_at,4.643030462,4.780042307,4.1497738,4.525201111,4.339616823,4.699334086,4.347024046,4.90321939,4.78003975,4.388118449,4.766945923,4.609156644
1780091_at,10.30188381,9.473858996,9.852639296,10.06524847,9.996149866,10.17744556,10.45081373,10.17882019,8.901633831,8.688030184,8.59502615,8.453886047
1780093_at,8.251662612,7.792900633,8.101359207,7.950920651,8.007398689,8.102439776,8.344811016,7.962348527,7.86946564,7.893934172,7.88286264,8.148793088
1780095_at,8.54708871,8.546332,8.645133195,8.590825281,8.703608195,8.709769288,8.694567921,8.768300097,8.956970349,9.278691555,9.377026048,9.543731976
1780097_at,8.098651961,8.31813607,8.336110288,8.136758144,8.108637899,8.168167622,8.187867777,8.17632951,8.27684891,8.314489068,8.096861462,7.889136814
1780099_at,9.215384838,8.720004114,8.72533515,8.341146655,8.546968809,8.699370064,9.310284943,8.346591323,7.761313888,7.512032357,7.26401449,7.17090083
1780101_at,6.336086635,6.695175133,6.844029969,6.465945976,6.337633909,6.619109905,6.386548183,6.753757177,6.835261566,6.825128895,6.639986943,6.73612071
1780102_at,9.238554197,8.127222229,8.376909241,8.809075546,9.116701232,9.037375498,9.153317885,8.414361934,7.641706301,7.916137288,8.006501099,8.194075993
1780103_at,9.184295958,9.23091955,9.274849859,9.245224042,9.226915163,9.115992826,9.272139895,9.284414721,9.588141939,10.0109179,10.27145763,10.43893174
1780104_at,9.259760521,9.109618494,9.111760334,9.196158723,9.271329785,9.317197818,9.428330208,9.075549875,8.859115409,8.945915307,8.881780536,8.76953553
1780105_at,4.827997856,5.386057611,6.384964813,5.773140561,6.284805134,6.041548408,4.567631718,5.357355179,5.511095706,5.603126037,5.652414268,5.465763472
1780106_at,3.689329899,3.717469447,3.613463727,3.204571075,3.457470639,3.510118743,3.432548543,3.382670186,3.427824297,3.56437489,3.097486358,3.175359795
1780107_at,10.67996744,10.48130895,9.988142279,10.1406366,10.29222561,10.3481436,10.60134215,10.49970063,10.25829618,9.850725717,9.794715624,9.628027863
1780112_at,7.591884573,7.354441486,7.125381049,7.316618333,7.220550365,7.283751674,7.583982789,7.953469795,8.227667402,8.239608727,8.260625592,8.142903595
1780114_at,9.266612625,8.115764129,8.299983196,8.524642344,8.678623044,8.808567339,9.272657829,8.573296182,7.900992869,7.917774926,7.879565194,7.90149577
1780115_at,9.18461818,8.928977101,8.787684886,8.936864439,8.927393961,8.783466307,9.358715843,8.966098168,7.642493015,7.278961296,6.961209094,6.67911228
1780116_at,13.33263973,13.30345079,13.20485691,13.21662396,13.28387005,13.3372153,13.26104163,13.2815643,13.16213056,12.66666905,12.42607358,12.41392275
1780117_at,5.232850246,4.916240458,4.735008569,4.815712395,5.21659109,5.285271873,5.269384183,5.72381455,5.74104736,5.859109087,5.971039006,6.026112465
1780119_at,9.805416179,8.612951871,8.666023023,8.965464526,9.131300955,9.395727016,9.889435703,9.03598439,7.968690065,7.743159383,7.853943642,8.070019278
1780120_at,8.619057024,8.634596357,8.76519966,8.613489578,8.660371465,8.522557059,8.547565836,8.652537254,8.650808619,8.629249477,8.744444389,8.886758448
1780122_at,10.09813617,9.914095837,9.767774042,9.804095039,9.873221632,9.988377744,10.04330535,9.823142507,9.558004093,9.272568795,8.955710591,8.818460258
1780126_at,9.432877672,10.02228113,9.832636217,9.647466829,9.514610011,9.39288401,9.473392529,10.11409519,10.76348943,11.08081836,11.28078842,11.061384
1780128_at,9.095530966,9.606720672,10.33655772,9.976189085,9.718822978,9.583710967,9.239314454,9.466288902,9.940019048,10.07268324,9.931754979,9.841666912
1780129_at,9.343763394,9.005267346,9.051128183,9.21444462,9.256997886,9.243914939,9.391012564,9.235465922,9.400815732,9.570271504,9.605347173,9.540330072
1780130_at,9.107300424,9.579162619,10.01450752,9.864159217,9.643556322,9.376656266,9.190646116,9.469409137,10.00563198,10.47140786,10.49597315,10.50329185
1780131_at,5.877029707,7.026293455,7.021301566,6.576520877,6.325797322,6.168592814,6.103576861,7.107799051,7.263964506,7.705206909,7.61620489,7.972927259
1780134_at,8.924868917,9.261904169,9.039296653,8.997511624,8.925215127,8.806723203,8.895382091,9.020399708,9.068961649,9.07823695,8.906693774,8.508914795
1780137_at,3.138090707,3.835386433,3.422485772,3.099022232,3.321563939,3.245568694,3.911982956,3.5971235,3.067640086,3.453886039,3.486719384,3.666550641
1780138_at,10.15885762,9.70530791,8.473227269,9.150011804,9.35012899,9.509784554,10.08302377,10.04258193,9.100857946,8.10603833,7.527732017,7.588050175
1780144_at,8.787970725,8.524133162,8.780162691,8.917173698,8.820631895,8.843225888,8.824422352,8.876964922,9.267420823,9.536574549,9.618700828,9.476414943
1780146_at,9.158750234,8.796648208,8.846078147,8.78373801,8.774775357,8.859215631,9.265172061,9.11462485,9.341441532,9.382869059,9.392557092,9.184805989
1780147_at,7.581417847,6.595258245,7.148016569,7.301777679,7.453626668,7.589280496,7.819487688,7.388321682,7.439090806,7.53787443,7.743630183,7.740681308
1780148_at,6.105731869,7.239294779,7.960978629,6.771111158,6.653809523,6.722057811,6.172549324,7.419532029,8.781428189,8.579345098,8.565249813,8.497083701
1780150_at,9.219017347,9.437448768,9.614594923,9.506365053,9.463507139,9.349874664,9.418423752,9.346721557,9.602778849,9.825885053,9.656684481,9.408197145
1780151_at,11.14542332,11.29197479,11.48410457,11.45806749,11.3956447,11.3297873,11.16197987,11.30695903,11.49243929,11.72351291,11.83767963,11.86405558
1780155_at,10.70297827,10.34850248,10.12909273,10.15599068,10.18055165,10.27090368,10.52114954,10.55201554,10.36433517,10.11089828,10.02834837,10.03373461
1780160_at,8.392571974,8.175582258,8.343028673,8.622199902,8.85244278,8.889268626,8.354372114,8.607637547,8.876611042,9.229880376,9.493057973,9.740811149
1780161_at,12.88145258,12.81386198,12.53483481,12.52793573,12.7612465,12.80812894,12.84497709,12.78425961,12.06119898,10.18625263,10.09959644,10.65457261
1780163_at,5.210234787,8.522091233,8.420963893,6.850499007,7.060511486,5.862100496,5.480281069,7.856656897,8.080784076,8.849185143,8.23653752,7.437948532
1780166_at,6.664448013,6.709912845,7.214060379,6.740914872,6.654935055,6.713192508,6.521274065,6.941781843,7.070792359,7.377517935,7.495974152,7.695148631
1780169_at,7.812962469,7.466955076,7.512728039,7.721158229,7.775251692,7.907521735,8.043025498,7.463656559,6.747487669,6.517232051,6.765148622,6.478770448
1780174_at,10.44990454,10.40664321,10.46303476,10.52364794,10.43593543,10.40636263,10.57674025,10.44486053,10.34005834,10.45094064,10.41917861,10.1879529
1780177_at,11.70272866,11.65651952,11.77340567,11.84599927,11.86957951,11.82495091,11.65970825,11.55844834,11.58598463,11.67165189,11.53513491,11.68628111
1780178_s_at,13.28541177,13.22147759,13.18511058,13.20826602,13.25321847,13.24619347,13.28556221,13.24320236,13.11432231,12.61732245,12.18872407,12.28622686
1780180_x_at,12.87423296,12.80332989,12.57423984,12.57613914,12.57681932,12.69728857,12.63487763,12.64254771,12.2207625,10.83063483,10.3094097,10.71458137
1780183_at,8.761351587,9.027096873,9.063143711,8.974726141,9.008213313,8.986415716,8.860087819,9.11714516,9.254702742,9.280796784,9.254213137,9.104420586
1780184_at,11.77018486,11.6114408,11.35484287,11.45804885,11.57930584,11.66718519,11.76369788,11.66438249,11.48953192,11.29137259,11.2267912,10.91165549
1780186_at,13.00135322,13.00816939,12.97817791,12.97831096,12.96471216,12.95834504,12.94158664,12.98109879,12.94112283,12.75448149,12.65204119,12.71253678
1780187_at,10.13801079,10.73449443,11.02538863,11.01554115,10.94108753,10.7539854,10.1343058,10.44739633,10.81569038,11.36153247,11.37737033,11.44818872
1780188_at,9.717878439,12.26503149,12.09445233,10.98097118,9.055196986,8.773224742,9.67647122,12.05070605,12.16950765,12.20166797,12.06423255,12.25601823
1780190_at,8.445852019,7.61179912,8.317977196,8.128943178,8.196251393,8.444756302,8.729113476,7.758168028,7.187558782,7.171219589,6.875131541,6.573588174
1780192_at,8.486666033,8.201748715,7.716502319,7.847308804,8.067312805,8.124618855,8.482898651,8.923695357,9.400929582,9.657892732,9.464946093,9.50598086
1780193_at,8.216366936,8.475371198,8.947311943,8.191018422,7.844322942,7.889601385,8.299980091,8.641747816,8.984846388,8.926783807,8.788198534,8.734767984
1780194_at,8.434920822,8.983329509,9.314788724,8.583744007,8.46219073,8.298761866,8.510597394,8.777505894,9.209913842,9.408174172,9.552956071,9.4326878
1780197_at,8.570307971,8.268866374,8.221712313,8.459234133,8.338001809,8.31779599,8.54809772,7.630938201,7.429232795,7.249008707,7.36216802,7.540039152
1780199_at,13.05528598,13.09728,12.99770467,13.01557327,13.0638304,13.08638852,13.01341356,13.07121257,12.97820287,12.69485311,12.43996613,12.58829363
1780200_at,12.33556683,12.35176858,12.15456104,12.17646544,12.16581928,12.26386325,12.15991801,12.18221976,12.00414,11.12024522,10.3371082,10.47302579
1780201_at,8.677478543,8.66311689,9.01983095,9.047920841,8.908720171,8.787923314,8.658688962,8.655582571,8.881687715,9.011905663,8.929512712,8.992295424
1780206_at,8.865024536,9.125532144,9.687591336,9.799366819,9.802454418,9.60206225,8.799202516,8.990174236,9.41256154,9.920345854,10.02996644,10.18400176
1780207_at,7.809882546,7.943810992,8.116367616,7.996953574,7.988977189,8.018248351,7.959883417,7.812268223,8.035570207,8.337216383,8.335423692,8.320707691
1780209_at,9.829121083,9.414855391,9.467740678,9.788910449,9.779138976,9.672973134,9.901586639,9.5156521,9.011524391,8.981360953,9.014107423,9.155853862
1780210_at,10.0155602,11.48771696,11.64751648,11.02825146,10.68220289,10.49246783,10.01028989,11.34488031,11.78296234,11.81345059,11.87000514,11.86933848
1780211_at,12.78003561,12.67775826,12.69785616,12.7513487,12.79233768,12.7877493,12.75338129,12.66776235,12.62629294,12.71808611,12.75225082,12.8496664
1780213_at,8.735846292,8.411455045,8.460197411,8.542932464,8.582113008,8.604519159,8.880614254,8.690660964,8.811544041,9.064125371,9.41965311,9.431407979
1780215_at,5.858816977,7.518911885,7.986993215,7.545185939,7.603793114,6.970479214,5.976017708,6.97132522,7.847461192,8.367024346,8.33439324,8.279715433
1780217_at,8.282225447,9.328874944,8.447451933,8.577855252,8.825359043,8.400708991,8.303274127,10.20239294,9.672114443,10.19406433,10.71312304,10.87677092
1780220_at,8.558090968,9.90635055,10.66919463,10.10422073,9.904822723,9.41486585,8.667490043,9.652114536,10.74174704,10.99341859,10.92986038,10.66634905
1780221_at,10.56737947,11.03191353,10.8032735,10.74602887,10.20734662,10.24792422,10.63590325,10.81054156,11.04963348,10.8867499,10.6068903,10.15065068
1780224_at,10.58996591,10.3568186,10.08538953,10.18423831,10.0464028,9.982127706,10.70603238,10.5275938,10.41000851,10.21682408,10.01247555,10.04878344
1780226_at,7.767219235,7.484969616,7.88297896,8.018331389,7.874984613,7.771077078,7.949264609,7.997955731,8.332931573,8.643567764,8.703596728,8.500324661
1780230_at,7.824455458,7.78362292,7.928888743,7.970455564,7.937053037,7.885761991,7.750602093,7.755252195,7.797167001,8.167069409,8.136012026,8.432709811
1780232_at,7.435531386,7.987779086,7.697844106,7.475043238,7.448661251,7.497687883,7.677279552,8.106912124,8.445029478,8.496684953,8.403796304,8.190478492
1780233_at,12.24830401,11.62286214,10.98032988,11.45064873,11.65946987,11.96936637,12.16356024,10.86492872,10.34228311,10.87797304,10.77567572,10.95099631
1780234_at,5.499886855,5.694274323,5.972650486,5.908003604,5.843348614,5.547310856,5.822999543,5.754824139,6.223896125,6.494856404,6.658800862,6.270559319
1780240_at,10.54517156,10.79932662,11.36413782,11.31517805,10.96146424,10.82347202,10.48783874,11.01085517,11.73362296,12.1361818,12.22419935,12.30226408
1780243_at,9.557361306,8.989453781,8.888329404,9.091201529,9.220376856,9.275410539,9.57679101,9.275439578,8.780698806,8.374047871,8.095459561,7.795454235
1780244_at,10.32466417,9.664176535,9.217452124,9.779466672,9.90502571,10.1897028,10.29361269,10.1973116,9.522631341,9.166424773,9.371747203,9.614183799
1780246_at,11.74007244,11.760008,11.89823109,12.07083607,12.0110928,11.8844055,11.73535331,11.76494934,11.89127978,11.99477691,12.1382241,12.07389791
1780247_at,8.263466623,7.456250883,7.873938549,8.122894728,8.209187483,8.146453056,8.256375457,7.802036171,7.73770137,8.172218402,8.705418582,8.419103618
1780248_at,4.642752161,5.54544003,5.244998121,4.937177046,4.880168709,4.705592483,4.612588976,5.6079483,4.956006536,4.520092588,4.511108582,4.778284595
1780250_at,9.85360273,10.03797016,10.24691994,10.140241,9.945298537,9.732767516,9.744598056,9.973860764,10.41572231,10.76050388,10.77024404,10.82409699
AFFX-18srRnaa_at,6.915365769,7.794212366,6.707036489,6.486926616,7.107145579,8.027414725,8.62024597,8.095946661,7.227496633,5.870879671,7.797957832,6.724798742
AFFX-18srRnab_at,6.454549573,6.838087079,6.094229645,6.232906602,6.458063455,7.138529469,8.006976425,7.939713571,7.478815867,6.318637684,7.913610793,7.090860135
AFFX-18srRnac_at,5.584834474,6.363516083,5.652838595,5.372837689,5.870661649,6.730895645,7.130234815,6.948045255,6.821098025,5.553772679,6.998224621,6.262902404
AFFX-18srRnad_at,4.268355999,4.477036237,4.212860428,4.04848291,4.196795949,4.90885967,4.941809917,5.341214384,5.013278393,4.037097625,4.867103896,4.728970896
AFFX-18srRnae_at,2.864185435,2.977822714,2.852532309,2.714115755,3.006472372,3.007773298,3.367335438,3.315449623,3.556203279,2.896285465,3.296887613,3.2083819
AFFX-25srRnaa_at,7.320861672,8.007008607,7.624424195,7.318437726,7.872040793,8.859720124,8.339329003,8.363241814,8.186041214,6.910026646,8.438526566,8.014274491
AFFX-25srRnab_at,3.721563933,4.0567689,3.831190708,3.75569359,3.895920781,4.360302613,4.419667534,4.263424492,4.329958586,3.455745057,4.395349473,4.129284975
AFFX-25srRnac_at,3.528422336,3.504200577,3.590620041,3.567547881,3.528422336,3.735803567,3.933417758,3.667610379,3.699693929,3.098594398,3.643698216,3.516101662
AFFX-25srRnad_at,3.660772583,4.473318853,3.802218641,3.976855987,4.272763576,4.823805615,5.31822052,5.03035008,4.759114501,3.338083142,4.381211942,4.144940054
AFFX-25srRnae_at,6.150424741,7.478601524,6.360275216,5.884646252,6.103671695,7.207401188,8.340954617,8.666814802,8.095767568,6.043546314,7.150331174,6.446050254
AFFX-BioB-3_at,6.837532692,6.938530676,6.432644022,6.49483191,6.926318949,6.800802635,6.697084872,6.786433941,6.895590136,6.21180194,6.457691422,6.414590506
AFFX-BioB-5_at,6.99500514,7.115892613,6.625816878,6.552560346,6.912071146,6.62495594,6.623563197,6.711453947,6.944924004,6.338041476,6.474113273,6.508454021
AFFX-BioB-M_at,7.252936085,7.340781449,6.897652248,6.915572555,7.35634986,7.302905961,7.209835587,7.23801016,7.119080812,6.531803246,6.705391341,6.785477108
AFFX-BioC-3_at,7.954863505,8.072962161,7.690803086,7.621958816,8.045667538,7.891691718,7.762315816,7.630398555,7.763910813,7.135711731,7.271393785,7.336817923
AFFX-BioC-5_at,7.900647546,7.870792013,7.44712438,7.493083316,7.916282733,7.674253315,7.60377333,7.563260577,7.717429053,7.032276355,7.240756301,7.361264443
AFFX-BioDn-3_at,10.5626135,10.72524315,10.46519904,10.48466849,10.72734716,10.57670211,10.33916491,10.41236,10.51001544,9.933483856,10.01988106,10.186268
AFFX-BioDn-5_at,9.222031106,9.467403789,9.02618031,9.051718881,9.422014801,9.150806327,8.982509235,9.007046441,9.091258375,8.474218311,8.635820788,8.870472036
AFFX-CreX-3_at,11.80366964,12.02311342,11.78914356,11.8662669,11.95161731,11.8515551,11.69286987,11.83422253,12.02832939,11.62119732,11.80071841,11.93934118
AFFX-CreX-5_at,11.45471096,11.67983131,11.43237133,11.4689664,11.6754455,11.51708417,11.25058318,11.38785812,11.57261772,11.11405398,11.29777639,11.48400216
AFFX-DapX-3_at,9.064439608,9.277427427,9.126753609,9.177028125,9.21275479,9.281197938,8.621494872,9.007934999,9.140323867,8.554500191,9.132540531,9.33578517
AFFX-DapX-5_at,6.68145991,6.77577896,6.662331601,6.487547263,6.613887158,6.771889497,6.492411973,6.932075616,6.943032433,6.517800765,6.852652325,7.146073743
AFFX-DapX-M_at,8.354214672,8.49944481,8.361232361,8.367983437,8.34425041,8.525862435,8.097212651,8.281413562,8.376050744,7.848939218,8.369736779,8.445594976
AFFX-LysX-3_at,6.82308197,6.928749476,6.778322246,6.749142734,6.820147895,6.875843117,6.478875071,6.674464326,6.793667779,6.302739149,6.690068757,6.938123012
AFFX-LysX-5_at,4.421482892,4.415456097,4.48613481,4.353683182,4.404130804,4.472691426,4.080646035,4.667723612,5.078248389,4.443337149,4.970071036,5.181477383
AFFX-LysX-M_at,5.216615909,5.352380263,5.19024262,5.169087269,5.139194949,5.265934939,4.998435656,5.372914707,5.601456081,5.024223268,5.50970346,5.656765994
AFFX-PheX-3_at,6.817719492,6.903433349,6.534199261,6.710980899,6.62810329,6.803550022,6.381102175,6.66600613,6.724799934,6.246053961,6.66987521,6.820703873
AFFX-PheX-5_at,4.872507472,4.810413523,4.840561247,4.538297806,4.782370087,4.720917424,4.603470667,5.091723742,5.357595214,4.825107398,5.361746754,5.482987014
AFFX-PheX-M_at,6.021111281,5.99678365,5.819645471,5.83578732,5.887998064,5.9426265,5.427211893,5.943271516,6.032182207,5.647918191,6.134951662,6.23327966
AFFX-r2-Bs-dap-3_at,9.062552278,9.362366942,9.113811114,9.126982585,9.191698448,9.259780779,8.512226178,8.972780473,9.07865133,8.50636843,8.967052664,9.259400125
AFFX-r2-Bs-dap-5_at,7.724976801,7.828288882,7.596504687,7.437050107,7.701437102,7.788526627,7.504419614,7.999573901,8.139741651,7.449324147,7.925152529,7.996826817
AFFX-r2-Bs-dap-M_at,8.439756005,8.624843738,8.525313281,8.470743805,8.44571827,8.53963013,8.148831943,8.44268458,8.537130431,8.062158874,8.545821924,8.568814738
AFFX-r2-Bs-lys-3_at,5.094634112,5.347297929,5.315446129,5.543078306,5.351181407,5.61677565,5.329344963,5.407030245,5.817029768,5.173353813,5.817029768,5.844511136
AFFX-r2-Bs-lys-5_at,4.605534146,4.845115433,4.383982731,4.501240568,4.29950221,4.683211322,4.05170744,4.95563448,5.022029233,4.418881723,5.226145614,5.43662782
AFFX-r2-Bs-lys-M_at,5.184992464,5.381546788,5.381218207,5.092092564,5.419748426,5.511055525,4.616548219,5.539618514,5.840996935,5.235262896,5.684750077,5.715372508
AFFX-r2-Bs-phe-3_at,6.91214147,7.043935866,6.787753101,6.780047312,6.686491104,6.800091651,6.799279765,6.852535171,6.93996103,6.549785456,6.931969226,7.05558207
AFFX-r2-Bs-phe-5_at,5.430780635,5.618954691,5.753906171,5.309142501,5.587120597,5.818970195,5.393127486,6.002024157,6.178693103,5.877664292,6.233012141,6.43570886
AFFX-r2-Bs-phe-M_at,5.583084425,5.726904289,5.284100527,5.324299751,5.496394701,5.375767373,5.403214514,5.736978736,5.937140481,5.501173722,5.776869994,5.926733475
AFFX-r2-Bs-thr-3_s_at,7.570395016,7.69087369,7.509327358,7.403648591,7.455919486,7.703261997,7.156715662,7.425259506,7.507260953,6.940482673,7.414762658,7.524683581
AFFX-r2-Bs-thr-5_s_at,5.84771392,6.015416194,5.652907193,5.743505215,5.928434336,5.950800072,6.065089457,6.258545916,6.465373647,5.724354132,6.161980277,6.288867019
AFFX-r2-Bs-thr-M_s_at,6.718269409,6.722638414,6.52519532,6.663616165,6.647577107,6.844397609,6.537697984,6.720899689,6.786171397,6.319020082,6.659699375,6.923921476
AFFX-r2-Ec-bioB-3_at,7.008662623,7.041620202,6.492306615,6.577777946,6.911252259,6.733450012,6.729450567,6.602960149,6.735305991,6.324622744,6.498800878,6.485985114
AFFX-r2-Ec-bioB-5_at,6.967359456,7.093937645,6.682133292,6.549260445,6.892037407,6.828930477,6.925747139,6.890860628,6.85761771,6.234704691,6.316255095,6.401925496
AFFX-r2-Ec-bioB-M_at,7.031819605,7.145604577,6.610812475,6.605298392,6.961162871,6.776555303,6.850012796,6.806672083,6.837139096,6.259941337,6.297564531,6.236573981
AFFX-r2-Ec-bioC-3_at,8.294407556,8.352080973,7.890155527,8.016077117,8.240879545,7.93483382,7.894738493,7.804906253,7.910725101,7.377609034,7.478601524,7.557214686
AFFX-r2-Ec-bioC-5_at,8.49467137,8.626696946,8.160396956,8.135625351,8.550264381,8.30231617,8.196175617,8.169566393,8.168776823,7.619440406,7.954392144,7.892243773
AFFX-r2-Ec-bioD-3_at,11.01380044,11.20095992,10.85462497,10.91251366,11.17201548,11.02946914,10.79167662,10.85735118,10.96597967,10.34459649,10.57548021,10.68095359
AFFX-r2-Ec-bioD-5_at,9.982478427,10.21897648,9.934320741,9.949532332,10.23733452,9.982147628,9.750462834,9.794350437,9.980382088,9.455541385,9.642400431,9.837531842
AFFX-r2-P1-cre-3_at,12.11534887,12.19970628,12.08071748,12.13295328,12.25653164,12.16957141,12.01991509,12.1502769,12.31061375,11.87338806,12.13380545,12.25305188
AFFX-r2-P1-cre-5_at,12.06605654,12.14239487,12.00199822,12.05523302,12.15972992,12.07784765,11.90337171,12.03990551,12.1764584,11.87626294,12.06317511,12.19496843
AFFX-r2-Sc-18SrRNA-3_at,3.075380398,2.960549057,2.958340323,2.828325776,3.198687101,3.505492355,4.000740508,3.843042326,3.589107235,2.947768247,3.993361279,3.208099745
AFFX-r2-Sc-18SrRNA-5_at,8.348006395,8.797006195,8.16011768,8.228103333,8.582046825,9.228875885,9.480709454,9.217024881,8.770785123,7.699778719,9.018544847,8.563806368
AFFX-r2-Sc-25SrRNA-3_at,6.150839246,7.45984023,6.457039646,5.940238876,5.962638145,6.89187055,8.390150869,8.601387059,7.877682049,6.027242058,7.069989014,6.343186625
AFFX-r2-Sc-25SrRNA-5_at,3.752329643,4.757250538,4.262318375,4.355580791,4.214740234,5.264798497,5.350228206,4.905458151,4.677460674,3.802238435,4.328833963,4.397362962
AFFX-r2-Sc-25SrRNA-M_at,4.550303138,5.00359649,4.634273255,4.500968427,4.942162522,6.282666561,6.270296284,5.986661481,6.066030348,4.506629966,5.550867657,5.041054029
AFFX-r2-Sc-5.8SrRNA_at,9.493837523,10.17259346,9.410278799,8.727354786,9.131898257,9.615484717,10.11604614,10.75622623,10.18778537,9.04324915,9.129649101,8.870856765
AFFX-r2-Sc-ACT1-3_at,12.94236567,12.99045411,13.01005817,13.05730351,13.08279088,12.95619842,12.96671334,12.95394369,13.02793084,13.09950978,13.11907413,13.04548106
AFFX-r2-Sc-ACT1-5_at,12.6938249,12.67103703,12.72468086,12.77873798,12.75784347,12.739132,12.69725643,12.5986895,12.52605766,12.52476315,12.57454004,12.38113431
AFFX-r2-Sc-ACT1-M_at,12.73996381,12.77663164,12.8142423,12.8550655,12.81834016,12.76089232,12.7312881,12.69160462,12.68120032,12.79219377,12.78381811,12.71888487
AFFX-r2-Sc-EAF5-3_at,8.977048435,8.222720472,8.089314436,8.072484042,8.225412244,8.369411521,8.912383172,8.693850087,8.485129806,8.249042382,8.340336154,8.337597335
AFFX-r2-Sc-EAF5-5_at,7.523667796,6.980378212,6.859241516,6.540856007,6.69987496,6.954373697,7.521217248,7.274680258,7.061740955,6.882532367,6.684522612,6.681065101
AFFX-r2-Sc-EAF5-M_at,9.287312248,8.693269284,8.576076088,8.36038914,8.574819512,8.697070927,9.295905556,8.939973168,8.713220877,8.376388385,8.347578247,8.28269722
AFFX-r2-Sc-RIP1-3_at,10.3589185,10.17015986,10.64552323,10.94295738,10.97461095,10.95824189,10.30037645,9.315938323,8.753437012,9.239449482,9.328463469,9.308451714
AFFX-r2-Sc-RIP1-5_at,9.933053951,9.862927961,10.29225717,10.5261936,10.5549138,10.59117085,10.00767192,8.72025324,8.285778856,8.758775044,8.864540507,8.69740469
AFFX-r2-Sc-RIP1-M_at,10.21922238,10.1320981,10.50086217,10.82261803,10.83540645,10.86342974,10.27546987,9.169027928,8.555292621,9.023481889,9.189164293,8.993214446
AFFX-r2-Sc-SPT15-3_at,11.2550163,11.46134217,11.04422708,10.9149753,10.88488165,10.98173213,11.07689079,11.00785971,10.94967245,10.59539098,10.54792847,10.82192347
AFFX-r2-Sc-SPT15-5_at,10.44058809,10.75741836,10.10722417,9.892561001,9.907046408,10.11753424,10.45280748,10.06238918,9.899918117,9.441156963,9.273988101,9.60335606
AFFX-r2-Sc-SPT15-M_at,11.61621794,11.84106942,11.45527396,11.23027137,11.23412181,11.44089878,11.63054485,11.43878694,11.29060555,10.93119409,10.75542984,11.01211218
AFFX-r2-Sc-SRB4-3_at,9.02015563,9.030494917,8.84028026,8.910556945,8.864502442,8.87120313,8.977190391,9.196653476,9.643593267,9.839189206,9.989701601,9.685806789
AFFX-r2-Sc-SRB4-5_at,6.952228117,6.407591076,6.55356391,5.968125136,6.482808783,6.572004421,7.111353592,6.455670541,6.948246379,6.817865893,7.052565678,6.785845748
AFFX-r2-Sc-SRB4-M_at,8.372648136,8.160247415,8.172626252,7.896579486,8.005416506,8.10208533,8.478108588,8.266103525,8.650162344,8.677726814,8.938703034,8.650217473
AFFX-r2-Sc-TDH1-3_at,10.07079751,12.12807917,12.27137809,12.39492818,12.39947827,12.25728545,10.06442985,11.19589175,11.92069307,12.30378987,12.44446256,12.51076358
AFFX-r2-Sc-TDH1-5_at,9.482787833,11.8261779,12.10855874,12.23304197,12.20984071,12.0980112,9.698117724,10.66807381,11.52600857,11.83559274,12.12826962,12.13547157
AFFX-r2-Sc-TDH1-M_at,7.707522429,10.81532763,11.0736435,11.2810663,11.08696263,11.02054826,7.783126219,8.919009588,9.750323251,10.35619982,10.50675866,10.72488313
AFFX-r2-Sc-TDH1-M_s_at,13.20976383,13.26161579,13.23365594,13.31985609,13.30061688,13.24609159,13.18168426,13.22400718,13.23655912,13.31226983,13.27063301,13.32857523
AFFX-r2-Sc-URA3-3_at,4.411104008,3.884175957,4.16826063,4.302305418,4.724987872,4.978583808,4.473961228,4.179381278,3.963297561,4.259862234,4.222845608,4.249612161
AFFX-r2-Sc-URA3-5_at,4.290245391,4.376124667,4.099471972,4.300359085,4.48777899,4.397177934,4.478919459,4.353027268,4.066990435,4.239669582,3.960457089,4.458315936
AFFX-r2-Sc-URA3-M_at,4.030247934,3.479249736,3.90064053,4.184467131,4.193323172,4.388901689,4.290337386,3.702922842,4.306579636,3.703289724,3.951849629,3.836090753
AFFX-r2-Sc-WBP1-3_at,11.75720525,11.69069206,11.67657646,11.70715241,11.7956872,11.70420088,11.76664983,11.74843379,11.75500586,11.78668656,11.87332879,11.64499068
AFFX-r2-Sc-WBP1-5_at,10.97342254,10.86623065,10.96536758,11.06688807,10.96412241,10.91875029,11.03771051,10.59497308,10.47134224,10.34226801,10.41903939,10.38454023
AFFX-r2-Sc-WBP1-M_at,10.97467327,10.951413,11.00252051,11.1237939,11.09491958,11.01806153,11.02953924,10.79771443,10.78478823,10.75058492,10.85864484,10.67457854
AFFX-r2-Sc18SrRNA-M_at,5.542388828,5.968880379,5.628836113,5.494262681,5.922284977,6.885362474,7.13669668,7.007426322,6.915340676,5.627535442,7.441794076,6.32205749
AFFX-r2-TagA_at,3.067417208,3.069221373,3.007774683,2.999480014,2.815313066,2.919723591,2.919646306,3.189476963,2.827345005,2.73970362,2.657394783,2.622002584
AFFX-r2-TagB_at,2.863839113,2.953710064,2.85766689,2.889682951,2.913718427,2.806730846,2.857169568,2.77645216,2.66844086,3.097390208,2.795699761,2.763518657
AFFX-r2-TagC_at,2.676927439,2.901485085,2.884031977,2.941018604,2.763014855,2.887826844,2.722536817,3.022732844,2.947932392,2.754875316,2.868909735,2.961951394
AFFX-r2-TagD_at,3.406350242,3.103123464,3.483219439,3.445500076,3.491980295,3.45616897,3.287368555,2.941105333,3.070835012,2.908310707,3.181520953,3.097082969
AFFX-r2-TagE_at,2.577931853,2.41988269,2.507195705,2.37444016,2.676999739,2.482968644,2.388289949,2.407503826,2.484668851,2.57842438,2.436153942,2.21997078
AFFX-r2-TagF_at,2.592986638,2.706241698,2.764689562,2.456493834,2.540299609,2.678376847,2.91230337,2.375183418,2.452856994,2.537201549,2.556602128,2.42884356
AFFX-r2-TagG_at,3.041946209,3.064810328,2.741399794,2.738392565,3.31094321,2.653871079,2.537621517,2.84117173,2.530755189,2.786983442,2.653871079,2.591039127
AFFX-r2-TagH_at,2.723591566,2.915380185,3.104853175,2.623041408,2.767697659,2.69233127,3.247114315,2.98717792,2.66586981,2.610764674,2.762498501,2.596213919
AFFX-r2-TagIN-3_at,3.330670029,3.304636754,3.294166181,3.193729544,2.985352386,2.970054885,3.234578174,3.263432665,3.047102955,2.937739693,2.856223472,3.472164252
AFFX-r2-TagIN-5_at,3.185143609,2.966637179,3.076164396,3.20405027,3.15032435,2.879648357,2.989620018,3.043265559,3.098190767,3.096476629,3.118511416,2.895523071
AFFX-r2-TagIN-M_at,2.819040665,2.98568558,2.907660504,2.895061871,2.861720244,2.798967783,2.321012815,2.832323022,2.913730381,2.976932828,2.97807523,2.789068452
AFFX-r2-TagJ-3_at,3.274503931,3.118511416,3.164534041,3.204305768,2.970736411,2.872164808,2.863463126,2.933796346,2.826395651,2.613950808,2.809065052,2.781166102
AFFX-r2-TagJ-5_at,3.141003773,2.954818194,2.945887925,2.826386994,2.930251403,2.924728652,3.146155547,3.0611937,3.361310678,3.16840496,2.99573647,3.02135209
AFFX-r2-TagO-3_at,2.774939272,2.803541894,2.800288068,2.836508731,2.564495629,2.452856994,2.58132171,2.643773701,2.592732157,2.501679362,2.623582201,2.658351714
AFFX-r2-TagO-5_at,3.31715809,3.041706674,3.4438868,3.127398393,2.911430776,3.104853175,3.263831246,3.063628777,3.231705741,2.910933478,2.856985182,3.001008623
AFFX-r2-TagQ-3_at,2.960826692,2.855894135,2.8487067,2.828325776,3.02611818,2.90811265,2.561581398,2.910869672,3.104322758,2.877682749,2.243353094,2.8063098
AFFX-r2-TagQ-5_at,2.64360337,2.861212514,2.7629811,2.814330333,2.85274228,2.7629811,2.747821621,2.770398046,2.755990092,2.731115424,2.578223799,2.825898228
AFFX-Scv2-r2-Bs-dap-3_at,9.655249708,9.80121824,9.709321024,9.714397536,9.785445188,9.844092694,9.29833145,9.629405603,9.818372806,9.227068074,9.67290334,9.878563481
AFFX-Scv2-r2-Bs-dap-5_at,7.835973186,7.887316198,7.747154696,7.697982577,7.677356947,7.884469912,7.665225748,7.909860502,7.992625417,7.408992263,7.916155744,7.963320617
AFFX-Scv2-r2-Bs-dap-M_at,9.138285737,9.190877799,9.151431551,9.089772643,9.099581139,9.290840288,8.790341423,9.05837283,9.19557713,8.559119168,9.150446646,9.231517868
AFFX-Scv2-r2-Bs-lys-3_at,5.344459842,5.418737285,5.39878006,5.386085701,5.281712241,5.658881441,5.174447946,5.421943686,5.580146566,5.090929803,5.413573744,5.775041971
AFFX-Scv2-r2-Bs-lys-5_at,5.13093344,5.086300632,4.81353361,4.915935096,5.04833223,5.250586934,4.731086927,5.615573056,5.640246713,5.101246124,5.733844321,5.715394212
AFFX-Scv2-r2-Bs-lys-M_at,5.466735918,5.624540409,5.410750493,5.431689319,5.588091604,5.695640444,5.275342989,5.875165548,6.146136897,5.491175988,6.018262398,5.904335137
AFFX-Scv2-r2-Bs-phe-3_at,7.249706542,7.270879774,7.087690498,7.132747465,7.039641264,7.372799156,6.88441983,6.979425781,7.063355352,6.768722111,7.05302477,7.141179278
AFFX-Scv2-r2-Bs-phe-5_at,5.551770464,5.518327435,5.329463194,5.330795733,5.25081786,5.503664723,5.21353245,5.564003534,5.876788393,5.295674758,5.798805454,6.00836898
AFFX-Scv2-r2-Bs-phe-M_at,6.201474985,6.318575448,5.986852855,6.030171319,5.995992084,6.302037647,5.35931146,6.041080532,6.527068746,5.958761167,6.345059937,6.457288799
AFFX-Scv2-r2-Bs-thr-3_s_at,7.587764538,7.681475732,7.37866152,7.422171534,7.498197952,7.589495487,7.106238657,7.397316086,7.517170185,6.940830514,7.437579129,7.626605544
AFFX-Scv2-r2-Bs-thr-5_s_at,5.812905096,5.90592129,5.687618311,5.712593069,5.975808312,5.891862164,5.873460208,6.007161153,6.526674309,5.768073589,6.096049573,6.126648229
AFFX-Scv2-r2-Bs-thr-M_s_at,7.126889018,7.1959265,7.046848571,6.929995547,7.031697537,7.088477234,6.6353191,7.089892161,7.267787294,6.866687565,7.277094109,7.238621101
AFFX-Scv2-r2-Ec-bioB-3_at,7.083312232,7.239868995,6.407792433,6.583886358,6.934461899,6.803718819,6.822569012,6.780730204,6.80565335,6.155258956,6.37405153,6.489387615
AFFX-Scv2-r2-Ec-bioB-5_at,7.054256314,7.192439987,6.789433415,6.569840997,6.996025977,6.939501717,6.888032675,6.759829716,6.949205766,6.300612205,6.449089181,6.512433547
AFFX-Scv2-r2-Ec-bioB-M_at,7.210585459,7.343583226,6.985078871,6.74153098,7.173083178,7.100953025,7.017040933,6.983423099,6.998050348,6.426615061,6.64274113,6.779429707
AFFX-Scv2-r2-Ec-bioC-3_at,8.710769922,8.800763705,8.354990736,8.38308461,8.716885197,8.493468665,8.459298265,8.433299656,8.429789381,7.857398774,8.079714647,8.034997805
AFFX-Scv2-r2-Ec-bioC-5_at,8.093010092,8.293656669,7.788779316,7.797013523,8.203570068,7.964043149,7.876076714,7.767219235,7.739952737,7.242385963,7.162546903,7.389624298
AFFX-Scv2-r2-Ec-bioD-3_at,11.22857594,11.33287388,11.09302306,11.13123429,11.35951045,11.21030681,11.04637811,11.04732964,11.22004817,10.64659574,10.81579054,10.96041277
AFFX-Scv2-r2-Ec-bioD-5_at,10.01475644,10.25436439,9.823528686,9.88251705,10.19929342,9.98519852,9.708124819,9.759924183,9.846449545,9.406603741,9.674894799,9.741667946
AFFX-Scv2-r2-P1-cre-3_s_at,12.13516093,12.29810815,12.13038194,12.18139943,12.27701325,12.19388501,11.99976266,12.17014229,12.34626557,12.02715428,12.1535247,12.29900136
AFFX-Scv2-r2-P1-cre-5_s_at,11.67440206,11.85850249,11.62701455,11.67945207,11.90006269,11.71027274,11.47845139,11.68125898,11.88876465,11.47719362,11.73022176,11.87259214
AFFX-Scv2-TrpnX-3_at,2.930952823,2.590667463,2.761683475,2.628469629,2.419290977,2.78248306,2.807452386,2.779465838,2.866999165,2.836832189,2.534213962,2.601532432
AFFX-Scv2-TrpnX-5_at,3.098842418,3.301047722,3.074336814,3.000930005,2.861720244,3.071436624,2.808368908,2.819072604,2.868285741,2.692119233,2.866895984,2.659916366
AFFX-Scv2-TrpnX-M_at,2.793450579,3.260114783,3.417451508,3.35677849,3.148168126,3.111218889,2.889301136,2.905622419,3.151014132,3.491069965,3.077087621,3.512271922
AFFX-ThrX-3_at,7.601734024,7.682757893,7.560169408,7.594771204,7.538778372,7.72394438,7.175793142,7.372272349,7.588222458,7.032277513,7.454200661,7.679174918
AFFX-ThrX-5_at,4.896883302,4.871731624,4.493625741,4.612057145,4.966024718,4.64537757,4.667152743,5.044452759,5.220699893,4.74591058,5.094704897,5.295587793
AFFX-ThrX-M_at,6.130492428,6.426731623,6.152708132,6.196256303,6.410965061,6.306277193,5.961238909,6.434040558,6.656837571,6.038463516,6.62660943,6.741547028
AFFX-TrpnX-3_at,2.451641355,2.526892375,2.452444151,2.496482747,2.533883276,2.491273951,2.802836081,2.561102486,2.621331169,2.43783831,2.423907595,2.441499229
AFFX-TrpnX-5_at,2.6915467,2.839137612,2.707095584,2.780634857,2.742231542,2.838830976,3.003891087,2.632651813,2.773612754,2.635253811,2.36002014,2.673905051
AFFX-TrpnX-M_at,2.61850958,2.544098523,2.55945956,2.655960063,2.459226495,2.484933899,2.398606522,2.532086418,2.500690143,2.486555741,2.509418093,2.572667861
AFFX-YER022w3_at,7.9333546,7.924644807,7.877068127,7.900454623,7.851642533,7.915290054,7.967552238,8.286205983,8.661664034,8.999931531,9.090101934,9.034405069
AFFX-YER022w5_at,6.276974481,6.019179804,6.116803928,5.725402936,5.962931804,6.040509935,6.679105301,6.016832306,6.293007819,6.195168905,6.306704931,5.955636744
AFFX-YER022wM_at,7.258834425,7.037076012,7.033991494,6.919566231,6.985850594,7.024356002,7.381264982,7.168465258,7.577581886,7.59760436,7.792411653,7.464214619
AFFX-YER148w3_at,11.12605296,11.39528219,10.97179325,10.73894155,10.73644866,10.88960428,10.9965326,10.93127538,10.8144586,10.39467103,10.37078757,10.6831784
AFFX-YER148w5_at,9.997965072,10.28380793,9.650208617,9.341919655,9.362878788,9.573242553,9.858029557,9.535320903,9.294818992,8.814819048,8.769631427,9.064936923
AFFX-YER148wM_at,11.05541443,11.27815001,10.79184277,10.51682719,10.57009642,10.77717405,11.01772401,10.81635165,10.65620997,10.23332548,10.19386644,10.38502005
AFFX-YFL039C3_at,12.43096316,12.49912997,12.50993938,12.55256662,12.52611584,12.47157143,12.40652061,12.40266437,12.41541712,12.48602158,12.46032582,12.454905
AFFX-YFL039C5_at,12.40971517,12.3990864,12.4476766,12.48813175,12.47815072,12.43860191,12.42466423,12.25983629,12.15656123,12.14510473,12.14205023,12.04548426
AFFX-YFL039CM_at,12.20533488,12.2504826,12.25974668,12.32746821,12.3043786,12.25958033,12.20059415,12.1391529,12.06460137,12.02822643,11.96345592,11.99837018
RPTR-Sc-A00196-1_s_at,2.937913345,2.97129694,2.866119801,2.666531737,3.598643822,3.579598948,2.821649603,2.808129111,2.963672432,2.77097333,2.621284347,2.943273088
RPTR-Sc-AB076373-1_at,2.920088743,3.311069886,3.098361937,3.19463574,3.051071078,3.249864436,2.913157956,3.185308442,2.994192405,2.982624511,2.990111248,3.106774791
RPTR-Sc-AF292559-1_at,2.369818167,2.504481297,2.61249374,2.562158518,2.67494573,2.645656595,2.408280972,2.871790005,2.543040021,2.645656595,2.521122621,3.012776836
RPTR-Sc-AF292559-2_s_at,2.24438781,2.517983414,2.250830056,2.181852042,2.482091343,2.399992827,2.338217167,2.370361493,2.452856994,2.235769588,2.388395816,2.476762799
RPTR-Sc-AF292559-3_s_at,2.347339973,2.292651143,2.347339973,2.247765214,2.383420631,2.421083855,2.10972468,2.2724214,2.217732569,2.404698865,2.32046168,2.153657407
RPTR-Sc-AF292559-4_s_at,2.961771788,2.673711722,2.821749305,2.801652856,2.592576234,3.012520023,2.951238063,2.833207665,2.872987704,2.735168507,2.679374947,2.688439655
RPTR-Sc-AF292560-1_s_at,2.386385895,2.479162734,2.572462775,2.24438781,2.610801391,2.499301842,2.459253863,2.452856994,2.384696775,2.710045971,2.680097602,2.654129434
RPTR-Sc-AF298789-1_s_at,10.82521864,10.50611319,10.57161445,10.71998392,10.80944018,10.80356545,10.77451096,10.3474598,10.2163189,10.33267585,10.50345703,10.37623852
RPTR-Sc-AF323980-1_at,2.916918431,2.609023788,2.920700569,2.739437625,2.870225845,3.033627507,2.953051884,2.776984312,2.73714774,2.945023027,2.853126768,2.888360429
RPTR-Sc-AJ002682-1_s_at,2.887363304,2.478626104,2.616852464,2.470691631,2.911068288,3.056335366,3.03556064,2.951896703,2.54026571,2.631600077,2.542301215,2.71662988
RPTR-Sc-AJ002682-2_s_at,3.512090802,3.740837246,3.54048092,3.657925599,3.495225898,3.518613078,3.514736111,3.426956787,3.594365603,3.718818723,3.432288203,3.421653039
RPTR-Sc-AJ132968-1_at,3.08567567,2.94108367,2.954077261,3.028350027,3.164631998,3.035676933,3.122179384,2.880892348,2.76466156,2.58806935,2.841117039,2.684358347
RPTR-Sc-AY056050-1_at,4.14484011,4.118215516,3.832460181,4.20861093,3.909464111,4.051389506,4.131128602,3.962474934,3.854730592,4.157766359,3.756097086,3.83973044
RPTR-Sc-AY342347_at,2.610801391,2.888277362,2.685159869,2.828325776,2.938640648,2.862560201,2.47137525,2.411941883,2.922550828,2.754537752,2.628890611,2.393188699
RPTR-Sc-E00696-1_s_at,3.084719215,3.288521786,2.921410201,3.084719215,3.003568513,2.921304801,3.182366577,3.260051858,3.203877021,2.88309692,3.039288834,3.18079127
RPTR-Sc-ECOLOXB_at,2.600157223,2.384676102,2.3711727,2.43012902,2.548046793,2.310934465,2.335669739,2.202169235,2.537621455,2.458124812,2.269463121,2.465469334
RPTR-Sc-ECOLOXL_at,2.411216332,2.435897317,2.096911941,2.363290614,2.004079682,2.256818136,1.93393432,2.356136706,2.0870175,2.186935097,2.166130723,2.220443831
RPTR-Sc-ECOLOXL_x_at,2.106008323,2.152044139,2.099392422,2.092564243,2.087719322,2.093431908,2.002511442,2.099392422,2.118119114,1.783547893,2.096970903,2.15543944
RPTR-Sc-J01347-1_at,4.39450366,4.464381007,4.116155452,4.233148092,4.240534469,4.221666088,4.105639828,3.953985917,3.865598412,3.607928326,3.822895801,4.226830558
RPTR-Sc-J01347-1_s_at,5.636720797,5.260176141,5.073617975,5.333510153,5.416148475,5.310620162,5.326572554,5.609211142,5.845947053,5.405834994,5.602654831,5.830944555
RPTR-Sc-J01347-2_at,11.39438717,11.26355305,11.1948177,11.24237999,11.31786845,11.3001883,11.28308324,11.17751903,11.40080949,11.48615118,11.44513313,11.55907893
RPTR-Sc-J01347-3_at,9.504843741,9.7245987,9.767843855,9.742144964,9.711687292,9.629353014,9.335379447,9.64830267,10.08503456,10.20201988,10.29172461,10.39075832
RPTR-Sc-J01347-4_at,11.03391043,10.90023225,10.98733808,10.9619001,10.98736074,10.96655397,11.05715976,10.98246093,11.2309331,11.26976802,11.37238838,11.36949296
RPTR-Sc-J01636-1_at,4.955411659,5.207138791,4.814481375,4.915002471,5.03770141,5.241888359,5.125636504,4.959300968,4.920208169,4.921192073,4.880278311,4.804256809
RPTR-Sc-J01636-3_at,3.045672591,2.980295353,2.969085163,2.994200672,3.116901266,2.908791882,3.005422074,3.106129023,2.857327326,2.819852059,2.796147783,2.82281975
RPTR-Sc-J01636-4_at,2.860179339,2.983378936,3.136980266,2.838687505,3.130489815,2.858722009,2.645117166,2.774129184,2.701656648,2.844783387,3.055623299,3.061574953
RPTR-Sc-K01486-1_s_at,4.437198292,4.454277307,4.676888563,4.775659114,5.233473771,5.16154371,4.704149794,4.358352552,4.506568003,4.585232857,4.317612244,4.320254491
RPTR-Sc-M10961-1_at,2.765598904,2.466200479,2.460117592,2.623671109,2.133548899,2.761961095,2.489851989,2.531880513,2.505990138,2.538303764,2.647135157,2.518346275
RPTR-Sc-M10961-2_at,2.254776874,2.14962762,2.081809345,2.306318236,2.24438781,2.208973546,1.877942236,2.160801421,2.218903873,2.181852042,2.463246058,2.226029852
RPTR-Sc-M10961-4_at,2.735890383,2.567868338,2.482327761,2.256688863,2.491360607,2.710198562,2.951238063,2.755401384,2.675543148,2.735890383,2.556953133,2.39783532
RPTR-Sc-M15077-1_at,2.433098198,2.495633967,2.444940106,2.625080494,2.677082063,2.758424,2.993479584,2.606212823,2.586871358,2.565911997,2.323696737,2.675913998
RPTR-Sc-M15077-1_s_at,2.996161408,2.708436786,3.091853136,2.871896744,2.861720244,2.966512871,2.859436061,3.037881689,3.180360365,2.921888052,2.847087599,3.391764402
RPTR-Sc-M57289-1_s_at,3.336429227,3.132447059,3.148008677,3.064418131,3.006549264,3.108171528,3.110468424,3.104853175,3.138962709,3.154724808,3.121750851,2.965147116
RPTR-Sc-M62653-1_at,2.775066539,2.808050665,2.889682951,2.917285622,2.929439157,2.806204075,2.856258868,2.780610797,2.996308279,2.988126215,2.747190863,2.799406989
RPTR-Sc-M62653-1_s_at,2.533512376,2.638514037,2.709126344,2.522077576,2.682030065,2.661894811,2.726729272,2.647597988,3.120776619,2.503444185,2.784857253,2.915750542
RPTR-Sc-NM_131175-1_at,3.320597003,3.38575436,3.473334243,3.21705057,3.205767931,3.197389802,2.995118746,3.165711212,3.113520653,3.167562759,3.144621545,3.170567917
RPTR-Sc-U43284-1_s_at,3.013965777,2.965525555,2.958026301,2.930057455,3.141020253,2.830542854,3.155756667,2.854046807,2.875017656,3.020970026,2.911491195,3.078168538
RPTR-Sc-U46493-1_s_at,6.767410577,6.578362349,6.305704118,6.260511296,6.507706126,6.734789002,6.679911225,6.752436172,6.743291725,6.411613113,6.789262593,6.80869675
RPTR-Sc-U47295-1_at,2.957660231,2.861867543,2.945538814,2.754537752,2.959047933,2.482741465,3.113395768,2.73417668,2.512323417,2.750578749,2.517600191,2.715474299
RPTR-Sc-U55943-1_at,2.735597008,2.716633748,2.679505277,2.639312452,2.544189122,2.981235007,2.751314735,2.615557653,2.661894811,2.601450839,2.616307079,2.697134474
RPTR-Sc-U57609-2_s_at,3.625631431,3.661928144,3.339280465,3.31094321,3.473974023,3.231431012,3.130161125,3.577023264,3.217669614,3.116624319,3.182006412,3.241122373
RPTR-Sc-U89963-1_at,2.658633991,2.54026571,2.747821621,2.915147378,2.483680801,2.575966378,2.629354489,2.628295984,2.674208642,2.747797532,2.698167721,2.589694634
RPTR-Sc-U89963-1_s_at,3.162332347,3.095038461,3.01750083,2.875598113,3.108215233,2.902513929,2.995091068,2.801726199,2.875598113,2.74994959,2.746086853,3.047376679
RPTR-Sc-X03453-1_at,2.828325776,2.482542014,2.258388361,2.416034926,2.713605949,2.486352813,2.426859348,2.40511006,2.652254923,2.285413926,2.353347067,2.416482689
RPTR-Sc-X58791-1_at,2.247058949,2.183874789,2.328938217,2.13245315,2.171974573,2.391635271,2.180770111,2.677170906,2.316589755,2.121756572,2.215547287,2.255955704
RPTR-Sc-X58791-1_s_at,2.854915936,2.741840453,2.766019466,2.482281049,2.692479047,2.914577118,2.720093169,2.614516641,2.522886536,2.706107934,2.585545993,2.382685831
RPTR-Sc-X58791-2_s_at,3.84577351,3.582412334,3.704304055,3.934186482,3.63870431,3.533080958,3.766314301,3.533080958,3.105970577,3.353174764,3.445500076,3.365063547
