probe_id,display_name,systematic_name,H2O2_robustness_score,H2O2_robustness_class,MMS_robustness_score,MMS_robustness_class,H2O2_pattern_stability,MMS_pattern_stability,specificity_H2O2_vs_MMS,specificity_stability
1769308_at,FOX2,YKR009C,0.083,not_responsive,0.25,not_responsive,,,none,0.667
1769311_at,YDL157C,YDL157C,0.0,not_responsive,0.25,not_responsive,,,none,0.667
1769312_at,PCL6,YER059W,0.167,not_responsive,0.5,intermediate,,0.667,ambiguous,0.222
1769313_at,PKP2,YGL059W,0.25,not_responsive,1.0,robust,,1.0,ambiguous,0.556
1769314_at,PHO8,YDR481C,0.0,not_responsive,0.0,not_responsive,,,none,1.0
1769317_at,DAT1,YML113W,0.417,intermediate,0.583,intermediate,1.0,1.0,shared_down,0.667
1769319_at,COA1,YIL157C,0.167,not_responsive,0.0,not_responsive,,,none,0.667
1769320_at,YPR003C,YPR003C,0.0,not_responsive,0.167,not_responsive,,,none,0.667
1769321_at,AIF1,YNR074C,0.833,robust,1.0,robust,1.0,1.0,shared_up,1.0
1769322_s_at,YLR154C-H,YLR154C-H,0.083,not_responsive,0.5,intermediate,,0.667,ambiguous,0.667
1769323_at,PRP40,YKL012W,0.0,not_responsive,0.417,intermediate,,1.0,MMS_specific_up,0.556
1769324_at,YJL147C,YJL147C,0.0,not_responsive,0.167,not_responsive,,,none,0.667
1769325_at,RRI1,YDL216C,0.167,not_responsive,0.75,robust,,0.667,ambiguous,0.444
1769329_at,YNL320W,YNL320W,0.0,not_responsive,0.083,not_responsive,,,none,1.0
1769331_at,STE20,YHL007C,0.0,not_responsive,0.25,not_responsive,,,none,0.667
1769333_at,GRE1,YPL223C,0.833,robust,0.917,robust,0.667,0.667,shared_up,1.0
1769335_at,MRPL31,YKL138C,0.0,not_responsive,0.083,not_responsive,,,none,1.0
1769336_at,SPC98,YNL126W,0.417,intermediate,0.0,not_responsive,1.0,,H2O2_specific_down,0.222
1769338_at,OAR1,YKL055C,0.0,not_responsive,0.167,not_responsive,,,none,0.667
1769339_at,AMD1,YML035C,0.0,not_responsive,0.0,not_responsive,,,none,1.0
1769341_at,SBH1,YER087C-B,0.0,not_responsive,0.167,not_responsive,,,none,0.667
1769342_at,POT1,YIL160C,0.917,robust,1.0,robust,0.667,0.667,shared_up,1.0
1769344_at,YLR050C,YLR050C,0.0,not_responsive,0.5,intermediate,,0.667,ambiguous,0.556
1769345_at,CYC2,YOR037W,0.0,not_responsive,0.0,not_responsive,,,none,1.0
1769346_at,COQ10,YOL008W,0.0,not_responsive,0.5,intermediate,,0.667,MMS_specific_up,0.333
1769349_s_at,YOR072W-B,YOR072W-B,0.583,intermediate,0.5,intermediate,0.444,0.667,shared_down,0.667
1769350_at,VIK1,YPL253C,0.083,not_responsive,0.0,not_responsive,,,none,1.0
1769352_at,STP4,YDL048C,0.583,intermediate,1.0,robust,1.0,0.667,shared_up,0.667
1769356_at,YDR056C,YDR056C,0.0,not_responsive,0.0,not_responsive,,,none,1.0
1769358_at,SAL1,YNL083W,0.083,not_responsive,0.25,not_responsive,,,none,0.667
1769359_at,SRB8,YCR081W,0.0,not_responsive,0.0,not_responsive,,,none,1.0
1769361_at,STE7,YDL159W,0.0,not_responsive,0.083,not_responsive,,,none,1.0
1769362_at,YCR024C-B,YCR024C-B,0.0,not_responsive,0.083,not_responsive,,,none,1.0
1769365_at,PEP4,YPL154C,0.25,not_responsive,0.25,not_responsive,,,none,0.667
1769366_at,YDR020C,YDR020C,0.583,intermediate,0.5,intermediate,1.0,0.667,shared_down,0.667
1769368_at,SNF2,YOR290C,0.0,not_responsive,0.0,not_responsive,,,none,1.0
1769371_at,FOL2,YGR267C,0.0,not_responsive,0.0,not_responsive,,,none,1.0
1769373_at,RAP1,YNL216W,0.083,not_responsive,0.25,not_responsive,,,none,0.667
1769374_at,MOB2,YFL034C-B,0.0,not_responsive,0.167,not_responsive,,,none,0.667
1769375_at,SPF1,YEL031W,0.0,not_responsive,0.0,not_responsive,,,none,1.0
1769377_at,YBR238C,YBR238C,0.583,intermediate,1.0,robust,1.0,1.0,shared_down,1.0
1769378_at,SEC53,YFL045C,0.0,not_responsive,0.417,intermediate,,0.667,MMS_specific_down,0.333
1769379_at,EDC1,YGL222C,0.083,not_responsive,0.417,intermediate,,1.0,ambiguous,0.667
1769383_at,MRS1,YIR021W,0.0,not_responsive,0.25,not_responsive,,,none,0.667
1769384_at,SPO13,YHR014W,0.0,not_responsive,0.167,not_responsive,,,none,1.0
1769385_at,YEA6,YEL006W,0.0,not_responsive,0.0,not_responsive,,,none,1.0
1769387_at,ARP2,YDL029W,0.0,not_responsive,0.25,not_responsive,,,none,0.667
1769388_at,DUS3,YLR401C,0.583,intermediate,1.0,robust,0.667,0.667,shared_down,0.667
1769390_s_at,RPS17A /// RPS17B,YDR447C,0.0,not_responsive,0.25,not_responsive,,,none,0.667
1769392_at,YOR192C-C,YOR192C-C,0.0,not_responsive,0.0,not_responsive,,,none,1.0
1769395_at,CHO1,YER026C,0.0,not_responsive,0.0,not_responsive,,,none,1.0
1769397_s_at,RPS30A /// RPS30B,YLR287C-A,0.0,not_responsive,0.0,not_responsive,,,none,1.0
1769403_at,MIA40,YKL195W,0.333,not_responsive,0.5,intermediate,,0.667,ambiguous,0.333
1769406_at,MKC7,YDR144C,0.333,not_responsive,1.0,robust,,0.667,ambiguous,0.667
1769407_at,LRS4,YDR439W,0.0,not_responsive,0.0,not_responsive,,,none,1.0
1769411_at,ARA1,YBR149W,0.417,intermediate,0.5,intermediate,0.444,0.667,shared_up,0.667
1769418_at,BOI2,YER114C,0.167,not_responsive,0.25,not_responsive,,,none,0.667
1769419_at,RKR1,YMR247C,0.0,not_responsive,0.0,not_responsive,,,none,1.0
1769420_at,PDS5,YMR076C,0.167,not_responsive,0.0,not_responsive,,,none,0.667
1769421_at,RSC1,YGR056W,0.083,not_responsive,0.0,not_responsive,,,none,1.0
1769422_at,DEP1,YAL013W,0.0,not_responsive,0.0,not_responsive,,,none,1.0
1769426_at,PDH1,YPR002W,1.0,robust,0.5,intermediate,0.667,0.667,shared_up,0.667
1769428_at,ALE1,YOR175C,0.0,not_responsive,0.0,not_responsive,,,none,1.0
1769431_at,NRP1,YDL167C,0.75,robust,1.0,robust,1.0,0.667,shared_down,1.0
1769434_at,RMT2,YDR465C,0.667,intermediate,0.833,robust,1.0,0.667,shared_down,0.667
1769435_at,ECM25,YJL201W,0.0,not_responsive,0.167,not_responsive,,,none,0.667
1769442_at,VPS3,YDR495C,0.0,not_responsive,0.5,intermediate,,0.667,ambiguous,0.556
1769443_at,PLM2,YDR501W,0.333,not_responsive,1.0,robust,,1.0,ambiguous,0.667
1769446_at,YHL010C,YHL010C,0.167,not_responsive,0.667,intermediate,,0.667,ambiguous,0.556
1769448_at,SPO12,YHR152W,0.0,not_responsive,0.25,not_responsive,,,none,0.667
1769450_at,EDC2,YER035W,0.5,intermediate,1.0,robust,0.444,1.0,shared_up,0.667
1769451_at,LEU5,YHR002W,0.083,not_responsive,0.083,not_responsive,,,none,1.0
1769452_at,ULP1,YPL020C,0.0,not_responsive,0.25,not_responsive,,,none,0.667
1769455_at,CTS1,YLR286C,0.083,not_responsive,0.083,not_responsive,,,none,1.0
1769456_at,YKL061W,YKL061W,0.0,not_responsive,0.0,not_responsive,,,none,1.0
1769459_at,YHR131C,YHR131C,0.0,not_responsive,0.083,not_responsive,,,none,1.0
1769460_at,YJL185C,YJL185C,0.667,intermediate,1.0,robust,0.444,0.667,shared_up,1.0
1769461_at,YMR317W,YMR317W,0.0,not_responsive,0.0,not_responsive,,,none,1.0
1769462_at,KGD1,YIL125W,0.25,not_responsive,0.0,not_responsive,,,none,0.667
1769463_at,VPS28,YPL065W,0.0,not_responsive,0.167,not_responsive,,,none,0.667
1769464_at,YGR130C,YGR130C,0.417,intermediate,0.833,robust,1.0,0.667,shared_up,0.667
1769466_at,KNH1,YDL049C,0.417,intermediate,0.25,not_responsive,0.667,,ambiguous,0.333
1769467_at,ECM2,YBR065C,0.0,not_responsive,0.25,not_responsive,,,none,0.667
1769468_at,EAF6,YJR082C,0.0,not_responsive,0.25,not_responsive,,,none,0.667
1769472_at,RGM1,YMR182C,0.167,not_responsive,0.167,not_responsive,,,none,0.667
1769474_at,YPL264C,YPL264C,0.083,not_responsive,0.0,not_responsive,,,none,1.0
1769478_at,YPL199C,YPL199C,0.0,not_responsive,0.0,not_responsive,,,none,1.0
1769481_at,TWF1,YGR080W,0.083,not_responsive,0.5,intermediate,,0.667,ambiguous,0.667
1769482_at,YLR125W,YLR125W,0.0,not_responsive,0.167,not_responsive,,,none,0.667
1769484_at,PUS4,YNL292W,0.167,not_responsive,0.167,not_responsive,,,none,0.667
1769485_s_at,MST27 /// MST28,YAR033W,0.0,not_responsive,0.083,not_responsive,,,none,1.0
1769487_at,YKL063C,YKL063C,0.0,not_responsive,0.0,not_responsive,,,none,1.0
1769495_at,DOT5,YIL010W,0.167,not_responsive,0.25,not_responsive,,,none,0.667
1769500_at,DAM1,YGR113W,0.0,not_responsive,0.0,not_responsive,,,none,1.0
1769501_at,PDR8,YLR266C,0.167,not_responsive,0.333,not_responsive,,,none,0.667
1769502_at,MNN9,YPL050C,0.167,not_responsive,0.5,intermediate,,0.667,ambiguous,0.333
1769503_at,RPS17B,YDR447C,0.0,not_responsive,1.0,robust,,0.667,MMS_specific_down,0.556
1769504_at,OST6,YML019W,0.0,not_responsive,0.0,not_responsive,,,none,1.0
1769506_at,TPK3,YKL166C,0.333,not_responsive,0.25,not_responsive,,,none,0.667
1769510_at,HOM6,YJR139C,0.0,not_responsive,0.0,not_responsive,,,none,1.0
1769511_at,DBP6,YNR038W,0.417,intermediate,0.583,intermediate,0.667,0.667,shared_down,0.667
1769514_at,HAL5,YJL165C,0.0,not_responsive,0.417,intermediate,,0.667,ambiguous,0.556
1769515_at,YFL012W,YFL012W,0.083,not_responsive,0.0,not_responsive,,,none,1.0
1769516_at,YDL086W,YDL086W,0.0,not_responsive,0.0,not_responsive,,,none,1.0
1769518_x_at,PAU1,YIL176C,0.083,not_responsive,0.25,not_responsive,,,none,0.667
1769519_at,CWP1,YKL096W,0.417,intermediate,0.5,intermediate,1.0,1.0,opposite_or_mixed,0.667
1769520_at,YLR064W,YLR064W,0.083,not_responsive,0.5,intermediate,,0.667,ambiguous,0.556
1769523_at,YBR194W,YBR194W,0.0,not_responsive,0.0,not_responsive,,,none,1.0
1769525_at,GIM4,YEL003W,0.0,not_responsive,0.0,not_responsive,,,none,1.0
1769526_at,MSC2,YDR205W,0.0,not_responsive,0.0,not_responsive,,,none,1.0
1769527_at,YKL075C,YKL075C,0.0,not_responsive,0.25,not_responsive,,,none,0.667
1769528_at,YHR198C,YHR198C,0.417,intermediate,0.5,intermediate,0.444,0.667,shared_up,0.667
1769531_at,YGL138C,YGL138C,0.0,not_responsive,0.0,not_responsive,,,none,1.0
1769534_at,EFR3,YMR212C,0.083,not_responsive,0.0,not_responsive,,,none,1.0
1769538_at,HOL1,YNR055C,0.0,not_responsive,0.0,not_responsive,,,none,1.0
1769539_at,SSU72,YNL222W,0.0,not_responsive,0.25,not_responsive,,,none,0.667
1769541_at,PUF2,YPR042C,0.083,not_responsive,0.083,not_responsive,,,none,1.0
1769544_at,YLR149C,YLR149C,1.0,robust,1.0,robust,1.0,1.0,shared_up,1.0
1769549_at,FSF1,YOR271C,0.167,not_responsive,0.667,intermediate,,0.667,ambiguous,0.333
1769550_at,RIX1,YHR197W,0.75,robust,1.0,robust,1.0,0.667,shared_down,1.0
1769551_at,FUN19,YAL034C,0.333,not_responsive,0.75,robust,,0.667,ambiguous,0.667
1769554_at,LPX1,YOR084W,0.0,not_responsive,0.0,not_responsive,,,none,1.0
1769555_at,SCY1,YGL083W,0.083,not_responsive,0.083,not_responsive,,,none,1.0
1769556_at,MTQ2,YDR140W,0.0,not_responsive,0.0,not_responsive,,,none,1.0
1769557_at,SKY1,YMR216C,0.0,not_responsive,0.25,not_responsive,,,none,0.667
1769558_at,MHP1,YJL042W,0.167,not_responsive,0.167,not_responsive,,,none,0.667
1769562_at,TRS31,YDR472W,0.0,not_responsive,0.0,not_responsive,,,none,1.0
1769564_at,UME6,YDR207C,0.083,not_responsive,0.0,not_responsive,,,none,1.0
1769566_at,RPN2,YIL075C,0.0,not_responsive,0.5,intermediate,,0.667,MMS_specific_up,0.222
1769568_at,NMA2,YGR010W,0.333,fragile,0.5,intermediate,1.0,0.667,shared_up,0.667
1769570_at,MNN10,YDR245W,0.25,not_responsive,0.25,not_responsive,,,none,0.667
1769571_at,PRP3,YDR473C,0.0,not_responsive,0.167,not_responsive,,,none,0.667
1769573_at,TUF1,YOR187W,0.0,not_responsive,0.0,not_responsive,,,none,1.0
1769575_at,VPS60,YDR486C,0.0,not_responsive,0.0,not_responsive,,,none,1.0
1769576_at,YMR003W,YMR003W,0.25,not_responsive,0.25,not_responsive,,,none,0.667
1769579_at,GPG1,YGL121C,1.0,robust,1.0,robust,0.667,0.667,shared_up,1.0
1769580_at,MNN5,YJL186W,0.167,not_responsive,0.5,intermediate,,0.667,ambiguous,0.222
1769585_at,YBR285W,YBR285W,0.333,not_responsive,0.75,robust,,0.667,ambiguous,0.667
1769586_at,YAP7,YOL028C,0.333,not_responsive,0.25,not_responsive,,,none,0.667
1769587_at,ERG8,YMR220W,0.0,not_responsive,0.0,not_responsive,,,none,1.0
1769591_at,NUP60,YAR002W,0.0,not_responsive,0.0,not_responsive,,,none,1.0
1769597_at,ERB1,YMR049C,0.667,intermediate,1.0,robust,1.0,0.667,shared_down,0.667
1769598_at,VPS5,YOR069W,0.0,not_responsive,0.667,intermediate,,0.667,MMS_specific_up,0.667
1769599_at,PEX29,YDR479C,0.333,not_responsive,1.0,robust,,0.667,ambiguous,0.667
1769600_at,KAE1,YKR038C,0.0,not_responsive,0.0,not_responsive,,,none,1.0
1769601_at,ISR1,YPR106W,0.0,not_responsive,0.5,intermediate,,0.667,MMS_specific_up,0.333
1769602_at,SHE1,YBL031W,0.167,not_responsive,0.333,not_responsive,,,none,0.667
1769603_at,UBP2,YOR124C,0.0,not_responsive,0.417,intermediate,,1.0,MMS_specific_up,0.222
1769604_at,ATG9,YDL149W,0.333,not_responsive,1.0,robust,,0.667,ambiguous,0.667
1769606_at,IPT1,YDR072C,0.083,not_responsive,0.0,not_responsive,,,none,1.0
1769607_at,KAR9,YPL269W,0.0,not_responsive,0.333,not_responsive,,,none,0.667
1769608_at,RMD9,YGL107C,0.0,not_responsive,0.0,not_responsive,,,none,1.0
1769609_at,YGR110W,YGR110W,0.25,not_responsive,0.833,robust,,0.667,ambiguous,0.444
1769610_at,YOR394C-A,YOR394C-A,0.0,not_responsive,0.0,not_responsive,,,none,1.0
1769614_at,MID1,YNL291C,0.0,not_responsive,0.5,intermediate,,0.667,MMS_specific_down,0.222
1769617_at,ICS2,YBR157C,0.0,not_responsive,0.25,not_responsive,,,none,0.667
1769620_at,ACP1,YKL192C,0.0,not_responsive,0.0,not_responsive,,,none,1.0
1769621_at,DID2,YKR035W-A,0.0,not_responsive,0.0,not_responsive,,,none,1.0
1769622_at,YJL047C-A,YJL047C-A,0.0,not_responsive,0.917,robust,,0.667,MMS_specific_down,0.667
1769624_at,YLR283W,YLR283W,0.0,not_responsive,0.25,not_responsive,,,none,0.667
1769626_at,YMR291W,YMR291W,0.833,robust,0.583,intermediate,0.667,0.667,shared_up,0.667
1769627_at,PCD1,YLR151C,0.417,intermediate,1.0,robust,0.444,0.667,shared_up,0.667
1769628_at,SEY1,YOR165W,0.0,not_responsive,0.0,not_responsive,,,none,1.0
1769634_at,IRE1,YHR079C,0.0,not_responsive,0.417,intermediate,,1.0,MMS_specific_down,0.333
1769635_at,ADD37,YMR184W,0.0,not_responsive,0.25,not_responsive,,,none,0.667
1769637_at,POP8,YBL018C,0.333,not_responsive,0.917,robust,,0.667,ambiguous,0.667
1769638_at,YNL095C,YNL095C,0.333,not_responsive,0.5,intermediate,,0.667,ambiguous,0.333
1769640_at,ELP4,YPL101W,0.25,not_responsive,0.25,not_responsive,,,none,0.667
1769642_at,ASN2,YGR124W,0.0,not_responsive,0.25,not_responsive,,,none,0.667
1769643_at,SSE2,YBR169C,0.75,robust,1.0,robust,0.667,1.0,shared_up,1.0
1769645_at,NAT4,YMR069W,0.083,not_responsive,0.167,not_responsive,,,none,0.667
1769647_at,DOS2,YDR068W,0.0,not_responsive,0.0,not_responsive,,,none,1.0
1769648_at,RGD1,YBR260C,0.0,not_responsive,0.5,intermediate,,0.667,MMS_specific_up,0.222
1769649_at,PSP2,YML017W,0.0,not_responsive,0.167,not_responsive,,,none,0.667
1769650_at,PKH3,YDR466W,0.0,not_responsive,0.0,not_responsive,,,none,1.0
1769653_s_at,BUD5,YCL068C,0.0,not_responsive,0.0,not_responsive,,,none,1.0
1769654_at,SWP82,YFL049W,0.0,not_responsive,0.0,not_responsive,,,none,1.0
1769655_at,MRP49,YKL167C,0.0,not_responsive,0.167,not_responsive,,,none,0.667
1769657_at,DSE3,YOR264W,0.333,not_responsive,0.5,intermediate,,1.0,ambiguous,0.333
1769659_at,YPS6,YIR039C,0.75,robust,1.0,robust,1.0,0.667,shared_up,1.0
1769663_at,RPS29B,YDL061C,0.0,not_responsive,0.25,not_responsive,,,none,0.667
1769665_at,SLD2,YKL108W,0.083,not_responsive,0.25,not_responsive,,,none,0.667
1769666_at,APC2,YLR127C,0.0,not_responsive,0.083,not_responsive,,,none,1.0
1769667_at,SMF1,YOL122C,0.25,not_responsive,0.167,not_responsive,,,none,0.667
1769670_at,CBT1,YKL208W,0.083,not_responsive,0.5,intermediate,,0.667,ambiguous,0.556
1769671_at,YPR117W,YPR117W,0.0,not_responsive,0.333,not_responsive,,,none,0.667
1769674_at,DBP1,YPL119C,0.5,intermediate,1.0,robust,1.0,0.667,shared_up,0.667
1769675_at,YDL177C,YDL177C,0.0,not_responsive,0.25,not_responsive,,,none,0.667
1769677_at,REF2,YDR195W,0.0,not_responsive,0.0,not_responsive,,,none,1.0
1769679_at,PIC2,YER053C,0.917,robust,1.0,robust,1.0,1.0,shared_up,1.0
1769681_at,WSC3,YOL105C,0.0,not_responsive,0.0,not_responsive,,,none,1.0
1769682_at,PIN2,YOR104W,0.0,not_responsive,0.0,not_responsive,,,none,1.0
1769683_at,LEU2,YCL018W,0.25,not_responsive,0.0,not_responsive,,,none,0.667
1769684_at,ALG1,YBR110W,0.0,not_responsive,0.0,not_responsive,,,none,1.0
1769685_at,EUG1,YDR518W,0.167,not_responsive,0.0,not_responsive,,,none,0.667
1769688_at,YDR210W,YDR210W,0.0,not_responsive,0.0,not_responsive,,,none,1.0
1769690_at,RAV1,YJR033C,0.333,not_responsive,0.75,robust,,0.667,ambiguous,0.556
1769691_at,ALT1,YLR089C,0.083,not_responsive,0.25,not_responsive,,,none,0.667
1769694_at,YBL036C,YBL036C,0.0,not_responsive,0.167,not_responsive,,,none,0.667
1769695_at,ESC2,YDR363W,0.0,not_responsive,0.25,not_responsive,,,none,0.667
1769697_at,RER2,YBR002C,0.25,not_responsive,0.25,not_responsive,,,none,0.667
1769698_at,TAF7,YMR227C,0.083,not_responsive,0.333,not_responsive,,,none,0.667
1769703_at,PHS1,YJL097W,0.0,not_responsive,0.0,not_responsive,,,none,1.0
1769707_at,DCP2,YNL118C,0.0,not_responsive,0.25,not_responsive,,,none,0.667
1769708_at,YIL161W,YIL161W,0.0,not_responsive,0.417,intermediate,,1.0,MMS_specific_down,0.222
1769709_at,SPB1,YCL054W,0.833,robust,1.0,robust,1.0,1.0,shared_down,1.0
1769710_at,SOK1,YDR006C,0.0,not_responsive,0.0,not_responsive,,,none,1.0
1769711_at,YOL019W-A,YOL019W-A,0.0,not_responsive,0.083,not_responsive,,,none,1.0
1769713_at,YOL162W,YOL162W,0.5,intermediate,0.917,robust,0.667,0.667,shared_up,0.667
1769716_at,THI22,YPR121W,0.0,not_responsive,0.0,not_responsive,,,none,1.0
1769717_at,NTO1,YPR031W,0.25,not_responsive,0.417,intermediate,,0.667,ambiguous,0.333
1769719_at,ACT1,YFL039C,0.0,not_responsive,0.0,not_responsive,,,none,1.0
1769720_at,RGD2,YFL047W,0.0,not_responsive,0.083,not_responsive,,,none,1.0
1769721_at,GPI8,YDR331W,0.0,not_responsive,0.5,intermediate,,0.667,MMS_specific_down,0.222
1769723_at,YGR174W-A,YGR174W-A,0.333,fragile,0.667,intermediate,0.444,0.667,shared_up,0.667
1769726_at,SLF1,YDR515W,0.333,not_responsive,0.583,intermediate,,0.667,ambiguous,0.333
1769727_s_at,RPL41A /// RPL41B,YDL184C,0.5,intermediate,0.75,robust,0.667,1.0,shared_down,0.667
1769730_at,FUR1,YHR128W,0.417,intermediate,1.0,robust,0.667,0.667,shared_down,0.667
1769731_at,EXG2,YDR261C,0.0,not_responsive,0.333,not_responsive,,,none,0.667
1769732_at,ATP19,YOL077W-A,0.0,not_responsive,0.25,not_responsive,,,none,0.667
1769735_at,APS2,YJR058C,0.0,not_responsive,0.083,not_responsive,,,none,1.0
1769740_at,APC4,YDR118W,0.0,not_responsive,0.5,intermediate,,0.667,MMS_specific_up,0.556
1769741_at,VBA4,YDR119W,0.083,not_responsive,0.583,intermediate,,0.667,ambiguous,0.667
1769742_at,HNT1,YDL125C,0.0,not_responsive,0.0,not_responsive,,,none,1.0
1769743_s_at,RPL35A /// RPL35B,YDL191W,0.0,not_responsive,0.417,intermediate,,1.0,MMS_specific_down,0.556
1769745_at,YMR178W,YMR178W,0.0,not_responsive,0.167,not_responsive,,,none,0.667
1769746_at,GCD2,YGR083C,0.167,not_responsive,0.25,not_responsive,,,none,0.667
1769750_at,MET32,YDR253C,0.25,not_responsive,0.75,robust,,0.667,ambiguous,0.667
1769751_at,YOR285W,YOR285W,0.25,not_responsive,0.5,intermediate,,0.667,ambiguous,0.333
1769756_at,KAP104,YBR017C,0.083,not_responsive,0.0,not_responsive,,,none,1.0
1769758_at,RVB2,YPL235W,0.0,not_responsive,0.0,not_responsive,,,none,1.0
1769759_at,YFL067W,YFL067W,0.0,not_responsive,0.333,fragile,,1.0,MMS_specific_down,0.222
1769760_at,PRP38,YGR075C,0.0,not_responsive,0.167,not_responsive,,,none,0.667
1769764_at,YOR223W,YOR223W,0.167,not_responsive,0.75,robust,,0.667,ambiguous,0.556
1769765_at,RPL19A,YBR084C-A,0.0,not_responsive,0.583,intermediate,,0.667,MMS_specific_down,0.556
1769766_at,PHO89,YBR296C,0.0,not_responsive,0.25,not_responsive,,,none,0.667
1769767_at,CSM2,YIL132C,0.167,not_responsive,0.25,not_responsive,,,none,0.667
1769770_at,TEM1,YML064C,0.0,not_responsive,0.0,not_responsive,,,none,1.0
1769773_at,YDL176W,YDL176W,0.0,not_responsive,0.167,not_responsive,,,none,0.667
1769774_at,YGL114W,YGL114W,0.5,intermediate,0.833,robust,1.0,1.0,shared_up,0.667
1769775_at,SOP4,YJL192C,0.0,not_responsive,0.0,not_responsive,,,none,1.0
1769776_at,GPA1,YHR005C,0.083,not_responsive,0.25,not_responsive,,,none,0.667
1769777_at,SPO19,YPL130W,0.0,not_responsive,0.0,not_responsive,,,none,1.0
1769778_at,YAE1,YJR067C,0.0,not_responsive,0.5,intermediate,,0.667,ambiguous,0.556
1769779_at,ABP1,YCR088W,0.0,not_responsive,0.0,not_responsive,,,none,1.0
1769781_at,SHE9,YDR393W,0.083,not_responsive,0.0,not_responsive,,,none,1.0
1769782_at,CBP3,YPL215W,0.167,not_responsive,0.083,not_responsive,,,none,0.667
1769783_at,SCW4,YGR279C,0.0,not_responsive,0.0,not_responsive,,,none,1.0
1769785_at,EFB1,YAL003W,0.0,not_responsive,0.5,intermediate,,0.667,MMS_specific_down,0.556
1769786_at,YOR161C-C,YOR161C-C,0.5,intermediate,1.0,robust,1.0,1.0,shared_up,0.667
1769788_at,NSE5,YML023C,0.0,not_responsive,0.0,not_responsive,,,none,1.0
1769791_at,CDC37,YDR168W,0.0,not_responsive,0.5,intermediate,,0.667,MMS_specific_up,0.222
1769792_at,DSD1,YGL196W,0.083,not_responsive,0.5,intermediate,,0.667,ambiguous,0.667
1769793_at,CDC26,YFR036W,0.083,not_responsive,0.25,not_responsive,,,none,0.667
1769795_at,AVT5,YBL089W,0.0,not_responsive,0.0,not_responsive,,,none,1.0
1769796_at,NDT80,YHR124W,0.083,not_responsive,0.417,intermediate,,1.0,ambiguous,0.556
1769798_at,YGL036W,YGL036W,0.0,not_responsive,0.167,not_responsive,,,none,0.667
1769799_at,LCB3,YJL134W,0.0,not_responsive,0.0,not_responsive,,,none,1.0
1769800_at,COX20,YDR231C,0.417,intermediate,0.917,robust,1.0,0.667,shared_up,0.667
1769801_at,BZZ1,YHR114W,0.0,not_responsive,0.167,not_responsive,,,none,0.667
1769802_at,SPT5,YML010W,0.0,not_responsive,0.167,not_responsive,,,none,0.667
1769803_s_at,CUP1-1 /// CUP1-2,YHR053C,0.0,not_responsive,0.0,not_responsive,,,none,1.0
1769804_at,VPS73,YGL104C,0.583,intermediate,1.0,robust,0.444,0.667,shared_up,0.667
1769805_at,ALD3,YMR169C,0.917,robust,1.0,robust,1.0,0.667,shared_up,1.0
1769806_at,YMR226C,YMR226C,0.0,not_responsive,0.0,not_responsive,,,none,1.0
1769808_at,EMI5,YOL071W,0.583,intermediate,0.583,intermediate,0.444,0.667,shared_up,0.667
1769809_at,YDL012C,YDL012C,0.0,not_responsive,0.167,not_responsive,,,none,0.667
1769810_at,EBS1,YDR206W,0.0,not_responsive,0.0,not_responsive,,,none,1.0
1769812_at,CTF8,YHR191C,0.083,not_responsive,0.0,not_responsive,,,none,1.0
1769813_at,SCD5,YOR329C,0.083,not_responsive,0.5,intermediate,,0.667,ambiguous,0.556
1769818_at,PLB3,YOL011W,0.083,not_responsive,0.5,intermediate,,0.667,ambiguous,0.556
1769819_at,SNF8,YPL002C,0.0,not_responsive,0.083,not_responsive,,,none,1.0
1769823_at,BCK2,YER167W,0.0,not_responsive,0.0,not_responsive,,,none,1.0
1769828_at,MST1,YKL194C,0.333,not_responsive,0.0,not_responsive,,,none,0.667
1769829_at,RPS18A,YDR450W,0.0,not_responsive,0.417,intermediate,,1.0,MMS_specific_down,0.667
1769832_at,YNR062C,YNR062C,0.0,not_responsive,0.0,not_responsive,,,none,1.0
1769833_at,OPI1,YHL020C,0.25,not_responsive,0.0,not_responsive,,,none,0.667
1769834_at,HST3,YOR025W,0.333,not_responsive,0.833,robust,,0.667,ambiguous,0.667
1769837_at,TOS3,YGL179C,0.0,not_responsive,0.167,not_responsive,,,none,0.667
1769844_at,FMP32,YFL046W,0.0,not_responsive,0.0,not_responsive,,,none,1.0
1769845_at,GUT1,YHL032C,0.083,not_responsive,0.333,not_responsive,,,none,0.667
1769848_at,TGL1,YKL140W,0.0,not_responsive,0.167,not_responsive,,,none,0.667
1769850_at,HHO1,YPL127C,0.0,not_responsive,0.25,not_responsive,,,none,0.667
1769851_at,TRP3,YKL211C,0.0,not_responsive,0.083,not_responsive,,,none,1.0
1769852_at,MAK5,YBR142W,0.667,intermediate,0.833,robust,1.0,0.667,shared_down,0.667
1769853_at,PCA1,YBR295W,0.0,not_responsive,0.0,not_responsive,,,none,1.0
1769854_at,CRF1,YDR223W,0.0,not_responsive,0.417,intermediate,,1.0,ambiguous,0.556
1769857_at,MDH1,YKL085W,0.417,intermediate,0.667,intermediate,0.667,0.667,shared_up,0.667
1769858_at,RPL15A,YLR029C,0.0,not_responsive,0.0,not_responsive,,,none,1.0
1769860_at,HTL1,YCR020W-B,0.0,not_responsive,0.167,not_responsive,,,none,1.0
1769863_at,RRN7,YJL025W,0.333,fragile,0.5,intermediate,1.0,1.0,shared_down,0.667
1769865_at,CSM3,YMR048W,0.083,not_responsive,0.25,not_responsive,,,none,0.667
1769866_at,MRPL15,YLR312W-A,0.0,not_responsive,0.0,not_responsive,,,none,1.0
1769868_at,RPM2,YML091C,0.5,intermediate,0.583,intermediate,1.0,1.0,shared_up,0.667
1769870_at,ECM38,YLR299W,0.5,intermediate,0.583,intermediate,1.0,0.667,shared_up,0.667
1769871_at,ECM16,YMR128W,0.667,intermediate,1.0,robust,1.0,0.667,shared_down,0.667
1769874_at,NCA2,YPR155C,0.167,not_responsive,0.917,robust,,0.667,ambiguous,0.556
1769875_at,VPS34,YLR240W,0.0,not_responsive,0.5,intermediate,,0.667,ambiguous,0.556
1769876_at,YOR338W,YOR338W,0.25,not_responsive,0.25,not_responsive,,,none,0.667
1769877_at,RPL34B,YIL052C,0.0,not_responsive,0.5,intermediate,,0.667,MMS_specific_down,0.556
1769880_at,YLR137W,YLR137W,0.083,not_responsive,0.583,intermediate,,0.667,ambiguous,0.667
1769885_at,ELO1,YJL196C,0.0,not_responsive,0.167,not_responsive,,,none,0.667
1769887_at,NSG1,YHR133C,0.0,not_responsive,0.25,not_responsive,,,none,0.667
1769888_at,SYC1,YOR179C,0.0,not_responsive,0.0,not_responsive,,,none,1.0
1769890_at,RRB1,YMR131C,0.583,intermediate,1.0,robust,0.667,0.667,shared_down,0.667
1769891_at,POR1 /// POR2,YNL055C,0.25,not_responsive,0.25,not_responsive,,,none,0.667
1769892_at,MCM22,YJR135C,0.083,not_responsive,0.167,not_responsive,,,none,0.667
1769895_at,MET18,YIL128W,0.0,not_responsive,0.083,not_responsive,,,none,1.0
1769900_at,ATG14,YBR128C,0.333,not_responsive,1.0,robust,,1.0,ambiguous,0.667
1769901_at,CDC50,YCR094W,0.0,not_responsive,0.0,not_responsive,,,none,1.0
1769903_at,TUB4,YLR212C,0.083,not_responsive,0.0,not_responsive,,,none,1.0
1769904_at,KIN28,YDL108W,0.0,not_responsive,0.25,not_responsive,,,none,0.667
1769905_at,DAN4,YJR151C,0.333,not_responsive,0.083,not_responsive,,,none,0.667
1769906_at,CUE5,YOR042W,0.0,not_responsive,0.5,intermediate,,0.667,ambiguous,0.556
1769907_at,RTG2,YGL252C,0.083,not_responsive,0.25,not_responsive,,,none,0.667
1769908_at,YPT6,YLR262C,0.0,not_responsive,0.0,not_responsive,,,none,1.0
1769913_s_at,THI11 /// THI12 /// THI13 /// THI5,YDL244W,0.583,intermediate,0.917,robust,0.667,0.667,shared_up,0.667
1769914_at,RAD55,YDR076W,0.0,not_responsive,0.25,not_responsive,,,none,0.667
1769916_at,COF1,YLL050C,0.0,not_responsive,0.0,not_responsive,,,none,1.0
1769919_at,RPL5,YPL131W,0.0,not_responsive,0.167,not_responsive,,,none,0.667
1769921_at,YMR221C,YMR221C,0.0,not_responsive,0.25,not_responsive,,,none,0.667
1769925_at,HPC2,YBR215W,0.0,not_responsive,0.0,not_responsive,,,none,1.0
1769927_at,SHG1,YBR258C,0.0,not_responsive,0.0,not_responsive,,,none,1.0
1769929_at,RPL22B,YFL034C-A,0.0,not_responsive,1.0,robust,,0.667,MMS_specific_down,0.556
1769931_at,BET3,YKR068C,0.0,not_responsive,0.083,not_responsive,,,none,1.0
1769932_at,BTT1,YDR252W,0.0,not_responsive,0.0,not_responsive,,,none,1.0
1769935_at,ISA1,YLL027W,0.0,not_responsive,0.0,not_responsive,,,none,1.0
1769936_at,DOA4,YDR069C,0.583,intermediate,0.75,robust,1.0,1.0,shared_up,0.667
1769937_at,MIS1,YBR084W,0.417,intermediate,0.917,robust,0.667,0.667,shared_down,0.667
1769938_at,RMA1,YKL132C,0.083,not_responsive,0.0,not_responsive,,,none,1.0
1769942_at,RPB11,YOL005C,0.0,not_responsive,0.167,not_responsive,,,none,0.667
1769943_at,ACO2,YJL200C,0.0,not_responsive,0.167,not_responsive,,,none,0.667
1769945_at,SRP40,YKR092C,0.667,intermediate,1.0,robust,1.0,1.0,shared_down,0.667
1769946_at,UTH1,YKR042W,0.0,not_responsive,0.0,not_responsive,,,none,1.0
1769948_at,RIT1,YMR283C,0.083,not_responsive,0.0,not_responsive,,,none,1.0
1769951_at,IML2,YJL082W,0.25,not_responsive,0.167,not_responsive,,,none,0.667
1769952_at,SFA1,YDL168W,0.167,not_responsive,0.417,intermediate,,1.0,ambiguous,0.333
1769954_at,GCN1,YGL195W,0.0,not_responsive,0.417,intermediate,,1.0,MMS_specific_down,0.222
1769955_at,CTT1,YGR088W,1.0,robust,1.0,robust,1.0,1.0,shared_up,1.0
1769958_at,GID8,YMR135C,0.5,intermediate,1.0,robust,0.667,0.667,shared_up,0.667
1769959_at,NDE2,YDL085W,0.833,robust,1.0,robust,0.667,0.667,shared_up,1.0
1769961_at,PHO13,YDL236W,0.0,not_responsive,0.333,not_responsive,,,none,0.667
1769962_at,EXG1,YLR300W,0.0,not_responsive,1.0,robust,,0.667,ambiguous,0.667
1769967_at,RBK1,YCR036W,0.083,not_responsive,0.333,not_responsive,,,none,0.667
1769968_at,GDB1,YPR184W,0.75,robust,0.75,robust,0.667,0.667,shared_up,1.0
1769972_at,INM1,YHR046C,0.25,not_responsive,0.583,intermediate,,1.0,ambiguous,0.333
1769973_at,CLB1,YGR108W,0.417,not_responsive,1.0,robust,,0.667,ambiguous,0.667
1769977_at,ATP4,YPL078C,0.0,not_responsive,0.0,not_responsive,,,none,1.0
1769978_at,RXT2,YBR095C,0.0,not_responsive,0.25,not_responsive,,,none,0.667
1769979_at,STE50,YCL032W,0.0,not_responsive,0.25,not_responsive,,,none,0.667
1769981_at,APL2,YKL135C,0.0,not_responsive,0.333,not_responsive,,,none,0.667
1769982_at,ECM8,YBR076W,0.083,not_responsive,0.0,not_responsive,,,none,1.0
1769986_at,HBT1,YDL223C,0.5,intermediate,0.667,intermediate,0.667,0.667,shared_up,0.667
1769988_at,DSE4,YNR067C,0.167,not_responsive,0.833,robust,,0.667,ambiguous,0.444
1769992_at,PRP16,YKR086W,0.167,not_responsive,0.0,not_responsive,,,none,0.667
1769993_at,PCH2,YBR186W,0.0,not_responsive,0.583,intermediate,,0.667,MMS_specific_up,0.444
1769994_at,SRB5,YGR104C,0.0,not_responsive,0.5,intermediate,,0.667,MMS_specific_up,0.333
1769997_at,SEO1,YAL067C,0.25,not_responsive,0.083,not_responsive,,,none,0.667
1769998_at,YLR346C,YLR346C,0.667,intermediate,0.833,robust,0.667,1.0,opposite_or_mixed,0.667
1770001_at,EMI2,YDR516C,1.0,robust,1.0,robust,1.0,0.667,shared_up,1.0
1770003_at,YDR239C,YDR239C,0.0,not_responsive,0.417,intermediate,,1.0,MMS_specific_up,0.222
1770008_at,FAF1,YIL019W,0.75,robust,1.0,robust,1.0,0.667,shared_down,1.0
1770009_at,MGR3,YMR115W,0.083,not_responsive,0.917,robust,,0.667,ambiguous,0.667
1770010_at,YDL173W,YDL173W,0.0,not_responsive,0.5,intermediate,,0.667,MMS_specific_down,0.667
1770011_at,RIB2,YOL066C,0.0,not_responsive,0.0,not_responsive,,,none,1.0
1770012_at,PDI1,YCL043C,0.0,not_responsive,0.0,not_responsive,,,none,1.0
1770013_at,YFL052W,YFL052W,0.417,not_responsive,0.333,not_responsive,,,none,0.667
1770014_at,VMA8,YEL051W,0.0,not_responsive,0.0,not_responsive,,,none,1.0
1770015_at,YOR011W-A,YOR011W-A,0.0,not_responsive,0.0,not_responsive,,,none,1.0
1770016_at,RIA1,YNL163C,0.25,not_responsive,0.167,not_responsive,,,none,0.667
1770017_at,PMC1,YGL006W,0.25,not_responsive,0.25,not_responsive,,,none,0.667
1770020_at,NCS6,YGL211W,0.333,not_responsive,0.5,intermediate,,0.667,ambiguous,0.333
1770023_at,PSA1,YDL055C,0.0,not_responsive,0.5,intermediate,,1.0,MMS_specific_down,0.667
1770026_at,PEP1,YBL017C,0.0,not_responsive,0.0,not_responsive,,,none,1.0
1770027_at,PGC1,YPL206C,0.0,not_responsive,0.167,not_responsive,,,none,0.667
1770032_at,EEB1,YPL095C,0.0,not_responsive,0.167,not_responsive,,,none,0.667
1770034_at,MRPL37,YBR268W,0.0,not_responsive,0.0,not_responsive,,,none,1.0
1770035_at,GUP1,YGL084C,0.0,not_responsive,0.0,not_responsive,,,none,1.0
1770036_at,MSH2,YOL090W,0.0,not_responsive,0.0,not_responsive,,,none,1.0
1770037_at,SHE10,YGL228W,0.0,not_responsive,0.083,not_responsive,,,none,1.0
1770039_at,FRE6,YLL051C,0.0,not_responsive,0.0,not_responsive,,,none,1.0
1770040_at,YLL014W,YLL014W,0.0,not_responsive,0.25,not_responsive,,,none,0.667
1770043_at,NMD3,YHR170W,0.667,intermediate,1.0,robust,1.0,0.667,shared_down,0.667
1770044_at,TUB3,YML124C,0.0,not_responsive,0.333,not_responsive,,,none,0.667
1770047_at,RRP3,YHR065C,0.333,not_responsive,0.25,not_responsive,,,none,0.667
1770048_at,YOR062C,YOR062C,0.333,not_responsive,0.917,robust,,0.667,ambiguous,0.667
1770049_at,PUP1,YOR157C,0.0,not_responsive,0.5,intermediate,,0.667,MMS_specific_up,0.222
1770050_at,YOL036W,YOL036W,0.0,not_responsive,0.0,not_responsive,,,none,1.0
1770054_at,YPL067C,YPL067C,0.0,not_responsive,0.0,not_responsive,,,none,1.0
1770055_at,FKS3,YMR306W,0.417,intermediate,0.25,not_responsive,0.667,,ambiguous,0.333
1770056_at,CTR9,YOL145C,0.0,not_responsive,0.0,not_responsive,,,none,1.0
1770058_at,YOL098C,YOL098C,0.0,not_responsive,0.25,not_responsive,,,none,0.667
1770059_at,COS9,YKL219W,0.0,not_responsive,0.0,not_responsive,,,none,1.0
1770062_at,PBP1,YGR178C,0.0,not_responsive,0.0,not_responsive,,,none,1.0
1770063_at,DIS3,YOL021C,0.25,not_responsive,0.083,not_responsive,,,none,0.667
1770065_at,IPP1,YBR011C,0.0,not_responsive,0.0,not_responsive,,,none,1.0
1770067_at,HIR3,YJR140C,0.0,not_responsive,0.083,not_responsive,,,none,1.0
1770071_at,THI4,YGR144W,0.083,not_responsive,0.083,not_responsive,,,none,1.0
1770072_at,PLB1,YMR008C,0.0,not_responsive,0.0,not_responsive,,,none,1.0
1770073_s_at,HSP32 /// HSP33 /// SNO4,YMR322C,1.0,robust,0.833,robust,0.667,0.667,shared_up,1.0
1770074_at,YBR141C,YBR141C,0.667,intermediate,0.583,intermediate,1.0,0.667,shared_down,0.667
1770075_at,MRS3,YJL133W,0.0,not_responsive,0.25,not_responsive,,,none,0.667
1770079_at,YNR061C,YNR061C,0.0,not_responsive,0.0,not_responsive,,,none,1.0
1770080_at,PET100,YDR079W,0.25,not_responsive,0.0,not_responsive,,,none,0.667
1770082_at,GUK1,YDR454C,0.0,not_responsive,0.25,not_responsive,,,none,0.667
1770084_at,FAA3,YIL009W,0.25,not_responsive,0.833,robust,,0.667,ambiguous,0.556
1770087_at,FUM1,YPL262W,0.0,not_responsive,0.0,not_responsive,,,none,1.0
1770088_at,YIL166C,YIL166C,0.0,not_responsive,0.0,not_responsive,,,none,1.0
1770089_at,IRC5,YFR038W,0.167,not_responsive,0.0,not_responsive,,,none,0.667
1770092_at,YDR266C,YDR266C,0.083,not_responsive,0.083,not_responsive,,,none,1.0
1770093_at,YLR001C,YLR001C,0.0,not_responsive,0.25,not_responsive,,,none,0.667
1770095_at,YER186C,YER186C,0.0,not_responsive,0.0,not_responsive,,,none,1.0
1770098_at,PGA3,YML125C,0.0,not_responsive,0.0,not_responsive,,,none,1.0
1770099_at,RPT6,YGL048C,0.0,not_responsive,0.25,not_responsive,,,none,0.667
1770101_at,YBR028C,YBR028C,0.0,not_responsive,0.167,not_responsive,,,none,0.667
1770102_at,ORC6,YHR118C,0.0,not_responsive,0.333,not_responsive,,,none,0.667
1770106_at,SLX9,YGR081C,0.667,intermediate,1.0,robust,1.0,0.667,shared_down,0.667
1770108_at,YKL047W,YKL047W,0.0,not_responsive,0.083,not_responsive,,,none,1.0
1770109_at,RPL14B,YHL001W,0.0,not_responsive,0.833,robust,,0.667,ambiguous,0.667
1770112_at,DOT1,YDR440W,0.25,not_responsive,0.5,intermediate,,0.667,ambiguous,0.333
1770113_at,SEC21,YNL287W,0.0,not_responsive,0.0,not_responsive,,,none,1.0
1770114_at,TFB3,YDR460W,0.0,not_responsive,0.25,not_responsive,,,none,0.667
1770115_at,SPH1,YLR313C,0.0,not_responsive,0.0,not_responsive,,,none,1.0
1770116_at,LCB2,YDR062W,0.0,not_responsive,0.25,not_responsive,,,none,0.667
1770118_at,GAC1,YOR178C,0.583,intermediate,0.083,not_responsive,0.444,,ambiguous,0.556
1770120_at,YJL016W,YJL016W,0.25,not_responsive,0.583,intermediate,,0.667,ambiguous,0.333
1770122_at,RFM1,YOR279C,0.0,not_responsive,0.5,intermediate,,0.667,MMS_specific_up,0.333
1770123_at,YJL218W,YJL218W,0.5,intermediate,0.0,not_responsive,0.667,,ambiguous,0.556
1770125_at,YDL218W,YDL218W,1.0,robust,1.0,robust,1.0,1.0,shared_up,1.0
1770127_at,YGR071C,YGR071C,0.0,not_responsive,0.0,not_responsive,,,none,1.0
1770128_at,HAP1,YLR256W,0.0,not_responsive,0.083,not_responsive,,,none,1.0
1770129_at,SIW14,YNL032W,0.0,not_responsive,0.0,not_responsive,,,none,1.0
1770132_at,YJR100C,YJR100C,0.0,not_responsive,0.25,not_responsive,,,none,0.667
1770133_at,SWI4,YER111C,0.083,not_responsive,0.0,not_responsive,,,none,1.0
1770134_at,YBL095W,YBL095W,0.0,not_responsive,0.0,not_responsive,,,none,1.0
1770136_at,RPS5,YJR123W,0.0,not_responsive,0.25,not_responsive,,,none,0.667
1770137_at,YML083C,YML083C,0.0,not_responsive,0.083,not_responsive,,,none,1.0
1770139_at,TCB3,YML072C,0.0,not_responsive,0.0,not_responsive,,,none,1.0
1770140_x_at,YBL108C-A,YBL108C-A,0.0,not_responsive,0.25,not_responsive,,,none,0.667
1770142_at,URA3,YEL021W,0.083,not_responsive,0.083,not_responsive,,,none,1.0
1770144_at,GAS2,YLR343W,0.083,not_responsive,0.0,not_responsive,,,none,1.0
1770145_at,QCR9,YGR183C,0.083,not_responsive,0.333,not_responsive,,,none,0.667
1770147_at,DBP8,YHR169W,0.75,robust,0.833,robust,1.0,0.667,shared_down,1.0
1770149_at,SSL2,YIL143C,0.083,not_responsive,0.583,intermediate,,0.667,ambiguous,0.556
1770150_at,YAF9,YNL107W,0.0,not_responsive,0.25,not_responsive,,,none,0.667
1770154_at,CAC2,YML102W,0.0,not_responsive,0.333,not_responsive,,,none,0.667
1770155_at,RPS25A,YGR027C,0.0,not_responsive,0.167,not_responsive,,,none,0.667
1770156_at,CRP1,YHR146W,0.0,not_responsive,0.167,not_responsive,,,none,0.667
1770157_at,BCP1,YDR361C,0.5,intermediate,0.667,intermediate,0.667,0.667,shared_down,0.667
1770159_at,EPS1,YIL005W,0.0,not_responsive,0.0,not_responsive,,,none,1.0
1770162_x_at,DAN3,YBR301W,0.083,not_responsive,0.167,not_responsive,,,none,0.667
1770166_at,YHR097C,YHR097C,0.833,robust,1.0,robust,0.667,1.0,shared_up,1.0
1770167_at,HXK2,YGL253W,0.0,not_responsive,0.167,not_responsive,,,none,0.667
1770168_s_at,YOR390W,YOR390W,0.25,not_responsive,0.583,intermediate,,0.667,ambiguous,0.333
1770170_at,RAD2,YGR258C,0.083,not_responsive,0.917,robust,,0.667,ambiguous,0.889
1770173_at,SSB1,YDL229W,0.0,not_responsive,1.0,robust,,0.667,MMS_specific_down,0.889
1770178_at,YDL119C,YDL119C,0.0,not_responsive,0.167,not_responsive,,,none,0.667
1770179_at,PRM10,YJL108C,0.25,not_responsive,0.5,intermediate,,0.667,ambiguous,0.333
1770182_at,REC104,YHR157W,0.083,not_responsive,0.083,not_responsive,,,none,1.0
1770183_at,YJL193W,YJL193W,0.167,not_responsive,0.5,intermediate,,0.667,ambiguous,0.333
1770184_at,CLB3,YDL155W,0.167,not_responsive,0.5,intermediate,,0.667,ambiguous,0.333
1770189_at,YHR007C-A,YHR007C-A,0.417,intermediate,0.833,robust,1.0,1.0,shared_up,0.667
1770191_at,MAG1,YER142C,0.75,robust,1.0,robust,1.0,1.0,shared_up,1.0
1770193_at,SGS1,YMR190C,0.0,not_responsive,0.167,not_responsive,,,none,0.667
1770200_at,YTM1,YOR272W,0.667,intermediate,0.917,robust,1.0,0.667,shared_down,0.667
1770201_at,CPR2,YHR057C,0.0,not_responsive,0.083,not_responsive,,,none,1.0
1770202_at,SSA4,YER103W,0.417,intermediate,0.833,robust,0.667,0.667,shared_up,0.667
1770203_at,STP2,YHR006W,0.0,not_responsive,0.417,intermediate,,1.0,MMS_specific_up,0.333
1770205_at,YVH1,YIR026C,0.583,intermediate,0.917,robust,0.667,0.667,shared_down,0.667
1770207_at,MRP21,YBL090W,0.0,not_responsive,0.0,not_responsive,,,none,1.0
1770209_at,MAS2,YHR024C,0.0,not_responsive,0.0,not_responsive,,,none,1.0
1770210_at,TOM6,YOR045W,0.0,not_responsive,0.333,not_responsive,,,none,0.667
1770211_at,NPR2,YEL062W,0.0,not_responsive,0.5,intermediate,,0.667,MMS_specific_up,0.444
1770212_at,RIM20,YOR275C,0.083,not_responsive,0.25,not_responsive,,,none,0.667
1770213_at,RRN3,YKL125W,0.25,not_responsive,0.167,not_responsive,,,none,0.667
1770216_at,APL5,YPL195W,0.0,not_responsive,0.417,intermediate,,1.0,MMS_specific_up,0.667
1770217_at,TAF12,YDR145W,0.0,not_responsive,0.25,not_responsive,,,none,0.667
1770219_at,CBF2,YGR140W,0.333,not_responsive,0.333,not_responsive,,,none,0.667
1770221_at,CDC8,YJR057W,0.0,not_responsive,0.0,not_responsive,,,none,1.0
1770226_at,YIL151C,YIL151C,0.0,not_responsive,0.0,not_responsive,,,none,1.0
1770227_at,YPL216W,YPL216W,0.0,not_responsive,0.417,intermediate,,1.0,MMS_specific_up,0.556
1770228_at,BRR2,YER172C,0.0,not_responsive,0.083,not_responsive,,,none,1.0
1770230_at,YGR204C-A,YGR204C-A,0.0,not_responsive,0.0,not_responsive,,,none,1.0
1770231_at,KTI12,YKL110C,0.25,not_responsive,0.333,not_responsive,,,none,0.667
1770236_at,VBA1,YMR088C,0.0,not_responsive,0.5,intermediate,,1.0,MMS_specific_down,0.333
1770238_at,MPS1,YDL028C,0.0,not_responsive,0.0,not_responsive,,,none,1.0
1770239_at,SWT1,YOR166C,0.0,not_responsive,0.5,intermediate,,0.667,ambiguous,0.556
1770240_at,NCE101,YJL205C,0.083,not_responsive,0.25,not_responsive,,,none,0.667
1770243_at,IES3,YLR052W,0.0,not_responsive,0.167,not_responsive,,,none,0.667
1770245_at,BUD17,YNR027W,0.0,not_responsive,0.0,not_responsive,,,none,1.0
1770248_at,YNL011C,YNL011C,0.167,not_responsive,0.75,robust,,0.667,ambiguous,0.556
1770249_at,LDB18,YLL049W,0.083,not_responsive,0.0,not_responsive,,,none,1.0
1770250_at,ATP2,YJR121W,0.0,not_responsive,0.0,not_responsive,,,none,1.0
1770253_at,YDR539W,YDR539W,0.0,not_responsive,0.0,not_responsive,,,none,1.0
1770256_at,YJR088C,YJR088C,0.0,not_responsive,0.0,not_responsive,,,none,1.0
1770257_at,YNL313C,YNL313C,0.417,intermediate,0.75,robust,1.0,0.667,shared_down,0.667
1770258_at,RPL17A,YKL180W,0.0,not_responsive,0.667,intermediate,,0.667,MMS_specific_down,0.889
1770259_at,PHO2,YDL106C,0.0,not_responsive,0.5,intermediate,,0.667,MMS_specific_up,0.444
1770261_at,SET6,YPL165C,0.0,not_responsive,0.083,not_responsive,,,none,1.0
1770263_at,PRR1,YKL116C,0.0,not_responsive,0.25,not_responsive,,,none,0.667
1770267_at,ATM1,YMR301C,0.167,not_responsive,0.25,not_responsive,,,none,0.667
1770269_at,ATP23,YNR020C,0.0,not_responsive,0.0,not_responsive,,,none,1.0
1770271_at,YER140W,YER140W,0.25,not_responsive,0.333,not_responsive,,,none,0.667
1770276_at,RPC34,YNR003C,0.417,not_responsive,0.417,intermediate,,0.444,ambiguous,0.333
1770277_at,MNL1,YHR204W,0.0,not_responsive,0.25,not_responsive,,,none,0.667
1770279_at,LYS1,YIR034C,0.0,not_responsive,0.25,not_responsive,,,none,0.667
1770280_at,APM1,YPL259C,0.0,not_responsive,0.333,not_responsive,,,none,0.667
1770281_at,ANP1,YEL036C,0.0,not_responsive,0.25,not_responsive,,,none,0.667
1770284_at,RPL37A,YLR185W,0.0,not_responsive,0.333,fragile,,1.0,MMS_specific_down,0.667
1770288_at,THI2,YBR240C,0.333,not_responsive,0.25,not_responsive,,,none,0.667
1770289_at,PRP4,YPR178W,0.0,not_responsive,0.833,robust,,0.667,MMS_specific_up,0.556
1770290_at,PET111,YMR257C,0.0,not_responsive,0.167,not_responsive,,,none,0.667
1770292_at,ERP4,YOR016C,0.0,not_responsive,0.25,not_responsive,,,none,0.667
1770294_at,YIH1,YCR059C,0.0,not_responsive,0.417,intermediate,,0.667,ambiguous,0.556
1770297_at,UTP14,YML093W,0.667,intermediate,1.0,robust,1.0,0.667,shared_down,0.667
1770298_at,RPS9A,YPL081W,0.083,not_responsive,0.833,robust,,0.667,ambiguous,0.778
1770300_at,CNM67,YNL225C,0.0,not_responsive,0.167,not_responsive,,,none,0.667
1770302_at,RTC3,YHR087W,1.0,robust,1.0,robust,1.0,1.0,shared_up,1.0
1770303_at,SUL1,YBR294W,0.0,not_responsive,0.5,intermediate,,0.667,MMS_specific_up,0.333
1770307_at,PST1,YDR055W,0.0,not_responsive,0.833,robust,,0.667,MMS_specific_down,0.556
1770308_at,YEN1,YER041W,0.0,not_responsive,0.333,not_responsive,,,none,0.667
1770311_at,RRF1,YHR038W,0.333,not_responsive,0.167,not_responsive,,,none,0.667
1770312_at,PNT1,YOR266W,0.0,not_responsive,0.0,not_responsive,,,none,1.0
1770313_at,CRT10,YOL063C,0.0,not_responsive,0.25,not_responsive,,,none,0.667
1770315_at,ALG12,YNR030W,0.0,not_responsive,0.25,not_responsive,,,none,0.667
1770317_at,TPO1,YLL028W,0.083,not_responsive,0.417,intermediate,,1.0,ambiguous,0.667
1770319_at,MET10,YFR030W,0.083,not_responsive,0.333,not_responsive,,,none,0.667
1770321_at,MRS11,YHR005C-A,0.0,not_responsive,0.167,not_responsive,,,none,0.667
1770323_at,RPN11,YFR004W,0.0,not_responsive,0.25,not_responsive,,,none,0.667
1770326_at,PFA5,YDR459C,0.0,not_responsive,0.0,not_responsive,,,none,1.0
1770332_at,YCR076C,YCR076C,0.0,not_responsive,0.417,intermediate,,1.0,MMS_specific_up,0.222
1770333_at,APL4,YPR029C,0.0,not_responsive,0.0,not_responsive,,,none,1.0
1770335_at,YMR087W,YMR087W,0.25,not_responsive,1.0,robust,,0.667,ambiguous,0.556
1770337_at,MPE1,YKL059C,0.0,not_responsive,0.5,intermediate,,0.667,MMS_specific_up,0.222
1770339_at,TEF4,YKL081W,0.0,not_responsive,0.5,intermediate,,1.0,MMS_specific_down,0.556
1770340_at,YLL058W,YLL058W,0.083,not_responsive,0.5,intermediate,,0.667,ambiguous,0.556
1770342_at,SEC8,YPR055W,0.0,not_responsive,0.25,not_responsive,,,none,0.667
1770343_s_at,SNZ2 /// SNZ3,YFL059W,0.583,intermediate,0.5,intermediate,1.0,0.667,shared_up,0.667
1770344_at,SWP1,YMR149W,0.0,not_responsive,0.0,not_responsive,,,none,1.0
1770345_at,TIM23,YNR017W,0.0,not_responsive,0.333,not_responsive,,,none,0.667
1770347_at,YCR007C,YCR007C,0.333,not_responsive,0.5,intermediate,,0.667,ambiguous,0.333
1770349_at,SWI5,YDR146C,0.25,not_responsive,0.917,robust,,0.667,ambiguous,0.556
1770352_at,ARG3,YJL088W,0.25,not_responsive,0.667,intermediate,,1.0,ambiguous,0.444
1770353_at,GIT1,YCR098C,0.0,not_responsive,0.167,not_responsive,,,none,0.667
1770357_at,MCM21,YDR318W,0.0,not_responsive,0.083,not_responsive,,,none,1.0
1770362_s_at,DOG1 /// DOG2,YHR043C,0.167,not_responsive,0.0,not_responsive,,,none,0.667
1770363_at,TAH18,YPR048W,0.25,not_responsive,0.417,intermediate,,0.667,ambiguous,0.333
1770364_at,ADP1,YCR011C,0.083,not_responsive,0.5,intermediate,,0.667,ambiguous,0.556
1770367_at,YFR035C,YFR035C,0.0,not_responsive,0.0,not_responsive,,,none,1.0
1770372_at,VTA1,YLR181C,0.0,not_responsive,0.0,not_responsive,,,none,1.0
1770374_at,PMT3,YOR321W,0.0,not_responsive,0.25,not_responsive,,,none,0.667
1770376_at,CAF16,YFL028C,0.0,not_responsive,0.0,not_responsive,,,none,1.0
1770378_at,PXA2,YKL188C,0.25,not_responsive,0.5,intermediate,,0.667,ambiguous,0.333
1770379_at,YBR108W,YBR108W,0.167,not_responsive,0.25,not_responsive,,,none,0.667
1770381_at,MF(ALPHA)2,YGL089C,0.0,not_responsive,0.0,not_responsive,,,none,1.0
1770383_at,SPE3,YPR069C,0.0,not_responsive,0.083,not_responsive,,,none,1.0
1770384_at,YDR415C,YDR415C,0.0,not_responsive,0.0,not_responsive,,,none,1.0
1770385_at,GDS1,YOR355W,0.0,not_responsive,0.917,robust,,1.0,ambiguous,0.667
1770388_at,PRP28,YDR243C,0.25,not_responsive,0.0,not_responsive,,,none,0.667
1770393_at,YOR302W,YOR302W,0.083,not_responsive,0.167,not_responsive,,,none,1.0
1770394_at,SSK22,YCR073C,0.167,not_responsive,0.0,not_responsive,,,none,0.667
1770395_at,SEN2,YLR105C,0.0,not_responsive,0.0,not_responsive,,,none,1.0
1770397_at,YDR262W,YDR262W,0.0,not_responsive,0.5,intermediate,,1.0,MMS_specific_up,0.333
1770399_at,ZEO1,YOL109W,0.0,not_responsive,0.0,not_responsive,,,none,1.0
1770400_at,RCK2,YLR248W,0.0,not_responsive,0.25,not_responsive,,,none,0.667
1770402_at,APA2,YDR530C,0.25,not_responsive,0.417,intermediate,,1.0,ambiguous,0.222
1770404_at,YBR246W,YBR246W,0.0,not_responsive,0.0,not_responsive,,,none,1.0
1770407_at,TRM2,YKR056W,0.667,intermediate,0.5,intermediate,1.0,0.444,shared_down,0.667
1770409_at,YER137C,YER137C,0.25,not_responsive,0.833,robust,,0.667,ambiguous,0.667
1770410_at,YGR210C,YGR210C,0.083,not_responsive,0.167,not_responsive,,,none,0.667
1770412_at,YML007C-A,YML007C-A,0.583,intermediate,0.583,intermediate,1.0,0.667,shared_up,0.667
1770413_at,RPL24A,YGL031C,0.0,not_responsive,0.583,intermediate,,1.0,MMS_specific_down,1.0
1770414_at,QCR8,YJL166W,0.083,not_responsive,0.083,not_responsive,,,none,1.0
1770417_at,PEX6,YNL329C,0.0,not_responsive,0.0,not_responsive,,,none,1.0
1770419_at,PRP22,YER013W,0.0,not_responsive,0.0,not_responsive,,,none,1.0
1770423_at,ARF3,YOR094W,0.0,not_responsive,0.167,not_responsive,,,none,0.667
1770424_at,PDR1,YGL013C,0.0,not_responsive,0.667,intermediate,,0.667,ambiguous,0.667
1770427_at,BIT2,YBR270C,0.0,not_responsive,0.583,intermediate,,0.667,MMS_specific_up,0.444
1770429_at,MSB4,YOL112W,0.0,not_responsive,0.083,not_responsive,,,none,1.0
1770430_at,OSH7,YHR001W,0.0,not_responsive,0.417,intermediate,,1.0,MMS_specific_up,0.333
1770431_at,TFA2,YKR062W,0.0,not_responsive,0.0,not_responsive,,,none,1.0
1770435_at,SWC3,YAL011W,0.0,not_responsive,0.083,not_responsive,,,none,1.0
1770436_at,ERV41,YML067C,0.0,not_responsive,0.0,not_responsive,,,none,1.0
1770437_at,YPR015C,YPR015C,0.333,not_responsive,1.0,robust,,0.667,ambiguous,0.556
1770440_at,LYS12,YIL094C,0.0,not_responsive,0.0,not_responsive,,,none,1.0
1770442_at,BNR1,YIL159W,0.167,not_responsive,0.167,not_responsive,,,none,0.667
1770443_at,EXO70,YJL085W,0.0,not_responsive,0.5,intermediate,,0.667,MMS_specific_up,0.333
1770447_s_at,YRF1-1 /// YRF1-2 /// YRF1-3 /// YRF1-4 /// YRF1-5 /// YRF1-6 /// YRF1-7,YEL076C,0.333,not_responsive,1.0,robust,,1.0,ambiguous,0.667
1770448_at,CDC21,YOR074C,0.0,not_responsive,0.0,not_responsive,,,none,1.0
1770449_s_at,RPS8A /// RPS8B,YBL072C,0.0,not_responsive,0.0,not_responsive,,,none,1.0
1770450_at,YFR032C,YFR032C,0.0,not_responsive,0.083,not_responsive,,,none,1.0
1770451_at,FAU1,YER183C,0.0,not_responsive,0.333,not_responsive,,,none,0.667
1770452_at,YKL069W,YKL069W,0.083,not_responsive,0.583,intermediate,,0.667,ambiguous,0.556
1770453_at,SPC34,YKR037C,0.0,not_responsive,0.0,not_responsive,,,none,1.0
1770455_at,"ARG5,6",YER069W,0.0,not_responsive,0.333,not_responsive,,,none,0.667
1770456_at,NTH1,YDR001C,0.583,intermediate,1.0,robust,1.0,0.667,shared_up,0.667
1770458_at,HMS1,YOR032C,0.167,not_responsive,0.333,not_responsive,,,none,0.667
1770459_at,COS10,YNR075W,0.0,not_responsive,0.0,not_responsive,,,none,1.0
1770460_at,MSY1,YPL097W,0.167,not_responsive,0.083,not_responsive,,,none,0.667
1770463_at,CDC23,YHR166C,0.0,not_responsive,0.583,intermediate,,0.667,MMS_specific_up,0.333
1770466_at,MRF1,YGL143C,0.167,not_responsive,0.0,not_responsive,,,none,0.667
1770478_at,VPS45,YGL095C,0.0,not_responsive,0.5,intermediate,,0.667,MMS_specific_up,0.556
1770480_at,GAP1,YKR039W,0.417,intermediate,0.0,not_responsive,0.667,,H2O2_specific_up,0.556
1770481_at,MCK1,YNL307C,0.0,not_responsive,0.0,not_responsive,,,none,1.0
1770483_at,CAT8,YMR280C,0.167,not_responsive,0.0,not_responsive,,,none,0.667
1770485_at,RPA34,YJL148W,0.667,intermediate,1.0,robust,1.0,0.667,shared_down,0.667
1770487_at,YLR218C,YLR218C,0.417,intermediate,0.0,not_responsive,0.444,,ambiguous,0.556
1770488_at,KEL1,YHR158C,0.0,not_responsive,0.083,not_responsive,,,none,1.0
1770489_at,GLN3,YER040W,0.0,not_responsive,0.0,not_responsive,,,none,1.0
1770495_at,CPR7,YJR032W,0.083,not_responsive,0.25,not_responsive,,,none,0.667
1770500_at,RPL19B,YBL027W,0.0,not_responsive,0.583,intermediate,,0.667,MMS_specific_down,0.556
1770501_at,RPS8B,YER102W,0.0,not_responsive,0.667,intermediate,,0.667,MMS_specific_down,0.778
1770502_x_at,RPS26A,YGL189C,0.0,not_responsive,0.167,not_responsive,,,none,0.667
1770503_at,FYV5,YCL058C,0.083,not_responsive,0.0,not_responsive,,,none,1.0
1770506_at,SUC2,YIL162W,0.333,not_responsive,0.0,not_responsive,,,none,0.667
1770507_at,GCD14,YJL125C,0.417,intermediate,0.417,intermediate,1.0,0.444,shared_down,0.667
1770508_at,DMA2,YNL116W,0.0,not_responsive,0.417,intermediate,,1.0,MMS_specific_up,0.222
1770510_at,EST1,YLR233C,0.0,not_responsive,0.0,not_responsive,,,none,1.0
1770512_at,TRK2,YKR050W,0.0,not_responsive,0.0,not_responsive,,,none,1.0
1770513_at,SRL4,YPL033C,0.0,not_responsive,0.083,not_responsive,,,none,1.0
1770514_at,TRM3,YDL112W,0.333,not_responsive,0.5,intermediate,,0.667,ambiguous,0.333
1770515_x_at,PAU4,YLR461W,0.083,not_responsive,0.0,not_responsive,,,none,1.0
1770517_at,YPL034W,YPL034W,0.0,not_responsive,0.083,not_responsive,,,none,1.0
1770518_at,QRI1,YDL103C,0.0,not_responsive,0.25,not_responsive,,,none,0.667
1770519_at,YHL018W,YHL018W,0.083,not_responsive,0.083,not_responsive,,,none,1.0
1770527_at,RMD8,YFR048W,0.0,not_responsive,0.0,not_responsive,,,none,1.0
1770529_at,OPI10,YOL032W,0.417,intermediate,1.0,robust,1.0,1.0,shared_up,0.667
1770532_at,MET17,YLR303W,0.25,not_responsive,0.167,not_responsive,,,none,0.667
1770534_at,LSB6,YJL100W,0.0,not_responsive,0.0,not_responsive,,,none,1.0
1770535_at,TAF2,YCR042C,0.0,not_responsive,0.0,not_responsive,,,none,1.0
1770536_at,ERG26,YGL001C,0.0,not_responsive,0.583,intermediate,,0.667,MMS_specific_down,0.333
1770538_at,ARR2,YPR200C,0.917,robust,1.0,robust,1.0,1.0,shared_up,1.0
1770539_at,REH1,YLR387C,0.167,not_responsive,1.0,robust,,1.0,ambiguous,0.556
1770540_at,YJL068C,YJL068C,0.417,intermediate,0.5,intermediate,0.444,0.667,shared_up,0.667
1770541_at,YGR272C,YGR272C,0.667,intermediate,1.0,robust,1.0,0.667,shared_down,0.667
1770542_at,CIS3,YJL158C,0.0,not_responsive,0.5,intermediate,,1.0,MMS_specific_down,0.556
1770543_at,YCR023C,YCR023C,0.0,not_responsive,0.0,not_responsive,,,none,1.0
1770548_at,YMR279C,YMR279C,0.0,not_responsive,0.083,not_responsive,,,none,1.0
1770549_at,YDL057W,YDL057W,0.5,intermediate,0.833,robust,0.444,0.667,shared_up,0.667
1770551_at,OCH1,YGL038C,0.5,intermediate,0.333,not_responsive,1.0,,ambiguous,0.333
1770554_at,NAB6,YML117W,0.0,not_responsive,0.5,intermediate,,0.667,MMS_specific_up,0.222
1770556_at,ENT4,YLL038C,0.083,not_responsive,0.25,not_responsive,,,none,0.667
1770558_at,NSE4,YDL105W,0.25,not_responsive,0.083,not_responsive,,,none,0.667
1770559_at,ATG12,YBR217W,0.0,not_responsive,0.0,not_responsive,,,none,1.0
1770562_at,THG1,YGR024C,0.0,not_responsive,0.0,not_responsive,,,none,1.0
1770565_at,ARO1,YDR127W,0.0,not_responsive,0.0,not_responsive,,,none,1.0
1770566_at,CIN5,YOR028C,0.5,intermediate,0.75,robust,1.0,1.0,shared_up,0.667
1770567_at,NEJ1,YLR265C,0.083,not_responsive,0.083,not_responsive,,,none,1.0
1770569_at,RPS21A,YKR057W,0.0,not_responsive,0.25,not_responsive,,,none,0.667
1770571_at,MVD1,YNR043W,0.0,not_responsive,1.0,robust,,0.667,ambiguous,0.667
1770572_at,BCH1,YMR237W,0.0,not_responsive,0.167,not_responsive,,,none,0.667
1770575_at,URH1,YDR400W,0.0,not_responsive,0.0,not_responsive,,,none,1.0
1770576_at,PMA2,YPL036W,0.0,not_responsive,0.083,not_responsive,,,none,1.0
1770577_at,RPL11B,YGR085C,0.0,not_responsive,0.583,intermediate,,0.667,MMS_specific_down,0.333
1770578_at,PRE4,YFR050C,0.0,not_responsive,0.25,not_responsive,,,none,0.667
1770580_at,ADY2,YCR010C,0.0,not_responsive,0.25,not_responsive,,,none,0.667
1770583_at,TRR1,YDR353W,0.417,intermediate,0.417,intermediate,1.0,0.667,shared_up,0.667
1770584_at,CAT5,YOR125C,0.0,not_responsive,0.25,not_responsive,,,none,0.667
1770587_at,YLR307C-A,YLR307C-A,0.083,not_responsive,0.0,not_responsive,,,none,1.0
1770589_at,TMA16,YOR252W,0.667,intermediate,1.0,robust,1.0,0.667,shared_down,0.667
1770590_at,YGL108C,YGL108C,0.083,not_responsive,0.25,not_responsive,,,none,0.667
1770592_at,SIP4,YJL089W,0.333,not_responsive,0.417,intermediate,,1.0,ambiguous,0.333
1770593_at,YMR265C,YMR265C,0.25,not_responsive,0.0,not_responsive,,,none,0.667
1770594_at,RPB7,YDR404C,0.0,not_responsive,0.0,not_responsive,,,none,1.0
1770597_at,YKL027W,YKL027W,0.417,intermediate,0.0,not_responsive,1.0,,H2O2_specific_down,0.222
1770599_at,MUD2,YKL074C,0.0,not_responsive,0.417,intermediate,,1.0,MMS_specific_up,0.222
1770603_at,GUP2,YPL189W,0.333,not_responsive,0.0,not_responsive,,,none,0.667
1770604_at,CYC8,YBR112C,0.167,not_responsive,0.583,intermediate,,0.667,ambiguous,0.333
1770607_at,SGD1,YLR336C,0.417,intermediate,0.5,intermediate,1.0,0.444,shared_down,0.667
1770610_at,POA1,YBR022W,0.0,not_responsive,0.0,not_responsive,,,none,1.0
1770611_at,MRPS5,YBR251W,0.0,not_responsive,0.0,not_responsive,,,none,1.0
1770612_at,RPL24B,YGR148C,0.0,not_responsive,0.667,intermediate,,0.667,MMS_specific_down,1.0
1770615_at,CTP1,YBR291C,0.083,not_responsive,0.0,not_responsive,,,none,1.0
1770622_at,BUD14,YAR014C,0.0,not_responsive,0.0,not_responsive,,,none,1.0
1770623_at,ODC1,YPL134C,0.0,not_responsive,0.0,not_responsive,,,none,1.0
1770624_at,PAC10,YGR078C,0.25,not_responsive,0.333,not_responsive,,,none,0.667
1770625_x_at,HXT17,YNR072W,0.083,not_responsive,0.083,not_responsive,,,none,1.0
1770626_at,DBF2,YGR092W,0.083,not_responsive,0.167,not_responsive,,,none,1.0
1770628_at,POM34,YLR018C,0.083,not_responsive,0.333,not_responsive,,,none,0.667
1770632_at,GCV3,YAL044C,0.0,not_responsive,0.167,not_responsive,,,none,0.667
1770634_at,MOG1,YJR074W,0.0,not_responsive,0.083,not_responsive,,,none,1.0
1770635_at,CWH43,YCR017C,0.0,not_responsive,0.0,not_responsive,,,none,1.0
1770636_at,DOC1,YGL240W,0.083,not_responsive,0.0,not_responsive,,,none,1.0
1770637_at,UIP5,YKR044W,0.5,intermediate,0.833,robust,0.667,0.667,shared_down,0.667
1770639_at,YFR045W,YFR045W,0.333,not_responsive,0.333,not_responsive,,,none,0.667
1770640_at,POL4,YCR014C,0.0,not_responsive,0.0,not_responsive,,,none,1.0
1770645_at,DPB2,YPR175W,0.167,not_responsive,0.333,not_responsive,,,none,0.667
1770650_at,IRC4,YDR540C,0.167,not_responsive,0.0,not_responsive,,,none,0.667
1770651_at,YBR296C-A,YBR296C-A,0.0,not_responsive,0.0,not_responsive,,,none,1.0
1770653_at,RPS0A,YGR214W,0.0,not_responsive,0.917,robust,,0.667,MMS_specific_down,0.778
1770656_at,YBR053C,YBR053C,0.5,intermediate,0.75,robust,0.667,0.667,shared_up,0.667
1770659_at,IRC15,YPL017C,1.0,robust,1.0,robust,1.0,0.667,shared_up,1.0
1770660_at,NCB2,YDR397C,0.0,not_responsive,0.25,not_responsive,,,none,0.667
1770662_at,TMA22,YJR014W,0.0,not_responsive,0.0,not_responsive,,,none,1.0
1770666_at,BCD1,YHR040W,0.417,intermediate,0.417,intermediate,0.667,0.444,shared_down,0.667
1770668_at,YJR079W,YJR079W,0.0,not_responsive,0.167,not_responsive,,,none,0.667
1770671_at,YJL043W,YJL043W,0.0,not_responsive,0.0,not_responsive,,,none,1.0
1770672_at,YCK3,YER123W,0.0,not_responsive,0.083,not_responsive,,,none,1.0
1770674_at,MTF2,YDL044C,0.0,not_responsive,0.25,not_responsive,,,none,0.667
1770677_at,BUD31,YCR063W,0.333,not_responsive,0.5,intermediate,,1.0,ambiguous,0.333
1770680_at,SUA5,YGL169W,0.5,intermediate,0.5,intermediate,1.0,0.667,shared_down,0.667
1770682_at,HXT3,YDR345C,0.0,not_responsive,0.0,not_responsive,,,none,1.0
1770683_at,SLD5,YDR489W,0.0,not_responsive,0.0,not_responsive,,,none,1.0
1770684_at,SED5,YLR026C,0.083,not_responsive,0.0,not_responsive,,,none,1.0
1770685_at,YPP1,YGR198W,0.0,not_responsive,0.0,not_responsive,,,none,1.0
1770686_at,PKP1,YIL042C,0.083,not_responsive,0.25,not_responsive,,,none,0.667
1770687_at,GRX8,YLR364W,0.0,not_responsive,0.083,not_responsive,,,none,1.0
1770690_at,SLM3,YDL033C,0.0,not_responsive,0.0,not_responsive,,,none,1.0
1770692_at,PHO84,YML123C,0.667,intermediate,0.75,robust,1.0,1.0,opposite_or_mixed,1.0
1770695_at,TRX3,YCR083W,0.25,not_responsive,0.083,not_responsive,,,none,0.667
1770696_at,DIA4,YHR011W,0.333,not_responsive,0.167,not_responsive,,,none,0.667
1770697_at,PTC5,YOR090C,0.0,not_responsive,0.417,intermediate,,1.0,MMS_specific_up,0.556
1770699_at,NUP42,YDR192C,0.0,not_responsive,0.167,not_responsive,,,none,0.667
1770700_at,THI21,YPL258C,0.0,not_responsive,0.0,not_responsive,,,none,1.0
1770701_at,RPB4,YJL140W,0.0,not_responsive,0.0,not_responsive,,,none,1.0
1770705_at,SYF1,YDR416W,0.0,not_responsive,0.25,not_responsive,,,none,0.667
1770706_at,ERV46,YAL042W,0.0,not_responsive,0.0,not_responsive,,,none,1.0
1770707_at,YGR205W,YGR205W,0.583,intermediate,0.417,intermediate,0.667,1.0,shared_up,0.667
1770708_at,CBC2,YPL178W,0.0,not_responsive,0.0,not_responsive,,,none,1.0
1770709_at,TMA20,YER007C-A,0.0,not_responsive,0.25,not_responsive,,,none,0.667
1770710_at,IRC19,YLL033W,0.0,not_responsive,0.417,intermediate,,1.0,MMS_specific_up,0.556
1770713_at,CNB1,YKL190W,0.0,not_responsive,0.0,not_responsive,,,none,1.0
1770716_at,YBR197C,YBR197C,0.0,not_responsive,0.0,not_responsive,,,none,1.0
1770717_at,IOC4,YMR044W,0.0,not_responsive,0.083,not_responsive,,,none,1.0
1770718_at,SKI7,YOR076C,0.0,not_responsive,0.583,intermediate,,0.667,MMS_specific_up,0.333
1770720_at,YEH2,YLR020C,0.083,not_responsive,0.5,intermediate,,0.667,ambiguous,0.556
1770721_at,FCY1,YPR062W,0.0,not_responsive,0.417,intermediate,,1.0,MMS_specific_down,0.222
1770725_at,CIN8,YEL061C,0.25,not_responsive,0.333,not_responsive,,,none,0.667
1770727_at,LCB5,YLR260W,0.0,not_responsive,0.333,not_responsive,,,none,0.667
1770730_at,NPT1,YOR209C,0.0,not_responsive,0.0,not_responsive,,,none,1.0
1770736_at,VPS33,YLR396C,0.0,not_responsive,0.5,intermediate,,0.667,MMS_specific_up,0.667
1770737_at,JNM1,YMR294W,0.083,not_responsive,0.0,not_responsive,,,none,1.0
1770739_at,SEC10,YLR166C,0.0,not_responsive,0.167,not_responsive,,,none,0.667
1770740_at,AGE2,YIL044C,0.0,not_responsive,0.25,not_responsive,,,none,0.667
1770742_at,YSP3,YOR003W,0.167,not_responsive,0.167,not_responsive,,,none,0.667
1770743_at,BNI4,YNL233W,0.0,not_responsive,0.0,not_responsive,,,none,1.0
1770744_at,UGP1,YKL035W,0.5,intermediate,0.75,robust,0.667,0.667,shared_up,0.667
1770746_at,YGL057C,YGL057C,0.083,not_responsive,0.0,not_responsive,,,none,1.0
1770747_at,PRS5,YOL061W,0.167,not_responsive,0.5,intermediate,,0.667,ambiguous,0.333
1770748_at,MDM35,YKL053C-A,0.167,not_responsive,0.0,not_responsive,,,none,0.667
1770749_at,DSE1,YER124C,0.167,not_responsive,0.25,not_responsive,,,none,0.667
1770750_at,PRS4,YBL068W,0.25,not_responsive,0.333,not_responsive,,,none,0.667
1770751_at,YPL272C,YPL272C,0.0,not_responsive,0.0,not_responsive,,,none,1.0
1770753_at,BMH2,YDR099W,0.0,not_responsive,0.0,not_responsive,,,none,1.0
1770754_at,ADH6,YMR318C,0.083,not_responsive,0.083,not_responsive,,,none,1.0
1770758_at,PEX14,YGL153W,0.0,not_responsive,0.5,intermediate,,0.667,MMS_specific_up,0.222
1770759_at,TVP38,YKR088C,0.0,not_responsive,0.0,not_responsive,,,none,1.0
1770760_at,YGR168C,YGR168C,0.0,not_responsive,0.083,not_responsive,,,none,1.0
1770764_at,YDL199C,YDL199C,0.583,intermediate,1.0,robust,0.667,1.0,shared_up,0.667
1770765_at,PRI2,YKL045W,0.0,not_responsive,0.417,intermediate,,1.0,MMS_specific_up,0.333
1770766_at,EST3,YIL009C-A,0.0,not_responsive,0.0,not_responsive,,,none,1.0
1770767_at,AGX1,YFL030W,1.0,robust,1.0,robust,1.0,1.0,shared_up,1.0
1770768_at,RTR1,YER139C,0.0,not_responsive,0.0,not_responsive,,,none,1.0
1770773_at,PUT3,YKL015W,0.083,not_responsive,0.0,not_responsive,,,none,1.0
1770776_at,SBH2,YER019C-A,0.0,not_responsive,0.0,not_responsive,,,none,1.0
1770777_at,RPO26,YPR187W,0.167,not_responsive,0.917,robust,,0.667,ambiguous,0.556
1770778_at,GID7,YCL039W,0.25,not_responsive,1.0,robust,,0.667,ambiguous,0.556
1770780_at,SRO9,YCL037C,0.333,not_responsive,1.0,robust,,1.0,ambiguous,0.667
1770783_at,SLS1,YLR139C,0.0,not_responsive,0.0,not_responsive,,,none,1.0
1770785_at,HPA2,YPR193C,0.583,intermediate,0.167,not_responsive,0.667,,ambiguous,0.333
1770788_at,HSH49,YOR319W,0.167,not_responsive,0.25,not_responsive,,,none,0.667
1770790_at,SKG6,YHR149C,0.25,not_responsive,0.5,intermediate,,0.667,ambiguous,0.333
1770791_at,YIF1,YNL263C,0.0,not_responsive,0.0,not_responsive,,,none,1.0
1770792_at,THI7,YLR237W,0.083,not_responsive,0.25,not_responsive,,,none,0.667
1770793_at,FMP27,YLR454W,0.0,not_responsive,0.0,not_responsive,,,none,1.0
1770795_at,YKL162C,YKL162C,0.583,intermediate,1.0,robust,1.0,0.667,shared_up,0.667
1770797_at,TVP15,YDR100W,0.083,not_responsive,0.167,not_responsive,,,none,0.667
1770799_at,TIM11,YDR322C-A,0.0,not_responsive,0.0,not_responsive,,,none,1.0
1770802_at,PAN2,YGL094C,0.0,not_responsive,0.0,not_responsive,,,none,1.0
1770806_at,YPL245W,YPL245W,0.333,not_responsive,0.5,intermediate,,0.667,ambiguous,0.333
1770808_at,BRL1,YHR036W,0.333,not_responsive,0.0,not_responsive,,,none,0.667
1770809_at,YPR174C,YPR174C,0.0,not_responsive,0.083,not_responsive,,,none,1.0
1770812_at,ZAP1,YJL056C,0.0,not_responsive,0.0,not_responsive,,,none,1.0
1770816_at,ORC1,YML065W,0.167,not_responsive,0.0,not_responsive,,,none,0.667
1770817_at,AEP2,YMR282C,0.0,not_responsive,0.083,not_responsive,,,none,1.0
1770818_at,PSK1,YAL017W,0.25,not_responsive,0.583,intermediate,,0.667,ambiguous,0.333
1770820_at,WRS1,YOL097C,0.167,not_responsive,0.917,robust,,0.667,ambiguous,0.556
1770821_at,OMA1,YKR087C,0.0,not_responsive,0.083,not_responsive,,,none,1.0
1770824_at,RPA190,YOR341W,0.5,intermediate,1.0,robust,0.667,0.667,shared_down,0.667
1770825_at,TAX4,YJL083W,0.167,not_responsive,0.0,not_responsive,,,none,0.667
1770828_at,DID4,YKL002W,0.0,not_responsive,0.25,not_responsive,,,none,0.667
1770829_at,YCR075W-A,YCR075W-A,0.0,not_responsive,0.083,not_responsive,,,none,1.0
1770832_at,CDC40,YDR364C,0.083,not_responsive,0.0,not_responsive,,,none,1.0
1770834_at,MIF2,YKL089W,0.083,not_responsive,0.0,not_responsive,,,none,1.0
1770835_at,ACF4,YJR083C,0.0,not_responsive,0.75,robust,,0.667,MMS_specific_up,0.889
1770836_at,CNA1,YLR433C,0.0,not_responsive,0.083,not_responsive,,,none,1.0
1770837_at,YGR266W,YGR266W,0.0,not_responsive,0.25,not_responsive,,,none,0.667
1770839_at,MED4,YOR174W,0.0,not_responsive,0.0,not_responsive,,,none,1.0
1770841_at,ARP1,YHR129C,0.0,not_responsive,0.083,not_responsive,,,none,1.0
1770843_at,IRC10,YOL015W,0.0,not_responsive,0.0,not_responsive,,,none,1.0
1770848_at,DPH2,YKL191W,0.333,not_responsive,0.75,robust,,0.667,ambiguous,0.667
1770850_at,YHR214C-D,YHR214C-D,0.0,not_responsive,0.0,not_responsive,,,none,1.0
1770851_at,SIR1,YKR101W,0.0,not_responsive,0.25,not_responsive,,,none,0.667
1770852_at,TSC11,YER093C,0.0,not_responsive,0.0,not_responsive,,,none,1.0
1770854_at,TFC3,YAL001C,0.083,not_responsive,0.333,not_responsive,,,none,0.667
1770855_at,TPP1,YMR156C,0.0,not_responsive,0.25,not_responsive,,,none,0.667
1770856_at,YDR090C,YDR090C,0.0,not_responsive,0.083,not_responsive,,,none,1.0
1770858_at,QCR6,YFR033C,0.0,not_responsive,0.25,not_responsive,,,none,0.667
1770859_at,YGR287C,YGR287C,0.417,intermediate,0.333,not_responsive,0.667,,ambiguous,0.333
1770861_at,UTP10,YJL109C,0.417,not_responsive,0.833,robust,,0.667,ambiguous,0.667
1770862_at,HRR25,YPL204W,0.0,not_responsive,0.083,not_responsive,,,none,1.0
1770863_at,RGP1,YDR137W,0.0,not_responsive,0.333,not_responsive,,,none,0.667
1770864_at,RAD53,YPL153C,0.0,not_responsive,0.0,not_responsive,,,none,1.0
1770865_at,PEA2,YER149C,0.083,not_responsive,0.0,not_responsive,,,none,1.0
1770867_at,YDL237W,YDL237W,0.0,not_responsive,0.0,not_responsive,,,none,1.0
1770868_at,SMD2,YLR275W,0.0,not_responsive,0.333,not_responsive,,,none,0.667
1770871_at,CKS1,YBR135W,0.083,not_responsive,0.5,intermediate,,0.667,ambiguous,0.556
1770876_at,NOP14,YDL148C,0.667,intermediate,1.0,robust,1.0,0.667,shared_down,0.667
1770878_at,ELG1,YOR144C,0.167,not_responsive,0.5,intermediate,,0.667,ambiguous,0.333
1770879_at,YDR381C-A,YDR381C-A,0.25,not_responsive,0.0,not_responsive,,,none,0.667
1770882_at,RPL13B,YMR142C,0.0,not_responsive,0.417,intermediate,,1.0,MMS_specific_down,0.667
1770883_at,YOR228C,YOR228C,0.25,not_responsive,0.5,intermediate,,0.667,ambiguous,0.333
1770884_s_at,SSB1 /// SSB2,YDL229W,0.0,not_responsive,0.5,intermediate,,0.667,MMS_specific_down,0.667
1770885_at,YDR387C,YDR387C,0.167,not_responsive,0.417,intermediate,,1.0,ambiguous,0.222
1770886_at,YLR030W,YLR030W,0.0,not_responsive,0.25,not_responsive,,,none,0.667
1770887_at,YKL187C,YKL187C,0.833,robust,0.583,intermediate,1.0,0.667,shared_up,0.667
1770888_at,PTM1,YKL039W,0.083,not_responsive,0.25,not_responsive,,,none,0.667
1770889_at,VPS13,YLL040C,0.167,not_responsive,0.083,not_responsive,,,none,0.667
1770890_at,ERG6,YML008C,0.0,not_responsive,0.25,not_responsive,,,none,0.667
1770891_at,PUS5,YLR165C,0.0,not_responsive,0.583,intermediate,,0.667,MMS_specific_up,0.667
1770892_at,YBR138C,YBR138C,0.083,not_responsive,0.0,not_responsive,,,none,1.0
1770896_at,BEM3,YPL115C,0.0,not_responsive,0.083,not_responsive,,,none,1.0
1770897_x_at,PAU5,YFL020C,0.0,not_responsive,0.833,robust,,0.667,ambiguous,0.667
1770898_at,MDM10,YAL010C,0.0,not_responsive,0.25,not_responsive,,,none,0.667
1770899_at,SKO1,YNL167C,0.0,not_responsive,0.0,not_responsive,,,none,1.0
1770900_at,KIN82,YCR091W,0.583,intermediate,0.917,robust,1.0,0.667,shared_up,0.667
1770902_at,YKL037W,YKL037W,0.083,not_responsive,0.0,not_responsive,,,none,1.0
1770908_at,TAF11,YML015C,0.0,not_responsive,0.0,not_responsive,,,none,1.0
1770911_at,STS1,YIR011C,0.0,not_responsive,0.833,robust,,0.667,MMS_specific_up,0.889
1770913_at,YGR240C-A,YGR240C-A,0.0,not_responsive,0.25,not_responsive,,,none,0.667
1770916_at,SEC17,YBL050W,0.0,not_responsive,0.25,not_responsive,,,none,0.667
1770917_at,ECM29,YHL030W,0.25,not_responsive,0.75,robust,,0.667,ambiguous,0.667
1770920_at,COA2,YPL189C-A,0.167,not_responsive,0.417,intermediate,,1.0,ambiguous,0.333
1770922_at,LIP1,YMR298W,0.0,not_responsive,0.167,not_responsive,,,none,0.667
1770923_at,THI20,YOL055C,0.0,not_responsive,0.0,not_responsive,,,none,1.0
1770924_at,JLP2,YMR132C,0.167,not_responsive,0.0,not_responsive,,,none,0.667
1770925_at,FSH1,YHR049W,0.167,not_responsive,0.5,intermediate,,0.667,ambiguous,0.333
1770927_at,MAD2,YJL030W,0.0,not_responsive,0.5,intermediate,,0.667,MMS_specific_up,0.222
1770928_at,YCG1,YDR325W,0.083,not_responsive,0.0,not_responsive,,,none,1.0
1770933_at,BUL1,YMR275C,0.0,not_responsive,0.25,not_responsive,,,none,0.667
1770935_at,LAA1,YJL207C,0.0,not_responsive,0.0,not_responsive,,,none,1.0
1770936_at,SEM1,YDR363W-A,0.0,not_responsive,0.0,not_responsive,,,none,1.0
1770938_at,ENA5,YDR038C,0.0,not_responsive,0.0,not_responsive,,,none,1.0
1770941_at,ELM1,YKL048C,0.333,not_responsive,0.5,intermediate,,0.667,ambiguous,0.333
1770942_at,VPS16,YPL045W,0.0,not_responsive,0.25,not_responsive,,,none,0.667
1770943_at,RNT1,YMR239C,0.75,robust,0.917,robust,1.0,0.667,shared_down,1.0
1770945_at,NMD4,YLR363C,0.0,not_responsive,0.417,intermediate,,1.0,MMS_specific_up,0.556
1770947_at,ICL2,YPR006C,0.167,not_responsive,0.0,not_responsive,,,none,0.667
1770948_at,RPL10,YLR075W,0.0,not_responsive,0.0,not_responsive,,,none,1.0
1770949_at,MCM1,YMR043W,0.0,not_responsive,0.25,not_responsive,,,none,0.667
1770952_at,ASI3,YNL008C,0.0,not_responsive,0.583,intermediate,,0.667,MMS_specific_up,0.333
1770954_at,YLR363W-A,YLR363W-A,0.667,intermediate,1.0,robust,1.0,0.667,shared_down,0.667
1770957_at,YOR378W,YOR378W,0.0,not_responsive,0.167,not_responsive,,,none,0.667
1770958_at,UBX7,YBR273C,0.083,not_responsive,0.75,robust,,0.667,ambiguous,0.667
1770962_at,CDC19,YAL038W,0.0,not_responsive,0.0,not_responsive,,,none,1.0
1770963_at,TRM5,YHR070W,0.417,intermediate,0.5,intermediate,0.667,0.667,shared_down,0.667
1770964_at,HOS1,YPR068C,0.0,not_responsive,0.0,not_responsive,,,none,1.0
1770966_at,YJR120W,YJR120W,0.0,not_responsive,0.0,not_responsive,,,none,1.0
1770967_at,YIL096C,YIL096C,0.75,robust,1.0,robust,1.0,0.667,shared_down,1.0
1770968_at,COX12,YLR038C,0.0,not_responsive,0.25,not_responsive,,,none,0.667
1770971_at,RPS13,YDR064W,0.0,not_responsive,0.417,intermediate,,1.0,MMS_specific_down,0.667
1770974_at,YNR004W,YNR004W,0.167,not_responsive,0.167,not_responsive,,,none,0.667
1770979_at,FLX1,YIL134W,0.0,not_responsive,0.25,not_responsive,,,none,0.667
1770981_at,QDR2,YIL121W,0.083,not_responsive,0.5,intermediate,,0.667,ambiguous,0.556
1770987_at,SEC22,YLR268W,0.0,not_responsive,0.25,not_responsive,,,none,0.667
1770988_at,HLJ1,YMR161W,0.0,not_responsive,0.0,not_responsive,,,none,1.0
1770990_at,YER064C,YER064C,0.083,not_responsive,0.0,not_responsive,,,none,1.0
1770995_at,SLM4,YBR077C,0.0,not_responsive,0.25,not_responsive,,,none,0.667
1770996_at,CTR86,YCR054C,0.25,not_responsive,0.0,not_responsive,,,none,0.667
1770998_at,YNR066C,YNR066C,0.0,not_responsive,0.5,intermediate,,0.667,MMS_specific_down,0.222
1771000_at,YIA6,YIL006W,0.0,not_responsive,0.0,not_responsive,,,none,1.0
1771002_at,NSE1,YLR007W,0.0,not_responsive,0.083,not_responsive,,,none,1.0
1771004_at,RSM24,YDR175C,0.0,not_responsive,0.25,not_responsive,,,none,0.667
1771005_at,CSI1,YMR025W,0.167,not_responsive,0.25,not_responsive,,,none,0.667
1771006_at,BCS1,YDR375C,0.083,not_responsive,0.0,not_responsive,,,none,1.0
1771007_at,ECM32,YER176W,0.0,not_responsive,0.0,not_responsive,,,none,1.0
1771009_at,YHR113W,YHR113W,0.0,not_responsive,0.167,not_responsive,,,none,0.667
1771012_at,TSR1,YDL060W,0.583,intermediate,1.0,robust,1.0,0.667,shared_down,0.667
1771013_at,YLR271W,YLR271W,0.25,not_responsive,0.5,intermediate,,0.667,ambiguous,0.333
1771015_at,HDA3,YPR179C,0.0,not_responsive,0.333,not_responsive,,,none,0.667
1771019_at,SIA1,YOR137C,0.167,not_responsive,0.0,not_responsive,,,none,0.667
1771020_at,MRPL8,YJL063C,0.083,not_responsive,0.0,not_responsive,,,none,1.0
1771022_at,YBR056W,YBR056W,0.75,robust,1.0,robust,1.0,0.667,shared_up,1.0
1771023_at,HST4,YDR191W,0.083,not_responsive,0.0,not_responsive,,,none,1.0
1771027_at,TIF3,YPR163C,0.167,not_responsive,1.0,robust,,0.667,ambiguous,0.556
1771031_at,MPT5,YGL178W,0.0,not_responsive,0.167,not_responsive,,,none,0.667
1771040_at,ATG26,YLR189C,0.0,not_responsive,0.583,intermediate,,0.667,ambiguous,0.556
1771041_at,YOR152C,YOR152C,0.667,intermediate,0.75,robust,0.667,0.667,shared_up,1.0
1771042_at,UNG1,YML021C,0.0,not_responsive,0.167,not_responsive,,,none,0.667
1771045_at,ALR2,YFL050C,0.0,not_responsive,0.0,not_responsive,,,none,1.0
1771046_at,YNL295W,YNL295W,0.0,not_responsive,0.167,not_responsive,,,none,0.667
1771051_at,LYS4,YDR234W,0.0,not_responsive,0.167,not_responsive,,,none,0.667
1771052_at,FMP45,YDL222C,0.583,intermediate,1.0,robust,0.667,0.667,shared_up,0.667
1771055_at,RPL18B,YNL301C,0.083,not_responsive,1.0,robust,,0.667,ambiguous,0.889
1771057_at,RCE1,YMR274C,0.0,not_responsive,0.417,intermediate,,1.0,ambiguous,0.556
1771061_at,MSK1,YNL073W,0.083,not_responsive,0.0,not_responsive,,,none,1.0
1771064_at,RIF1,YBR275C,0.083,not_responsive,0.0,not_responsive,,,none,1.0
1771065_at,YER093C-A,YER093C-A,0.333,not_responsive,0.083,not_responsive,,,none,0.667
1771067_at,ABF1,YKL112W,0.0,not_responsive,0.167,not_responsive,,,none,0.667
1771068_at,PSO2,YMR137C,0.0,not_responsive,0.583,intermediate,,0.667,MMS_specific_up,0.333
1771069_at,YLR063W,YLR063W,0.5,intermediate,0.417,intermediate,1.0,0.444,shared_down,0.667
1771070_at,YIR007W,YIR007W,0.5,intermediate,1.0,robust,0.444,0.667,shared_up,0.667
1771072_at,ATG16,YMR159C,0.0,not_responsive,0.25,not_responsive,,,none,0.667
1771073_at,DCG1,YIR030C,0.583,intermediate,0.583,intermediate,0.667,0.667,shared_up,0.667
1771075_at,MRPL20,YKR085C,0.0,not_responsive,0.0,not_responsive,,,none,1.0
1771076_at,MNP1,YGL068W,0.0,not_responsive,0.167,not_responsive,,,none,0.667
1771078_at,FRM2,YCL026C-A,1.0,robust,1.0,robust,1.0,1.0,shared_up,1.0
1771079_at,HST1,YOL068C,0.0,not_responsive,0.167,not_responsive,,,none,1.0
1771081_at,ADK2,YER170W,0.083,not_responsive,0.5,intermediate,,0.444,ambiguous,0.556
1771083_at,YPS5,YGL259W,0.0,not_responsive,0.5,intermediate,,0.667,MMS_specific_up,0.222
1771084_at,MCM10,YIL150C,0.25,not_responsive,0.0,not_responsive,,,none,0.667
1771085_at,RPL18A,YOL120C,0.0,not_responsive,0.417,intermediate,,1.0,MMS_specific_down,0.667
1771088_at,YUH1,YJR099W,0.0,not_responsive,0.25,not_responsive,,,none,0.667
1771090_at,FRE2,YKL220C,0.0,not_responsive,0.0,not_responsive,,,none,1.0
1771091_at,DAN1,YJR150C,0.333,not_responsive,0.75,robust,,0.667,ambiguous,0.667
1771095_at,RGR1,YLR071C,0.0,not_responsive,0.0,not_responsive,,,none,1.0
1771100_at,FZF1,YGL254W,0.0,not_responsive,0.417,intermediate,,1.0,MMS_specific_up,0.222
1771101_at,KKQ8,YKL168C,0.083,not_responsive,0.25,not_responsive,,,none,0.667
1771103_at,COX6,YHR051W,0.0,not_responsive,0.333,not_responsive,,,none,0.667
1771104_at,SPO22,YIL073C,0.083,not_responsive,0.25,not_responsive,,,none,0.667
1771106_at,TOS1,YBR162C,0.0,not_responsive,0.583,intermediate,,0.667,MMS_specific_down,0.333
1771108_at,EPT1,YHR123W,0.0,not_responsive,0.0,not_responsive,,,none,1.0
1771109_at,WSC4,YHL028W,0.0,not_responsive,0.25,not_responsive,,,none,0.667
1771112_at,IST1,YNL265C,0.083,not_responsive,0.5,intermediate,,0.667,ambiguous,0.556
1771117_at,SNG1,YGR197C,0.167,not_responsive,0.417,intermediate,,1.0,ambiguous,0.667
1771119_at,CDC16,YKL022C,0.0,not_responsive,0.167,not_responsive,,,none,0.667
1771120_at,SEC23,YPR181C,0.0,not_responsive,0.0,not_responsive,,,none,1.0
1771125_at,PAD1,YDR538W,0.0,not_responsive,0.583,intermediate,,0.667,ambiguous,0.556
1771126_at,PUF6,YDR496C,0.667,intermediate,1.0,robust,1.0,0.667,shared_down,0.667
1771133_at,DBP10,YDL031W,0.583,intermediate,1.0,robust,1.0,0.667,shared_down,0.667
1771135_at,CCT6,YDR188W,0.0,not_responsive,0.0,not_responsive,,,none,1.0
1771137_at,VPS38,YLR360W,0.0,not_responsive,0.0,not_responsive,,,none,1.0
1771138_at,YBR219C,YBR219C,0.0,not_responsive,0.167,not_responsive,,,none,0.667
1771139_at,BET1,YIL004C,0.0,not_responsive,0.5,intermediate,,0.667,MMS_specific_down,0.222
1771140_at,MRPS28,YDR337W,0.0,not_responsive,0.0,not_responsive,,,none,1.0
1771141_at,YLH47,YPR125W,0.0,not_responsive,0.0,not_responsive,,,none,1.0
1771143_at,CYB2,YML054C,0.333,not_responsive,0.5,intermediate,,0.667,ambiguous,0.333
1771145_at,NOT3,YIL038C,0.167,not_responsive,0.0,not_responsive,,,none,0.667
1771147_at,SGM1,YJR134C,0.0,not_responsive,0.0,not_responsive,,,none,1.0
1771148_at,YDR336W,YDR336W,0.0,not_responsive,0.5,intermediate,,0.667,MMS_specific_up,0.556
1771150_at,YPL107W,YPL107W,0.0,not_responsive,0.0,not_responsive,,,none,1.0
1771151_at,GRS2,YPR081C,0.333,not_responsive,0.667,intermediate,,0.667,ambiguous,0.667
1771153_at,LAP4,YKL103C,1.0,robust,1.0,robust,1.0,1.0,shared_up,1.0
1771154_at,DAL81,YIR023W,0.0,not_responsive,0.333,not_responsive,,,none,0.667
1771157_at,YDR524C-B,YDR524C-B,0.0,not_responsive,0.0,not_responsive,,,none,1.0
1771158_at,YLR342W-A,YLR342W-A,0.083,not_responsive,0.167,not_responsive,,,none,0.667
1771159_at,NSA1,YGL111W,0.417,not_responsive,0.5,intermediate,,0.667,ambiguous,0.333
1771160_at,RSE1,YML049C,0.0,not_responsive,0.583,intermediate,,0.667,ambiguous,0.556
1771162_at,JJJ2,YJL162C,0.167,not_responsive,0.0,not_responsive,,,none,0.667
1771165_x_at,HXT13,YEL069C,0.0,not_responsive,0.0,not_responsive,,,none,1.0
1771167_at,NBP35,YGL091C,0.25,not_responsive,0.833,robust,,1.0,ambiguous,0.667
1771169_at,YEF3,YLR249W,0.0,not_responsive,0.583,intermediate,,0.667,MMS_specific_down,0.444
1771170_at,TAD3,YLR316C,0.167,not_responsive,0.167,not_responsive,,,none,0.667
1771171_at,ERG7,YHR072W,0.083,not_responsive,0.667,intermediate,,0.667,ambiguous,0.778
1771172_at,NMA1,YLR328W,0.0,not_responsive,0.0,not_responsive,,,none,1.0
1771173_at,RPB9,YGL070C,0.25,not_responsive,0.5,intermediate,,0.667,ambiguous,0.333
1771176_at,CHS3,YBR023C,0.0,not_responsive,0.417,intermediate,,1.0,MMS_specific_down,0.222
1771177_at,YLR224W,YLR224W,0.0,not_responsive,0.0,not_responsive,,,none,1.0
1771179_at,UTR4,YEL038W,0.0,not_responsive,0.0,not_responsive,,,none,1.0
1771183_at,ERG2,YMR202W,0.0,not_responsive,0.583,intermediate,,0.667,MMS_specific_down,0.667
1771184_at,VPS64,YDR200C,0.0,not_responsive,0.0,not_responsive,,,none,1.0
1771186_at,YFR016C,YFR016C,0.0,not_responsive,0.083,not_responsive,,,none,1.0
1771187_at,VPS62,YGR141W,0.0,not_responsive,0.167,not_responsive,,,none,0.667
1771188_at,YNL217W,YNL217W,0.333,not_responsive,0.417,intermediate,,0.667,ambiguous,0.333
1771189_at,DGR2,YKL121W,0.25,not_responsive,0.667,intermediate,,0.667,ambiguous,0.556
1771190_at,ATF2,YGR177C,0.5,intermediate,1.0,robust,1.0,0.667,shared_down,0.667
1771191_at,LSB5,YCL034W,0.0,not_responsive,0.75,robust,,0.667,MMS_specific_up,0.556
1771192_at,YAL067W-A,YAL067W-A,0.0,not_responsive,0.0,not_responsive,,,none,1.0
1771193_at,TAT2,YOL020W,0.0,not_responsive,0.25,not_responsive,,,none,0.667
1771195_at,NPP1,YCR026C,0.0,not_responsive,0.0,not_responsive,,,none,1.0
1771196_at,MEC1,YBR136W,0.0,not_responsive,0.0,not_responsive,,,none,1.0
1771197_at,ISN1,YOR155C,0.25,not_responsive,0.75,robust,,0.667,ambiguous,0.667
1771199_at,NAB2,YGL122C,0.25,not_responsive,0.583,intermediate,,0.667,ambiguous,0.333
1771200_at,HNT3,YOR258W,0.0,not_responsive,0.25,not_responsive,,,none,0.667
1771202_at,TUL1,YKL034W,0.0,not_responsive,0.25,not_responsive,,,none,0.667
1771204_at,YHR050W-A,YHR050W-A,0.0,not_responsive,0.0,not_responsive,,,none,1.0
1771206_at,MCD4,YKL165C,0.0,not_responsive,0.583,intermediate,,0.667,MMS_specific_down,0.333
1771209_at,SRP21,YKL122C,0.0,not_responsive,0.0,not_responsive,,,none,1.0
1771211_at,DAN2,YLR037C,0.0,not_responsive,0.5,intermediate,,0.667,MMS_specific_down,0.667
1771212_at,UBC12,YLR306W,0.0,not_responsive,0.0,not_responsive,,,none,1.0
1771214_at,PYK2,YOR347C,0.667,intermediate,0.583,intermediate,1.0,0.667,shared_up,0.667
1771215_at,MET22,YOL064C,0.0,not_responsive,0.417,intermediate,,0.444,MMS_specific_up,0.333
1771217_at,PPN1,YDR452W,0.0,not_responsive,0.0,not_responsive,,,none,1.0
1771218_at,YPS7,YDR349C,0.0,not_responsive,0.25,not_responsive,,,none,0.667
1771219_at,FAB1,YFR019W,0.0,not_responsive,0.25,not_responsive,,,none,0.667
1771220_at,TTI1,YKL033W,0.083,not_responsive,0.25,not_responsive,,,none,0.667
1771222_at,TOS8,YGL096W,0.5,intermediate,0.833,robust,1.0,1.0,shared_up,0.667
1771227_at,GBP2,YCL011C,0.0,not_responsive,0.083,not_responsive,,,none,1.0
1771230_at,NSE3,YDR288W,0.0,not_responsive,0.0,not_responsive,,,none,1.0
1771231_at,TCO89,YPL180W,0.0,not_responsive,0.083,not_responsive,,,none,1.0
1771233_at,QRI7,YDL104C,0.0,not_responsive,0.25,not_responsive,,,none,0.667
1771234_at,CRM1,YGR218W,0.0,not_responsive,0.0,not_responsive,,,none,1.0
1771236_at,CAX4,YGR036C,0.0,not_responsive,0.25,not_responsive,,,none,0.667
1771240_at,YDR109C,YDR109C,0.0,not_responsive,0.25,not_responsive,,,none,0.667
1771246_at,DUT1,YBR252W,0.167,not_responsive,0.583,intermediate,,0.667,ambiguous,0.333
1771249_at,APC11,YDL008W,0.0,not_responsive,0.333,not_responsive,,,none,0.667
1771252_at,SCM3,YDL139C,0.0,not_responsive,0.667,intermediate,,0.667,MMS_specific_up,0.889
1771253_at,YOR022C,YOR022C,0.417,intermediate,0.667,intermediate,0.667,0.667,shared_up,0.667
1771258_at,YPL066W,YPL066W,0.0,not_responsive,0.0,not_responsive,,,none,1.0
1771260_at,HAL1,YPR005C,0.333,not_responsive,0.5,intermediate,,1.0,ambiguous,0.333
1771261_at,YSP1,YHR155W,0.0,not_responsive,0.0,not_responsive,,,none,1.0
1771262_at,PRP11,YDL043C,0.0,not_responsive,0.0,not_responsive,,,none,1.0
1771265_at,FMP46,YKR049C,0.417,intermediate,0.667,intermediate,0.667,0.667,shared_up,0.667
1771266_at,ARB1,YER036C,0.25,not_responsive,1.0,robust,,0.667,ambiguous,0.667
1771269_at,CDC45,YLR103C,0.083,not_responsive,0.0,not_responsive,,,none,1.0
1771271_at,YKR043C,YKR043C,0.167,not_responsive,0.167,not_responsive,,,none,0.667
1771272_at,SMX3,YPR182W,0.167,not_responsive,0.25,not_responsive,,,none,0.667
1771274_at,MEK1,YOR351C,0.0,not_responsive,0.0,not_responsive,,,none,1.0
1771276_at,SUR1,YPL057C,0.083,not_responsive,0.417,intermediate,,1.0,ambiguous,0.667
1771278_at,LCB4,YOR171C,0.0,not_responsive,0.0,not_responsive,,,none,1.0
1771279_at,SUP45,YBR143C,0.167,not_responsive,0.667,intermediate,,0.667,ambiguous,0.556
1771282_at,YRB1,YDR002W,0.0,not_responsive,0.0,not_responsive,,,none,1.0
1771286_at,YDR541C,YDR541C,0.0,not_responsive,0.0,not_responsive,,,none,1.0
1771287_at,ERG4,YGL012W,0.0,not_responsive,0.167,not_responsive,,,none,0.667
1771288_at,YGR053C,YGR053C,0.583,intermediate,1.0,robust,0.667,1.0,shared_up,0.667
1771289_at,YDR531W,YDR531W,0.0,not_responsive,0.5,intermediate,,0.667,MMS_specific_up,0.333
1771291_at,YAL037C-A,YAL037C-A,0.0,not_responsive,0.0,not_responsive,,,none,1.0
1771292_at,HTB1,YDR224C,0.0,not_responsive,0.083,not_responsive,,,none,1.0
1771293_at,CCA1,YER168C,0.0,not_responsive,0.0,not_responsive,,,none,1.0
1771296_at,YLR091W,YLR091W,0.0,not_responsive,0.0,not_responsive,,,none,1.0
1771299_at,MRP1,YDR347W,0.0,not_responsive,0.0,not_responsive,,,none,1.0
1771302_at,YOR246C,YOR246C,0.0,not_responsive,0.25,not_responsive,,,none,0.667
1771304_at,UTP13,YLR222C,0.583,intermediate,1.0,robust,1.0,0.667,shared_down,0.667
1771305_at,BGL2,YGR282C,0.0,not_responsive,0.0,not_responsive,,,none,1.0
1771310_at,YHM2,YMR241W,0.0,not_responsive,0.583,intermediate,,0.667,ambiguous,0.556
1771312_at,ACE2,YLR131C,0.167,not_responsive,0.417,intermediate,,1.0,ambiguous,0.333
1771313_at,HMG1,YML075C,0.167,not_responsive,1.0,robust,,0.667,ambiguous,0.889
1771315_at,ERI1,YPL096C-A,0.0,not_responsive,0.417,intermediate,,1.0,MMS_specific_down,0.667
1771317_at,TVP18,YMR071C,0.0,not_responsive,0.25,not_responsive,,,none,0.667
1771319_at,ASR1,YPR093C,0.25,not_responsive,0.75,robust,,0.667,ambiguous,0.667
1771320_at,NUG1,YER006W,0.5,intermediate,1.0,robust,0.667,0.667,shared_down,0.667
1771321_at,RSC6,YCR052W,0.0,not_responsive,0.0,not_responsive,,,none,1.0
1771323_at,PAU5,YFL020C,0.083,not_responsive,0.5,intermediate,,0.667,ambiguous,0.556
1771324_at,KRR1,YCL059C,0.417,intermediate,0.917,robust,0.444,0.667,shared_down,0.667
1771326_at,SPR1,YOR190W,0.0,not_responsive,0.083,not_responsive,,,none,1.0
1771328_at,RPN10,YHR200W,0.0,not_responsive,0.25,not_responsive,,,none,0.667
1771329_at,CDC31,YOR257W,0.083,not_responsive,0.0,not_responsive,,,none,1.0
1771330_at,PRP42,YDR235W,0.0,not_responsive,0.25,not_responsive,,,none,0.667
1771331_at,CSE1,YGL238W,0.0,not_responsive,0.0,not_responsive,,,none,1.0
1771334_at,KRE11,YGR166W,0.0,not_responsive,0.0,not_responsive,,,none,1.0
1771337_at,NPC2,YDL046W,0.0,not_responsive,0.0,not_responsive,,,none,1.0
1771340_at,BOP2,YLR267W,1.0,robust,1.0,robust,1.0,1.0,shared_up,1.0
1771341_at,ZPS1,YOL154W,0.0,not_responsive,0.417,intermediate,,1.0,MMS_specific_down,0.333
1771344_at,FIT1,YDR534C,0.0,not_responsive,0.0,not_responsive,,,none,1.0
1771346_at,TRP4,YDR354W,0.083,not_responsive,0.167,not_responsive,,,none,0.667
1771348_at,YLR040C,YLR040C,0.0,not_responsive,0.417,intermediate,,1.0,MMS_specific_down,0.556
1771349_at,MSN2,YMR037C,0.0,not_responsive,0.0,not_responsive,,,none,1.0
1771353_at,GRS1,YBR121C,0.0,not_responsive,0.583,intermediate,,0.667,MMS_specific_down,0.556
1771355_at,NBP1,YLR457C,0.0,not_responsive,0.083,not_responsive,,,none,1.0
1771358_at,STB5,YHR178W,0.0,not_responsive,0.083,not_responsive,,,none,1.0
1771359_at,IPI1,YHR085W,0.583,intermediate,0.333,not_responsive,1.0,,ambiguous,0.333
1771363_at,RTA1,YGR213C,0.417,intermediate,0.667,intermediate,1.0,0.667,shared_up,0.667
1771364_at,YHR140W,YHR140W,0.75,robust,0.5,intermediate,0.667,0.667,shared_up,0.667
1771367_at,RPP1,YHR062C,0.417,intermediate,0.417,intermediate,1.0,0.667,shared_down,0.667
1771372_at,RRP40,YOL142W,0.333,not_responsive,0.333,not_responsive,,,none,0.667
1771373_at,SPS100,YHR139C,0.583,intermediate,1.0,robust,0.667,0.667,shared_up,0.667
1771375_at,MOH1,YBL049W,0.5,intermediate,1.0,robust,1.0,0.667,shared_up,0.667
1771376_at,BNA5,YLR231C,0.083,not_responsive,0.25,not_responsive,,,none,0.667
1771378_at,STD1,YOR047C,0.0,not_responsive,0.333,not_responsive,,,none,0.667
1771382_at,YDR370C,YDR370C,0.167,not_responsive,0.25,not_responsive,,,none,0.667
1771383_at,YTH1,YPR107C,0.083,not_responsive,0.917,robust,,0.667,ambiguous,0.667
1771387_at,OSH6,YKR003W,0.25,not_responsive,0.25,not_responsive,,,none,0.667
1771388_at,DIF1,YLR437C,0.167,not_responsive,0.667,intermediate,,0.667,ambiguous,0.556
1771389_at,SOG2,YOR353C,0.0,not_responsive,0.0,not_responsive,,,none,1.0
1771390_at,MCM5,YLR274W,0.0,not_responsive,0.0,not_responsive,,,none,1.0
1771391_at,PKH1,YDR490C,0.25,not_responsive,0.5,intermediate,,0.667,ambiguous,0.222
1771392_at,FRE1,YLR214W,0.333,not_responsive,0.25,not_responsive,,,none,0.667
1771393_at,YFR039C,YFR039C,0.0,not_responsive,0.0,not_responsive,,,none,1.0
1771395_at,APD1,YBR151W,0.0,not_responsive,0.0,not_responsive,,,none,1.0
1771396_at,BRX1,YOL077C,0.333,not_responsive,1.0,robust,,0.667,ambiguous,0.667
1771397_at,HEH2,YDR458C,0.0,not_responsive,0.167,not_responsive,,,none,0.667
1771399_at,VTC3,YPL019C,0.0,not_responsive,0.0,not_responsive,,,none,1.0
1771401_at,TAZ1,YPR140W,0.25,not_responsive,0.167,not_responsive,,,none,0.667
1771402_at,SAM2,YDR502C,0.0,not_responsive,0.417,not_responsive,,,none,0.667
1771403_at,YKR104W,YKR104W,0.0,not_responsive,0.0,not_responsive,,,none,1.0
1771404_at,YDL025C,YDL025C,0.5,intermediate,1.0,robust,1.0,1.0,shared_up,0.667
1771405_at,PAN5,YHR063C,0.0,not_responsive,0.0,not_responsive,,,none,1.0
1771408_at,BPT1,YLL015W,0.0,not_responsive,0.25,not_responsive,,,none,0.667
1771410_at,UBP11,YKR098C,0.167,not_responsive,0.5,intermediate,,0.667,ambiguous,0.333
1771413_at,YOL155W-A,YOL155W-A,0.0,not_responsive,0.0,not_responsive,,,none,1.0
1771415_at,YDR061W,YDR061W,0.417,intermediate,0.5,intermediate,1.0,0.667,shared_up,0.667
1771416_at,YOR389W,YOR389W,0.167,not_responsive,0.167,not_responsive,,,none,0.667
1771417_at,GDI1,YER136W,0.0,not_responsive,0.0,not_responsive,,,none,1.0
1771419_at,SKS1,YPL026C,0.5,intermediate,0.333,not_responsive,0.667,,ambiguous,0.333
1771422_at,SIT4,YDL047W,0.0,not_responsive,0.333,not_responsive,,,none,0.667
1771426_at,SFB2,YNL049C,0.0,not_responsive,0.0,not_responsive,,,none,1.0
1771429_at,SEC13,YLR208W,0.0,not_responsive,0.167,not_responsive,,,none,0.667
1771432_at,YGR149W,YGR149W,0.5,intermediate,0.667,intermediate,0.444,0.667,shared_up,0.667
1771433_at,PRP46,YPL151C,0.0,not_responsive,0.25,not_responsive,,,none,0.667
1771435_at,NRG1,YDR043C,0.667,intermediate,1.0,robust,1.0,1.0,shared_up,0.667
1771438_at,RFC1,YOR217W,0.083,not_responsive,0.0,not_responsive,,,none,1.0
1771440_at,ROK1,YGL171W,0.583,intermediate,1.0,robust,0.667,0.667,shared_down,0.667
1771442_at,PSY3,YLR376C,0.0,not_responsive,0.083,not_responsive,,,none,1.0
1771443_at,ARG81,YML099C,0.0,not_responsive,0.083,not_responsive,,,none,1.0
1771444_at,RPG1,YBR079C,0.333,not_responsive,0.333,not_responsive,,,none,0.667
1771446_at,RXT3,YDL076C,0.0,not_responsive,0.0,not_responsive,,,none,1.0
1771447_at,SEC65,YML105C,0.083,not_responsive,0.0,not_responsive,,,none,1.0
1771449_at,CTF4,YPR135W,0.0,not_responsive,0.0,not_responsive,,,none,1.0
1771450_at,NUR1,YDL089W,0.083,not_responsive,0.417,intermediate,,0.667,ambiguous,0.556
1771451_at,DIA2,YOR080W,0.0,not_responsive,0.0,not_responsive,,,none,1.0
1771458_at,SER2,YGR208W,0.167,not_responsive,0.25,not_responsive,,,none,0.667
1771459_at,CCZ1,YBR131W,0.0,not_responsive,0.0,not_responsive,,,none,1.0
1771460_at,RSB1,YOR049C,0.167,not_responsive,0.417,intermediate,,1.0,ambiguous,0.667
1771461_at,MMM1,YLL006W,0.0,not_responsive,0.0,not_responsive,,,none,1.0
1771462_at,TOP3,YLR234W,0.083,not_responsive,0.167,not_responsive,,,none,0.667
1771463_at,RPA135,YPR010C,0.667,intermediate,1.0,robust,1.0,0.667,shared_down,0.667
1771464_at,FUN12,YAL035W,0.0,not_responsive,0.0,not_responsive,,,none,1.0
1771468_at,PKR1,YMR123W,0.0,not_responsive,0.167,not_responsive,,,none,0.667
1771469_at,SRP101,YDR292C,0.083,not_responsive,0.0,not_responsive,,,none,1.0
1771470_at,YMR010W,YMR010W,0.0,not_responsive,0.167,not_responsive,,,none,0.667
1771472_at,RAM2,YKL019W,0.0,not_responsive,0.0,not_responsive,,,none,1.0
1771473_at,YOR238W,YOR238W,0.0,not_responsive,0.0,not_responsive,,,none,1.0
1771475_at,UBA2,YDR390C,0.0,not_responsive,0.083,not_responsive,,,none,1.0
1771479_at,ATX1,YNL259C,0.25,not_responsive,0.0,not_responsive,,,none,0.667
1771489_at,GAS4,YOL132W,0.0,not_responsive,0.083,not_responsive,,,none,1.0
1771490_at,NSA2,YER126C,0.25,not_responsive,1.0,robust,,0.667,ambiguous,0.667
1771492_at,RPS26A,YGL189C,0.0,not_responsive,0.167,not_responsive,,,none,0.667
1771493_at,NUP159,YIL115C,0.0,not_responsive,0.0,not_responsive,,,none,1.0
1771495_at,HLR1,YDR528W,0.417,not_responsive,0.75,robust,,1.0,ambiguous,0.667
1771497_at,RPS24B,YIL069C,0.0,not_responsive,0.833,robust,,0.667,MMS_specific_down,0.667
1771498_at,AMS1,YGL156W,0.667,intermediate,0.917,robust,0.667,0.667,shared_up,1.0
1771499_at,CYB5,YNL111C,0.417,intermediate,1.0,robust,1.0,1.0,shared_down,0.667
1771500_at,CTF18,YMR078C,0.0,not_responsive,0.0,not_responsive,,,none,1.0
1771501_at,DSS4,YPR017C,0.0,not_responsive,0.0,not_responsive,,,none,1.0
1771502_at,RPL43A,YPR043W,0.0,not_responsive,0.0,not_responsive,,,none,1.0
1771503_at,YAR035C-A,YAR035C-A,0.0,not_responsive,0.0,not_responsive,,,none,1.0
1771505_at,YCR090C,YCR090C,0.0,not_responsive,0.333,not_responsive,,,none,0.667
1771507_at,INN1,YNL152W,0.0,not_responsive,0.0,not_responsive,,,none,1.0
1771508_at,HUR1,YGL168W,0.0,not_responsive,0.0,not_responsive,,,none,1.0
1771509_at,OLE1,YGL055W,0.083,not_responsive,1.0,robust,,1.0,ambiguous,0.667
1771510_at,PSD2,YGR170W,0.0,not_responsive,0.0,not_responsive,,,none,1.0
1771512_at,MRPL44,YMR225C,0.0,not_responsive,0.417,intermediate,,1.0,ambiguous,0.556
1771513_at,PTC2,YER089C,0.083,not_responsive,0.417,intermediate,,1.0,ambiguous,0.556
1771514_at,CIN1,YOR349W,0.083,not_responsive,0.917,robust,,0.667,ambiguous,0.667
1771515_at,YML131W,YML131W,1.0,robust,1.0,robust,1.0,1.0,shared_up,1.0
1771518_at,NOP8,YOL144W,0.667,intermediate,0.667,intermediate,1.0,0.667,shared_down,0.667
1771519_at,UIP3,YAR027W,0.333,not_responsive,0.833,robust,,0.667,ambiguous,0.556
1771520_at,PGA2,YNL149C,0.0,not_responsive,0.0,not_responsive,,,none,1.0
1771521_at,KTR1,YOR099W,0.0,not_responsive,0.167,not_responsive,,,none,0.667
1771522_at,LIP2,YLR239C,0.0,not_responsive,0.25,not_responsive,,,none,0.667
1771523_at,YDL160C-A,YDL160C-A,0.0,not_responsive,0.25,not_responsive,,,none,0.667
1771525_at,CBK1,YNL161W,0.0,not_responsive,0.0,not_responsive,,,none,1.0
1771526_at,COX11,YPL132W,0.0,not_responsive,0.0,not_responsive,,,none,1.0
1771527_at,DOT6,YER088C,0.0,not_responsive,0.25,not_responsive,,,none,0.667
1771529_at,ARO10,YDR380W,0.167,not_responsive,1.0,robust,,0.667,ambiguous,0.556
1771530_at,CDC39,YCR093W,0.0,not_responsive,0.5,intermediate,,0.667,MMS_specific_down,0.222
1771531_at,YUR1,YJL139C,0.0,not_responsive,0.083,not_responsive,,,none,1.0
1771533_at,PRM9,YAR031W,0.0,not_responsive,0.083,not_responsive,,,none,1.0
1771534_at,RSA1,YPL193W,0.417,intermediate,0.5,intermediate,1.0,0.667,shared_down,0.667
1771536_at,AST2,YER101C,0.25,not_responsive,1.0,robust,,0.667,ambiguous,0.556
1771539_at,ATG2,YNL242W,0.333,not_responsive,0.5,intermediate,,0.667,ambiguous,0.333
1771540_at,TOM70,YNL121C,0.0,not_responsive,0.0,not_responsive,,,none,1.0
1771542_at,RPC19,YNL113W,0.333,not_responsive,1.0,robust,,0.667,ambiguous,0.667
1771544_at,SXM1,YDR395W,0.333,not_responsive,0.333,not_responsive,,,none,0.667
1771546_at,MVP1,YMR004W,0.083,not_responsive,0.917,robust,,0.667,ambiguous,0.889
1771549_at,SSK2,YNR031C,0.0,not_responsive,0.083,not_responsive,,,none,1.0
1771550_at,YAL064W-B,YAL064W-B,0.0,not_responsive,0.417,intermediate,,0.667,ambiguous,0.556
1771551_at,URC2,YDR520C,0.0,not_responsive,0.0,not_responsive,,,none,1.0
1771552_at,RAD9,YDR217C,0.083,not_responsive,0.25,not_responsive,,,none,0.667
1771554_at,NDJ1,YOL104C,0.167,not_responsive,0.167,not_responsive,,,none,0.667
1771557_at,DAL7,YIR031C,0.333,fragile,0.0,not_responsive,1.0,,H2O2_specific_up,0.333
1771559_at,YHR122W,YHR122W,0.0,not_responsive,0.083,not_responsive,,,none,1.0
1771561_at,YPL141C,YPL141C,0.333,not_responsive,0.917,robust,,0.667,ambiguous,0.667
1771562_at,OCA6,YDR067C,0.0,not_responsive,0.667,intermediate,,0.667,MMS_specific_up,0.889
1771565_at,ATC1,YDR184C,0.583,intermediate,1.0,robust,1.0,1.0,shared_down,1.0
1771566_at,ERP1,YAR002C-A,0.0,not_responsive,0.0,not_responsive,,,none,1.0
1771567_at,AGE1,YDR524C,0.167,not_responsive,0.25,not_responsive,,,none,0.667
1771568_at,UBP13,YBL067C,0.0,not_responsive,0.417,intermediate,,1.0,MMS_specific_down,0.222
1771569_at,BNA7,YDR428C,0.167,not_responsive,0.5,intermediate,,0.667,ambiguous,0.333
1771574_at,UPC2,YDR213W,0.333,not_responsive,0.0,not_responsive,,,none,0.667
1771575_at,NNF2,YGR089W,0.083,not_responsive,0.333,not_responsive,,,none,0.667
1771577_at,MNN2,YBR015C,0.0,not_responsive,0.417,intermediate,,0.667,MMS_specific_down,0.333
1771578_at,EHD3,YDR036C,0.333,fragile,0.333,not_responsive,1.0,,ambiguous,0.333
1771579_at,RPL25,YOL127W,0.0,not_responsive,0.333,not_responsive,,,none,0.667
1771580_at,YKL161C,YKL161C,0.0,not_responsive,0.25,not_responsive,,,none,0.667
1771585_at,SLG1,YOR008C,0.0,not_responsive,0.0,not_responsive,,,none,1.0
1771588_at,SPT21,YMR179W,0.0,not_responsive,0.0,not_responsive,,,none,1.0
1771591_at,SUR2,YDR297W,0.333,not_responsive,0.833,robust,,0.667,ambiguous,0.667
1771596_at,MBF1,YOR298C-A,0.0,not_responsive,0.417,intermediate,,1.0,MMS_specific_up,0.222
1771598_at,CKA2,YOR061W,0.0,not_responsive,0.25,not_responsive,,,none,0.667
1771599_at,HOS4,YIL112W,0.0,not_responsive,0.167,not_responsive,,,none,0.667
1771602_at,NUP49,YGL172W,0.0,not_responsive,0.083,not_responsive,,,none,1.0
1771609_at,HIS2,YFR025C,0.0,not_responsive,0.0,not_responsive,,,none,1.0
1771611_at,DJP1,YIR004W,0.0,not_responsive,0.25,not_responsive,,,none,0.667
1771612_at,SPP1,YPL138C,0.0,not_responsive,0.417,intermediate,,1.0,MMS_specific_up,0.333
1771614_at,YDR306C,YDR306C,0.083,not_responsive,0.5,intermediate,,0.667,ambiguous,0.667
1771615_at,YKL183C-A,YKL183C-A,0.0,not_responsive,0.0,not_responsive,,,none,1.0
1771619_at,ALG13,YGL047W,0.5,intermediate,0.833,robust,0.667,0.667,shared_up,0.667
1771620_at,ORC4,YPR162C,0.0,not_responsive,0.417,intermediate,,1.0,MMS_specific_up,0.222
1771624_at,TSA2,YDR453C,1.0,robust,1.0,robust,1.0,1.0,shared_up,1.0
1771626_at,RPF2,YKR081C,0.583,intermediate,1.0,robust,0.667,0.667,shared_down,0.667
1771627_at,COS6,YGR295C,0.25,not_responsive,0.167,not_responsive,,,none,0.667
1771629_at,SAS5,YOR213C,0.167,not_responsive,0.167,not_responsive,,,none,0.667
1771630_at,GLO2,YDR272W,0.0,not_responsive,0.167,not_responsive,,,none,0.667
1771632_at,DON1,YDR273W,0.0,not_responsive,1.0,robust,,0.667,MMS_specific_up,0.444
1771633_at,QCR2,YPR191W,0.0,not_responsive,0.083,not_responsive,,,none,1.0
1771634_at,TAH11,YJR046W,0.083,not_responsive,0.0,not_responsive,,,none,1.0
1771636_at,VID27,YNL212W,0.167,not_responsive,0.333,not_responsive,,,none,0.667
1771638_at,MRPL7,YDR237W,0.0,not_responsive,0.167,not_responsive,,,none,0.667
1771639_at,VIP1,YLR410W,0.0,not_responsive,0.167,not_responsive,,,none,0.667
1771643_at,HSV2,YGR223C,0.25,not_responsive,1.0,robust,,1.0,ambiguous,0.667
1771644_at,HRT1,YOL133W,0.0,not_responsive,0.333,not_responsive,,,none,0.667
1771645_at,SUE1,YPR151C,0.5,intermediate,0.167,not_responsive,0.667,,ambiguous,0.222
1771648_at,RAD52,YML032C,0.083,not_responsive,0.25,not_responsive,,,none,0.667
1771649_at,YGL242C,YGL242C,0.0,not_responsive,0.0,not_responsive,,,none,1.0
1771650_at,REI1,YBR267W,0.667,intermediate,0.917,robust,1.0,1.0,shared_down,1.0
1771651_at,UBC6,YER100W,0.0,not_responsive,0.083,not_responsive,,,none,1.0
1771652_at,YML096W,YML096W,0.417,intermediate,0.667,intermediate,1.0,0.667,shared_down,0.667
1771655_at,SIR4,YDR227W,0.0,not_responsive,0.0,not_responsive,,,none,1.0
1771657_at,SNA2,YDR525W-A,0.25,not_responsive,0.0,not_responsive,,,none,0.667
1771658_at,NIP1,YMR309C,0.167,not_responsive,1.0,robust,,0.667,ambiguous,0.556
1771664_at,YMR315W,YMR315W,0.417,intermediate,0.0,not_responsive,0.444,,H2O2_specific_up,0.333
1771670_at,YDR506C,YDR506C,0.333,not_responsive,0.0,not_responsive,,,none,0.667
1771671_at,YDL159W-A,YDL159W-A,0.0,not_responsive,0.0,not_responsive,,,none,1.0
1771675_at,NIC96,YFR002W,0.0,not_responsive,0.0,not_responsive,,,none,1.0
1771677_at,VMA22,YHR060W,0.0,not_responsive,0.083,not_responsive,,,none,1.0
1771678_at,YDL133W,YDL133W,0.0,not_responsive,0.0,not_responsive,,,none,1.0
1771679_at,ICE2,YIL090W,0.083,not_responsive,0.25,not_responsive,,,none,0.667
1771682_at,TYE7,YOR344C,0.167,not_responsive,0.5,intermediate,,0.667,ambiguous,0.667
1771685_at,FMP25,YLR077W,0.0,not_responsive,0.0,not_responsive,,,none,1.0
1771686_at,PAN1,YIR006C,0.0,not_responsive,0.167,not_responsive,,,none,0.667
1771687_at,ADE3,YGR204W,0.0,not_responsive,0.0,not_responsive,,,none,1.0
1771691_at,YHL048C-A,YHL048C-A,0.0,not_responsive,0.0,not_responsive,,,none,1.0
1771692_at,PDC6,YGR087C,0.0,not_responsive,0.0,not_responsive,,,none,1.0
1771693_at,SHU1,YHL006C,0.0,not_responsive,0.0,not_responsive,,,none,1.0
1771695_at,CIT3,YPR001W,0.417,intermediate,0.667,intermediate,1.0,0.667,shared_up,0.667
1771696_at,SPT20,YOL148C,0.0,not_responsive,0.0,not_responsive,,,none,1.0
1771700_at,FPK1,YNR047W,0.0,not_responsive,0.0,not_responsive,,,none,1.0
1771702_at,DAL5,YJR152W,0.0,not_responsive,0.0,not_responsive,,,none,1.0
1771703_at,LYS20,YDL182W,0.0,not_responsive,0.167,not_responsive,,,none,0.667
1771705_at,SPI1,YER150W,0.917,robust,1.0,robust,1.0,1.0,shared_up,1.0
1771706_at,RPB5,YBR154C,0.333,not_responsive,1.0,robust,,0.667,ambiguous,0.667
1771708_at,PDC2,YDR081C,0.0,not_responsive,0.0,not_responsive,,,none,1.0
1771710_at,RRP8,YDR083W,0.667,intermediate,1.0,robust,1.0,0.667,shared_down,0.667
1771711_at,SEN34,YAR008W,0.167,not_responsive,0.167,not_responsive,,,none,0.667
1771712_at,YER066W,YER066W,0.167,not_responsive,0.333,not_responsive,,,none,0.667
1771713_at,POP4,YBR257W,0.25,not_responsive,0.0,not_responsive,,,none,0.667
1771714_at,CDC55,YGL190C,0.0,not_responsive,0.25,not_responsive,,,none,0.667
1771716_s_at,AAD16 /// AAD4,YDL243C,1.0,robust,1.0,robust,1.0,1.0,shared_up,1.0
1771719_at,CTL1,YMR180C,0.0,not_responsive,0.333,not_responsive,,,none,0.667
1771722_at,PTP1,YDL230W,0.083,not_responsive,0.5,intermediate,,0.667,ambiguous,0.667
1771724_at,FLC2,YAL053W,0.0,not_responsive,0.167,not_responsive,,,none,0.667
1771725_at,YLR243W,YLR243W,0.083,not_responsive,0.0,not_responsive,,,none,1.0
1771726_at,SPC1,YJR010C-A,0.0,not_responsive,0.417,intermediate,,0.444,MMS_specific_down,0.556
1771729_at,YDR186C,YDR186C,0.0,not_responsive,0.0,not_responsive,,,none,1.0
1771731_at,ECM30,YLR436C,0.0,not_responsive,0.0,not_responsive,,,none,1.0
1771733_at,MRP13,YGR084C,0.0,not_responsive,0.083,not_responsive,,,none,1.0
1771734_at,CCE1,YKL011C,0.0,not_responsive,0.417,intermediate,,1.0,MMS_specific_up,0.333
1771735_at,PMP1,YCR024C-A,0.0,not_responsive,0.25,not_responsive,,,none,0.667
1771736_at,PMT1,YDL095W,0.0,not_responsive,0.25,not_responsive,,,none,0.667
1771737_at,GIM3,YNL153C,0.083,not_responsive,0.333,not_responsive,,,none,0.667
1771738_at,ALP1,YNL270C,0.333,fragile,0.167,not_responsive,1.0,,ambiguous,0.222
1771743_at,NUC1,YJL208C,0.417,not_responsive,0.75,robust,,0.667,ambiguous,0.667
1771744_at,MRS4,YKR052C,0.5,intermediate,1.0,robust,1.0,1.0,shared_up,0.667
1771745_at,VTC2,YFL004W,0.083,not_responsive,0.0,not_responsive,,,none,1.0
1771748_at,NAR1,YNL240C,0.25,not_responsive,0.5,intermediate,,0.667,ambiguous,0.333
1771751_at,SWD3,YBR175W,0.0,not_responsive,0.333,not_responsive,,,none,0.667
1771752_at,FUS1,YCL027W,0.083,not_responsive,0.0,not_responsive,,,none,1.0
1771757_at,YAT2,YER024W,0.0,not_responsive,0.25,not_responsive,,,none,0.667
1771758_at,OCA4,YCR095C,0.0,not_responsive,0.5,intermediate,,0.667,MMS_specific_up,0.222
1771762_at,YMR187C,YMR187C,0.0,not_responsive,0.333,not_responsive,,,none,0.667
1771763_at,YER163C,YER163C,0.0,not_responsive,0.0,not_responsive,,,none,1.0
1771764_at,RAS1,YOR101W,0.417,intermediate,0.75,robust,1.0,0.667,shared_down,0.667
1771766_at,MAP1,YLR244C,0.167,not_responsive,0.25,not_responsive,,,none,0.667
1771772_at,ABC1,YGL119W,0.0,not_responsive,0.417,intermediate,,1.0,MMS_specific_up,0.667
1771773_at,RSM19,YNR037C,0.0,not_responsive,0.25,not_responsive,,,none,0.667
1771775_at,YOL047C,YOL047C,0.083,not_responsive,0.0,not_responsive,,,none,1.0
1771776_at,CCL1,YPR025C,0.0,not_responsive,0.25,not_responsive,,,none,0.667
1771778_at,PMT4,YJR143C,0.0,not_responsive,0.583,intermediate,,0.667,ambiguous,0.556
1771781_at,DPH5,YLR172C,0.167,not_responsive,0.417,intermediate,,0.667,ambiguous,0.333
1771782_at,STF1,YDL130W-A,0.917,robust,0.75,robust,0.667,0.667,shared_up,1.0
1771787_at,UBS1,YBR165W,0.0,not_responsive,0.0,not_responsive,,,none,1.0
1771788_at,ERP2,YAL007C,0.0,not_responsive,0.25,not_responsive,,,none,0.667
1771789_at,ZPR1,YGR211W,0.333,not_responsive,0.5,intermediate,,0.444,ambiguous,0.333
1771791_s_at,YBL101W-A,YBL101W-A,0.083,not_responsive,1.0,robust,,1.0,ambiguous,0.778
1771792_at,YPS1,YLR120C,0.0,not_responsive,0.167,not_responsive,,,none,0.667
1771794_at,ECM10,YEL030W,0.0,not_responsive,0.0,not_responsive,,,none,1.0
1771795_at,COP1,YDL145C,0.0,not_responsive,0.167,not_responsive,,,none,0.667
1771799_at,SAC3,YDR159W,0.0,not_responsive,0.083,not_responsive,,,none,1.0
1771800_at,YPL260W,YPL260W,0.083,not_responsive,0.25,not_responsive,,,none,0.667
1771801_at,YLR356W,YLR356W,0.5,intermediate,0.75,robust,0.444,0.667,shared_up,0.667
1771802_at,GIP2,YER054C,1.0,robust,1.0,robust,1.0,1.0,shared_up,1.0
1771803_at,MSS1,YMR023C,0.083,not_responsive,0.25,not_responsive,,,none,0.667
1771804_at,YOL022C,YOL022C,0.333,not_responsive,0.5,intermediate,,0.667,ambiguous,0.333
1771805_at,TPO5,YKL174C,0.0,not_responsive,0.167,not_responsive,,,none,0.667
1771806_at,YDR374C,YDR374C,0.0,not_responsive,0.083,not_responsive,,,none,1.0
1771809_at,YJL052C-A,YJL052C-A,0.0,not_responsive,0.0,not_responsive,,,none,1.0
1771810_at,YLR049C,YLR049C,0.083,not_responsive,0.333,not_responsive,,,none,0.667
1771812_at,SAP30,YMR263W,0.167,not_responsive,0.25,not_responsive,,,none,0.667
1771813_at,YNL045W,YNL045W,0.0,not_responsive,0.083,not_responsive,,,none,1.0
1771814_at,HTD2,YHR067W,0.25,not_responsive,0.5,intermediate,,0.667,ambiguous,0.333
1771816_at,MRI1,YPR118W,0.0,not_responsive,0.0,not_responsive,,,none,1.0
1771817_at,PSD1,YNL169C,0.0,not_responsive,0.167,not_responsive,,,none,0.667
1771819_at,PWP2,YCR057C,0.75,robust,1.0,robust,1.0,0.667,shared_down,1.0
1771820_at,RPC10,YHR143W-A,0.167,not_responsive,0.75,robust,,0.667,ambiguous,0.556
1771822_at,YML6,YML025C,0.083,not_responsive,0.0,not_responsive,,,none,1.0
1771824_at,ICY2,YPL250C,0.167,not_responsive,0.75,robust,,1.0,ambiguous,1.0
1771826_at,NTG2,YOL043C,0.0,not_responsive,0.167,not_responsive,,,none,0.667
1771827_at,ADD66,YKL206C,0.0,not_responsive,0.75,robust,,0.667,ambiguous,0.667
1771828_at,ECM15,YBL001C,0.0,not_responsive,0.083,not_responsive,,,none,1.0
1771829_at,PUP2,YGR253C,0.0,not_responsive,0.0,not_responsive,,,none,1.0
1771830_at,GCD7,YLR291C,0.0,not_responsive,0.25,not_responsive,,,none,0.667
1771831_at,SEN1,YLR430W,0.0,not_responsive,0.0,not_responsive,,,none,1.0
1771832_at,RPL12A,YEL054C,0.0,not_responsive,1.0,robust,,0.667,MMS_specific_down,0.556
1771833_at,YOL038C-A,YOL038C-A,0.083,not_responsive,0.083,not_responsive,,,none,1.0
1771835_at,YIL091C,YIL091C,0.667,intermediate,0.917,robust,1.0,0.667,shared_down,1.0
1771836_at,LSM5,YER146W,0.0,not_responsive,0.417,intermediate,,1.0,MMS_specific_down,0.222
1771837_at,MTR2,YKL186C,0.0,not_responsive,0.083,not_responsive,,,none,1.0
1771840_at,YEL047C,YEL047C,0.417,intermediate,0.667,intermediate,1.0,0.667,shared_up,0.667
1771841_at,APS3,YJL024C,0.0,not_responsive,0.0,not_responsive,,,none,1.0
1771842_at,CMP2,YML057W,0.0,not_responsive,0.5,intermediate,,0.667,ambiguous,0.556
1771843_at,GCR2,YNL199C,0.0,not_responsive,0.083,not_responsive,,,none,1.0
1771849_at,ATP20,YPR020W,0.0,not_responsive,0.0,not_responsive,,,none,1.0
1771851_at,SVP26,YHR181W,0.0,not_responsive,0.0,not_responsive,,,none,1.0
1771853_at,YGL041C-B,YGL041C-B,0.0,not_responsive,0.083,not_responsive,,,none,1.0
1771855_at,MRPL17,YNL252C,0.0,not_responsive,0.0,not_responsive,,,none,1.0
1771857_at,SAC6,YDR129C,0.0,not_responsive,0.25,not_responsive,,,none,0.667
1771859_at,KOG1,YHR186C,0.0,not_responsive,0.0,not_responsive,,,none,1.0
1771860_at,SSA1,YAL005C,0.25,not_responsive,0.5,intermediate,,0.667,ambiguous,0.333
1771862_at,NUP145,YGL092W,0.0,not_responsive,0.0,not_responsive,,,none,1.0
1771863_at,GNA1,YFL017C,0.0,not_responsive,0.333,not_responsive,,,none,0.667
1771868_at,YOR385W,YOR385W,0.083,not_responsive,0.417,intermediate,,1.0,ambiguous,0.556
1771870_at,YGL085W,YGL085W,0.0,not_responsive,0.0,not_responsive,,,none,1.0
1771871_at,MYO4,YAL029C,0.0,not_responsive,0.083,not_responsive,,,none,1.0
1771880_at,DBR1,YKL149C,0.0,not_responsive,0.0,not_responsive,,,none,1.0
1771881_at,LOC1,YFR001W,0.333,not_responsive,0.333,not_responsive,,,none,0.667
1771884_at,PUS2,YGL063W,0.083,not_responsive,0.333,not_responsive,,,none,0.667
1771886_at,YBR016W,YBR016W,0.0,not_responsive,0.5,intermediate,,0.667,MMS_specific_up,0.333
1771887_at,STO1,YMR125W,0.0,not_responsive,0.167,not_responsive,,,none,0.667
1771892_at,FPR2,YDR519W,0.0,not_responsive,0.083,not_responsive,,,none,1.0
1771893_at,NRD1,YNL251C,0.0,not_responsive,0.25,not_responsive,,,none,0.667
1771894_at,YJL131C,YJL131C,0.167,not_responsive,0.333,not_responsive,,,none,0.667
1771896_at,SSU1,YPL092W,0.25,not_responsive,1.0,robust,,1.0,ambiguous,0.556
1771897_at,RHO1,YPR165W,0.0,not_responsive,0.0,not_responsive,,,none,1.0
1771900_at,SMC1,YFL008W,0.0,not_responsive,0.083,not_responsive,,,none,1.0
1771901_at,LOS1,YKL205W,0.167,not_responsive,0.333,not_responsive,,,none,0.667
1771902_at,SGF73,YGL066W,0.0,not_responsive,0.083,not_responsive,,,none,1.0
1771904_at,YGL235W,YGL235W,0.0,not_responsive,0.0,not_responsive,,,none,1.0
1771906_at,RPS18B,YML026C,0.0,not_responsive,1.0,robust,,0.667,MMS_specific_down,0.667
1771908_at,YGP1,YNL160W,0.667,intermediate,0.75,robust,1.0,0.667,shared_up,1.0
1771910_at,DBF4,YDR052C,0.083,not_responsive,0.167,not_responsive,,,none,0.667
1771911_at,RPL20A,YMR242C,0.0,not_responsive,0.667,intermediate,,0.667,MMS_specific_down,1.0
1771914_at,STB6,YKL072W,0.583,intermediate,0.0,not_responsive,0.667,,H2O2_specific_down,0.667
1771915_at,PYC1,YGL062W,0.583,intermediate,0.75,robust,0.667,0.667,shared_up,0.667
1771916_at,VBA2,YBR293W,0.0,not_responsive,0.0,not_responsive,,,none,1.0
1771920_at,ASC1,YMR116C,0.0,not_responsive,0.333,fragile,,1.0,MMS_specific_down,0.667
1771921_at,DOP1,YDR141C,0.0,not_responsive,0.083,not_responsive,,,none,1.0
1771925_at,TPK1,YJL164C,1.0,robust,1.0,robust,1.0,1.0,shared_up,1.0
1771926_at,FKH2,YNL068C,0.0,not_responsive,0.0,not_responsive,,,none,1.0
1771929_at,NTR2,YKR022C,0.0,not_responsive,0.0,not_responsive,,,none,1.0
1771930_at,QRI5,YLR204W,0.083,not_responsive,0.0,not_responsive,,,none,1.0
1771931_at,KAR3,YPR141C,0.333,not_responsive,0.0,not_responsive,,,none,0.667
1771934_at,YOR365C,YOR365C,0.0,not_responsive,0.0,not_responsive,,,none,1.0
1771935_at,EKI1,YDR147W,0.25,not_responsive,0.0,not_responsive,,,none,0.667
1771937_at,CWC24,YLR323C,0.167,not_responsive,0.0,not_responsive,,,none,0.667
1771940_at,PEX21,YGR239C,0.0,not_responsive,0.333,not_responsive,,,none,0.667
1771943_at,ALD5,YER073W,0.583,intermediate,0.0,not_responsive,0.667,,H2O2_specific_down,0.222
1771944_at,PDR11,YIL013C,0.083,not_responsive,0.25,not_responsive,,,none,0.667
1771948_at,SNU66,YOR308C,0.167,not_responsive,0.083,not_responsive,,,none,0.667
1771949_at,YMR196W,YMR196W,1.0,robust,1.0,robust,1.0,0.667,shared_up,1.0
1771951_at,YJL144W,YJL144W,0.917,robust,1.0,robust,1.0,1.0,shared_up,1.0
1771952_at,MTC1,YJL123C,0.0,not_responsive,0.417,intermediate,,1.0,MMS_specific_up,0.556
1771954_at,PKC1,YBL105C,0.0,not_responsive,0.0,not_responsive,,,none,1.0
1771955_at,YSA1,YBR111C,0.0,not_responsive,0.167,not_responsive,,,none,0.667
1771956_at,APT1,YML022W,0.083,not_responsive,0.833,robust,,0.667,ambiguous,0.667
1771957_at,YGR031W,YGR031W,0.0,not_responsive,0.167,not_responsive,,,none,0.667
1771958_at,SSH4,YKL124W,0.167,not_responsive,0.5,intermediate,,0.667,ambiguous,0.333
1771959_at,NSP1,YJL041W,0.0,not_responsive,0.0,not_responsive,,,none,1.0
1771960_at,YDL109C,YDL109C,0.0,not_responsive,0.0,not_responsive,,,none,1.0
1771961_at,DBF20,YPR111W,0.0,not_responsive,0.5,intermediate,,0.667,MMS_specific_up,0.556
1771962_at,ARO7,YPR060C,0.0,not_responsive,0.0,not_responsive,,,none,1.0
1771963_at,CRG1,YHR209W,0.417,intermediate,0.833,robust,0.444,0.667,shared_up,0.667
1771966_at,CNE1,YAL058W,0.0,not_responsive,0.167,not_responsive,,,none,0.667
1771967_at,YMR242W-A,YMR242W-A,0.0,not_responsive,0.25,not_responsive,,,none,0.667
1771972_at,PTH1,YHR189W,0.0,not_responsive,0.0,not_responsive,,,none,1.0
1771973_at,SQT1,YIR012W,0.333,not_responsive,0.75,robust,,0.667,ambiguous,0.667
1771975_at,BUB2,YMR055C,0.0,not_responsive,0.167,not_responsive,,,none,0.667
1771976_at,STB1,YNL309W,0.083,not_responsive,0.5,intermediate,,0.667,ambiguous,0.667
1771977_at,YBR085C-A,YBR085C-A,0.583,intermediate,1.0,robust,1.0,0.667,shared_up,0.667
1771978_at,GCN5,YGR252W,0.0,not_responsive,0.0,not_responsive,,,none,1.0
1771980_at,HOT13,YKL084W,0.0,not_responsive,0.167,not_responsive,,,none,0.667
1771981_at,CUE3,YGL110C,0.0,not_responsive,0.25,not_responsive,,,none,0.667
1771982_at,ALD2,YMR170C,0.25,not_responsive,0.583,intermediate,,0.667,ambiguous,0.333
1771986_at,YGR201C,YGR201C,0.25,not_responsive,0.417,intermediate,,1.0,ambiguous,0.333
1771988_at,SAE2,YGL175C,0.083,not_responsive,0.583,intermediate,,1.0,ambiguous,0.556
1771990_at,YDR379C-A,YDR379C-A,0.833,robust,0.25,not_responsive,0.667,,ambiguous,0.556
1771992_at,NOP4,YPL043W,0.667,intermediate,1.0,robust,1.0,0.667,shared_down,0.667
1771993_at,PIN4,YBL051C,0.0,not_responsive,0.0,not_responsive,,,none,1.0
1771997_at,YGL185C,YGL185C,0.0,not_responsive,0.5,intermediate,,0.667,MMS_specific_up,0.333
1771999_at,YOL053W,YOL053W,0.25,not_responsive,0.5,intermediate,,0.667,ambiguous,0.333
1772001_at,KRE5,YOR336W,0.0,not_responsive,0.0,not_responsive,,,none,1.0
1772003_at,LYS9,YNR050C,0.0,not_responsive,0.0,not_responsive,,,none,1.0
1772005_at,ECM21,YBL101C,0.333,not_responsive,1.0,robust,,0.667,ambiguous,0.556
1772006_at,NKP1,YDR383C,0.0,not_responsive,0.5,intermediate,,0.667,MMS_specific_up,0.556
1772007_at,YIL029C,YIL029C,0.25,not_responsive,0.5,intermediate,,0.667,ambiguous,0.333
1772009_at,DCS1,YLR270W,0.5,intermediate,0.75,robust,0.667,0.667,shared_up,0.667
1772010_at,PGK1,YCR012W,0.0,not_responsive,0.0,not_responsive,,,none,1.0
1772015_at,SVF1,YDR346C,0.083,not_responsive,0.5,intermediate,,0.667,ambiguous,0.667
1772016_at,MAM33,YIL070C,0.167,not_responsive,0.167,not_responsive,,,none,0.667
1772017_at,YDR246W-A,YDR246W-A,0.0,not_responsive,0.583,intermediate,,0.667,ambiguous,0.556
1772019_at,BNA1,YJR025C,0.167,not_responsive,0.0,not_responsive,,,none,0.667
1772020_at,TOF2,YKR010C,0.25,not_responsive,0.25,not_responsive,,,none,0.667
1772022_at,STM1,YLR150W,0.0,not_responsive,0.333,not_responsive,,,none,0.667
1772023_at,YKL091C,YKL091C,0.583,intermediate,1.0,robust,0.667,0.667,shared_up,0.667
1772025_at,RPB2,YOR151C,0.0,not_responsive,0.0,not_responsive,,,none,1.0
1772027_at,YKR016W,YKR016W,0.0,not_responsive,0.0,not_responsive,,,none,1.0
1772029_at,RCO1,YMR075W,0.083,not_responsive,0.167,not_responsive,,,none,0.667
1772030_at,ASH1,YKL185W,0.083,not_responsive,0.75,robust,,0.667,ambiguous,0.889
1772031_at,SSC1,YJR045C,0.0,not_responsive,0.0,not_responsive,,,none,1.0
1772032_at,DSN1,YIR010W,0.167,not_responsive,0.25,not_responsive,,,none,0.667
1772033_at,ADE2,YOR128C,0.0,not_responsive,0.333,not_responsive,,,none,0.667
1772035_at,LSM8,YJR022W,0.0,not_responsive,0.0,not_responsive,,,none,1.0
1772041_at,NPL3,YDR432W,0.0,not_responsive,0.0,not_responsive,,,none,1.0
1772043_at,YPD1,YDL235C,0.0,not_responsive,0.417,intermediate,,1.0,MMS_specific_down,0.556
1772045_at,PHO81,YGR233C,0.0,not_responsive,0.0,not_responsive,,,none,1.0
1772047_at,AVT4,YNL101W,0.0,not_responsive,0.0,not_responsive,,,none,1.0
1772048_at,VRP1,YLR337C,0.083,not_responsive,0.333,not_responsive,,,none,0.667
1772049_s_at,YDR261C-D,YDR261C-D,0.0,not_responsive,0.25,not_responsive,,,none,0.667
1772051_at,GLC3,YEL011W,0.917,robust,1.0,robust,1.0,1.0,shared_up,1.0
1772052_at,SFH1,YLR321C,0.167,not_responsive,0.167,not_responsive,,,none,0.667
1772054_at,BNA2,YJR078W,0.5,intermediate,0.167,not_responsive,0.667,,ambiguous,0.333
1772055_at,VHS1,YDR247W,0.417,intermediate,0.0,not_responsive,1.0,,H2O2_specific_up,0.333
1772057_s_at,COS5 /// COS7,YDL248W,0.0,not_responsive,0.083,not_responsive,,,none,1.0
1772060_at,SMX2,YFL017W-A,0.0,not_responsive,0.25,not_responsive,,,none,0.667
1772062_s_at,DDI2 /// DDI3,YFL061W,0.5,intermediate,1.0,robust,0.667,1.0,shared_up,0.667
1772064_at,MDM30,YLR368W,0.0,not_responsive,0.083,not_responsive,,,none,1.0
1772065_at,RPL12B,YDR418W,0.0,not_responsive,0.583,intermediate,,0.667,MMS_specific_down,0.556
1772066_at,YHL042W,YHL042W,0.167,not_responsive,0.25,not_responsive,,,none,0.667
1772068_at,IML1,YJR138W,0.0,not_responsive,0.417,intermediate,,1.0,MMS_specific_up,0.556
1772070_at,VAC17,YCL063W,0.5,intermediate,0.75,robust,0.667,0.667,shared_down,0.667
1772073_at,OXR1,YPL196W,0.5,intermediate,1.0,robust,1.0,0.667,shared_up,0.667
1772075_at,HIT1,YJR055W,0.25,not_responsive,0.25,not_responsive,,,none,0.667
1772076_at,LIF1,YGL090W,0.25,not_responsive,0.0,not_responsive,,,none,1.0
1772079_at,PML1,YLR016C,0.0,not_responsive,0.25,not_responsive,,,none,0.667
1772084_at,FUS3,YBL016W,0.0,not_responsive,0.0,not_responsive,,,none,1.0
1772087_at,MTC4,YBR255W,0.25,not_responsive,0.667,intermediate,,0.667,ambiguous,0.667
1772089_at,VPS8,YAL002W,0.25,not_responsive,0.333,not_responsive,,,none,0.667
1772091_at,PSP1,YDR505C,0.25,not_responsive,0.25,not_responsive,,,none,0.667
1772092_at,SMD3,YLR147C,0.0,not_responsive,0.0,not_responsive,,,none,1.0
1772095_at,MNI1,YIL110W,0.333,not_responsive,0.667,intermediate,,0.667,ambiguous,0.667
1772098_at,TAF4,YMR005W,0.0,not_responsive,0.0,not_responsive,,,none,1.0
1772100_at,TAF1,YGR274C,0.0,not_responsive,0.0,not_responsive,,,none,1.0
1772101_at,OGG1,YML060W,0.417,intermediate,0.417,intermediate,1.0,0.444,shared_down,0.667
1772103_at,YIL083C,YIL083C,0.0,not_responsive,0.0,not_responsive,,,none,1.0
1772104_at,YMR1,YJR110W,0.083,not_responsive,0.167,not_responsive,,,none,0.667
1772105_at,BNI5,YNL166C,0.083,not_responsive,0.167,not_responsive,,,none,0.667
1772112_at,MSP1,YGR028W,0.333,not_responsive,0.75,robust,,0.667,ambiguous,0.667
1772114_at,SMY2,YBR172C,0.167,not_responsive,0.5,intermediate,,1.0,ambiguous,0.333
1772116_at,CRN1,YLR429W,0.0,not_responsive,0.0,not_responsive,,,none,1.0
1772120_at,ADH3,YMR083W,0.0,not_responsive,0.0,not_responsive,,,none,1.0
1772121_at,SPT15,YER148W,0.0,not_responsive,0.167,not_responsive,,,none,0.667
1772122_s_at,YRF1-1 /// YRF1-2 /// YRF1-3 /// YRF1-5 /// YRF1-6 /// YRF1-7,YFL064C,0.0,not_responsive,0.5,intermediate,,0.667,MMS_specific_down,0.222
1772126_at,FIG1,YBR040W,0.167,not_responsive,0.25,not_responsive,,,none,0.667
1772130_at,CPR1,YDR155C,0.0,not_responsive,0.0,not_responsive,,,none,1.0
1772131_s_at,YNL033W,YNL033W,0.0,not_responsive,0.0,not_responsive,,,none,1.0
1772133_at,PEX5,YDR244W,0.0,not_responsive,0.583,intermediate,,0.667,MMS_specific_up,0.667
1772134_at,STE3,YKL178C,0.0,not_responsive,0.0,not_responsive,,,none,1.0
1772137_at,TIM21,YGR033C,0.0,not_responsive,0.0,not_responsive,,,none,1.0
1772138_s_at,YBL101W-B,YBL101W-B,0.0,not_responsive,0.083,not_responsive,,,none,1.0
1772139_at,SLT2,YHR030C,0.083,not_responsive,0.417,intermediate,,0.444,ambiguous,0.556
1772142_at,YGR026W,YGR026W,0.0,not_responsive,0.0,not_responsive,,,none,1.0
1772145_at,ROM2,YLR371W,0.0,not_responsive,0.0,not_responsive,,,none,1.0
1772146_at,YDR352W,YDR352W,0.167,not_responsive,0.083,not_responsive,,,none,0.667
1772147_at,AIR2,YDL175C,0.0,not_responsive,0.25,not_responsive,,,none,0.667
1772148_at,SPO14,YKR031C,0.0,not_responsive,0.0,not_responsive,,,none,1.0
1772156_s_at,RPS23A /// RPS23B,YGR118W,0.0,not_responsive,0.0,not_responsive,,,none,1.0
1772162_at,YGR015C,YGR015C,0.167,not_responsive,0.083,not_responsive,,,none,1.0
1772164_at,RRN6,YBL014C,0.25,not_responsive,0.5,intermediate,,0.667,ambiguous,0.333
1772165_at,SGO1,YOR073W,0.333,not_responsive,0.667,intermediate,,0.667,ambiguous,0.556
1772166_at,PEP7,YDR323C,0.083,not_responsive,0.417,intermediate,,1.0,ambiguous,0.667
1772167_at,YKL018C-A,YKL018C-A,0.0,not_responsive,0.0,not_responsive,,,none,1.0
1772170_at,CCH1,YGR217W,0.0,not_responsive,0.5,intermediate,,0.667,MMS_specific_down,0.222
1772171_at,YLR152C,YLR152C,0.583,intermediate,0.417,intermediate,1.0,0.667,shared_up,0.667
1772172_at,MPP10,YJR002W,0.5,intermediate,1.0,robust,0.667,0.667,shared_down,0.667
1772174_at,RRP14,YKL082C,0.583,intermediate,1.0,robust,0.667,0.667,shared_down,0.667
1772181_at,YKL133C,YKL133C,0.417,intermediate,1.0,robust,0.444,0.667,shared_up,0.667
1772183_at,YML030W,YML030W,0.25,not_responsive,0.167,not_responsive,,,none,0.667
1772185_at,COG5,YNL051W,0.0,not_responsive,0.5,intermediate,,0.667,MMS_specific_up,0.333
1772186_at,NUP157,YER105C,0.0,not_responsive,0.0,not_responsive,,,none,1.0
1772188_at,YOR059C,YOR059C,0.25,not_responsive,1.0,robust,,0.667,ambiguous,0.667
1772190_at,CWC23,YGL128C,0.0,not_responsive,0.5,intermediate,,0.667,MMS_specific_up,0.556
1772192_at,DRE2,YKR071C,0.333,not_responsive,0.417,intermediate,,1.0,ambiguous,0.333
1772193_at,YLR297W,YLR297W,0.833,robust,1.0,robust,1.0,1.0,shared_up,1.0
1772195_at,JIP5,YPR169W,0.333,not_responsive,0.0,not_responsive,,,none,0.667
1772196_at,HSP60,YLR259C,0.0,not_responsive,0.0,not_responsive,,,none,1.0
1772198_at,YCR102C,YCR102C,1.0,robust,0.917,robust,1.0,1.0,shared_up,1.0
1772199_at,BIO3,YNR058W,0.0,not_responsive,0.0,not_responsive,,,none,1.0
1772201_at,NUP1,YOR098C,0.083,not_responsive,0.25,not_responsive,,,none,0.667
1772202_at,SDH1,YKL148C,0.5,intermediate,0.167,not_responsive,0.444,,ambiguous,0.333
1772203_at,BUD27,YFL023W,0.417,intermediate,0.5,intermediate,0.667,0.667,shared_down,0.667
1772204_at,PDA1,YER178W,0.0,not_responsive,0.0,not_responsive,,,none,1.0
1772205_at,BUD6,YLR319C,0.083,not_responsive,0.0,not_responsive,,,none,1.0
1772207_at,APL3,YBL037W,0.0,not_responsive,0.0,not_responsive,,,none,1.0
1772208_at,RPS11B,YBR048W,0.0,not_responsive,0.833,robust,,0.667,MMS_specific_down,0.889
1772209_at,SHQ1,YIL104C,0.417,intermediate,0.083,not_responsive,1.0,,ambiguous,0.556
1772212_at,VPH2,YKL119C,0.0,not_responsive,0.0,not_responsive,,,none,1.0
1772214_at,YGL015C,YGL015C,0.0,not_responsive,0.0,not_responsive,,,none,1.0
1772218_at,RIM9,YMR063W,0.083,not_responsive,0.5,intermediate,,1.0,ambiguous,0.556
1772220_at,SDH4,YDR178W,0.333,not_responsive,0.25,not_responsive,,,none,0.667
1772222_at,ERG12,YMR208W,0.0,not_responsive,0.417,intermediate,,1.0,MMS_specific_down,0.667
1772223_at,IDP1,YDL066W,0.0,not_responsive,0.0,not_responsive,,,none,1.0
1772224_at,RAV2,YDR202C,0.167,not_responsive,0.833,robust,,0.667,ambiguous,0.556
1772225_at,PUS1,YPL212C,0.333,not_responsive,0.417,intermediate,,1.0,ambiguous,0.333
1772226_at,DRS2,YAL026C,0.0,not_responsive,0.333,not_responsive,,,none,0.667
1772227_at,GLG2,YJL137C,0.333,not_responsive,0.5,intermediate,,0.667,ambiguous,0.333
1772228_at,YJR039W,YJR039W,0.25,not_responsive,1.0,robust,,0.667,ambiguous,0.556
1772229_at,PIR3,YKL163W,1.0,robust,0.417,intermediate,1.0,0.667,shared_up,0.667
1772231_at,PPX1,YHR201C,0.0,not_responsive,0.167,not_responsive,,,none,0.667
1772232_at,YLR179C,YLR179C,0.0,not_responsive,0.333,not_responsive,,,none,0.667
1772233_at,MRM2,YGL136C,0.167,not_responsive,0.25,not_responsive,,,none,0.667
1772234_at,NAS6,YGR232W,0.0,not_responsive,0.0,not_responsive,,,none,1.0
1772238_at,NPP2,YEL016C,0.0,not_responsive,0.083,not_responsive,,,none,1.0
1772239_at,RLP7,YNL002C,0.5,intermediate,0.917,robust,0.667,0.667,shared_down,0.667
1772240_at,YLR422W,YLR422W,0.0,not_responsive,0.0,not_responsive,,,none,1.0
1772241_at,MNT3,YIL014W,0.0,not_responsive,0.0,not_responsive,,,none,1.0
1772243_at,SEC4,YFL005W,0.0,not_responsive,0.0,not_responsive,,,none,1.0
1772247_at,AXL1,YPR122W,0.0,not_responsive,0.0,not_responsive,,,none,1.0
1772248_at,VRG4,YGL225W,0.083,not_responsive,0.5,intermediate,,0.667,ambiguous,0.556
1772249_at,ILM1,YJR118C,0.0,not_responsive,0.083,not_responsive,,,none,1.0
1772250_at,ERV25,YML012W,0.0,not_responsive,0.0,not_responsive,,,none,1.0
1772251_at,RPL39,YJL189W,0.0,not_responsive,0.333,not_responsive,,,none,0.667
1772252_at,YOR019W,YOR019W,0.0,not_responsive,0.917,robust,,0.667,MMS_specific_up,0.889
1772253_at,CLP1,YOR250C,0.0,not_responsive,0.583,intermediate,,0.667,MMS_specific_up,0.333
1772255_at,YNK1,YKL067W,0.25,not_responsive,0.333,not_responsive,,,none,0.667
1772258_at,YMR244C-A,YMR244C-A,0.25,not_responsive,0.25,not_responsive,,,none,0.667
1772259_at,HYR1,YIR037W,0.167,not_responsive,0.333,not_responsive,,,none,0.667
1772260_at,ASM4,YDL088C,0.0,not_responsive,0.167,not_responsive,,,none,0.667
1772261_at,HYP2,YEL034W,0.0,not_responsive,0.0,not_responsive,,,none,1.0
1772263_at,GPI1,YGR216C,0.0,not_responsive,0.0,not_responsive,,,none,1.0
1772264_at,RLP24,YLR009W,0.583,intermediate,1.0,robust,0.667,0.667,shared_down,0.667
1772268_at,YPR091C,YPR091C,0.0,not_responsive,0.0,not_responsive,,,none,1.0
1772275_at,JJJ3,YJR097W,0.833,robust,1.0,robust,1.0,1.0,shared_down,1.0
1772278_at,ZIP1,YDR285W,0.0,not_responsive,0.333,not_responsive,,,none,0.667
1772279_at,HOR7,YMR251W-A,0.25,not_responsive,0.25,not_responsive,,,none,0.667
1772281_at,YAP3,YHL009C,0.0,not_responsive,0.083,not_responsive,,,none,1.0
1772282_at,BMH1,YER177W,0.0,not_responsive,0.0,not_responsive,,,none,1.0
1772283_at,CEM1,YER061C,0.0,not_responsive,0.167,not_responsive,,,none,0.667
1772284_at,YLR225C,YLR225C,0.0,not_responsive,0.833,robust,,0.667,MMS_specific_up,0.444
1772287_at,ARG4,YHR018C,0.0,not_responsive,0.5,intermediate,,0.667,ambiguous,0.556
1772288_at,HIR2,YOR038C,0.0,not_responsive,0.25,not_responsive,,,none,0.667
1772289_at,SET5,YHR207C,0.25,not_responsive,0.083,not_responsive,,,none,0.667
1772292_at,YFL054C,YFL054C,0.667,intermediate,0.75,robust,0.667,0.667,shared_up,1.0
1772294_at,RPS29A,YLR388W,0.0,not_responsive,0.75,robust,,0.667,MMS_specific_down,0.667
1772298_at,YGL160W,YGL160W,0.0,not_responsive,0.083,not_responsive,,,none,1.0
1772307_at,PPZ1,YML016C,0.0,not_responsive,0.083,not_responsive,,,none,1.0
1772308_at,YAL016C-B,YAL016C-B,0.333,not_responsive,0.583,intermediate,,0.667,ambiguous,0.333
1772310_at,HRD3,YLR207W,0.0,not_responsive,0.0,not_responsive,,,none,1.0
1772312_at,YLR415C,YLR415C,0.0,not_responsive,0.0,not_responsive,,,none,1.0
1772313_at,SBE22,YHR103W,0.0,not_responsive,0.0,not_responsive,,,none,1.0
1772317_at,MES1,YGR264C,0.167,not_responsive,0.667,intermediate,,0.667,ambiguous,0.444
1772320_at,CAM1,YPL048W,0.0,not_responsive,0.0,not_responsive,,,none,1.0
1772321_at,TLG2,YOL018C,0.0,not_responsive,0.583,intermediate,,0.667,MMS_specific_up,0.222
1772326_at,PEX32,YBR168W,0.0,not_responsive,0.0,not_responsive,,,none,1.0
1772327_at,PTK2,YJR059W,0.583,intermediate,0.833,robust,0.667,1.0,shared_up,0.667
1772328_at,YBL039W-A,YBL039W-A,0.5,intermediate,0.583,intermediate,0.667,0.667,shared_up,0.667
1772330_at,ERD1,YDR414C,0.167,not_responsive,0.5,intermediate,,0.667,ambiguous,0.333
1772331_at,BIM1,YER016W,0.0,not_responsive,0.0,not_responsive,,,none,1.0
1772333_at,KEL3,YPL263C,0.333,not_responsive,0.5,intermediate,,0.667,ambiguous,0.333
1772336_at,ERG3,YLR056W,0.083,not_responsive,1.0,robust,,0.667,ambiguous,0.889
1772338_at,DAK1,YML070W,0.25,not_responsive,0.417,intermediate,,1.0,ambiguous,0.333
1772341_at,UGO1,YDR470C,0.083,not_responsive,0.417,intermediate,,0.444,ambiguous,0.667
1772342_at,MGT1,YDL200C,0.0,not_responsive,0.083,not_responsive,,,none,1.0
1772343_at,SAP4,YGL229C,0.5,intermediate,0.333,not_responsive,0.444,,ambiguous,0.333
1772344_at,ERF2,YLR246W,0.0,not_responsive,0.0,not_responsive,,,none,1.0
1772346_at,TDP1,YBR223C,0.0,not_responsive,0.083,not_responsive,,,none,1.0
1772347_at,CCC2,YDR270W,0.167,not_responsive,0.0,not_responsive,,,none,0.667
1772348_at,YBR235W,YBR235W,0.0,not_responsive,0.0,not_responsive,,,none,1.0
1772349_at,IPI3,YNL182C,0.75,robust,1.0,robust,1.0,0.667,shared_down,1.0
1772350_at,ERG1,YGR175C,0.25,not_responsive,1.0,robust,,1.0,ambiguous,0.667
1772352_at,GCN3,YKR026C,0.083,not_responsive,0.0,not_responsive,,,none,1.0
1772356_at,YAL064C-A,YAL064C-A,0.0,not_responsive,0.0,not_responsive,,,none,1.0
1772358_at,YKL070W,YKL070W,0.667,intermediate,1.0,robust,1.0,1.0,shared_up,1.0
1772361_at,YHR126C,YHR126C,0.667,intermediate,0.167,not_responsive,1.0,,ambiguous,0.444
1772362_at,HOC1,YJR075W,0.0,not_responsive,0.0,not_responsive,,,none,1.0
1772365_at,YLR108C,YLR108C,0.667,intermediate,1.0,robust,1.0,1.0,shared_up,1.0
1772366_at,RPS1B,YML063W,0.0,not_responsive,0.417,intermediate,,1.0,MMS_specific_down,0.667
1772367_at,NPL6,YMR091C,0.0,not_responsive,0.0,not_responsive,,,none,1.0
1772369_at,UBP12,YJL197W,0.0,not_responsive,0.167,not_responsive,,,none,0.667
1772371_at,UBX6,YJL048C,0.583,intermediate,0.583,intermediate,1.0,0.667,shared_up,0.667
1772372_at,PUB1,YNL016W,0.0,not_responsive,0.583,intermediate,,0.667,MMS_specific_down,0.556
1772373_at,UBI4,YLL039C,0.417,intermediate,0.75,robust,0.444,0.667,shared_up,0.667
1772374_at,YJR054W,YJR054W,0.167,not_responsive,0.5,intermediate,,0.667,ambiguous,0.333
1772375_at,ARG8,YOL140W,0.083,not_responsive,0.083,not_responsive,,,none,1.0
1772376_at,ARL3,YPL051W,0.0,not_responsive,0.0,not_responsive,,,none,1.0
1772377_at,MEI5,YPL121C,0.0,not_responsive,0.0,not_responsive,,,none,1.0
1772384_at,PCM1,YEL058W,0.0,not_responsive,0.083,not_responsive,,,none,1.0
1772386_at,NTG1,YAL015C,0.333,fragile,0.583,intermediate,1.0,0.667,shared_up,0.667
1772391_at,YIL057C,YIL057C,0.0,not_responsive,0.083,not_responsive,,,none,1.0
1772392_at,GCD6,YDR211W,0.083,not_responsive,0.0,not_responsive,,,none,1.0
1772393_at,YLR154W-E,YLR154W-E,0.167,not_responsive,0.5,intermediate,,0.667,ambiguous,0.333
1772394_at,NGL3,YML118W,0.417,intermediate,1.0,robust,1.0,0.667,shared_up,0.667
1772396_at,VPS15,YBR097W,0.0,not_responsive,0.417,intermediate,,1.0,MMS_specific_up,0.333
1772398_at,FBA1,YKL060C,0.0,not_responsive,0.0,not_responsive,,,none,1.0
1772399_at,SHR5,YOL110W,0.333,fragile,0.5,intermediate,1.0,0.667,shared_up,0.667
1772400_at,SEC14,YMR079W,0.0,not_responsive,0.5,intermediate,,0.667,MMS_specific_down,0.222
1772401_at,VPS72,YDR485C,0.0,not_responsive,0.167,not_responsive,,,none,0.667
1772405_at,FRA1,YLL029W,0.0,not_responsive,0.75,robust,,0.667,MMS_specific_up,0.556
1772407_at,YIP3,YNL044W,0.083,not_responsive,0.75,robust,,0.667,ambiguous,0.667
1772408_at,LTP1,YPR073C,0.0,not_responsive,0.0,not_responsive,,,none,1.0
1772410_at,GIP4,YAL031C,0.0,not_responsive,0.25,not_responsive,,,none,0.667
1772412_at,PMT2,YAL023C,0.0,not_responsive,0.5,intermediate,,1.0,MMS_specific_down,0.556
1772414_at,YHC1,YLR298C,0.083,not_responsive,0.0,not_responsive,,,none,1.0
1772416_at,MNT2,YGL257C,0.0,not_responsive,0.167,not_responsive,,,none,0.667
1772418_at,CAP2,YIL034C,0.25,not_responsive,0.75,robust,,0.667,ambiguous,0.556
1772420_at,SLX1,YBR228W,0.0,not_responsive,0.0,not_responsive,,,none,1.0
1772421_at,GRX1,YCL035C,0.0,not_responsive,0.417,intermediate,,1.0,ambiguous,0.556
1772426_at,YEL020C,YEL020C,0.167,not_responsive,0.5,intermediate,,0.667,ambiguous,0.333
1772433_x_at,RPS29A,YLR388W,0.0,not_responsive,0.667,intermediate,,0.667,MMS_specific_down,0.667
1772438_at,TOP1,YOL006C,0.167,not_responsive,0.0,not_responsive,,,none,0.667
1772442_at,CBF5,YLR175W,0.417,not_responsive,1.0,robust,,0.667,ambiguous,0.667
1772443_at,PEP12,YOR036W,0.25,not_responsive,0.917,robust,,0.667,ambiguous,0.556
1772446_at,RBS1,YDL189W,0.0,not_responsive,0.0,not_responsive,,,none,1.0
1772447_at,SYM1,YLR251W,1.0,robust,1.0,robust,1.0,1.0,shared_up,1.0
1772448_at,FLC1,YPL221W,0.0,not_responsive,0.167,not_responsive,,,none,0.667
1772452_at,VHS3,YOR054C,0.333,not_responsive,0.5,intermediate,,0.667,ambiguous,0.333
1772456_at,IRC24,YIR036C,0.25,not_responsive,0.75,robust,,0.667,ambiguous,0.556
1772457_at,SRP1,YNL189W,0.0,not_responsive,0.0,not_responsive,,,none,1.0
1772459_at,INH1,YDL181W,0.5,intermediate,0.833,robust,0.667,1.0,opposite_or_mixed,0.667
1772460_at,YJR111C,YJR111C,0.083,not_responsive,0.417,intermediate,,0.667,ambiguous,0.667
1772463_at,NUP170,YBL079W,0.0,not_responsive,0.0,not_responsive,,,none,1.0
1772464_at,SHE4,YOR035C,0.083,not_responsive,0.25,not_responsive,,,none,0.667
1772465_at,SQS1,YNL224C,0.0,not_responsive,0.5,intermediate,,0.667,MMS_specific_up,0.333
1772467_s_at,RSC30,YHR054C,0.0,not_responsive,0.0,not_responsive,,,none,1.0
1772468_at,RPL40B,YKR094C,0.0,not_responsive,0.75,robust,,0.667,MMS_specific_down,0.889
1772470_at,ALG2,YGL065C,0.0,not_responsive,0.0,not_responsive,,,none,1.0
1772473_at,YPR109W,YPR109W,0.083,not_responsive,0.25,not_responsive,,,none,0.667
1772475_at,PMT5,YDL093W,0.083,not_responsive,0.333,not_responsive,,,none,0.667
1772477_at,YJR124C,YJR124C,0.25,not_responsive,0.667,intermediate,,0.667,ambiguous,0.667
1772483_at,SHS1,YDL225W,0.0,not_responsive,0.0,not_responsive,,,none,1.0
1772484_at,ARV1,YLR242C,0.0,not_responsive,0.0,not_responsive,,,none,1.0
1772485_at,SLK19,YOR195W,0.0,not_responsive,0.333,not_responsive,,,none,0.667
1772487_at,PEP3,YLR148W,0.0,not_responsive,0.333,not_responsive,,,none,0.667
1772491_at,BFA1,YJR053W,0.083,not_responsive,0.583,intermediate,,1.0,ambiguous,0.556
1772496_at,ANT1,YPR128C,0.0,not_responsive,0.0,not_responsive,,,none,1.0
1772497_at,EXO84,YBR102C,0.0,not_responsive,0.083,not_responsive,,,none,1.0
1772499_at,VAM6,YDL077C,0.0,not_responsive,0.25,not_responsive,,,none,0.667
1772500_at,PMP3,YDR276C,0.0,not_responsive,0.0,not_responsive,,,none,1.0
1772505_at,YGL101W,YGL101W,0.25,not_responsive,0.917,robust,,0.667,ambiguous,0.556
1772508_at,NOP7,YGR103W,0.583,intermediate,1.0,robust,0.667,0.667,shared_down,0.667
1772509_at,YEL007W,YEL007W,0.083,not_responsive,0.25,not_responsive,,,none,0.667
1772510_at,TFP1,YDL185W,0.0,not_responsive,0.0,not_responsive,,,none,1.0
1772511_at,SNZ1,YMR096W,0.75,robust,0.667,intermediate,0.667,0.667,shared_up,0.667
1772512_at,PEX4,YGR133W,0.083,not_responsive,0.083,not_responsive,,,none,1.0
1772514_at,SCP160,YJL080C,0.0,not_responsive,0.75,robust,,0.667,MMS_specific_down,0.556
1772516_at,GIS1,YDR096W,0.417,intermediate,0.167,not_responsive,1.0,,ambiguous,0.333
1772517_at,MSN4,YKL062W,0.5,intermediate,0.5,intermediate,0.444,0.667,shared_up,0.667
1772521_at,FKS1,YLR342W,0.0,not_responsive,0.167,not_responsive,,,none,0.667
1772524_at,YML108W,YML108W,0.583,intermediate,0.833,robust,1.0,0.667,shared_down,0.667
1772528_at,YAL064W,YAL064W,0.0,not_responsive,0.0,not_responsive,,,none,1.0
1772529_at,LDB16,YCL005W,0.0,not_responsive,0.083,not_responsive,,,none,1.0
1772533_at,TBF1,YPL128C,0.167,not_responsive,0.333,not_responsive,,,none,0.667
1772534_s_at,YAR066W,YAR066W,0.167,not_responsive,0.0,not_responsive,,,none,0.667
1772536_at,ECM34,YHL043W,0.0,not_responsive,0.083,not_responsive,,,none,1.0
1772540_at,MIG3,YER028C,0.083,not_responsive,0.5,intermediate,,0.667,ambiguous,0.667
1772541_at,RML2,YEL050C,0.167,not_responsive,0.0,not_responsive,,,none,0.667
1772545_at,TFB5,YDR079C-A,0.0,not_responsive,0.167,not_responsive,,,none,0.667
1772547_at,RRP17,YDR412W,0.5,intermediate,0.667,intermediate,0.444,0.667,shared_down,0.667
1772548_at,YER085C,YER085C,0.0,not_responsive,0.0,not_responsive,,,none,1.0
1772549_at,GDH3,YAL062W,0.25,not_responsive,0.5,intermediate,,0.667,ambiguous,0.333
1772550_x_at,RPS10B,YMR230W,0.0,not_responsive,0.833,robust,,0.667,ambiguous,0.667
1772552_at,UBC9,YDL064W,0.0,not_responsive,0.417,intermediate,,1.0,MMS_specific_down,0.556
1772554_at,GAL10,YBR019C,0.0,not_responsive,0.083,not_responsive,,,none,1.0
1772556_at,PIR1,YKL164C,0.083,not_responsive,1.0,robust,,0.667,ambiguous,0.667
1772558_at,TIP1,YBR067C,0.0,not_responsive,0.083,not_responsive,,,none,1.0
1772560_at,RFC2,YJR068W,0.0,not_responsive,0.0,not_responsive,,,none,1.0
1772562_at,HOM3,YER052C,0.083,not_responsive,0.083,not_responsive,,,none,1.0
1772563_at,SLM2,YNL047C,0.0,not_responsive,0.0,not_responsive,,,none,1.0
1772565_at,PBA1,YLR199C,0.083,not_responsive,0.5,intermediate,,0.667,ambiguous,0.667
1772566_at,IME1,YJR094C,0.0,not_responsive,0.083,not_responsive,,,none,1.0
1772567_at,YGR117C,YGR117C,0.0,not_responsive,0.167,not_responsive,,,none,0.667
1772570_at,DAD2,YKR083C,0.083,not_responsive,0.0,not_responsive,,,none,1.0
1772572_at,VMA4,YOR332W,0.0,not_responsive,0.0,not_responsive,,,none,1.0
1772573_at,YBR096W,YBR096W,0.0,not_responsive,0.0,not_responsive,,,none,1.0
1772574_at,SPG3,YDR504C,0.25,not_responsive,0.333,not_responsive,,,none,0.667
1772576_x_at,PAU7,YAR020C,0.0,not_responsive,0.25,not_responsive,,,none,0.667
1772579_at,LSM12,YHR121W,0.0,not_responsive,0.0,not_responsive,,,none,1.0
1772580_at,CAD1 /// DYN2,YDR424C,0.0,not_responsive,0.167,not_responsive,,,none,0.667
1772581_at,YGR001C,YGR001C,0.0,not_responsive,0.083,not_responsive,,,none,1.0
1772583_s_at,NHP6B,YBR089C-A,0.0,not_responsive,0.0,not_responsive,,,none,1.0
1772586_at,RAD28,YDR030C,0.083,not_responsive,0.75,robust,,0.667,ambiguous,0.778
1772589_at,ART5,YGR068C,0.0,not_responsive,0.0,not_responsive,,,none,1.0
1772590_at,DNF1,YER166W,0.0,not_responsive,0.0,not_responsive,,,none,1.0
1772594_at,TCB2,YNL087W,0.417,intermediate,0.25,not_responsive,0.444,,ambiguous,0.333
1772597_at,YCR101C,YCR101C,0.0,not_responsive,0.25,not_responsive,,,none,0.667
1772603_at,UBX4,YMR067C,0.083,not_responsive,0.75,robust,,0.667,ambiguous,0.889
1772605_at,CBS1,YDL069C,0.0,not_responsive,0.0,not_responsive,,,none,1.0
1772606_at,MRS6,YOR370C,0.0,not_responsive,0.25,not_responsive,,,none,0.667
1772608_at,PRM3,YPL192C,0.417,intermediate,0.25,not_responsive,1.0,,ambiguous,0.333
1772609_at,YKR041W,YKR041W,0.0,not_responsive,0.0,not_responsive,,,none,1.0
1772610_at,PBY1,YBR094W,0.0,not_responsive,0.167,not_responsive,,,none,0.667
1772611_at,FLD1,YLR404W,0.0,not_responsive,0.25,not_responsive,,,none,0.667
1772612_at,BUB1,YGR188C,0.25,not_responsive,0.083,not_responsive,,,none,0.667
1772613_at,YLR253W,YLR253W,0.0,not_responsive,0.0,not_responsive,,,none,1.0
1772615_at,ASN1,YPR145W,0.0,not_responsive,0.0,not_responsive,,,none,1.0
1772617_at,GPI16,YHR188C,0.0,not_responsive,0.0,not_responsive,,,none,1.0
1772618_at,NIT3,YLR351C,0.0,not_responsive,0.0,not_responsive,,,none,1.0
1772620_at,BRO1,YPL084W,0.0,not_responsive,0.417,intermediate,,0.444,MMS_specific_up,0.222
1772621_at,MRP20,YDR405W,0.0,not_responsive,0.083,not_responsive,,,none,1.0
1772622_at,SIT1,YEL065W,0.0,not_responsive,0.0,not_responsive,,,none,1.0
1772624_at,MRP7,YNL005C,0.0,not_responsive,0.0,not_responsive,,,none,1.0
1772625_at,GLY1,YEL046C,0.0,not_responsive,0.0,not_responsive,,,none,1.0
1772626_at,YJR149W,YJR149W,0.0,not_responsive,0.5,intermediate,,0.667,ambiguous,0.556
1772627_at,CLB4,YLR210W,0.25,not_responsive,0.333,not_responsive,,,none,0.667
1772631_at,YLR073C,YLR073C,0.833,robust,1.0,robust,1.0,1.0,shared_down,1.0
1772632_at,TIF35,YDR429C,0.0,not_responsive,0.083,not_responsive,,,none,1.0
1772635_at,DAL82,YNL314W,0.0,not_responsive,0.083,not_responsive,,,none,1.0
1772637_at,GVP36,YIL041W,0.0,not_responsive,0.0,not_responsive,,,none,1.0
1772638_at,RPL26A,YLR344W,0.0,not_responsive,1.0,robust,,0.667,MMS_specific_down,0.556
1772640_at,YJR112W-A,YJR112W-A,0.0,not_responsive,0.083,not_responsive,,,none,1.0
1772642_at,YLR312C,YLR312C,1.0,robust,1.0,robust,1.0,1.0,shared_up,1.0
1772643_at,VMA10,YHR039C-A,0.0,not_responsive,0.0,not_responsive,,,none,1.0
1772646_at,GTT3,YEL017W,0.0,not_responsive,0.0,not_responsive,,,none,1.0
1772647_at,YDR018C,YDR018C,0.5,intermediate,0.5,intermediate,0.667,0.667,shared_up,0.667
1772648_at,MET30,YIL046W,0.0,not_responsive,0.0,not_responsive,,,none,1.0
1772651_at,YDR222W,YDR222W,0.0,not_responsive,0.333,not_responsive,,,none,0.667
1772654_at,ALG3,YBL082C,0.0,not_responsive,0.333,not_responsive,,,none,0.667
1772658_at,HSP10,YOR020C,0.0,not_responsive,0.0,not_responsive,,,none,1.0
1772665_at,KAP120,YPL125W,0.0,not_responsive,0.0,not_responsive,,,none,1.0
1772670_at,VID28,YIL017C,0.583,intermediate,1.0,robust,0.667,1.0,shared_up,0.667
1772671_at,MRP2,YPR166C,0.0,not_responsive,0.167,not_responsive,,,none,0.667
1772672_at,PHO88,YBR106W,0.0,not_responsive,0.0,not_responsive,,,none,1.0
1772674_at,LPD1,YFL018C,0.0,not_responsive,0.0,not_responsive,,,none,1.0
1772675_at,ISW1,YBR245C,0.167,not_responsive,0.0,not_responsive,,,none,0.667
1772676_at,GAR1,YHR089C,0.25,not_responsive,1.0,robust,,0.667,ambiguous,0.667
1772677_at,APE3,YBR286W,0.0,not_responsive,0.25,not_responsive,,,none,0.667
1772681_s_at,PAU21 /// PAU22,YOR394W,0.0,not_responsive,0.0,not_responsive,,,none,1.0
1772682_at,CDC4,YFL009W,0.0,not_responsive,0.0,not_responsive,,,none,1.0
1772684_at,VPS35,YJL154C,0.0,not_responsive,0.333,not_responsive,,,none,0.667
1772686_at,RRI2,YOL117W,0.333,not_responsive,0.417,intermediate,,1.0,ambiguous,0.333
1772687_at,SLM1,YIL105C,0.0,not_responsive,0.25,not_responsive,,,none,0.667
1772689_at,PBI2,YNL015W,0.417,intermediate,0.167,not_responsive,0.667,,ambiguous,0.333
1772690_at,PIB2,YGL023C,0.0,not_responsive,0.0,not_responsive,,,none,1.0
1772692_at,YJL163C,YJL163C,0.917,robust,1.0,robust,1.0,1.0,shared_up,1.0
1772693_at,SWI1,YPL016W,0.0,not_responsive,0.417,intermediate,,1.0,MMS_specific_down,0.556
1772694_at,GPT2,YKR067W,0.667,intermediate,0.583,intermediate,1.0,1.0,shared_up,0.667
1772696_at,SSS1,YDR086C,0.0,not_responsive,0.167,not_responsive,,,none,0.667
1772697_at,SDS22,YKL193C,0.167,not_responsive,0.5,intermediate,,0.444,ambiguous,0.333
1772699_at,FRE7,YOL152W,1.0,robust,0.25,not_responsive,0.667,,ambiguous,0.556
1772700_at,APA1,YCL050C,0.0,not_responsive,0.0,not_responsive,,,none,1.0
1772701_at,TPN1,YGL186C,0.0,not_responsive,0.333,not_responsive,,,none,0.667
1772703_at,TAF13,YML098W,0.0,not_responsive,0.25,not_responsive,,,none,0.667
1772706_at,FAP1,YNL023C,0.167,not_responsive,0.0,not_responsive,,,none,0.667
1772709_at,HSK3,YKL138C-A,0.0,not_responsive,0.0,not_responsive,,,none,1.0
1772710_at,THP2,YHR167W,0.5,intermediate,0.0,not_responsive,0.667,,H2O2_specific_down,0.556
1772712_at,AXL2,YIL140W,0.083,not_responsive,0.833,robust,,0.667,ambiguous,0.889
1772716_at,YNL108C,YNL108C,0.083,not_responsive,0.25,not_responsive,,,none,0.667
1772718_at,VMA5,YKL080W,0.0,not_responsive,0.0,not_responsive,,,none,1.0
1772719_at,AFG2,YLR397C,0.333,not_responsive,0.25,not_responsive,,,none,0.667
1772720_at,IFM1,YOL023W,0.083,not_responsive,0.0,not_responsive,,,none,1.0
1772723_at,GCD10,YNL062C,0.5,intermediate,0.75,robust,1.0,0.667,shared_down,0.667
1772726_at,VMR1,YHL035C,0.417,intermediate,0.25,not_responsive,1.0,,ambiguous,0.333
1772729_at,SRO7,YPR032W,0.0,not_responsive,0.167,not_responsive,,,none,0.667
1772730_at,CRR1,YLR213C,0.167,not_responsive,0.0,not_responsive,,,none,0.667
1772731_at,MRE11,YMR224C,0.0,not_responsive,0.0,not_responsive,,,none,1.0
1772733_at,MSS11,YMR164C,0.0,not_responsive,0.0,not_responsive,,,none,1.0
1772734_at,RPL9B,YNL067W,0.083,not_responsive,0.667,intermediate,,0.667,ambiguous,0.667
1772736_at,CDD1,YLR245C,0.0,not_responsive,0.333,not_responsive,,,none,0.667
1772737_s_at,YRF1-1 /// YRF1-2 /// YRF1-3 /// YRF1-4 /// YRF1-5 /// YRF1-6 /// YRF1-7 /// YRF1-8,YBL111C,0.0,not_responsive,0.917,robust,,1.0,ambiguous,0.667
1772738_at,FMO1,YHR176W,0.333,not_responsive,0.333,not_responsive,,,none,0.667
1772741_at,ADA2,YDR448W,0.333,not_responsive,0.167,not_responsive,,,none,0.667
1772742_at,RPS0B,YLR048W,0.0,not_responsive,0.917,robust,,0.667,MMS_specific_down,0.889
1772743_at,XRS2,YDR369C,0.0,not_responsive,0.583,intermediate,,0.667,MMS_specific_up,0.333
1772744_at,YCL045C,YCL045C,0.0,not_responsive,0.083,not_responsive,,,none,1.0
1772748_at,TMA7,YLR262C-A,0.0,not_responsive,0.417,intermediate,,0.444,MMS_specific_down,0.556
1772749_at,YPR084W,YPR084W,0.0,not_responsive,0.25,not_responsive,,,none,0.667
1772750_at,SUA7,YPR086W,0.0,not_responsive,0.167,not_responsive,,,none,0.667
1772751_at,YBL008W-A,YBL008W-A,0.083,not_responsive,0.083,not_responsive,,,none,1.0
1772752_at,SMF2,YHR050W,0.0,not_responsive,0.0,not_responsive,,,none,1.0
1772753_at,WHI5,YOR083W,0.0,not_responsive,0.333,not_responsive,,,none,0.667
1772755_at,MCH1,YDL054C,0.083,not_responsive,0.25,not_responsive,,,none,0.667
1772756_at,YGR146C,YGR146C,0.083,not_responsive,0.417,intermediate,,1.0,ambiguous,0.667
1772763_at,RMR1,YGL250W,0.25,not_responsive,1.0,robust,,0.667,ambiguous,0.556
1772766_at,YJL136W-A,YJL136W-A,0.0,not_responsive,0.083,not_responsive,,,none,1.0
1772772_at,AVT3,YKL146W,0.0,not_responsive,0.5,intermediate,,0.667,ambiguous,0.556
1772774_at,ALR1,YOL130W,0.167,not_responsive,0.167,not_responsive,,,none,0.667
1772778_at,ATG8,YBL078C,0.583,intermediate,0.917,robust,1.0,0.667,shared_up,0.667
1772779_at,BUR2,YLR226W,0.0,not_responsive,0.0,not_responsive,,,none,1.0
1772780_at,MRPS18,YNL306W,0.0,not_responsive,0.0,not_responsive,,,none,1.0
1772781_at,NOB1,YOR056C,0.583,intermediate,0.417,intermediate,1.0,0.667,shared_down,0.667
1772783_at,NNT1,YLR285W,0.083,not_responsive,0.5,intermediate,,0.667,ambiguous,0.556
1772785_at,PHM8,YER037W,1.0,robust,1.0,robust,1.0,1.0,shared_up,1.0
1772786_at,YBR262C,YBR262C,0.25,not_responsive,0.0,not_responsive,,,none,0.667
1772790_at,DAP1,YPL170W,0.0,not_responsive,0.417,intermediate,,1.0,ambiguous,0.556
1772791_at,CCP1,YKR066C,1.0,robust,0.917,robust,1.0,1.0,shared_up,1.0
1772792_at,SNF1,YDR477W,0.0,not_responsive,0.0,not_responsive,,,none,1.0
1772793_at,HCM1,YCR065W,0.083,not_responsive,0.5,intermediate,,0.667,ambiguous,0.556
1772795_at,TIM8,YJR135W-A,0.0,not_responsive,0.167,not_responsive,,,none,0.667
1772796_at,SEN54,YPL083C,0.0,not_responsive,0.0,not_responsive,,,none,1.0
1772797_at,RTT106,YNL206C,0.167,not_responsive,0.167,not_responsive,,,none,0.667
1772802_at,ORC3,YLL004W,0.25,not_responsive,0.0,not_responsive,,,none,0.667
1772804_at,CUE4,YML101C,0.0,not_responsive,0.0,not_responsive,,,none,1.0
1772805_at,UTP22,YGR090W,0.333,not_responsive,1.0,robust,,0.667,ambiguous,0.667
1772806_at,RTC1,YOL138C,0.0,not_responsive,0.0,not_responsive,,,none,1.0
1772807_at,YOR381W-A,YOR381W-A,0.0,not_responsive,0.083,not_responsive,,,none,1.0
1772809_at,SSM4,YIL030C,0.0,not_responsive,0.083,not_responsive,,,none,1.0
1772810_at,PXL1,YKR090W,0.083,not_responsive,0.083,not_responsive,,,none,1.0
1772812_at,NCR1,YPL006W,0.167,not_responsive,0.0,not_responsive,,,none,0.667
1772813_at,HPF1,YOL155C,0.333,not_responsive,0.0,not_responsive,,,none,0.667
1772816_at,LCD1,YDR499W,0.0,not_responsive,0.0,not_responsive,,,none,1.0
1772817_at,NSR1,YGR159C,0.667,intermediate,1.0,robust,1.0,0.667,shared_down,0.667
1772819_at,SNT2,YGL131C,0.083,not_responsive,0.0,not_responsive,,,none,1.0
1772820_at,IES1,YFL013C,0.0,not_responsive,0.5,intermediate,,0.667,MMS_specific_up,0.556
1772821_at,STU1,YBL034C,0.083,not_responsive,0.417,intermediate,,1.0,ambiguous,0.667
1772824_at,STB3,YDR169C,0.083,not_responsive,0.0,not_responsive,,,none,1.0
1772826_at,LAS1,YKR063C,0.083,not_responsive,0.0,not_responsive,,,none,1.0
1772827_at,TRM8,YDL201W,0.5,intermediate,1.0,robust,0.667,0.667,shared_down,0.667
1772828_at,BUD22,YMR014W,0.5,intermediate,0.5,intermediate,0.667,0.667,shared_down,0.667
1772830_at,PMT6,YGR199W,0.0,not_responsive,0.0,not_responsive,,,none,1.0
1772831_at,ROG3,YFR022W,0.25,not_responsive,0.5,intermediate,,0.667,ambiguous,0.222
1772832_at,GCN20,YFR009W,0.083,not_responsive,0.0,not_responsive,,,none,1.0
1772833_at,MGA2,YIR033W,0.0,not_responsive,0.0,not_responsive,,,none,1.0
1772837_at,UMP1,YBR173C,0.0,not_responsive,0.5,intermediate,,0.667,MMS_specific_up,0.222
1772838_at,GCY1,YOR120W,1.0,robust,1.0,robust,1.0,1.0,shared_up,1.0
1772839_at,IPK1,YDR315C,0.25,not_responsive,0.0,not_responsive,,,none,0.667
1772846_at,TOR2,YKL203C,0.0,not_responsive,0.0,not_responsive,,,none,1.0
1772847_at,EBP2,YKL172W,0.667,intermediate,1.0,robust,1.0,0.667,shared_down,0.667
1772848_at,FRT2,YAL028W,0.5,intermediate,1.0,robust,0.444,1.0,shared_up,0.667
1772850_at,YJR008W,YJR008W,0.583,intermediate,1.0,robust,0.667,0.667,shared_up,0.667
1772852_at,EDS1,YBR033W,0.333,not_responsive,0.667,intermediate,,0.667,ambiguous,0.667
1772853_at,FET4,YMR319C,0.333,not_responsive,0.167,not_responsive,,,none,0.667
1772854_at,ESC8,YOL017W,0.0,not_responsive,0.583,intermediate,,0.667,MMS_specific_up,0.222
1772855_at,MPA43,YNL249C,0.083,not_responsive,0.25,not_responsive,,,none,0.667
1772856_at,EAP1,YKL204W,0.0,not_responsive,0.25,not_responsive,,,none,0.667
1772857_at,RPS8A,YBL072C,0.0,not_responsive,0.5,intermediate,,0.667,MMS_specific_down,0.556
1772863_at,STB2,YMR053C,0.75,robust,1.0,robust,0.667,1.0,shared_up,1.0
1772864_at,SKG1,YKR100C,0.0,not_responsive,0.0,not_responsive,,,none,1.0
1772865_at,YGK3,YOL128C,0.417,intermediate,0.583,intermediate,1.0,0.667,shared_down,0.667
1772868_at,SSN3,YPL042C,0.0,not_responsive,0.167,not_responsive,,,none,0.667
1772870_at,URK1,YNR012W,0.667,intermediate,0.667,intermediate,1.0,0.444,shared_down,1.0
1772871_at,HRQ1,YDR291W,0.0,not_responsive,0.0,not_responsive,,,none,1.0
1772873_at,MAL13,YGR288W,0.0,not_responsive,0.0,not_responsive,,,none,1.0
1772874_at,TIR2,YOR010C,0.0,not_responsive,0.0,not_responsive,,,none,1.0
1772875_at,RPL4B,YDR012W,0.0,not_responsive,0.167,not_responsive,,,none,0.667
1772876_at,STT3,YGL022W,0.0,not_responsive,0.25,not_responsive,,,none,0.667
1772880_at,SNO1,YMR095C,1.0,robust,0.75,robust,1.0,0.667,shared_up,1.0
1772882_at,ACC1,YNR016C,0.0,not_responsive,0.083,not_responsive,,,none,1.0
1772883_at,FMT1,YBL013W,0.0,not_responsive,0.0,not_responsive,,,none,1.0
1772884_at,YPR013C,YPR013C,0.083,not_responsive,0.167,not_responsive,,,none,0.667
1772887_at,YIP4,YGL198W,0.0,not_responsive,0.25,not_responsive,,,none,0.667
1772888_at,YBT1,YLL048C,0.0,not_responsive,0.167,not_responsive,,,none,0.667
1772890_at,YNL190W,YNL190W,0.0,not_responsive,0.25,not_responsive,,,none,0.667
1772891_at,EAR1,YMR171C,0.0,not_responsive,0.0,not_responsive,,,none,1.0
1772892_at,NCL1,YBL024W,0.417,intermediate,0.917,robust,0.667,0.667,shared_down,0.667
1772893_at,MPS3,YJL019W,0.25,not_responsive,0.5,intermediate,,0.667,ambiguous,0.333
1772894_at,BRN1,YBL097W,0.0,not_responsive,0.0,not_responsive,,,none,1.0
1772896_at,YJL055W,YJL055W,0.0,not_responsive,0.25,not_responsive,,,none,0.667
1772901_at,YHR003C,YHR003C,0.083,not_responsive,0.0,not_responsive,,,none,1.0
1772902_at,YLL006W-A,YLL006W-A,0.0,not_responsive,0.0,not_responsive,,,none,1.0
1772903_at,AKR2,YOR034C,0.0,not_responsive,0.0,not_responsive,,,none,1.0
1772907_at,SOL1,YNR034W,0.583,intermediate,0.5,intermediate,0.667,0.667,shared_up,0.667
1772910_at,AQY2,YLL052C,1.0,robust,0.917,robust,1.0,0.667,shared_down,1.0
1772915_at,ACS1,YAL054C,0.25,not_responsive,0.5,intermediate,,0.667,ambiguous,0.333
1772916_at,BIO4,YNR057C,0.167,not_responsive,0.25,not_responsive,,,none,0.667
1772919_at,LIN1,YHR156C,0.0,not_responsive,0.167,not_responsive,,,none,0.667
1772920_at,FMN1,YDR236C,0.0,not_responsive,0.0,not_responsive,,,none,1.0
1772921_at,YLR352W,YLR352W,0.0,not_responsive,0.417,intermediate,,0.667,MMS_specific_up,0.222
1772923_at,TMA64,YDR117C,0.0,not_responsive,0.167,not_responsive,,,none,0.667
1772925_at,PRP2,YNR011C,0.083,not_responsive,0.0,not_responsive,,,none,1.0
1772928_at,CHA4,YLR098C,0.0,not_responsive,0.083,not_responsive,,,none,1.0
1772930_at,VPS74,YDR372C,0.0,not_responsive,0.0,not_responsive,,,none,1.0
1772933_at,MDM32,YOR147W,0.0,not_responsive,0.0,not_responsive,,,none,1.0
1772934_at,FMP21,YBR269C,0.5,intermediate,0.917,robust,0.444,0.667,shared_up,0.667
1772935_at,YHR199C-A,YHR199C-A,0.083,not_responsive,0.417,intermediate,,1.0,ambiguous,0.556
1772939_at,GLN4,YOR168W,0.083,not_responsive,0.25,not_responsive,,,none,0.667
1772940_at,DOM34,YNL001W,0.25,not_responsive,0.0,not_responsive,,,none,0.667
1772942_at,SAD1,YFR005C,0.0,not_responsive,0.333,not_responsive,,,none,0.667
1772944_at,YOR316C-A,YOR316C-A,0.083,not_responsive,0.167,not_responsive,,,none,0.667
1772945_at,YBR230W-A,YBR230W-A,0.0,not_responsive,0.333,not_responsive,,,none,0.667
1772946_at,AFG1,YEL052W,0.083,not_responsive,0.083,not_responsive,,,none,1.0
1772947_at,RPL20B,YOR312C,0.0,not_responsive,0.583,intermediate,,0.667,MMS_specific_down,0.556
1772948_at,POL5,YEL055C,0.333,not_responsive,0.667,intermediate,,0.667,ambiguous,0.556
1772949_at,YIL046W-A,YIL046W-A,0.167,not_responsive,0.25,not_responsive,,,none,0.667
1772950_at,NOP6,YDL213C,0.5,intermediate,1.0,robust,0.667,0.667,shared_down,0.667
1772952_at,GPI14,YJR013W,0.0,not_responsive,0.0,not_responsive,,,none,1.0
1772955_at,YBR062C,YBR062C,0.25,not_responsive,0.667,intermediate,,0.667,ambiguous,0.556
1772958_at,FMP48,YGR052W,0.583,intermediate,0.333,not_responsive,1.0,,ambiguous,0.333
1772959_at,MET8,YBR213W,0.083,not_responsive,0.583,intermediate,,0.667,ambiguous,0.556
1772962_at,FAR7,YFR008W,0.167,not_responsive,0.833,robust,,0.667,ambiguous,0.556
1772963_at,YRM1,YOR172W,0.0,not_responsive,0.167,not_responsive,,,none,0.667
1772965_at,MSA2,YKR077W,0.083,not_responsive,0.0,not_responsive,,,none,1.0
1772967_at,SPC110,YDR356W,0.25,not_responsive,0.0,not_responsive,,,none,0.667
1772968_at,SWE1,YJL187C,0.083,not_responsive,0.583,intermediate,,0.667,ambiguous,0.556
1772969_at,YPL168W,YPL168W,0.083,not_responsive,0.25,not_responsive,,,none,0.667
1772970_at,YPR045C,YPR045C,0.0,not_responsive,0.0,not_responsive,,,none,1.0
1772972_at,ESC1,YMR219W,0.0,not_responsive,0.167,not_responsive,,,none,0.667
1772973_at,YJL206C,YJL206C,0.0,not_responsive,0.5,intermediate,,0.667,MMS_specific_up,0.222
1772974_at,IKS1,YJL057C,0.833,robust,1.0,robust,1.0,1.0,shared_up,1.0
1772975_at,RPS3,YNL178W,0.0,not_responsive,0.0,not_responsive,,,none,1.0
1772976_at,ARL1,YBR164C,0.0,not_responsive,0.0,not_responsive,,,none,1.0
1772977_at,RPN14,YGL004C,0.0,not_responsive,0.417,intermediate,,1.0,MMS_specific_up,0.222
1772978_at,CYM1,YDR430C,0.25,not_responsive,0.5,intermediate,,0.444,ambiguous,0.333
1772981_at,RTT107,YHR154W,0.25,not_responsive,0.5,intermediate,,0.667,ambiguous,0.333
1772983_at,YCR099C,YCR099C,0.0,not_responsive,0.25,not_responsive,,,none,0.667
1772985_at,YBR239C,YBR239C,0.0,not_responsive,0.25,not_responsive,,,none,0.667
1772986_at,MFB1,YDR219C,0.0,not_responsive,0.5,intermediate,,0.667,MMS_specific_up,0.556
1772992_s_at,YPL278C,YPL278C,0.0,not_responsive,0.167,not_responsive,,,none,0.667
1772995_at,IES4,YOR189W,0.0,not_responsive,0.0,not_responsive,,,none,1.0
1772997_at,GRE2,YOL151W,0.833,robust,1.0,robust,1.0,1.0,shared_up,1.0
1772998_at,SPO77,YLR341W,0.0,not_responsive,0.083,not_responsive,,,none,1.0
1772999_at,PFK2,YMR205C,0.0,not_responsive,0.333,not_responsive,,,none,0.667
1773001_at,YIL092W,YIL092W,0.167,not_responsive,0.25,not_responsive,,,none,0.667
1773002_at,TAF9,YMR236W,0.0,not_responsive,0.0,not_responsive,,,none,1.0
1773003_at,PUF3,YLL013C,0.083,not_responsive,0.0,not_responsive,,,none,1.0
1773010_at,AEP3,YPL005W,0.0,not_responsive,0.0,not_responsive,,,none,1.0
1773015_at,FLO8,YER109C,0.0,not_responsive,0.167,not_responsive,,,none,0.667
1773019_at,HHT1,YBR010W,0.0,not_responsive,0.083,not_responsive,,,none,1.0
1773020_at,YIL108W,YIL108W,0.167,not_responsive,0.5,intermediate,,0.667,ambiguous,0.333
1773022_at,CDC73,YLR418C,0.0,not_responsive,0.083,not_responsive,,,none,1.0
1773023_at,EMI1,YDR512C,0.333,not_responsive,0.333,not_responsive,,,none,0.667
1773028_at,RSM7,YJR113C,0.083,not_responsive,0.0,not_responsive,,,none,1.0
1773030_at,BUD9,YGR041W,0.167,not_responsive,0.917,robust,,0.667,ambiguous,0.556
1773034_at,ARE1,YCR048W,0.083,not_responsive,0.0,not_responsive,,,none,1.0
1773035_at,CCT8,YJL008C,0.0,not_responsive,0.0,not_responsive,,,none,1.0
1773043_at,YPR071W,YPR071W,0.0,not_responsive,0.25,not_responsive,,,none,0.667
1773044_at,SPT8,YLR055C,0.083,not_responsive,0.417,intermediate,,1.0,ambiguous,0.556
1773046_at,SLZ1,YNL196C,0.0,not_responsive,0.333,fragile,,1.0,MMS_specific_up,0.667
1773047_at,YMR158C-A,YMR158C-A,0.167,not_responsive,0.583,intermediate,,0.667,ambiguous,0.333
1773050_at,CLG1,YGL215W,0.0,not_responsive,0.0,not_responsive,,,none,1.0
1773052_at,BUD16,YEL029C,0.083,not_responsive,0.083,not_responsive,,,none,1.0
1773053_at,OXA1,YER154W,0.0,not_responsive,0.25,not_responsive,,,none,0.667
1773055_at,COX9,YDL067C,0.0,not_responsive,0.167,not_responsive,,,none,0.667
1773056_at,YOL019W,YOL019W,0.25,not_responsive,1.0,robust,,0.667,ambiguous,0.556
1773057_at,SMC6,YLR383W,0.083,not_responsive,0.0,not_responsive,,,none,1.0
1773058_at,BCH2,YKR027W,0.0,not_responsive,0.25,not_responsive,,,none,0.667
1773059_at,MON1,YGL124C,0.0,not_responsive,0.417,intermediate,,1.0,MMS_specific_up,0.444
1773060_at,SPO73,YER046W,0.083,not_responsive,0.0,not_responsive,,,none,1.0
1773061_s_at,HPF1,YIL169C,0.417,intermediate,0.0,not_responsive,1.0,,H2O2_specific_down,0.556
1773062_at,COQ1,YBR003W,0.083,not_responsive,0.083,not_responsive,,,none,1.0
1773063_at,UBP15,YMR304W,0.417,intermediate,0.583,intermediate,0.444,0.667,shared_up,0.667
1773065_at,YDR319C,YDR319C,0.0,not_responsive,0.167,not_responsive,,,none,0.667
1773066_at,CYK3,YDL117W,0.083,not_responsive,0.417,intermediate,,1.0,ambiguous,0.556
1773071_at,TPO3,YPR156C,0.0,not_responsive,0.0,not_responsive,,,none,1.0
1773073_at,MCH5,YOR306C,0.667,intermediate,0.75,robust,1.0,0.667,shared_down,1.0
1773075_at,YOR1,YGR281W,0.083,not_responsive,0.0,not_responsive,,,none,1.0
1773078_at,BUD32,YGR262C,0.083,not_responsive,0.0,not_responsive,,,none,1.0
1773085_at,GLO4,YOR040W,0.5,intermediate,0.667,intermediate,0.667,0.667,shared_up,0.667
1773086_at,TRM82,YDR165W,0.5,intermediate,1.0,robust,0.667,0.667,shared_down,0.667
1773088_at,RRP5,YMR229C,0.5,intermediate,1.0,robust,0.667,0.667,shared_down,0.667
1773089_at,FET3,YMR058W,0.0,not_responsive,0.75,robust,,0.667,MMS_specific_down,0.778
1773091_at,RPL2B,YIL018W,0.0,not_responsive,0.583,intermediate,,0.667,MMS_specific_down,0.667
1773092_at,SYH1,YPL105C,0.0,not_responsive,0.0,not_responsive,,,none,1.0
1773093_at,RKM1,YPL208W,0.0,not_responsive,0.0,not_responsive,,,none,1.0
1773094_at,SPT7,YBR081C,0.0,not_responsive,0.0,not_responsive,,,none,1.0
1773096_at,GAL2,YLR081W,0.0,not_responsive,0.417,intermediate,,1.0,ambiguous,0.556
1773097_at,YPC1,YBR183W,1.0,robust,0.167,not_responsive,1.0,,ambiguous,0.556
1773099_at,KRE33,YNL132W,0.583,intermediate,1.0,robust,0.667,0.667,shared_down,0.667
1773101_at,THI6,YPL214C,0.0,not_responsive,0.5,intermediate,,0.667,MMS_specific_up,0.222
1773102_at,SHE2,YKL130C,0.083,not_responsive,0.0,not_responsive,,,none,1.0
1773104_s_at,YBL005W-A,YBL005W-A,0.083,not_responsive,1.0,robust,,1.0,ambiguous,0.778
1773105_at,ARC35,YNR035C,0.0,not_responsive,0.25,not_responsive,,,none,0.667
1773106_at,VPS20,YMR077C,0.0,not_responsive,0.25,not_responsive,,,none,0.667
1773107_at,TFP3,YPL234C,0.0,not_responsive,0.0,not_responsive,,,none,1.0
1773109_at,DAL80,YKR034W,0.0,not_responsive,0.0,not_responsive,,,none,1.0
1773110_at,CUE1,YMR264W,0.0,not_responsive,0.0,not_responsive,,,none,1.0
1773112_at,SVL3,YPL032C,0.167,not_responsive,0.417,intermediate,,0.667,ambiguous,0.222
1773117_at,PUT2,YHR037W,0.25,not_responsive,0.25,not_responsive,,,none,0.667
1773118_at,DUS1,YML080W,0.75,robust,1.0,robust,1.0,1.0,shared_down,1.0
1773120_at,RAD51,YER095W,0.25,not_responsive,0.25,not_responsive,,,none,0.667
1773122_at,FPS1,YLL043W,0.0,not_responsive,0.0,not_responsive,,,none,1.0
1773123_at,ALG7,YBR243C,0.167,not_responsive,0.167,not_responsive,,,none,0.667
1773124_at,YDR179W-A,YDR179W-A,0.333,fragile,0.083,not_responsive,1.0,,ambiguous,0.556
1773125_at,YGR283C,YGR283C,0.5,intermediate,0.75,robust,1.0,0.667,shared_down,0.667
1773126_at,YNL146C-A,YNL146C-A,0.083,not_responsive,0.0,not_responsive,,,none,1.0
1773127_at,RRD2,YPL152W,0.25,not_responsive,1.0,robust,,0.667,ambiguous,0.444
1773128_at,URE2,YNL229C,0.0,not_responsive,0.25,not_responsive,,,none,0.667
1773129_at,RTT109,YLL002W,0.0,not_responsive,0.0,not_responsive,,,none,1.0
1773132_at,IAH1,YOR126C,0.0,not_responsive,0.0,not_responsive,,,none,1.0
1773134_at,YTA12,YMR089C,0.0,not_responsive,0.0,not_responsive,,,none,1.0
1773135_at,LEE1,YPL054W,0.25,not_responsive,0.5,intermediate,,0.667,ambiguous,0.333
1773136_at,YOR291W,YOR291W,0.0,not_responsive,0.0,not_responsive,,,none,1.0
1773138_at,RPC82,YPR190C,0.583,intermediate,0.75,robust,1.0,0.667,shared_down,1.0
1773139_at,PRD1,YCL057W,0.167,not_responsive,0.25,not_responsive,,,none,0.667
1773140_s_at,ENA1 /// ENA2 /// ENA5,YDR038C,0.0,not_responsive,0.083,not_responsive,,,none,1.0
1773141_at,ALG6,YOR002W,0.0,not_responsive,0.0,not_responsive,,,none,1.0
1773143_at,LOH1,YJL038C,0.0,not_responsive,0.0,not_responsive,,,none,1.0
1773145_s_at,YGR109W-A,YGR109W-A,0.0,not_responsive,1.0,robust,,1.0,ambiguous,0.667
1773147_at,MEF1,YLR069C,0.167,not_responsive,0.417,intermediate,,1.0,ambiguous,0.333
1773148_at,CSE2,YNR010W,0.0,not_responsive,0.167,not_responsive,,,none,0.667
1773150_at,MTQ1,YNL063W,0.0,not_responsive,0.333,not_responsive,,,none,0.667
1773151_at,ATP14,YLR295C,0.0,not_responsive,0.0,not_responsive,,,none,1.0
1773153_at,LYS14,YDR034C,0.0,not_responsive,0.083,not_responsive,,,none,1.0
1773154_at,RCL1,YOL010W,0.583,intermediate,1.0,robust,1.0,0.667,shared_down,1.0
1773157_at,STE2,YFL026W,0.083,not_responsive,0.0,not_responsive,,,none,1.0
1773158_at,VTS1,YOR359W,0.583,intermediate,1.0,robust,1.0,1.0,shared_down,0.667
1773159_s_at,YDR261W-B,YDR261W-B,0.0,not_responsive,0.0,not_responsive,,,none,1.0
1773160_at,RAD50,YNL250W,0.0,not_responsive,0.417,intermediate,,1.0,MMS_specific_up,0.333
1773161_at,MRPL49,YJL096W,0.0,not_responsive,0.0,not_responsive,,,none,1.0
1773162_at,PRY1,YJL079C,0.5,intermediate,0.25,not_responsive,0.444,,ambiguous,0.333
1773165_at,YDR367W,YDR367W,0.0,not_responsive,0.167,not_responsive,,,none,0.667
1773166_at,YDR307W,YDR307W,0.0,not_responsive,0.083,not_responsive,,,none,1.0
1773168_at,SUT1,YGL162W,0.0,not_responsive,0.5,intermediate,,0.667,MMS_specific_down,0.333
1773170_at,HEM2,YGL040C,0.0,not_responsive,0.0,not_responsive,,,none,1.0
1773171_at,MRPL40,YPL173W,0.083,not_responsive,0.0,not_responsive,,,none,1.0
1773172_at,LSM1,YJL124C,0.0,not_responsive,0.25,not_responsive,,,none,0.667
1773173_at,RET2,YFR051C,0.0,not_responsive,0.0,not_responsive,,,none,1.0
1773176_at,DIE2,YGR227W,0.0,not_responsive,0.417,intermediate,,1.0,MMS_specific_down,0.333
1773177_at,SNL1,YIL016W,0.167,not_responsive,0.5,intermediate,,0.667,ambiguous,0.333
1773179_at,PRP6,YBR055C,0.167,not_responsive,0.0,not_responsive,,,none,0.667
1773180_at,YBL107C,YBL107C,0.0,not_responsive,0.0,not_responsive,,,none,1.0
1773181_at,CPR3,YML078W,0.0,not_responsive,0.0,not_responsive,,,none,1.0
1773182_at,HRP1,YOL123W,0.0,not_responsive,0.25,not_responsive,,,none,0.667
1773183_at,MUC1,YIR019C,0.333,not_responsive,0.5,intermediate,,0.667,ambiguous,0.333
1773187_at,YKU80,YMR106C,0.0,not_responsive,0.167,not_responsive,,,none,0.667
1773191_at,UGA3,YDL170W,0.25,not_responsive,0.5,intermediate,,0.667,ambiguous,0.333
1773194_at,TIM18,YOR297C,0.0,not_responsive,0.0,not_responsive,,,none,1.0
1773195_at,YEL1,YBL060W,0.0,not_responsive,0.75,robust,,0.667,MMS_specific_up,0.889
1773196_at,YKE2,YLR200W,0.0,not_responsive,0.333,not_responsive,,,none,0.667
1773197_at,YDR034C-A,YDR034C-A,0.083,not_responsive,0.333,not_responsive,,,none,0.667
1773198_at,YMR122W-A,YMR122W-A,0.0,not_responsive,0.167,not_responsive,,,none,0.667
1773203_at,HEM4,YOR278W,0.0,not_responsive,0.0,not_responsive,,,none,1.0
1773204_at,SAW1,YAL027W,0.083,not_responsive,0.417,intermediate,,0.667,ambiguous,0.556
1773206_at,YBR259W,YBR259W,0.0,not_responsive,0.0,not_responsive,,,none,1.0
1773207_at,SUI1,YNL244C,0.0,not_responsive,0.25,not_responsive,,,none,0.667
1773208_at,NMD2,YHR077C,0.0,not_responsive,0.0,not_responsive,,,none,1.0
1773209_at,ORC5,YNL261W,0.083,not_responsive,0.417,intermediate,,0.667,ambiguous,0.667
1773210_at,POP2,YNR052C,0.0,not_responsive,0.167,not_responsive,,,none,0.667
1773212_at,POP7,YBR167C,0.0,not_responsive,0.0,not_responsive,,,none,1.0
1773214_at,TFG2,YGR005C,0.0,not_responsive,0.083,not_responsive,,,none,1.0
1773218_at,CHS6,YJL099W,0.083,not_responsive,0.917,robust,,0.667,ambiguous,0.667
1773219_at,YRB30,YGL164C,0.0,not_responsive,0.5,intermediate,,0.667,MMS_specific_up,0.556
1773225_at,YOR292C,YOR292C,0.333,not_responsive,1.0,robust,,0.667,ambiguous,0.556
1773227_at,GPI19,YDR437W,0.0,not_responsive,0.167,not_responsive,,,none,0.667
1773228_at,MSF1,YPR047W,0.417,intermediate,0.5,intermediate,0.444,0.667,shared_up,0.667
1773229_at,HOT1,YMR172W,0.083,not_responsive,0.0,not_responsive,,,none,1.0
1773230_at,GPD2,YOL059W,0.083,not_responsive,0.5,intermediate,,0.667,ambiguous,0.667
1773231_at,HCA4,YJL033W,0.75,robust,1.0,robust,1.0,0.667,shared_down,1.0
1773233_at,VAM7,YGL212W,0.083,not_responsive,0.0,not_responsive,,,none,1.0
1773234_at,YER079W,YER079W,0.667,intermediate,1.0,robust,1.0,1.0,shared_up,1.0
1773235_at,YLR460C,YLR460C,0.917,robust,1.0,robust,1.0,1.0,shared_up,1.0
1773240_at,SPO11,YHL022C,0.083,not_responsive,0.083,not_responsive,,,none,1.0
1773241_at,ISC10,YER180C,0.083,not_responsive,0.083,not_responsive,,,none,1.0
1773244_at,MPH1,YIR002C,0.0,not_responsive,0.0,not_responsive,,,none,1.0
1773250_at,OPY1,YBR129C,0.0,not_responsive,0.083,not_responsive,,,none,1.0
1773253_at,FIN1,YDR130C,0.0,not_responsive,0.0,not_responsive,,,none,1.0
1773254_at,STE6,YKL209C,0.083,not_responsive,0.5,intermediate,,0.667,ambiguous,0.556
1773255_at,STF2,YGR008C,1.0,robust,1.0,robust,1.0,1.0,shared_up,1.0
1773256_at,YMR144W,YMR144W,0.167,not_responsive,0.0,not_responsive,,,none,0.667
1773257_at,QCR10,YHR001W-A,0.417,intermediate,0.083,not_responsive,1.0,,ambiguous,0.667
1773258_at,MAK21,YDR060W,0.667,intermediate,1.0,robust,1.0,0.667,shared_down,0.667
1773261_at,AIR1,YIL079C,0.5,intermediate,0.583,intermediate,1.0,0.667,shared_down,0.667
1773262_at,SIP5,YMR140W,0.167,not_responsive,0.333,not_responsive,,,none,0.667
1773267_at,NUF2,YOL069W,0.083,not_responsive,0.0,not_responsive,,,none,1.0
1773268_at,MRP51,YPL118W,0.083,not_responsive,0.167,not_responsive,,,none,0.667
1773271_at,FRE5,YOR384W,0.0,not_responsive,0.083,not_responsive,,,none,1.0
1773272_at,YDR341C,YDR341C,0.0,not_responsive,0.333,not_responsive,,,none,0.667
1773273_at,ACH1,YBL015W,0.25,not_responsive,0.333,not_responsive,,,none,0.667
1773275_at,SPT6,YGR116W,0.0,not_responsive,0.083,not_responsive,,,none,1.0
1773276_at,TAF5,YBR198C,0.0,not_responsive,0.25,not_responsive,,,none,0.667
1773278_at,ARN1,YHL040C,0.167,not_responsive,0.5,intermediate,,0.667,ambiguous,0.333
1773279_at,SAC1,YKL212W,0.0,not_responsive,0.417,intermediate,,1.0,MMS_specific_down,0.333
1773280_at,PIP2,YOR363C,0.083,not_responsive,0.0,not_responsive,,,none,1.0
1773281_at,RAD54,YGL163C,0.333,not_responsive,1.0,robust,,0.667,ambiguous,0.667
1773282_at,CCT3,YJL014W,0.0,not_responsive,0.0,not_responsive,,,none,1.0
1773283_at,GPR1,YDL035C,0.0,not_responsive,0.0,not_responsive,,,none,1.0
1773284_at,SAG1,YJR004C,0.0,not_responsive,0.083,not_responsive,,,none,1.0
1773285_at,RHO2,YNL090W,0.0,not_responsive,0.25,not_responsive,,,none,0.667
1773286_at,MSS18,YPR134W,0.167,not_responsive,0.75,robust,,0.667,ambiguous,0.556
1773288_at,RPC40,YPR110C,0.25,not_responsive,1.0,robust,,0.667,ambiguous,0.667
1773290_at,PPR1,YLR014C,0.333,fragile,0.75,robust,1.0,0.667,shared_down,0.667
1773291_at,YHL012W,YHL012W,0.0,not_responsive,0.083,not_responsive,,,none,1.0
1773292_at,RPL26B,YGR034W,0.0,not_responsive,0.833,robust,,0.667,MMS_specific_down,0.889
1773293_at,YHR214C-E,YHR214C-E,0.0,not_responsive,0.0,not_responsive,,,none,1.0
1773295_at,INP52,YNL106C,0.0,not_responsive,0.0,not_responsive,,,none,1.0
1773300_at,SNU13,YEL026W,0.25,not_responsive,1.0,robust,,0.667,ambiguous,0.667
1773302_at,ESS1,YJR017C,0.0,not_responsive,0.0,not_responsive,,,none,1.0
1773305_at,HMX1,YLR205C,0.417,intermediate,0.667,intermediate,0.667,0.667,opposite_or_mixed,0.667
1773306_at,MSB3,YNL293W,0.083,not_responsive,0.5,intermediate,,0.667,ambiguous,0.556
1773307_at,URA6,YKL024C,0.0,not_responsive,0.75,robust,,0.667,MMS_specific_down,0.556
1773309_at,MED1,YPR070W,0.0,not_responsive,0.0,not_responsive,,,none,1.0
1773311_at,PRE2,YPR103W,0.0,not_responsive,0.25,not_responsive,,,none,0.667
1773312_at,FMP30,YPL103C,0.167,not_responsive,0.083,not_responsive,,,none,0.667
1773314_at,TEL1,YBL088C,0.0,not_responsive,0.083,not_responsive,,,none,1.0
1773315_at,AAD6,YFL056C,0.833,robust,1.0,robust,1.0,1.0,shared_up,1.0
1773316_at,CAN1,YEL063C,0.0,not_responsive,0.0,not_responsive,,,none,1.0
1773318_at,MUM2,YBR057C,0.0,not_responsive,0.25,not_responsive,,,none,0.667
1773321_at,FET5,YFL041W,0.0,not_responsive,0.0,not_responsive,,,none,1.0
1773327_at,PFA4,YOL003C,0.0,not_responsive,0.0,not_responsive,,,none,1.0
1773328_at,AUR1,YKL004W,0.083,not_responsive,0.5,intermediate,,0.667,ambiguous,0.667
1773329_at,OPI3,YJR073C,0.5,intermediate,0.417,intermediate,0.667,1.0,shared_up,0.667
1773332_at,SCO1,YBR037C,0.083,not_responsive,0.5,intermediate,,0.444,ambiguous,0.667
1773333_at,NET1,YJL076W,0.083,not_responsive,0.583,intermediate,,0.667,ambiguous,0.556
1773337_at,DUG1,YFR044C,0.0,not_responsive,0.0,not_responsive,,,none,1.0
1773339_at,YKR018C,YKR018C,0.167,not_responsive,0.417,intermediate,,1.0,ambiguous,0.222
1773340_at,NOP12,YOL041C,0.5,intermediate,0.917,robust,1.0,0.667,shared_down,0.667
1773341_at,YMR105W-A,YMR105W-A,0.583,intermediate,0.5,intermediate,0.444,0.667,shared_up,0.667
1773342_at,PCT1,YGR202C,0.0,not_responsive,0.0,not_responsive,,,none,1.0
1773343_at,UBA3,YPR066W,0.0,not_responsive,0.0,not_responsive,,,none,1.0
1773344_at,UBP5,YER144C,0.0,not_responsive,0.0,not_responsive,,,none,1.0
1773345_at,PST2,YDR032C,0.25,not_responsive,0.333,not_responsive,,,none,0.667
1773348_at,YBR137W,YBR137W,0.417,intermediate,0.417,intermediate,1.0,1.0,shared_up,0.667
1773349_at,ASF1,YJL115W,0.0,not_responsive,0.0,not_responsive,,,none,1.0
1773352_at,LPE10,YPL060W,0.0,not_responsive,0.667,intermediate,,0.667,MMS_specific_up,0.556
1773353_at,PAB1,YER165W,0.0,not_responsive,0.25,not_responsive,,,none,0.667
1773354_at,MDM38,YOL027C,0.0,not_responsive,0.0,not_responsive,,,none,1.0
1773355_at,YFR011C,YFR011C,0.0,not_responsive,0.167,not_responsive,,,none,0.667
1773356_at,MEP2,YNL142W,0.25,not_responsive,0.083,not_responsive,,,none,0.667
1773359_at,YKL100C,YKL100C,0.333,not_responsive,0.5,intermediate,,0.667,ambiguous,0.333
1773360_at,GYL1,YMR192W,0.0,not_responsive,0.333,not_responsive,,,none,0.667
1773361_at,RMI1,YPL024W,0.167,not_responsive,0.417,intermediate,,1.0,ambiguous,0.333
1773362_at,MRPL27,YBR282W,0.0,not_responsive,0.083,not_responsive,,,none,1.0
1773363_x_at,YLL066W-B,YLL066W-B,0.167,not_responsive,0.0,not_responsive,,,none,0.667
1773369_at,ALO1,YML086C,0.167,not_responsive,0.0,not_responsive,,,none,0.667
1773370_at,MNN4,YKL201C,0.083,not_responsive,0.083,not_responsive,,,none,1.0
1773375_at,HAM1,YJR069C,0.083,not_responsive,0.5,intermediate,,0.667,ambiguous,0.556
1773376_at,REC114,YMR133W,0.0,not_responsive,0.083,not_responsive,,,none,1.0
1773377_at,PRM5,YIL117C,0.0,not_responsive,0.25,not_responsive,,,none,0.667
1773378_at,HPA3,YEL066W,0.0,not_responsive,0.167,not_responsive,,,none,0.667
1773379_at,YLL032C,YLL032C,0.0,not_responsive,0.0,not_responsive,,,none,1.0
1773382_at,YFR018C,YFR018C,0.0,not_responsive,0.0,not_responsive,,,none,1.0
1773383_at,RPH1,YER169W,0.0,not_responsive,0.0,not_responsive,,,none,1.0
1773385_at,PSF2,YJL072C,0.0,not_responsive,0.0,not_responsive,,,none,1.0
1773386_at,YML087C,YML087C,0.417,not_responsive,0.167,not_responsive,,,none,0.667
1773389_at,NAM2,YLR382C,0.167,not_responsive,0.083,not_responsive,,,none,0.667
1773393_at,HSF1,YGL073W,0.083,not_responsive,1.0,robust,,0.667,ambiguous,0.778
1773395_at,NIT1,YIL164C,0.583,intermediate,1.0,robust,1.0,1.0,shared_up,1.0
1773397_at,UTP5,YDR398W,0.667,intermediate,0.917,robust,1.0,0.667,shared_down,1.0
1773399_at,MCT1,YOR221C,0.0,not_responsive,0.417,intermediate,,0.667,MMS_specific_up,0.222
1773404_at,TFB4,YPR056W,0.0,not_responsive,0.0,not_responsive,,,none,1.0
1773409_at,YPL077C,YPL077C,0.0,not_responsive,0.083,not_responsive,,,none,1.0
1773412_at,RFA1,YAR007C,0.083,not_responsive,0.5,intermediate,,0.667,ambiguous,0.667
1773413_at,NUM1,YDR150W,0.0,not_responsive,0.167,not_responsive,,,none,0.667
1773415_at,YFR017C,YFR017C,1.0,robust,1.0,robust,1.0,1.0,shared_up,1.0
1773420_at,YMR147W,YMR147W,0.167,not_responsive,0.333,not_responsive,,,none,0.667
1773423_at,FYV12,YOR183W,0.083,not_responsive,0.0,not_responsive,,,none,1.0
1773424_at,FMP10,YER182W,0.25,not_responsive,0.083,not_responsive,,,none,0.667
1773425_at,HEM14,YER014W,0.0,not_responsive,0.417,intermediate,,1.0,MMS_specific_up,0.333
1773426_at,CLA4,YNL298W,0.0,not_responsive,0.333,not_responsive,,,none,0.667
1773427_at,RPS22B,YLR367W,0.0,not_responsive,0.75,robust,,0.667,MMS_specific_down,0.778
1773429_at,ARF2,YDL137W,0.0,not_responsive,0.0,not_responsive,,,none,1.0
1773430_at,ARH1,YDR376W,0.0,not_responsive,0.25,not_responsive,,,none,0.667
1773431_at,COX14,YML129C,0.167,not_responsive,0.0,not_responsive,,,none,0.667
1773433_at,RTC6,YPL183W-A,0.0,not_responsive,0.0,not_responsive,,,none,1.0
1773434_at,SSE1,YPL106C,0.0,not_responsive,0.0,not_responsive,,,none,1.0
1773436_x_at,DAN2,YLR037C,0.0,not_responsive,0.0,not_responsive,,,none,1.0
1773444_at,GSY1,YFR015C,1.0,robust,1.0,robust,1.0,1.0,shared_up,1.0
1773445_at,SAY1,YGR263C,0.0,not_responsive,0.0,not_responsive,,,none,1.0
1773449_at,AVT2,YEL064C,0.0,not_responsive,0.0,not_responsive,,,none,1.0
1773450_at,GIS3,YLR094C,0.083,not_responsive,0.25,not_responsive,,,none,0.667
1773454_at,ATG7,YHR171W,0.417,intermediate,1.0,robust,1.0,1.0,shared_up,0.667
1773457_at,GDH2,YDL215C,0.417,intermediate,0.5,intermediate,0.444,0.667,shared_up,0.667
1773459_at,ARX1,YDR101C,0.667,intermediate,1.0,robust,1.0,0.667,shared_down,0.667
1773460_at,RAD4,YER162C,0.083,not_responsive,1.0,robust,,0.667,ambiguous,0.889
1773461_at,VAN1,YML115C,0.0,not_responsive,0.083,not_responsive,,,none,1.0
1773464_at,IRC23,YOR044W,0.0,not_responsive,0.0,not_responsive,,,none,1.0
1773465_at,CSF1,YLR087C,0.0,not_responsive,0.417,intermediate,,1.0,MMS_specific_down,0.667
1773469_at,YDL186W,YDL186W,0.0,not_responsive,0.0,not_responsive,,,none,1.0
1773475_at,TCB1,YOR086C,0.0,not_responsive,0.083,not_responsive,,,none,1.0
1773476_at,YMR185W,YMR185W,0.25,not_responsive,0.167,not_responsive,,,none,0.667
1773477_at,JHD2,YJR119C,0.167,not_responsive,0.667,intermediate,,0.667,ambiguous,0.556
1773479_at,ATG17,YLR423C,0.333,not_responsive,0.667,intermediate,,0.667,ambiguous,0.667
1773480_at,ARC19,YKL013C,0.0,not_responsive,0.0,not_responsive,,,none,1.0
1773482_at,GYP6,YJL044C,0.0,not_responsive,0.0,not_responsive,,,none,1.0
1773483_at,GPI18,YBR004C,0.167,not_responsive,0.333,not_responsive,,,none,0.667
1773484_at,REB1,YBR049C,0.167,not_responsive,0.0,not_responsive,,,none,0.667
1773486_at,THO1,YER063W,0.0,not_responsive,0.25,not_responsive,,,none,0.667
1773490_at,REX4,YOL080C,0.75,robust,1.0,robust,1.0,1.0,shared_down,1.0
1773491_at,SRS2,YJL092W,0.25,not_responsive,0.5,intermediate,,0.667,ambiguous,0.222
1773493_at,OM14,YBR230C,0.583,intermediate,0.667,intermediate,0.667,0.667,shared_up,0.667
1773494_at,YOR376W-A,YOR376W-A,0.25,not_responsive,0.0,not_responsive,,,none,0.667
1773497_at,BSC4,YNL269W,0.167,not_responsive,0.167,not_responsive,,,none,0.667
1773498_at,MET3,YJR010W,0.5,not_responsive,0.667,intermediate,,0.667,ambiguous,0.667
1773500_at,YOR012W,YOR012W,0.167,not_responsive,0.0,not_responsive,,,none,0.667
1773501_at,IRA2,YOL081W,0.0,not_responsive,0.0,not_responsive,,,none,1.0
1773506_at,YLR173W,YLR173W,0.0,not_responsive,0.083,not_responsive,,,none,1.0
1773507_at,YOR214C,YOR214C,0.0,not_responsive,0.083,not_responsive,,,none,1.0
1773508_at,SPP2,YOR148C,0.0,not_responsive,0.0,not_responsive,,,none,1.0
1773510_at,RPL27B,YDR471W,0.083,not_responsive,1.0,robust,,0.667,ambiguous,0.667
1773511_at,YAP6,YDR259C,0.5,intermediate,0.833,robust,0.667,1.0,shared_up,0.667
1773513_at,RAS2,YNL098C,0.167,not_responsive,0.417,intermediate,,0.444,ambiguous,0.333
1773514_at,SWC7,YLR385C,0.25,not_responsive,0.667,intermediate,,1.0,ambiguous,0.556
1773515_at,CIT2,YCR005C,0.333,not_responsive,0.167,not_responsive,,,none,0.667
1773519_at,IZH2,YOL002C,0.0,not_responsive,0.167,not_responsive,,,none,0.667
1773520_at,YDR514C,YDR514C,0.333,not_responsive,0.417,intermediate,,0.667,ambiguous,0.333
1773521_at,SHY1,YGR112W,0.5,intermediate,0.417,intermediate,0.667,0.444,shared_up,0.667
1773522_at,SPO23,YBR250W,0.0,not_responsive,0.0,not_responsive,,,none,1.0
1773524_at,GPI12,YMR281W,0.0,not_responsive,0.0,not_responsive,,,none,1.0
1773525_at,VCX1,YDL128W,0.0,not_responsive,0.0,not_responsive,,,none,1.0
1773528_at,YOR205C,YOR205C,0.0,not_responsive,0.167,not_responsive,,,none,0.667
1773529_at,PHO87,YCR037C,0.0,not_responsive,0.25,not_responsive,,,none,0.667
1773531_at,RHO4,YKR055W,0.0,not_responsive,0.0,not_responsive,,,none,1.0
1773538_at,RIM1,YCR028C-A,0.0,not_responsive,0.167,not_responsive,,,none,0.667
1773539_at,COG7,YGL005C,0.0,not_responsive,0.0,not_responsive,,,none,1.0
1773540_at,PRO1,YDR300C,0.167,not_responsive,0.667,intermediate,,0.667,ambiguous,1.0
1773541_at,RGT2,YDL138W,0.0,not_responsive,0.667,intermediate,,0.667,MMS_specific_down,0.444
1773545_at,SPG4,YMR107W,0.667,intermediate,1.0,robust,0.667,0.667,shared_up,1.0
1773546_at,FRE3,YOR381W,0.0,not_responsive,0.0,not_responsive,,,none,1.0
1773547_at,UTR1,YJR049C,0.0,not_responsive,0.167,not_responsive,,,none,0.667
1773548_at,CYC1,YJR048W,0.5,intermediate,1.0,robust,0.667,0.667,opposite_or_mixed,0.667
1773552_at,PRE7,YBL041W,0.0,not_responsive,0.25,not_responsive,,,none,0.667
1773553_at,ENT1,YDL161W,0.0,not_responsive,0.5,intermediate,,0.667,MMS_specific_up,0.556
1773559_at,YKU70,YMR284W,0.25,not_responsive,0.5,intermediate,,0.667,ambiguous,0.333
1773560_at,RIB1,YBL033C,0.333,not_responsive,0.75,robust,,1.0,ambiguous,0.667
1773561_at,SDT1,YGL224C,0.0,not_responsive,0.25,not_responsive,,,none,0.667
1773562_at,YNL034W,YNL034W,0.0,not_responsive,0.0,not_responsive,,,none,1.0
1773564_at,RBG1,YAL036C,0.333,not_responsive,0.833,robust,,0.667,ambiguous,0.667
1773565_at,RIB4,YOL143C,0.0,not_responsive,0.0,not_responsive,,,none,1.0
1773568_at,VAM10,YOR068C,0.0,not_responsive,0.167,not_responsive,,,none,0.667
1773573_at,GNP1,YDR508C,0.083,not_responsive,0.0,not_responsive,,,none,1.0
1773575_at,FHL1,YPR104C,0.25,not_responsive,0.667,intermediate,,0.667,ambiguous,0.556
1773580_at,CWP2,YKL096W-A,0.0,not_responsive,0.5,intermediate,,1.0,MMS_specific_down,0.667
1773582_at,MDS3,YGL197W,0.083,not_responsive,0.0,not_responsive,,,none,1.0
1773585_at,YJL046W,YJL046W,0.083,not_responsive,0.0,not_responsive,,,none,1.0
1773586_at,YGL082W,YGL082W,0.0,not_responsive,0.0,not_responsive,,,none,1.0
1773587_at,AGC1,YPR021C,0.083,not_responsive,0.333,not_responsive,,,none,0.667
1773588_at,THI73,YLR004C,0.0,not_responsive,0.0,not_responsive,,,none,1.0
1773589_at,SLA1,YBL007C,0.0,not_responsive,0.083,not_responsive,,,none,1.0
1773590_at,PAA1,YDR071C,0.0,not_responsive,0.0,not_responsive,,,none,1.0
1773591_at,CLN1,YMR199W,0.25,not_responsive,0.917,robust,,0.667,ambiguous,0.667
1773593_at,RFT1,YBL020W,0.083,not_responsive,0.333,not_responsive,,,none,0.667
1773594_at,MAL31,YBR298C,0.083,not_responsive,0.25,not_responsive,,,none,0.667
1773597_at,PIB1,YDR313C,0.0,not_responsive,0.25,not_responsive,,,none,0.667
1773600_at,SER33,YIL074C,0.083,not_responsive,0.25,not_responsive,,,none,0.667
1773602_at,DBP5,YOR046C,0.0,not_responsive,0.0,not_responsive,,,none,1.0
1773605_at,NOP13,YNL175C,0.667,intermediate,1.0,robust,1.0,0.667,shared_down,0.667
1773607_at,YAK1,YJL141C,0.5,intermediate,1.0,robust,0.667,1.0,shared_up,0.667
1773608_at,CDA1,YLR307W,0.0,not_responsive,0.083,not_responsive,,,none,1.0
1773610_at,CBF1,YJR060W,0.0,not_responsive,0.083,not_responsive,,,none,1.0
1773611_at,YPL184C,YPL184C,0.0,not_responsive,0.417,intermediate,,1.0,MMS_specific_down,0.333
1773612_at,HSP82,YPL240C,0.75,robust,1.0,robust,0.667,1.0,shared_up,1.0
1773613_at,OPT1,YJL212C,0.083,not_responsive,0.25,not_responsive,,,none,0.667
1773614_at,PHO91,YNR013C,0.0,not_responsive,0.0,not_responsive,,,none,1.0
1773617_at,YCL001W-A,YCL001W-A,0.0,not_responsive,0.0,not_responsive,,,none,1.0
1773619_at,TOM20,YGR082W,0.0,not_responsive,0.667,intermediate,,0.667,MMS_specific_down,0.889
1773620_at,TYW3,YGL050W,0.167,not_responsive,0.5,intermediate,,0.667,ambiguous,0.333
1773621_at,ATP16,YDL004W,0.0,not_responsive,0.0,not_responsive,,,none,1.0
1773622_at,MDM12,YOL009C,0.0,not_responsive,0.25,not_responsive,,,none,0.667
1773623_at,WSC2,YNL283C,0.0,not_responsive,0.583,intermediate,,0.667,MMS_specific_down,0.222
1773627_at,TRM44,YPL030W,0.417,intermediate,0.333,not_responsive,1.0,,ambiguous,0.333
1773628_at,VHS2,YIL135C,0.0,not_responsive,0.5,intermediate,,0.667,ambiguous,0.556
1773630_at,PFS1,YHR185C,0.0,not_responsive,0.0,not_responsive,,,none,1.0
1773631_at,MIM1,YOL026C,0.0,not_responsive,0.0,not_responsive,,,none,1.0
1773633_at,MCM7,YBR202W,0.333,not_responsive,0.75,robust,,0.667,ambiguous,0.667
1773635_at,PAH1,YMR165C,0.0,not_responsive,0.25,not_responsive,,,none,0.667
1773636_at,SNF6,YHL025W,0.0,not_responsive,0.25,not_responsive,,,none,0.667
1773637_at,SEC39,YLR440C,0.0,not_responsive,0.333,not_responsive,,,none,0.667
1773639_at,BUG1,YDL099W,0.0,not_responsive,0.5,intermediate,,0.667,MMS_specific_up,0.333
1773640_at,BAP3,YDR046C,0.0,not_responsive,0.0,not_responsive,,,none,1.0
1773641_x_at,YAL068C,YAL068C,0.083,not_responsive,0.0,not_responsive,,,none,1.0
1773643_at,PRP9,YDL030W,0.0,not_responsive,0.0,not_responsive,,,none,1.0
1773644_at,APN1,YKL114C,0.0,not_responsive,0.0,not_responsive,,,none,1.0
1773645_at,TIM22,YDL217C,0.0,not_responsive,0.25,not_responsive,,,none,0.667
1773646_at,LRG1,YDL240W,0.083,not_responsive,0.75,robust,,0.667,ambiguous,0.667
1773648_at,RPP1B,YDL130W,0.0,not_responsive,0.583,intermediate,,1.0,MMS_specific_down,1.0
1773649_at,FUR4,YBR021W,0.5,intermediate,1.0,robust,1.0,1.0,shared_down,0.667
1773650_at,PRE6,YOL038W,0.0,not_responsive,0.0,not_responsive,,,none,1.0
1773653_at,STP1,YDR463W,0.0,not_responsive,0.0,not_responsive,,,none,1.0
1773654_at,AOS1,YPR180W,0.0,not_responsive,0.167,not_responsive,,,none,0.667
1773656_at,YCL056C,YCL056C,0.0,not_responsive,0.167,not_responsive,,,none,0.667
1773657_at,MRPS9,YBR146W,0.0,not_responsive,0.0,not_responsive,,,none,1.0
1773658_at,PAM17,YKR065C,0.0,not_responsive,0.0,not_responsive,,,none,1.0
1773660_at,PRB1,YEL060C,0.75,robust,1.0,robust,0.667,0.667,shared_up,1.0
1773662_at,YGR066C,YGR066C,0.167,not_responsive,1.0,robust,,0.667,ambiguous,0.556
1773664_at,RIM15,YFL033C,0.167,not_responsive,0.25,not_responsive,,,none,0.667
1773666_at,PIH1,YHR034C,0.0,not_responsive,0.25,not_responsive,,,none,0.667
1773667_at,DOG2,YHR043C,0.083,not_responsive,0.0,not_responsive,,,none,1.0
1773668_at,TRS33,YOR115C,0.0,not_responsive,0.0,not_responsive,,,none,1.0
1773669_at,UTP23,YOR004W,0.75,robust,1.0,robust,1.0,0.667,shared_down,1.0
1773670_at,TIR4,YOR009W,0.0,not_responsive,0.0,not_responsive,,,none,1.0
1773671_at,YLR407W,YLR407W,0.5,intermediate,0.833,robust,1.0,1.0,shared_down,0.667
1773672_at,YCK2,YNL154C,0.0,not_responsive,0.0,not_responsive,,,none,1.0
1773673_at,BET2,YPR176C,0.0,not_responsive,0.0,not_responsive,,,none,1.0
1773674_at,YGR273C,YGR273C,0.0,not_responsive,0.0,not_responsive,,,none,1.0
1773675_at,MXR1,YER042W,0.167,not_responsive,0.417,intermediate,,1.0,ambiguous,0.333
1773677_at,VTC4,YJL012C,0.0,not_responsive,0.0,not_responsive,,,none,1.0
1773678_at,YOR093C,YOR093C,0.0,not_responsive,0.333,not_responsive,,,none,0.667
1773680_at,PIL1,YGR086C,0.083,not_responsive,0.25,not_responsive,,,none,0.667
1773681_at,VID24,YBR105C,0.083,not_responsive,0.5,intermediate,,0.667,ambiguous,0.667
1773683_at,TPS3,YMR261C,0.25,not_responsive,0.667,intermediate,,0.667,ambiguous,0.556
1773684_at,GSM1,YJL103C,0.5,intermediate,0.917,robust,0.667,0.667,shared_up,0.667
1773685_at,SSQ1,YLR369W,0.0,not_responsive,0.25,not_responsive,,,none,0.667
1773686_s_at,VTH1 /// VTH2,YIL173W,0.0,not_responsive,0.0,not_responsive,,,none,1.0
1773687_at,TYW1,YPL207W,0.25,not_responsive,0.583,intermediate,,0.667,ambiguous,0.333
1773688_at,YLR446W,YLR446W,0.333,not_responsive,0.5,intermediate,,0.667,ambiguous,0.333
1773691_at,CST9,YLR394W,0.0,not_responsive,0.417,intermediate,,1.0,MMS_specific_up,0.222
1773693_at,KTR4,YBR199W,0.0,not_responsive,0.167,not_responsive,,,none,0.667
1773695_at,HIS1,YER055C,0.0,not_responsive,0.0,not_responsive,,,none,1.0
1773696_at,PAM18,YLR008C,0.0,not_responsive,0.583,intermediate,,0.667,MMS_specific_down,0.333
1773698_at,YIR016W,YIR016W,0.417,not_responsive,0.167,not_responsive,,,none,0.667
1773699_at,PHM7,YOL084W,0.25,not_responsive,0.583,intermediate,,0.667,ambiguous,0.333
1773702_at,YMR118C,YMR118C,0.0,not_responsive,0.75,robust,,0.667,MMS_specific_up,0.556
1773703_at,RHR2,YIL053W,0.083,not_responsive,0.833,robust,,0.667,ambiguous,0.889
1773706_at,PNO1,YOR145C,0.5,intermediate,0.917,robust,1.0,0.667,shared_down,0.667
1773707_at,YAR1,YPL239W,0.25,not_responsive,0.417,intermediate,,0.444,ambiguous,0.333
1773708_at,PIK1,YNL267W,0.0,not_responsive,0.0,not_responsive,,,none,1.0
1773710_at,YJR116W,YJR116W,0.167,not_responsive,0.833,robust,,0.667,ambiguous,0.333
1773712_at,NUP53,YMR153W,0.0,not_responsive,0.0,not_responsive,,,none,1.0
1773716_at,SPS22,YCL048W,0.083,not_responsive,0.083,not_responsive,,,none,1.0
1773718_at,SGT2,YOR007C,0.0,not_responsive,0.0,not_responsive,,,none,1.0
1773719_at,NOC2,YOR206W,0.5,intermediate,1.0,robust,1.0,0.667,shared_down,0.667
1773720_at,HAT2,YEL056W,0.0,not_responsive,0.25,not_responsive,,,none,0.667
1773721_at,LDB7,YBL006C,0.0,not_responsive,0.0,not_responsive,,,none,1.0
1773722_at,UBP10,YNL186W,0.333,fragile,0.417,intermediate,1.0,0.444,shared_down,0.667
1773725_at,ORC2,YBR060C,0.083,not_responsive,0.0,not_responsive,,,none,1.0
1773727_at,IRC7,YFR055W,0.083,not_responsive,0.0,not_responsive,,,none,1.0
1773728_at,CMK1,YFR014C,0.417,intermediate,0.833,robust,0.667,0.667,shared_up,0.667
1773732_at,UBR1,YGR184C,0.0,not_responsive,0.5,intermediate,,0.667,ambiguous,0.556
1773734_at,RCN1,YKL159C,0.0,not_responsive,0.333,not_responsive,,,none,0.667
1773737_at,AGP3,YFL055W,0.333,not_responsive,0.917,robust,,0.667,ambiguous,0.667
1773738_at,SAP190,YKR028W,0.0,not_responsive,0.0,not_responsive,,,none,1.0
1773739_at,NVJ1,YHR195W,0.25,not_responsive,0.5,intermediate,,1.0,ambiguous,0.333
1773741_at,YIL064W,YIL064W,0.417,intermediate,1.0,robust,0.667,0.667,shared_down,0.667
1773743_at,YNL024C-A,YNL024C-A,0.0,not_responsive,0.0,not_responsive,,,none,1.0
1773745_at,SLA2,YNL243W,0.0,not_responsive,0.167,not_responsive,,,none,0.667
1773748_at,MUP3,YHL036W,0.75,robust,1.0,robust,1.0,1.0,shared_up,1.0
1773749_at,NHX1,YDR456W,0.0,not_responsive,0.167,not_responsive,,,none,0.667
1773750_at,ILV5,YLR355C,0.083,not_responsive,0.917,robust,,0.667,ambiguous,0.778
1773751_at,YDL233W,YDL233W,0.0,not_responsive,0.583,intermediate,,0.667,MMS_specific_up,0.333
1773758_at,SNF3,YDL194W,0.25,not_responsive,0.083,not_responsive,,,none,0.667
1773760_at,SFT2,YBL102W,0.0,not_responsive,0.083,not_responsive,,,none,1.0
1773765_at,ARO4,YBR249C,0.0,not_responsive,0.25,not_responsive,,,none,0.667
1773766_at,GAS3,YMR215W,0.167,not_responsive,1.0,robust,,0.667,ambiguous,0.556
1773767_at,PMS1,YNL082W,0.0,not_responsive,0.25,not_responsive,,,none,0.667
1773769_at,YHR022C-A,YHR022C-A,0.0,not_responsive,0.083,not_responsive,,,none,1.0
1773771_at,OCA5,YHL029C,0.083,not_responsive,0.0,not_responsive,,,none,1.0
1773772_at,LRP1,YHR081W,0.417,intermediate,0.75,robust,0.444,0.667,shared_down,0.667
1773777_at,KRE29,YER038C,0.0,not_responsive,0.0,not_responsive,,,none,1.0
1773778_at,YKL106C-A,YKL106C-A,0.083,not_responsive,0.0,not_responsive,,,none,1.0
1773779_at,YOR060C,YOR060C,0.25,not_responsive,0.5,intermediate,,1.0,ambiguous,0.333
1773780_at,GSC2,YGR032W,0.417,intermediate,0.333,not_responsive,1.0,,ambiguous,0.333
1773783_at,ITR1,YDR497C,0.0,not_responsive,0.5,intermediate,,0.667,ambiguous,0.556
1773785_at,RPN7,YPR108W,0.0,not_responsive,0.25,not_responsive,,,none,0.667
1773792_at,FYV10,YIL097W,0.583,intermediate,1.0,robust,0.667,1.0,shared_up,0.667
1773800_at,BIG1,YHR101C,0.0,not_responsive,0.0,not_responsive,,,none,1.0
1773804_at,RAD16,YBR114W,0.417,intermediate,1.0,robust,0.444,0.667,shared_up,0.667
1773805_at,YJR098C,YJR098C,0.0,not_responsive,0.25,not_responsive,,,none,0.667
1773807_at,MRPS12,YNR036C,0.0,not_responsive,0.083,not_responsive,,,none,1.0
1773809_at,AQR1,YNL065W,0.417,not_responsive,0.583,intermediate,,1.0,ambiguous,0.333
1773810_at,YGL007C-A,YGL007C-A,0.083,not_responsive,0.417,intermediate,,1.0,ambiguous,0.556
1773815_at,MRPL25,YGR076C,0.083,not_responsive,0.083,not_responsive,,,none,1.0
1773816_at,GPX2,YBR244W,0.917,robust,1.0,robust,1.0,1.0,shared_up,0.667
1773819_at,CCW14,YLR390W-A,0.0,not_responsive,0.0,not_responsive,,,none,1.0
1773820_x_at,RPS29B,YDL061C,0.0,not_responsive,0.167,not_responsive,,,none,0.667
1773823_at,MRPL24,YMR193W,0.0,not_responsive,0.25,not_responsive,,,none,0.667
1773826_at,ALK2,YBL009W,0.167,not_responsive,0.083,not_responsive,,,none,0.667
1773827_s_at,RPL8A /// RPL8B,YHL033C,0.0,not_responsive,0.667,intermediate,,0.667,MMS_specific_down,0.889
1773828_at,SUN4,YNL066W,0.417,intermediate,1.0,robust,1.0,0.667,shared_down,0.667
1773829_at,MPH2,YDL247W,0.0,not_responsive,0.5,intermediate,,0.667,MMS_specific_up,0.333
1773831_at,YMR114C,YMR114C,0.333,not_responsive,0.75,robust,,0.667,ambiguous,0.556
1773832_at,UTP30,YKR060W,0.583,intermediate,0.667,intermediate,1.0,0.667,shared_down,0.667
1773836_at,PBP2,YBR233W,0.0,not_responsive,0.417,intermediate,,1.0,MMS_specific_up,0.222
1773837_at,UPS1,YLR193C,0.083,not_responsive,0.25,not_responsive,,,none,0.667
1773838_at,RAD26,YJR035W,0.0,not_responsive,0.333,not_responsive,,,none,0.667
1773839_at,SPT14,YPL175W,0.0,not_responsive,0.0,not_responsive,,,none,1.0
1773840_at,MDM20,YOL076W,0.333,not_responsive,0.333,not_responsive,,,none,0.667
1773841_at,GSF2,YML048W,0.0,not_responsive,0.0,not_responsive,,,none,1.0
1773842_at,SOK2,YMR016C,0.083,not_responsive,0.0,not_responsive,,,none,1.0
1773848_at,YOS9,YDR057W,0.0,not_responsive,0.417,intermediate,,1.0,MMS_specific_up,0.667
1773850_at,MRPL22,YNL177C,0.0,not_responsive,0.25,not_responsive,,,none,0.667
1773853_at,LAC1,YKL008C,0.167,not_responsive,0.083,not_responsive,,,none,1.0
1773855_at,YLR132C,YLR132C,0.25,not_responsive,0.5,intermediate,,0.667,ambiguous,0.333
1773859_at,AGP2,YBR132C,0.833,robust,0.5,intermediate,1.0,0.667,shared_up,0.667
1773863_at,TAL1,YLR354C,0.0,not_responsive,0.0,not_responsive,,,none,1.0
1773865_at,RRN5,YLR141W,0.0,not_responsive,0.0,not_responsive,,,none,1.0
1773866_at,PET123,YOR158W,0.083,not_responsive,0.0,not_responsive,,,none,1.0
1773870_at,MET12,YPL023C,0.0,not_responsive,0.167,not_responsive,,,none,0.667
1773873_at,MRPL50,YNR022C,0.0,not_responsive,0.167,not_responsive,,,none,0.667
1773875_at,DIA3,YDL024C,0.583,intermediate,0.917,robust,0.667,0.667,shared_up,0.667
1773879_at,FOB1,YDR110W,0.417,intermediate,0.417,intermediate,1.0,0.667,shared_down,0.667
1773882_at,OSW2,YLR054C,0.083,not_responsive,0.0,not_responsive,,,none,1.0
1773884_at,CPA1,YOR303W,0.083,not_responsive,0.333,not_responsive,,,none,0.667
1773885_at,YDL085C-A,YDL085C-A,0.0,not_responsive,0.25,not_responsive,,,none,0.667
1773886_at,PCL2,YDL127W,0.25,not_responsive,0.667,intermediate,,0.667,ambiguous,0.556
1773887_at,PEX19,YDL065C,0.0,not_responsive,0.333,not_responsive,,,none,0.667
1773888_at,CYS3,YAL012W,0.0,not_responsive,0.0,not_responsive,,,none,1.0
1773889_at,YOL131W,YOL131W,0.833,robust,1.0,robust,0.667,0.667,shared_up,1.0
1773890_at,APJ1,YNL077W,0.0,not_responsive,0.5,intermediate,,1.0,MMS_specific_up,0.556
1773891_at,EXO1,YOR033C,0.0,not_responsive,0.0,not_responsive,,,none,1.0
1773892_at,NCS2,YNL119W,0.5,intermediate,0.583,intermediate,1.0,0.444,shared_down,0.667
1773893_at,RHO5,YNL180C,0.333,not_responsive,0.333,not_responsive,,,none,0.667
1773894_at,KNS1,YLL019C,0.5,intermediate,0.75,robust,1.0,0.667,shared_up,0.667
1773899_at,KIP1,YBL063W,0.0,not_responsive,0.083,not_responsive,,,none,1.0
1773900_at,ILV3,YJR016C,0.167,not_responsive,0.833,robust,,0.667,ambiguous,0.556
1773901_at,PCF11,YDR228C,0.0,not_responsive,0.25,not_responsive,,,none,0.667
1773902_at,IRC22,YEL001C,0.0,not_responsive,0.0,not_responsive,,,none,1.0
1773903_at,XYL2,YLR070C,0.167,not_responsive,0.5,intermediate,,0.667,ambiguous,0.333
1773904_at,YLR099W-A,YLR099W-A,0.167,not_responsive,0.25,not_responsive,,,none,0.667
1773906_at,YIL134C-A,YIL134C-A,0.0,not_responsive,0.25,not_responsive,,,none,0.667
1773907_at,YCL049C,YCL049C,0.167,not_responsive,0.417,intermediate,,1.0,ambiguous,0.333
1773910_at,MRS5,YBR091C,0.083,not_responsive,0.25,not_responsive,,,none,0.667
1773917_at,ACN9,YDR511W,0.167,not_responsive,0.0,not_responsive,,,none,0.667
1773919_at,COX8,YLR395C,0.0,not_responsive,0.25,not_responsive,,,none,0.667
1773922_at,ISA2,YPR067W,0.25,not_responsive,0.5,intermediate,,0.667,ambiguous,0.333
1773923_at,THI72,YOR192C,0.0,not_responsive,0.25,not_responsive,,,none,0.667
1773924_at,REC107,YJR021C,0.0,not_responsive,0.25,not_responsive,,,none,0.667
1773926_at,CTS2,YDR371W,0.0,not_responsive,0.25,not_responsive,,,none,0.667
1773929_at,TEP1,YNL128W,0.0,not_responsive,0.417,intermediate,,0.667,MMS_specific_up,0.333
1773931_at,NRG2,YBR066C,0.0,not_responsive,0.167,not_responsive,,,none,0.667
1773935_at,PEX27,YOR193W,0.0,not_responsive,0.167,not_responsive,,,none,0.667
1773936_at,YIL055C,YIL055C,0.333,not_responsive,1.0,robust,,0.667,ambiguous,0.667
1773938_at,SRX1,YKL086W,1.0,robust,1.0,robust,1.0,1.0,shared_up,1.0
1773939_at,GSG1,YDR108W,0.0,not_responsive,0.333,not_responsive,,,none,0.667
1773941_at,YIL127C,YIL127C,0.667,intermediate,0.917,robust,0.667,0.667,shared_down,0.667
1773946_at,YNR029C,YNR029C,0.167,not_responsive,0.0,not_responsive,,,none,0.667
1773948_at,DRS1,YLL008W,0.667,intermediate,1.0,robust,1.0,0.667,shared_down,0.667
1773949_at,DUN1,YDL101C,0.0,not_responsive,0.417,intermediate,,0.667,ambiguous,0.556
1773952_at,ARG2,YJL071W,0.083,not_responsive,0.25,not_responsive,,,none,0.667
1773953_at,PDX1,YGR193C,0.0,not_responsive,0.0,not_responsive,,,none,1.0
1773955_at,TMS1,YDR105C,0.0,not_responsive,0.167,not_responsive,,,none,0.667
1773959_at,PET20,YPL159C,0.0,not_responsive,0.25,not_responsive,,,none,0.667
1773960_at,RPS16B,YDL083C,0.0,not_responsive,1.0,robust,,0.667,MMS_specific_down,0.889
1773961_at,GND2,YGR256W,0.917,robust,0.917,robust,0.667,0.667,shared_up,1.0
1773962_at,RAD18,YCR066W,0.0,not_responsive,0.5,intermediate,,0.667,MMS_specific_up,0.333
1773963_at,YCR087C-A,YCR087C-A,0.417,intermediate,1.0,robust,0.667,0.667,shared_down,0.667
1773966_at,YPT53,YNL093W,0.25,not_responsive,0.5,intermediate,,0.667,ambiguous,0.333
1773967_at,PBP4,YDL053C,0.0,not_responsive,0.25,not_responsive,,,none,0.667
1773968_at,PHO80,YOL001W,0.0,not_responsive,0.0,not_responsive,,,none,1.0
1773969_at,KSP1,YHR082C,0.0,not_responsive,0.0,not_responsive,,,none,1.0
1773970_s_at,HXT11 /// HXT9,YJL219W,0.0,not_responsive,0.167,not_responsive,,,none,0.667
1773972_at,MRC1,YCL061C,0.0,not_responsive,0.0,not_responsive,,,none,1.0
1773973_at,BUD8,YLR353W,0.167,not_responsive,0.167,not_responsive,,,none,0.667
1773974_at,PIG1,YLR273C,0.083,not_responsive,0.333,not_responsive,,,none,0.667
1773975_at,BCK1,YJL095W,0.0,not_responsive,0.0,not_responsive,,,none,1.0
1773976_at,COS111,YBR203W,0.333,not_responsive,0.0,not_responsive,,,none,0.667
1773977_at,CPR8,YNR028W,0.0,not_responsive,0.083,not_responsive,,,none,1.0
1773978_at,YPR004C,YPR004C,0.0,not_responsive,0.167,not_responsive,,,none,0.667
1773979_at,RPT2,YDL007W,0.0,not_responsive,0.5,intermediate,,0.667,ambiguous,0.556
1773980_at,SOV1,YMR066W,0.0,not_responsive,0.0,not_responsive,,,none,1.0
1773982_at,SRP72,YPL210C,0.0,not_responsive,0.167,not_responsive,,,none,0.667
1773983_at,YLR445W,YLR445W,0.0,not_responsive,0.0,not_responsive,,,none,1.0
1773984_at,SLH1,YGR271W,0.0,not_responsive,0.083,not_responsive,,,none,1.0
1773987_at,SFH5,YJL145W,0.0,not_responsive,0.0,not_responsive,,,none,1.0
1773989_at,GWT1,YJL091C,0.0,not_responsive,0.0,not_responsive,,,none,1.0
1773992_at,TUB2,YFL037W,0.0,not_responsive,0.5,intermediate,,1.0,MMS_specific_down,0.667
1773993_at,SOD2,YHR008C,0.667,intermediate,0.75,robust,1.0,1.0,shared_up,1.0
1773994_at,ENP2,YGR145W,0.75,robust,1.0,robust,1.0,0.667,shared_down,1.0
1773995_at,SNP1,YIL061C,0.083,not_responsive,0.0,not_responsive,,,none,1.0
1773996_at,VEL1,YGL258W,0.0,not_responsive,0.167,not_responsive,,,none,0.667
1773997_at,CEP3,YMR168C,0.0,not_responsive,0.0,not_responsive,,,none,1.0
1773998_at,YGR045C,YGR045C,0.0,not_responsive,0.333,not_responsive,,,none,0.667
1774000_s_at,HXT15 /// HXT16,YDL245C,0.0,not_responsive,0.083,not_responsive,,,none,1.0
1774003_at,YLL066W-B,YLL066W-B,0.25,not_responsive,0.583,intermediate,,0.667,ambiguous,0.333
1774005_at,YNL155W,YNL155W,0.167,not_responsive,0.5,intermediate,,0.667,ambiguous,0.333
1774009_at,CCT7,YJL111W,0.0,not_responsive,0.0,not_responsive,,,none,1.0
1774010_at,UGA1,YGR019W,0.917,robust,0.917,robust,1.0,0.667,shared_up,1.0
1774011_at,PFK26,YIL107C,0.5,intermediate,0.917,robust,0.444,0.667,shared_up,0.667
1774012_at,DAL1,YIR027C,0.0,not_responsive,0.0,not_responsive,,,none,1.0
1774014_at,YKR078W,YKR078W,0.0,not_responsive,0.417,intermediate,,1.0,MMS_specific_up,0.333
1774015_at,SEF1,YBL066C,0.0,not_responsive,0.25,not_responsive,,,none,0.667
1774018_at,MTR4,YJL050W,0.667,intermediate,1.0,robust,1.0,0.667,shared_down,0.667
1774019_at,SIP18,YMR175W,0.75,robust,0.75,robust,0.667,0.667,shared_up,1.0
1774022_at,ENB1,YOL158C,0.0,not_responsive,0.5,intermediate,,0.667,ambiguous,0.556
1774025_at,HEM3,YDL205C,0.167,not_responsive,0.833,robust,,0.667,ambiguous,1.0
1774026_at,MUP1,YGR055W,0.25,not_responsive,0.417,intermediate,,0.667,ambiguous,0.333
1774027_at,NAB3,YPL190C,0.0,not_responsive,0.0,not_responsive,,,none,1.0
1774028_at,STE11,YLR362W,0.083,not_responsive,0.917,robust,,0.667,ambiguous,0.667
1774033_at,ATG13,YPR185W,0.0,not_responsive,0.5,intermediate,,0.667,MMS_specific_up,0.333
1774035_at,NOC3,YLR002C,0.5,intermediate,1.0,robust,1.0,0.667,shared_down,0.667
1774040_at,LYP1,YNL268W,0.0,not_responsive,0.083,not_responsive,,,none,1.0
1774042_at,SPC29,YPL124W,0.0,not_responsive,0.083,not_responsive,,,none,1.0
1774045_at,GRX3,YDR098C,0.0,not_responsive,0.0,not_responsive,,,none,1.0
1774049_at,RSC2,YLR357W,0.25,not_responsive,0.333,not_responsive,,,none,0.667
1774050_at,OST5,YGL226C-A,0.0,not_responsive,0.417,intermediate,,1.0,MMS_specific_down,0.667
1774052_at,BSC2,YDR275W,0.0,not_responsive,0.167,not_responsive,,,none,0.667
1774053_at,YBR271W,YBR271W,0.75,robust,0.75,robust,1.0,0.667,shared_down,1.0
1774055_at,SYG1,YIL047C,0.167,not_responsive,0.417,intermediate,,0.667,ambiguous,0.333
1774056_at,YMR031C,YMR031C,0.167,not_responsive,0.5,intermediate,,0.667,ambiguous,0.333
1774057_at,YLR345W,YLR345W,0.917,robust,1.0,robust,0.667,1.0,shared_up,1.0
1774060_at,SCS22,YBL091C-A,0.333,not_responsive,0.25,not_responsive,,,none,0.667
1774063_at,YER078W-A,YER078W-A,0.0,not_responsive,0.167,not_responsive,,,none,0.667
1774064_at,YDL121C,YDL121C,0.167,not_responsive,0.667,intermediate,,0.667,ambiguous,0.333
1774066_at,SYP1,YCR030C,0.083,not_responsive,0.417,intermediate,,0.667,ambiguous,0.556
1774069_at,YOR097C,YOR097C,0.167,not_responsive,0.25,not_responsive,,,none,0.667
1774070_at,ADH2,YMR303C,0.333,fragile,0.083,not_responsive,0.667,,ambiguous,0.556
1774071_at,SUI3,YPL237W,0.0,not_responsive,0.5,intermediate,,0.667,MMS_specific_down,0.222
1774072_at,SFC1,YJR095W,0.083,not_responsive,0.083,not_responsive,,,none,1.0
1774074_s_at,VBA3 /// VBA5,YCL069W,0.0,not_responsive,0.333,not_responsive,,,none,0.667
1774079_at,RSM23,YGL129C,0.0,not_responsive,0.0,not_responsive,,,none,1.0
1774080_at,PGM3,YMR278W,0.083,not_responsive,0.417,intermediate,,1.0,ambiguous,0.556
1774081_at,MDH2,YOL126C,0.25,not_responsive,0.083,not_responsive,,,none,0.667
1774082_at,ATG18,YFR021W,0.0,not_responsive,0.5,intermediate,,0.667,ambiguous,0.556
1774083_at,MMS21,YEL019C,0.25,not_responsive,0.333,not_responsive,,,none,0.667
1774084_at,INO2,YDR123C,0.25,not_responsive,0.5,intermediate,,1.0,ambiguous,0.333
1774085_at,ATG27,YJL178C,0.0,not_responsive,0.0,not_responsive,,,none,1.0
1774086_at,RDS3,YPR094W,0.0,not_responsive,0.0,not_responsive,,,none,1.0
1774087_at,ADY3,YDL239C,0.417,intermediate,1.0,robust,0.667,1.0,shared_up,0.667
1774090_at,YOR262W,YOR262W,0.0,not_responsive,0.0,not_responsive,,,none,1.0
1774091_at,KCS1,YDR017C,0.167,not_responsive,0.0,not_responsive,,,none,0.667
1774092_at,RRN11,YML043C,0.667,intermediate,1.0,robust,1.0,1.0,shared_down,0.667
1774093_at,AVT1,YJR001W,0.0,not_responsive,0.25,not_responsive,,,none,0.667
1774094_at,TLG1,YDR468C,0.0,not_responsive,0.0,not_responsive,,,none,1.0
1774095_at,LAG2,YOL025W,0.0,not_responsive,0.167,not_responsive,,,none,0.667
1774097_at,YDR194W-A,YDR194W-A,0.0,not_responsive,0.0,not_responsive,,,none,1.0
1774100_at,TAF6,YGL112C,0.0,not_responsive,0.0,not_responsive,,,none,1.0
1774101_at,THO2,YNL139C,0.0,not_responsive,0.167,not_responsive,,,none,0.667
1774102_at,HUT1,YPL244C,0.0,not_responsive,0.25,not_responsive,,,none,0.667
1774108_at,RSN1,YMR266W,0.417,intermediate,0.25,not_responsive,0.667,,ambiguous,0.333
1774109_at,THP1,YOL072W,0.0,not_responsive,0.25,not_responsive,,,none,0.667
1774110_at,CET1,YPL228W,0.0,not_responsive,0.167,not_responsive,,,none,0.667
1774111_at,CLU1,YMR012W,0.0,not_responsive,0.0,not_responsive,,,none,1.0
1774112_at,KIP2,YPL155C,0.0,not_responsive,0.0,not_responsive,,,none,1.0
1774113_at,POP6,YGR030C,0.333,fragile,0.167,not_responsive,1.0,,ambiguous,0.333
1774116_at,CFD1,YIL003W,0.25,not_responsive,0.417,intermediate,,1.0,ambiguous,0.333
1774117_at,YOL092W,YOL092W,0.083,not_responsive,0.5,intermediate,,0.667,ambiguous,0.667
1774119_at,RTT101,YJL047C,0.0,not_responsive,0.5,intermediate,,0.667,MMS_specific_up,0.556
1774121_at,RCR1,YBR005W,0.0,not_responsive,0.333,not_responsive,,,none,0.667
1774122_at,FDH1 /// FDH2,YOR388C,0.167,not_responsive,0.0,not_responsive,,,none,0.667
1774125_at,PPG1,YNR032W,0.167,not_responsive,0.5,intermediate,,0.667,ambiguous,0.333
1774126_at,KGD2,YDR148C,0.25,not_responsive,0.417,intermediate,,1.0,ambiguous,0.333
1774129_at,YNL195C,YNL195C,0.167,not_responsive,1.0,robust,,0.667,ambiguous,1.0
1774130_at,MKK2,YPL140C,0.0,not_responsive,0.167,not_responsive,,,none,0.667
1774134_at,ADE1,YAR015W,0.083,not_responsive,0.0,not_responsive,,,none,1.0
1774137_at,CYC7,YEL039C,1.0,robust,1.0,robust,1.0,0.667,shared_up,1.0
1774138_at,ARP3,YJR065C,0.0,not_responsive,0.25,not_responsive,,,none,0.667
1774139_at,PEX15,YOL044W,0.0,not_responsive,0.5,intermediate,,0.667,MMS_specific_up,0.556
1774142_at,GIC2,YDR309C,0.25,not_responsive,0.5,intermediate,,0.667,ambiguous,0.333
1774145_at,SUM1,YDR310C,0.083,not_responsive,0.167,not_responsive,,,none,0.667
1774146_at,EAF7,YNL136W,0.0,not_responsive,0.25,not_responsive,,,none,0.667
1774147_at,YPL009C,YPL009C,0.0,not_responsive,0.167,not_responsive,,,none,0.667
1774148_at,YMR074C,YMR074C,0.0,not_responsive,0.0,not_responsive,,,none,1.0
1774149_at,ULA1,YPL003W,0.417,intermediate,1.0,robust,0.444,0.667,shared_up,0.667
1774150_at,VAC14,YLR386W,0.0,not_responsive,0.0,not_responsive,,,none,1.0
1774151_at,ALG9,YNL219C,0.0,not_responsive,0.417,intermediate,,1.0,MMS_specific_down,0.222
1774152_at,GLR1,YPL091W,0.083,not_responsive,0.25,not_responsive,,,none,0.667
1774154_at,YPT11,YNL304W,0.0,not_responsive,0.25,not_responsive,,,none,0.667
1774156_at,FAR8,YMR029C,0.0,not_responsive,0.417,intermediate,,1.0,MMS_specific_up,0.333
1774157_at,URA10,YMR271C,0.75,robust,0.917,robust,0.667,0.667,shared_up,1.0
1774158_at,MLF3,YNL074C,0.0,not_responsive,0.25,not_responsive,,,none,0.667
1774160_at,GAL83,YER027C,0.0,not_responsive,0.5,intermediate,,0.667,ambiguous,0.556
1774161_at,PFY1,YOR122C,0.0,not_responsive,0.0,not_responsive,,,none,1.0
1774162_at,YGR111W,YGR111W,0.25,not_responsive,0.583,intermediate,,0.667,ambiguous,0.333
1774163_at,YKL096C-B,YKL096C-B,0.0,not_responsive,0.083,not_responsive,,,none,1.0
1774166_at,ECM23,YPL021W,0.083,not_responsive,0.333,not_responsive,,,none,0.667
1774167_at,MST28,YAR033W,0.0,not_responsive,0.167,not_responsive,,,none,0.667
1774169_at,GAS1,YMR307W,0.0,not_responsive,0.917,robust,,0.667,MMS_specific_down,0.556
1774170_at,RSA3,YLR221C,0.417,not_responsive,0.917,robust,,0.667,ambiguous,0.667
1774171_at,GAB1,YLR459W,0.0,not_responsive,0.25,not_responsive,,,none,0.667
1774172_at,LST8,YNL006W,0.0,not_responsive,0.167,not_responsive,,,none,0.667
1774173_at,RPD3,YNL330C,0.0,not_responsive,0.167,not_responsive,,,none,0.667
1774174_at,RPL6B,YLR448W,0.0,not_responsive,1.0,robust,,0.667,MMS_specific_down,0.556
1774175_at,ESF2,YNR054C,0.583,intermediate,0.917,robust,0.444,0.667,shared_down,0.667
1774176_at,ADE16,YLR028C,0.0,not_responsive,0.417,intermediate,,1.0,MMS_specific_up,0.333
1774177_at,YNL144C,YNL144C,0.25,not_responsive,0.417,intermediate,,0.667,ambiguous,0.333
1774180_at,LSM2,YBL026W,0.0,not_responsive,0.5,intermediate,,0.667,MMS_specific_down,0.333
1774181_at,SWC4,YGR002C,0.0,not_responsive,0.25,not_responsive,,,none,0.667
1774184_at,YCR061W,YCR061W,0.417,intermediate,0.25,not_responsive,0.667,,ambiguous,0.333
1774186_at,SSF1,YHR066W,0.833,robust,0.917,robust,1.0,0.667,shared_down,1.0
1774192_at,PSK2,YOL045W,0.0,not_responsive,0.417,intermediate,,1.0,MMS_specific_up,0.333
1774194_at,CUP9,YPL177C,0.333,not_responsive,0.417,intermediate,,0.444,ambiguous,0.333
1774195_at,CPD1,YGR247W,0.083,not_responsive,0.417,intermediate,,1.0,ambiguous,0.556
1774196_at,ESP1,YGR098C,0.0,not_responsive,0.083,not_responsive,,,none,1.0
1774200_at,GIP3,YPL137C,0.0,not_responsive,0.083,not_responsive,,,none,1.0
1774204_at,NFS1,YCL017C,0.0,not_responsive,0.0,not_responsive,,,none,1.0
1774207_at,HUL5,YGL141W,0.25,not_responsive,1.0,robust,,0.667,ambiguous,0.556
1774209_at,BSP1,YPR171W,0.0,not_responsive,0.083,not_responsive,,,none,1.0
1774211_at,TSA1,YML028W,0.0,not_responsive,0.0,not_responsive,,,none,1.0
1774218_at,NUP133,YKR082W,0.0,not_responsive,0.0,not_responsive,,,none,1.0
1774219_at,YIR035C,YIR035C,0.0,not_responsive,0.083,not_responsive,,,none,1.0
1774220_at,SBP1,YHL034C,0.0,not_responsive,0.0,not_responsive,,,none,1.0
1774221_at,ESBP6,YNL125C,0.0,not_responsive,0.083,not_responsive,,,none,1.0
1774222_at,YKR074W,YKR074W,0.0,not_responsive,0.0,not_responsive,,,none,1.0
1774223_at,HAS1,YMR290C,0.583,intermediate,1.0,robust,0.667,0.667,shared_down,0.667
1774224_at,GTB1,YDR221W,0.0,not_responsive,0.0,not_responsive,,,none,1.0
1774225_at,YCL057C-A,YCL057C-A,0.0,not_responsive,0.0,not_responsive,,,none,1.0
1774226_at,YGR012W,YGR012W,0.083,not_responsive,0.0,not_responsive,,,none,1.0
1774227_at,KEG1,YFR042W,0.25,not_responsive,0.417,intermediate,,0.667,ambiguous,0.333
1774229_at,YRA2,YKL214C,0.0,not_responsive,0.0,not_responsive,,,none,1.0
1774230_at,YMR272W-B,YMR272W-B,0.0,not_responsive,0.0,not_responsive,,,none,1.0
1774231_at,DUO1,YGL061C,0.083,not_responsive,0.0,not_responsive,,,none,1.0
1774234_at,PLP1,YDR183W,0.0,not_responsive,0.417,intermediate,,1.0,MMS_specific_up,0.333
1774236_at,PLB2,YMR006C,0.167,not_responsive,1.0,robust,,0.667,ambiguous,0.556
1774237_at,NPA3,YJR072C,0.0,not_responsive,0.0,not_responsive,,,none,1.0
1774239_at,YGR079W,YGR079W,0.583,intermediate,1.0,robust,1.0,1.0,shared_down,0.667
1774240_at,SPR3,YGR059W,0.0,not_responsive,0.417,intermediate,,1.0,MMS_specific_up,0.444
1774241_at,AAT2,YLR027C,0.0,not_responsive,0.0,not_responsive,,,none,1.0
1774243_at,MND2,YIR025W,0.083,not_responsive,1.0,robust,,0.667,ambiguous,0.889
1774245_at,YFR012W-A,YFR012W-A,0.0,not_responsive,0.0,not_responsive,,,none,1.0
1774246_at,LOT6,YLR011W,0.0,not_responsive,0.25,not_responsive,,,none,0.667
1774253_at,MRPL19,YNL185C,0.083,not_responsive,0.167,not_responsive,,,none,0.667
1774255_at,RPL15B,YMR121C,0.0,not_responsive,0.25,not_responsive,,,none,0.667
1774257_at,BUD25,YER014C-A,0.0,not_responsive,0.167,not_responsive,,,none,1.0
1774258_at,CDC27,YBL084C,0.0,not_responsive,0.0,not_responsive,,,none,1.0
1774259_at,YOR387C,YOR387C,0.0,not_responsive,0.0,not_responsive,,,none,1.0
1774263_at,EGT2,YNL327W,0.083,not_responsive,0.833,robust,,0.667,ambiguous,0.889
1774264_at,ERV14,YGL054C,0.0,not_responsive,0.0,not_responsive,,,none,1.0
1774265_at,SUP35,YDR172W,0.167,not_responsive,0.75,robust,,0.667,ambiguous,0.556
1774270_at,TOF1,YNL273W,0.0,not_responsive,0.083,not_responsive,,,none,1.0
1774274_at,TAH1,YCR060W,0.0,not_responsive,0.667,intermediate,,0.667,MMS_specific_down,0.667
1774275_at,RPS17A,YML024W,0.0,not_responsive,0.417,intermediate,,1.0,MMS_specific_down,0.556
1774276_at,SSB2,YNL209W,0.0,not_responsive,1.0,robust,,0.667,MMS_specific_down,0.889
1774277_at,FCF1,YDR339C,0.25,not_responsive,0.25,not_responsive,,,none,0.667
1774279_at,GLO3,YER122C,0.0,not_responsive,0.0,not_responsive,,,none,1.0
1774282_at,DIC1,YLR348C,0.0,not_responsive,0.167,not_responsive,,,none,0.667
1774287_at,CRD1,YDL142C,0.167,not_responsive,0.833,robust,,0.667,ambiguous,0.556
1774288_at,CDC34,YDR054C,0.083,not_responsive,0.0,not_responsive,,,none,1.0
1774289_at,FUN26,YAL022C,0.0,not_responsive,0.0,not_responsive,,,none,1.0
1774290_at,PYC2,YBR218C,0.0,not_responsive,0.0,not_responsive,,,none,1.0
1774295_at,SPP382,YLR424W,0.083,not_responsive,0.0,not_responsive,,,none,1.0
1774296_at,SLX8,YER116C,0.0,not_responsive,0.167,not_responsive,,,none,0.667
1774300_at,GCN4,YEL009C,0.0,not_responsive,0.0,not_responsive,,,none,1.0
1774303_at,RSC3,YDR303C,0.0,not_responsive,0.167,not_responsive,,,none,0.667
1774308_at,TOM1,YDR457W,0.0,not_responsive,0.0,not_responsive,,,none,1.0
1774312_at,BRE4,YDL231C,0.0,not_responsive,0.0,not_responsive,,,none,1.0
1774313_at,BMS1,YPL217C,0.583,intermediate,1.0,robust,0.667,0.667,shared_down,0.667
1774315_at,PPZ2,YDR436W,0.333,not_responsive,1.0,robust,,0.667,ambiguous,0.667
1774317_at,HSE1,YHL002W,0.0,not_responsive,0.833,robust,,0.667,MMS_specific_up,0.556
1774321_at,DAL3,YIR032C,0.417,intermediate,0.5,intermediate,0.667,0.667,shared_up,0.667
1774323_at,DAL2,YIR029W,0.0,not_responsive,0.25,not_responsive,,,none,0.667
1774324_at,YCK1,YHR135C,0.0,not_responsive,0.0,not_responsive,,,none,1.0
1774326_at,MEF2,YJL102W,0.25,not_responsive,0.833,robust,,0.667,ambiguous,0.667
1774327_at,NTF2,YER009W,0.0,not_responsive,0.0,not_responsive,,,none,1.0
1774328_at,YPR108W-A,YPR108W-A,0.0,not_responsive,0.0,not_responsive,,,none,1.0
1774330_at,JSN1,YJR091C,0.167,not_responsive,0.083,not_responsive,,,none,0.667
1774332_at,SEC31,YDL195W,0.0,not_responsive,0.167,not_responsive,,,none,0.667
1774334_at,RPS28A,YOR167C,0.0,not_responsive,0.333,not_responsive,,,none,0.667
1774335_at,NOP58,YOR310C,0.417,not_responsive,1.0,robust,,0.667,ambiguous,0.667
1774337_at,SCW10,YMR305C,0.0,not_responsive,1.0,robust,,0.667,MMS_specific_down,0.667
1774339_at,YOL048C,YOL048C,0.833,robust,1.0,robust,0.667,0.667,shared_up,1.0
1774340_at,FBP26,YJL155C,0.583,intermediate,1.0,robust,1.0,1.0,shared_up,1.0
1774341_at,YSP2,YDR326C,0.167,not_responsive,0.417,intermediate,,1.0,ambiguous,0.222
1774342_at,MYO2,YOR326W,0.0,not_responsive,0.0,not_responsive,,,none,1.0
1774343_at,YDR065W,YDR065W,0.083,not_responsive,0.417,intermediate,,1.0,ambiguous,0.667
1774346_at,ENO1,YGR254W,0.0,not_responsive,0.0,not_responsive,,,none,1.0
1774347_at,IKI3,YLR384C,0.333,not_responsive,0.583,intermediate,,0.667,ambiguous,0.333
1774348_at,YIP1,YGR172C,0.0,not_responsive,0.0,not_responsive,,,none,1.0
1774349_at,MRT4,YKL009W,0.667,intermediate,1.0,robust,1.0,0.667,shared_down,0.667
1774351_at,POS5,YPL188W,0.0,not_responsive,0.25,not_responsive,,,none,0.667
1774353_at,YDR185C,YDR185C,0.0,not_responsive,0.0,not_responsive,,,none,1.0
1774354_at,DDR2,YOL052C-A,1.0,robust,1.0,robust,1.0,1.0,shared_up,1.0
1774355_at,MYO3,YKL129C,0.333,not_responsive,0.667,intermediate,,0.667,ambiguous,0.556
1774356_at,YHL026C,YHL026C,0.0,not_responsive,0.167,not_responsive,,,none,0.667
1774357_at,VPS70,YJR126C,0.0,not_responsive,0.0,not_responsive,,,none,1.0
1774358_at,RVS167,YDR388W,0.0,not_responsive,0.25,not_responsive,,,none,0.667
1774360_at,YLR392C,YLR392C,0.167,not_responsive,0.75,robust,,0.667,ambiguous,0.444
1774361_at,COQ2,YNR041C,0.0,not_responsive,0.167,not_responsive,,,none,0.667
1774362_at,NOP16,YER002W,0.417,intermediate,0.667,intermediate,0.667,0.667,shared_down,0.667
1774365_at,MET14,YKL001C,0.333,not_responsive,0.083,not_responsive,,,none,0.667
1774367_at,NUP192,YJL039C,0.0,not_responsive,0.083,not_responsive,,,none,1.0
1774369_at,COX4,YGL187C,0.083,not_responsive,0.417,intermediate,,0.667,ambiguous,0.556
1774371_at,RPL33A,YPL143W,0.0,not_responsive,0.333,not_responsive,,,none,0.667
1774373_at,CPT1,YNL130C,0.0,not_responsive,0.0,not_responsive,,,none,1.0
1774375_at,TRX2,YGR209C,0.167,not_responsive,0.25,not_responsive,,,none,0.667
1774376_at,HOM2,YDR158W,0.0,not_responsive,0.0,not_responsive,,,none,1.0
1774377_at,CAT2,YML042W,0.5,intermediate,0.667,intermediate,0.667,0.667,shared_up,0.667
1774383_at,SUB2,YDL084W,0.0,not_responsive,0.167,not_responsive,,,none,0.667
1774387_at,UBC11,YOR339C,0.083,not_responsive,0.25,not_responsive,,,none,0.667
1774390_at,SNT309,YPR101W,0.0,not_responsive,0.0,not_responsive,,,none,1.0
1774394_at,TGL5,YOR081C,0.0,not_responsive,0.0,not_responsive,,,none,1.0
1774396_at,GPA2,YER020W,0.25,not_responsive,0.75,robust,,0.667,ambiguous,0.667
1774401_at,PMA1,YGL008C,0.0,not_responsive,0.5,intermediate,,0.667,MMS_specific_down,0.556
1774402_at,YNR075C-A,YNR075C-A,0.0,not_responsive,0.167,not_responsive,,,none,0.667
1774403_at,YLR177W,YLR177W,0.417,intermediate,1.0,robust,0.667,1.0,shared_up,0.667
1774404_at,ARP10,YDR106W,0.0,not_responsive,0.0,not_responsive,,,none,1.0
1774409_at,CAD1,YDR423C,0.083,not_responsive,0.667,intermediate,,0.667,ambiguous,0.889
1774424_at,COX5A,YNL052W,0.0,not_responsive,0.75,robust,,0.667,MMS_specific_down,0.889
1774425_at,GLN1,YPR035W,0.0,not_responsive,0.583,intermediate,,0.667,MMS_specific_down,0.333
1774426_at,APN2,YBL019W,0.083,not_responsive,0.5,intermediate,,0.667,ambiguous,0.556
1774427_at,MRPL32,YCR003W,0.0,not_responsive,0.083,not_responsive,,,none,1.0
1774429_at,YPL279C,YPL279C,0.167,not_responsive,0.583,intermediate,,0.667,ambiguous,0.222
1774430_at,MAL33,YBR297W,0.25,not_responsive,0.917,robust,,0.667,ambiguous,0.556
1774433_at,VPS54,YDR027C,0.0,not_responsive,0.5,intermediate,,0.667,MMS_specific_up,0.222
1774434_at,YDR131C,YDR131C,0.083,not_responsive,0.417,intermediate,,1.0,ambiguous,0.556
1774435_at,FMP33,YJL161W,1.0,robust,1.0,robust,1.0,1.0,shared_up,1.0
1774438_at,FCP1,YMR277W,0.25,not_responsive,0.0,not_responsive,,,none,0.667
1774440_at,HFD1,YMR110C,0.25,not_responsive,0.583,intermediate,,0.667,ambiguous,0.333
1774442_at,MSM1,YGR171C,0.0,not_responsive,0.0,not_responsive,,,none,1.0
1774444_at,ATG5,YPL149W,0.0,not_responsive,0.417,intermediate,,1.0,MMS_specific_up,0.333
1774445_at,PFK1,YGR240C,0.0,not_responsive,0.333,not_responsive,,,none,0.667
1774453_at,DBP9,YLR276C,0.667,intermediate,0.833,robust,1.0,0.667,shared_down,0.667
1774459_at,POL12,YBL035C,0.25,not_responsive,0.0,not_responsive,,,none,0.667
1774460_at,YJL181W,YJL181W,0.0,not_responsive,0.167,not_responsive,,,none,0.667
1774461_at,YBR090C,YBR090C,0.0,not_responsive,0.0,not_responsive,,,none,1.0
1774462_at,SIN4,YNL236W,0.0,not_responsive,0.5,intermediate,,0.667,MMS_specific_up,0.333
1774467_at,PZF1,YPR186C,0.167,not_responsive,0.25,not_responsive,,,none,0.667
1774468_at,GCN2,YDR283C,0.0,not_responsive,0.0,not_responsive,,,none,1.0
1774469_at,YDR089W,YDR089W,0.083,not_responsive,0.583,intermediate,,0.667,ambiguous,0.556
1774470_at,YLR065C,YLR065C,0.0,not_responsive,0.333,not_responsive,,,none,0.667
1774473_at,RPP2A,YOL039W,0.0,not_responsive,0.25,not_responsive,,,none,0.667
1774475_at,SLP1,YOR154W,0.25,not_responsive,0.5,intermediate,,0.667,ambiguous,0.333
1774476_at,NAT5,YOR253W,0.0,not_responsive,0.333,not_responsive,,,none,0.667
1774477_at,PAC2,YER007W,0.0,not_responsive,0.5,intermediate,,0.667,MMS_specific_up,0.556
1774478_at,PCL10,YGL134W,0.0,not_responsive,0.0,not_responsive,,,none,1.0
1774480_at,SAM50,YNL026W,0.083,not_responsive,0.667,intermediate,,0.667,ambiguous,0.778
1774482_at,TRX1,YLR043C,0.0,not_responsive,0.0,not_responsive,,,none,1.0
1774485_at,MPM1,YJL066C,0.583,intermediate,0.583,intermediate,0.444,0.667,shared_up,0.667
1774486_at,SSA2,YLL024C,0.0,not_responsive,0.0,not_responsive,,,none,1.0
1774488_at,YOL107W,YOL107W,0.0,not_responsive,0.083,not_responsive,,,none,1.0
1774489_at,YDR248C,YDR248C,0.25,not_responsive,0.333,not_responsive,,,none,0.667
1774490_at,PEX10,YDR265W,0.0,not_responsive,0.5,intermediate,,0.667,MMS_specific_up,0.333
1774491_s_at,MAL12 /// MAL32,YBR299W,0.333,not_responsive,0.0,not_responsive,,,none,0.667
1774495_at,GAD1,YMR250W,1.0,robust,1.0,robust,1.0,1.0,shared_up,1.0
1774496_at,YHR213W-A,YHR213W-A,0.0,not_responsive,0.0,not_responsive,,,none,1.0
1774499_at,RSC58,YLR033W,0.167,not_responsive,0.0,not_responsive,,,none,0.667
1774500_at,ARR3,YPR201W,0.833,robust,0.667,intermediate,1.0,1.0,shared_up,1.0
1774501_at,YMR084W,YMR084W,0.417,not_responsive,0.417,intermediate,,1.0,ambiguous,0.333
1774502_at,SEC12,YNR026C,0.0,not_responsive,0.0,not_responsive,,,none,1.0
1774503_at,UTP11,YKL099C,0.667,intermediate,0.917,robust,1.0,0.667,shared_down,0.667
1774504_at,SNX3,YOR357C,0.0,not_responsive,0.083,not_responsive,,,none,1.0
1774505_at,SYF2,YGR129W,0.0,not_responsive,0.0,not_responsive,,,none,1.0
1774507_at,ROD1,YOR018W,0.583,intermediate,0.5,intermediate,1.0,1.0,shared_up,0.667
1774509_at,SCJ1,YMR214W,0.0,not_responsive,0.0,not_responsive,,,none,1.0
1774511_at,AAD4,YDL243C,1.0,robust,1.0,robust,1.0,1.0,shared_up,1.0
1774512_at,ABZ1,YNR033W,0.0,not_responsive,0.5,intermediate,,0.667,MMS_specific_up,0.222
1774513_at,MNN11,YJL183W,0.0,not_responsive,0.5,intermediate,,0.667,ambiguous,0.556
1774515_at,TFC7,YOR110W,0.0,not_responsive,0.25,not_responsive,,,none,0.667
1774516_at,INO4,YOL108C,0.0,not_responsive,0.5,intermediate,,0.667,MMS_specific_up,0.556
1774517_at,YPL277C,YPL277C,0.0,not_responsive,0.083,not_responsive,,,none,1.0
1774521_at,PTC3,YBL056W,0.0,not_responsive,0.25,not_responsive,,,none,0.667
1774522_at,SNF11,YDR073W,0.0,not_responsive,0.0,not_responsive,,,none,1.0
1774523_at,YGR226C,YGR226C,0.0,not_responsive,0.083,not_responsive,,,none,1.0
1774525_at,RPL36B,YPL249C-A,0.0,not_responsive,0.333,fragile,,1.0,MMS_specific_down,0.667
1774526_at,ARE2,YNR019W,0.167,not_responsive,0.167,not_responsive,,,none,0.667
1774527_at,FTH1,YBR207W,0.0,not_responsive,0.0,not_responsive,,,none,1.0
1774529_at,COX18,YGR062C,0.0,not_responsive,0.0,not_responsive,,,none,1.0
1774534_at,DGR1,YNL130C-A,0.0,not_responsive,0.0,not_responsive,,,none,1.0
1774540_at,SOL4,YGR248W,1.0,robust,1.0,robust,1.0,1.0,shared_up,1.0
1774541_at,PWP1,YLR196W,0.5,intermediate,1.0,robust,0.667,0.667,shared_down,0.667
1774545_at,SDP1,YIL113W,0.917,robust,1.0,robust,1.0,1.0,shared_up,1.0
1774546_at,SLX4,YLR135W,0.0,not_responsive,0.0,not_responsive,,,none,1.0
1774548_at,MRPS17,YMR188C,0.0,not_responsive,0.083,not_responsive,,,none,1.0
1774550_at,ISC1,YER019W,0.0,not_responsive,0.167,not_responsive,,,none,0.667
1774551_at,TOM71,YHR117W,0.0,not_responsive,0.0,not_responsive,,,none,1.0
1774553_at,MAM3,YOL060C,0.0,not_responsive,0.25,not_responsive,,,none,0.667
1774554_at,JAC1,YGL018C,0.0,not_responsive,0.0,not_responsive,,,none,1.0
1774556_at,HCH1,YNL281W,0.0,not_responsive,0.0,not_responsive,,,none,1.0
1774558_at,PHO85,YPL031C,0.0,not_responsive,0.5,intermediate,,0.667,MMS_specific_up,0.222
1774560_at,SMF3,YLR034C,0.0,not_responsive,0.5,intermediate,,0.667,MMS_specific_up,0.333
1774561_at,RMP1,YLR145W,0.083,not_responsive,0.5,intermediate,,0.667,ambiguous,0.556
1774564_at,HSP104,YLL026W,0.5,intermediate,0.75,robust,0.667,0.667,shared_up,0.667
1774565_at,YFH7,YFR007W,0.167,not_responsive,0.25,not_responsive,,,none,0.667
1774570_at,AFT1,YGL071W,0.0,not_responsive,0.167,not_responsive,,,none,0.667
1774571_at,YGR126W,YGR126W,0.0,not_responsive,0.0,not_responsive,,,none,1.0
1774576_at,PSY2,YNL201C,0.167,not_responsive,0.083,not_responsive,,,none,0.667
1774583_at,DUG2,YBR281C,0.0,not_responsive,0.0,not_responsive,,,none,1.0
1774584_at,YHR202W,YHR202W,0.167,not_responsive,0.0,not_responsive,,,none,0.667
1774585_at,YKR070W,YKR070W,0.0,not_responsive,0.0,not_responsive,,,none,1.0
1774590_at,GYP1,YOR070C,0.0,not_responsive,0.25,not_responsive,,,none,0.667
1774592_at,SPS4,YOR313C,1.0,robust,0.917,robust,1.0,1.0,shared_down,1.0
1774593_at,BIO2,YGR286C,0.167,not_responsive,0.25,not_responsive,,,none,0.667
1774594_at,PAN3,YKL025C,0.0,not_responsive,0.333,not_responsive,,,none,0.667
1774595_at,YCL047C,YCL047C,0.0,not_responsive,0.0,not_responsive,,,none,1.0
1774596_s_at,RPS18A /// RPS18B,YML026C,0.0,not_responsive,0.167,not_responsive,,,none,0.667
1774600_at,KEM1,YGL173C,0.0,not_responsive,0.0,not_responsive,,,none,1.0
1774601_at,YLR057W,YLR057W,0.083,not_responsive,0.25,not_responsive,,,none,0.667
1774604_at,THS1,YIL078W,0.0,not_responsive,0.083,not_responsive,,,none,1.0
1774605_at,CSG2,YBR036C,0.0,not_responsive,0.0,not_responsive,,,none,1.0
1774610_at,MNE1,YOR350C,0.0,not_responsive,0.083,not_responsive,,,none,1.0
1774612_at,YPL150W,YPL150W,0.0,not_responsive,0.417,intermediate,,1.0,MMS_specific_up,0.333
1774613_at,IMP2',YIL154C,0.25,not_responsive,0.833,robust,,0.667,ambiguous,0.556
1774614_at,YNL200C,YNL200C,0.75,robust,1.0,robust,0.667,0.667,shared_up,1.0
1774617_at,YKL077W,YKL077W,0.0,not_responsive,0.083,not_responsive,,,none,1.0
1774618_at,DAD4,YDR320C-A,0.0,not_responsive,0.083,not_responsive,,,none,1.0
1774621_at,RPL36A,YMR194W,0.0,not_responsive,0.833,robust,,0.667,ambiguous,0.667
1774622_at,PSF3,YOL146W,0.083,not_responsive,0.25,not_responsive,,,none,0.667
1774627_at,PMI40,YER003C,0.0,not_responsive,0.25,not_responsive,,,none,0.667
1774629_at,YPK1,YKL126W,0.0,not_responsive,0.25,not_responsive,,,none,0.667
1774631_at,YMR182W-A,YMR182W-A,0.0,not_responsive,0.083,not_responsive,,,none,1.0
1774633_at,YJU3,YKL094W,0.167,not_responsive,0.25,not_responsive,,,none,0.667
1774641_at,PRP19,YLL036C,0.083,not_responsive,0.0,not_responsive,,,none,1.0
1774643_at,ATS1,YAL020C,0.0,not_responsive,0.25,not_responsive,,,none,0.667
1774644_at,YME2,YMR302C,0.083,not_responsive,0.25,not_responsive,,,none,0.667
1774645_at,YDR003W-A,YDR003W-A,0.5,intermediate,0.833,robust,1.0,1.0,shared_up,0.667
1774648_at,CAF4,YKR036C,0.083,not_responsive,0.0,not_responsive,,,none,1.0
1774649_at,DLT1,YMR126C,0.0,not_responsive,0.25,not_responsive,,,none,0.667
1774650_at,MSC6,YOR354C,0.0,not_responsive,0.0,not_responsive,,,none,1.0
1774651_at,KEX1,YGL203C,0.0,not_responsive,0.0,not_responsive,,,none,1.0
1774653_at,YNL100W,YNL100W,0.333,not_responsive,0.5,intermediate,,0.667,ambiguous,0.333
1774658_at,YHR020W,YHR020W,0.167,not_responsive,0.5,intermediate,,0.667,ambiguous,0.333
1774660_at,IZH3,YLR023C,0.0,not_responsive,0.417,intermediate,,1.0,MMS_specific_down,0.333
1774661_at,YAP1801,YHR161C,0.167,not_responsive,0.583,intermediate,,0.667,ambiguous,0.333
1774663_at,DHH1,YDL160C,0.0,not_responsive,0.583,intermediate,,0.667,MMS_specific_down,0.333
1774665_at,PEX30,YLR324W,0.417,intermediate,0.917,robust,0.667,0.667,shared_up,0.667
1774666_at,SEC66,YBR171W,0.0,not_responsive,0.0,not_responsive,,,none,1.0
1774667_at,TIF4632,YGL049C,0.0,not_responsive,0.083,not_responsive,,,none,1.0
1774668_at,SIF2,YBR103W,0.0,not_responsive,0.417,intermediate,,1.0,MMS_specific_up,0.667
1774669_at,YBR196C-B,YBR196C-B,0.0,not_responsive,0.0,not_responsive,,,none,1.0
1774670_at,YPL108W,YPL108W,0.25,not_responsive,0.5,intermediate,,0.667,ambiguous,0.333
1774671_at,PET10,YKR046C,0.0,not_responsive,0.25,not_responsive,,,none,0.667
1774673_at,VPS29,YHR012W,0.083,not_responsive,0.5,intermediate,,0.667,ambiguous,0.556
1774675_at,RNR2,YJL026W,0.167,not_responsive,0.25,not_responsive,,,none,0.667
1774676_at,SPT16,YGL207W,0.0,not_responsive,0.0,not_responsive,,,none,1.0
1774677_at,MSA1,YOR066W,0.0,not_responsive,0.083,not_responsive,,,none,1.0
1774678_at,HST2,YPL015C,0.333,not_responsive,0.417,intermediate,,1.0,ambiguous,0.333
1774682_at,RSM25,YIL093C,0.083,not_responsive,0.0,not_responsive,,,none,1.0
1774685_at,ACA1,YER045C,0.083,not_responsive,0.167,not_responsive,,,none,0.667
1774687_at,WAR1,YML076C,0.0,not_responsive,0.083,not_responsive,,,none,1.0
1774689_at,SPT2,YER161C,0.0,not_responsive,0.083,not_responsive,,,none,1.0
1774690_at,DPB11,YJL090C,0.0,not_responsive,0.25,not_responsive,,,none,0.667
1774691_at,POL30,YBR088C,0.167,not_responsive,0.0,not_responsive,,,none,0.667
1774693_at,KRI1,YNL308C,0.417,not_responsive,1.0,robust,,0.667,ambiguous,0.667
1774694_at,YDL063C,YDL063C,0.667,intermediate,1.0,robust,1.0,0.667,shared_down,0.667
1774696_at,HSP31,YDR533C,1.0,robust,1.0,robust,1.0,1.0,shared_up,1.0
1774697_at,YLR168C,YLR168C,0.0,not_responsive,0.417,intermediate,,1.0,MMS_specific_up,0.222
1774699_at,PRR2,YDL214C,0.167,not_responsive,0.25,not_responsive,,,none,0.667
1774703_at,DIB1,YPR082C,0.0,not_responsive,0.333,not_responsive,,,none,0.667
1774705_at,MTD1,YKR080W,0.0,not_responsive,0.25,not_responsive,,,none,0.667
1774707_at,RPN8,YOR261C,0.0,not_responsive,0.25,not_responsive,,,none,0.667
1774709_at,REV3,YPL167C,0.0,not_responsive,0.0,not_responsive,,,none,1.0
1774710_at,YMC2,YBR104W,0.25,not_responsive,0.5,intermediate,,0.667,ambiguous,0.333
1774713_at,PRE1,YER012W,0.0,not_responsive,0.25,not_responsive,,,none,0.667
1774715_at,PFK27,YOL136C,0.083,not_responsive,0.417,intermediate,,1.0,ambiguous,0.556
1774716_at,GYP7,YDL234C,0.333,not_responsive,1.0,robust,,0.667,ambiguous,0.667
1774717_at,YAP5,YIR018W,0.0,not_responsive,0.0,not_responsive,,,none,1.0
1774718_at,TIF4631,YGR162W,0.25,not_responsive,0.75,robust,,0.667,ambiguous,0.667
1774719_at,CGR1,YGL029W,0.667,intermediate,1.0,robust,1.0,0.667,shared_down,0.667
1774720_at,NAF1,YNL124W,0.75,robust,1.0,robust,1.0,0.667,shared_down,1.0
1774721_at,ENP1,YBR247C,0.667,intermediate,1.0,robust,1.0,0.667,shared_down,0.667
1774723_at,UBX5,YDR330W,0.25,not_responsive,0.917,robust,,0.667,ambiguous,0.667
1774725_at,POP1,YNL221C,0.167,not_responsive,0.083,not_responsive,,,none,0.667
1774727_at,RPN13,YLR421C,0.0,not_responsive,0.25,not_responsive,,,none,0.667
1774728_at,VPS9,YML097C,0.083,not_responsive,0.083,not_responsive,,,none,1.0
1774729_at,YBR241C,YBR241C,0.75,robust,0.917,robust,1.0,0.667,shared_up,1.0
1774736_at,YPR098C,YPR098C,0.333,not_responsive,0.25,not_responsive,,,none,0.667
1774737_at,COG2,YGR120C,0.0,not_responsive,0.0,not_responsive,,,none,1.0
1774739_at,HIS5,YIL116W,0.0,not_responsive,0.333,not_responsive,,,none,0.667
1774742_at,YPR157W,YPR157W,0.5,not_responsive,0.083,not_responsive,,,none,0.667
1774743_at,DAD3,YBR233W-A,0.333,not_responsive,0.5,intermediate,,0.667,ambiguous,0.333
1774744_at,YDR282C,YDR282C,0.083,not_responsive,0.5,intermediate,,0.667,ambiguous,0.556
1774748_at,CDC33,YOL139C,0.0,not_responsive,0.667,intermediate,,0.667,MMS_specific_down,0.667
1774749_at,AAD10,YJR155W,0.25,not_responsive,0.083,not_responsive,,,none,0.667
1774750_at,LDB19,YOR322C,0.0,not_responsive,0.0,not_responsive,,,none,1.0
1774755_at,MAG2,YLR427W,0.0,not_responsive,0.5,intermediate,,0.667,MMS_specific_up,0.556
1774756_at,TSL1,YML100W,1.0,robust,1.0,robust,1.0,1.0,shared_up,1.0
1774757_at,RRP12,YPL012W,0.667,intermediate,1.0,robust,1.0,0.667,shared_down,0.667
1774759_at,YDR286C,YDR286C,0.0,not_responsive,0.0,not_responsive,,,none,1.0
1774762_at,SAK1,YER129W,0.0,not_responsive,0.0,not_responsive,,,none,1.0
1774764_at,NRK1,YNL129W,0.083,not_responsive,0.0,not_responsive,,,none,1.0
1774765_at,SEH1,YGL100W,0.0,not_responsive,0.0,not_responsive,,,none,1.0
1774766_s_at,YRF1-1 /// YRF1-2 /// YRF1-3 /// YRF1-4 /// YRF1-5 /// YRF1-6 /// YRF1-7 /// YRF1-8,YBL112C,0.083,not_responsive,0.917,robust,,1.0,ambiguous,0.667
1774767_at,OTU1,YFL044C,0.083,not_responsive,0.083,not_responsive,,,none,1.0
1774768_at,TYS1,YGR185C,0.0,not_responsive,0.167,not_responsive,,,none,0.667
1774769_at,PRM2,YIL037C,0.083,not_responsive,0.167,not_responsive,,,none,0.667
1774770_at,ENT5,YDR153C,0.0,not_responsive,0.25,not_responsive,,,none,0.667
1774772_at,YTA7,YGR270W,0.0,not_responsive,0.0,not_responsive,,,none,1.0
1774775_at,SSP1,YHR184W,0.083,not_responsive,0.0,not_responsive,,,none,1.0
1774776_at,PPT2,YPL148C,0.083,not_responsive,0.083,not_responsive,,,none,1.0
1774777_at,NQM1,YGR043C,0.917,robust,1.0,robust,1.0,0.667,shared_up,1.0
1774778_at,CRC1,YOR100C,0.917,robust,0.917,robust,0.667,1.0,shared_up,1.0
1774779_at,YPT31,YER031C,0.0,not_responsive,0.167,not_responsive,,,none,0.667
1774780_at,SLC1,YDL052C,0.0,not_responsive,0.0,not_responsive,,,none,1.0
1774787_at,TRI1,YMR233W,0.167,not_responsive,0.5,intermediate,,0.667,ambiguous,0.333
1774791_at,IES6,YEL044W,0.0,not_responsive,0.0,not_responsive,,,none,1.0
1774796_at,ABM1,YJR108W,0.0,not_responsive,0.083,not_responsive,,,none,1.0
1774797_at,DPB4,YDR121W,0.25,not_responsive,0.0,not_responsive,,,none,0.667
1774801_at,SER1,YOR184W,0.0,not_responsive,0.0,not_responsive,,,none,1.0
1774802_at,RPS11A,YDR025W,0.0,not_responsive,1.0,robust,,0.667,MMS_specific_down,0.667
1774804_at,ATG3,YNR007C,0.25,not_responsive,1.0,robust,,0.667,ambiguous,0.556
1774805_at,PET18,YCR020C,0.0,not_responsive,0.583,intermediate,,1.0,MMS_specific_up,0.222
1774806_at,SHM1,YBR263W,0.0,not_responsive,0.083,not_responsive,,,none,1.0
1774807_at,GGA2,YHR108W,0.0,not_responsive,0.0,not_responsive,,,none,1.0
1774810_at,SIR3,YLR442C,0.0,not_responsive,0.083,not_responsive,,,none,1.0
1774812_at,SPT23,YKL020C,0.0,not_responsive,0.0,not_responsive,,,none,1.0
1774813_at,MSR1,YHR091C,0.0,not_responsive,0.0,not_responsive,,,none,1.0
1774817_at,PHR1,YOR386W,0.75,robust,0.667,intermediate,0.667,0.667,shared_up,1.0
1774819_at,YSH1,YLR277C,0.0,not_responsive,0.25,not_responsive,,,none,0.667
1774820_at,YOR287C,YOR287C,0.833,robust,1.0,robust,1.0,0.667,shared_down,1.0
1774822_at,CTF3,YLR381W,0.0,not_responsive,0.0,not_responsive,,,none,1.0
1774824_at,YLR194C,YLR194C,0.083,not_responsive,0.417,intermediate,,1.0,ambiguous,0.667
1774826_at,TMA19,YKL056C,0.0,not_responsive,0.0,not_responsive,,,none,1.0
1774829_at,TIR3,YIL011W,0.167,not_responsive,0.083,not_responsive,,,none,0.667
1774832_x_at,YOL166W-A,YOL166W-A,0.0,not_responsive,0.0,not_responsive,,,none,1.0
1774833_at,COX17,YLL009C,0.417,intermediate,0.167,not_responsive,0.444,,ambiguous,0.333
1774835_at,BCY1,YIL033C,0.083,not_responsive,0.25,not_responsive,,,none,0.667
1774837_at,TRS23,YDR246W,0.0,not_responsive,0.25,not_responsive,,,none,0.667
1774838_at,MLH3,YPL164C,0.0,not_responsive,0.25,not_responsive,,,none,0.667
1774840_at,CHO2,YGR157W,0.0,not_responsive,0.0,not_responsive,,,none,1.0
1774842_at,HSP150,YJL159W,0.0,not_responsive,0.083,not_responsive,,,none,1.0
1774843_at,RTN1,YDR233C,0.0,not_responsive,0.583,intermediate,,0.667,MMS_specific_down,0.333
1774844_at,PRO2,YOR323C,0.0,not_responsive,0.0,not_responsive,,,none,1.0
1774845_at,SMA2,YML066C,0.0,not_responsive,0.0,not_responsive,,,none,1.0
1774846_at,SEC28,YIL076W,0.0,not_responsive,0.0,not_responsive,,,none,1.0
1774850_at,TAF3,YPL011C,0.0,not_responsive,0.167,not_responsive,,,none,0.667
1774852_at,KRE1,YNL322C,0.0,not_responsive,0.0,not_responsive,,,none,1.0
1774855_at,SPS2,YDR522C,0.0,not_responsive,0.0,not_responsive,,,none,1.0
1774856_at,YFH1,YDL120W,0.0,not_responsive,0.0,not_responsive,,,none,1.0
1774857_at,RAD24,YER173W,0.0,not_responsive,0.0,not_responsive,,,none,1.0
1774858_at,PES4,YFR023W,0.0,not_responsive,0.0,not_responsive,,,none,1.0
1774859_at,MET6,YER091C,0.5,intermediate,0.333,fragile,0.444,0.667,shared_up,0.333
1774860_at,DPM1,YPR183W,0.0,not_responsive,0.083,not_responsive,,,none,1.0
1774861_at,RET3,YPL010W,0.0,not_responsive,0.0,not_responsive,,,none,1.0
1774863_at,YLR012C,YLR012C,0.167,not_responsive,0.167,not_responsive,,,none,0.667
1774864_at,VTI1,YMR197C,0.0,not_responsive,0.5,intermediate,,0.667,MMS_specific_up,0.333
1774868_at,YIL001W,YIL001W,0.0,not_responsive,0.333,not_responsive,,,none,0.667
1774870_at,JHD1,YER051W,0.0,not_responsive,0.0,not_responsive,,,none,1.0
1774871_at,YMR148W,YMR148W,0.083,not_responsive,0.0,not_responsive,,,none,1.0
1774873_at,YKR017C,YKR017C,0.0,not_responsive,0.417,intermediate,,1.0,MMS_specific_up,0.222
1774874_at,CDC123,YLR215C,0.083,not_responsive,0.083,not_responsive,,,none,1.0
1774876_at,MYO5,YMR109W,0.0,not_responsive,0.167,not_responsive,,,none,0.667
1774877_at,MED2,YDL005C,0.0,not_responsive,0.0,not_responsive,,,none,1.0
1774878_at,MRPL10,YNL284C,0.0,not_responsive,0.0,not_responsive,,,none,1.0
1774880_at,SFT1,YKL006C-A,0.0,not_responsive,0.25,not_responsive,,,none,0.667
1774883_at,SAS10,YDL153C,0.583,intermediate,0.75,robust,0.667,0.667,shared_down,0.667
1774885_at,CPS1,YJL172W,0.25,not_responsive,0.083,not_responsive,,,none,0.667
1774886_at,PET54,YGR222W,0.0,not_responsive,0.0,not_responsive,,,none,1.0
1774887_at,SNC2,YOR327C,0.0,not_responsive,0.417,intermediate,,1.0,MMS_specific_down,0.333
1774888_at,YJL045W,YJL045W,1.0,robust,1.0,robust,1.0,0.667,shared_up,1.0
1774889_at,SSY1,YDR160W,0.0,not_responsive,0.0,not_responsive,,,none,1.0
1774891_at,APC9,YLR102C,0.083,not_responsive,0.75,robust,,0.667,ambiguous,0.778
1774892_at,YOL166W-A,YOL166W-A,0.0,not_responsive,0.0,not_responsive,,,none,1.0
1774893_at,YJR151W-A,YJR151W-A,0.0,not_responsive,0.0,not_responsive,,,none,1.0
1774894_at,ASA1,YPR085C,0.0,not_responsive,0.333,not_responsive,,,none,0.667
1774895_at,PET130,YJL023C,0.0,not_responsive,0.417,intermediate,,1.0,MMS_specific_up,0.556
1774896_at,SOD1,YJR104C,0.0,not_responsive,0.0,not_responsive,,,none,1.0
1774898_at,IMG2,YCR071C,0.0,not_responsive,0.167,not_responsive,,,none,0.667
1774900_at,YAR028W,YAR028W,0.0,not_responsive,0.083,not_responsive,,,none,1.0
1774902_at,RUP1,YOR138C,0.0,not_responsive,0.5,intermediate,,0.667,MMS_specific_up,0.333
1774903_at,DBP3,YGL078C,0.667,intermediate,1.0,robust,1.0,0.667,shared_down,0.667
1774905_at,CBP2,YHL038C,0.083,not_responsive,0.333,not_responsive,,,none,0.667
1774906_at,RGS2,YOR107W,0.083,not_responsive,0.5,intermediate,,0.667,ambiguous,0.556
1774908_at,IRA1,YBR140C,0.0,not_responsive,0.0,not_responsive,,,none,1.0
1774909_at,ECM18,YDR125C,0.083,not_responsive,0.417,intermediate,,0.444,ambiguous,0.667
1774910_at,TRS120,YDR407C,0.0,not_responsive,0.25,not_responsive,,,none,0.667
1774912_at,MKK1,YOR231W,0.0,not_responsive,0.333,not_responsive,,,none,0.667
1774914_at,YCR016W,YCR016W,0.667,intermediate,0.75,robust,0.667,0.667,shared_down,0.667
1774917_at,EAF3,YPR023C,0.083,not_responsive,0.417,intermediate,,1.0,ambiguous,0.556
1774922_at,YLR406C-A,YLR406C-A,0.0,not_responsive,0.083,not_responsive,,,none,1.0
1774923_at,GLE1,YDL207W,0.0,not_responsive,0.0,not_responsive,,,none,1.0
1774926_at,SDS24,YBR214W,0.917,robust,1.0,robust,1.0,1.0,shared_up,1.0
1774927_at,MTR3,YGR158C,0.417,intermediate,0.417,intermediate,0.667,0.444,shared_down,0.667
1774928_at,CCT2,YIL142W,0.0,not_responsive,0.0,not_responsive,,,none,1.0
1774929_at,CHS5,YLR330W,0.0,not_responsive,0.0,not_responsive,,,none,1.0
1774930_at,THR4,YCR053W,0.0,not_responsive,0.25,not_responsive,,,none,0.667
1774932_at,RTT10,YPL183C,0.5,intermediate,0.75,robust,1.0,0.667,shared_down,0.667
1774933_at,LTV1,YKL143W,0.667,intermediate,1.0,robust,1.0,0.667,shared_down,0.667
1774936_at,PEX25,YPL112C,0.083,not_responsive,0.0,not_responsive,,,none,1.0
1774937_at,PDC5,YLR134W,0.0,not_responsive,0.0,not_responsive,,,none,1.0
1774938_at,YGL006W-A,YGL006W-A,0.0,not_responsive,0.0,not_responsive,,,none,1.0
1774942_at,YBR200W-A,YBR200W-A,0.0,not_responsive,0.0,not_responsive,,,none,1.0
1774944_s_at,MPH2 /// MPH3,YDL247W,0.0,not_responsive,0.25,not_responsive,,,none,0.667
1774946_s_at,YAR064W,YAR064W,0.0,not_responsive,0.0,not_responsive,,,none,1.0
1774947_at,TOS4,YLR183C,0.167,not_responsive,0.667,intermediate,,0.667,ambiguous,0.556
1774948_at,ACB1,YGR037C,0.0,not_responsive,0.0,not_responsive,,,none,1.0
1774949_at,MGR1,YCL044C,0.0,not_responsive,0.5,intermediate,,0.667,ambiguous,0.556
1774952_at,SUL2,YLR092W,0.083,not_responsive,0.0,not_responsive,,,none,1.0
1774960_at,NCA3,YJL116C,0.833,robust,0.5,intermediate,1.0,1.0,shared_up,0.667
1774967_at,RPC53,YDL150W,0.583,intermediate,0.5,intermediate,1.0,0.667,shared_down,0.667
1774969_at,SEC5,YDR166C,0.0,not_responsive,0.417,intermediate,,1.0,MMS_specific_up,0.667
1774971_at,ITC1,YGL133W,0.0,not_responsive,0.25,not_responsive,,,none,0.667
1774974_at,IMD4,YML056C,0.333,not_responsive,1.0,robust,,0.667,ambiguous,0.556
1774976_at,NOC4,YPR144C,0.667,intermediate,0.917,robust,1.0,0.667,shared_down,0.667
1774978_at,PDR17,YNL264C,0.0,not_responsive,0.083,not_responsive,,,none,1.0
1774979_at,YER078C,YER078C,0.0,not_responsive,0.083,not_responsive,,,none,1.0
1774980_at,SOF1,YLL011W,0.75,robust,1.0,robust,1.0,1.0,shared_down,1.0
1774982_at,HGH1,YGR187C,0.667,intermediate,1.0,robust,1.0,0.667,shared_down,0.667
1774983_at,YOL083W,YOL083W,1.0,robust,1.0,robust,1.0,0.667,shared_up,1.0
1774985_at,YJL070C,YJL070C,0.583,intermediate,0.667,intermediate,0.667,1.0,shared_up,0.667
1774987_at,SCS3,YGL126W,0.0,not_responsive,0.0,not_responsive,,,none,1.0
1774988_at,DIT2,YDR402C,0.25,not_responsive,0.25,not_responsive,,,none,0.667
1774990_at,SME1,YOR159C,0.167,not_responsive,0.417,intermediate,,0.667,ambiguous,0.333
1774992_at,YKL105C,YKL105C,0.083,not_responsive,0.5,intermediate,,0.667,ambiguous,0.667
1774993_at,CHC1,YGL206C,0.0,not_responsive,0.0,not_responsive,,,none,1.0
1774995_at,RAD33,YML011C,0.0,not_responsive,0.0,not_responsive,,,none,1.0
1774998_at,THI74,YDR438W,0.0,not_responsive,0.25,not_responsive,,,none,0.667
1775000_at,IDS2,YJL146W,0.0,not_responsive,0.0,not_responsive,,,none,1.0
1775002_at,LOT5,YKL183W,0.083,not_responsive,0.0,not_responsive,,,none,1.0
1775003_at,YPL041C,YPL041C,0.0,not_responsive,0.0,not_responsive,,,none,1.0
1775004_at,YER080W,YER080W,0.083,not_responsive,0.25,not_responsive,,,none,0.667
1775005_at,MRPS16,YPL013C,0.083,not_responsive,0.0,not_responsive,,,none,1.0
1775006_at,HXT4,YHR092C,0.75,robust,0.25,not_responsive,0.667,,ambiguous,0.667
1775007_at,PRE9,YGR135W,0.0,not_responsive,0.25,not_responsive,,,none,0.667
1775012_at,KIP3,YGL216W,0.0,not_responsive,0.083,not_responsive,,,none,1.0
1775014_at,MSC1,YML128C,1.0,robust,1.0,robust,1.0,1.0,shared_up,1.0
1775015_at,MCM3,YEL032W,0.083,not_responsive,0.25,not_responsive,,,none,0.667
1775018_at,COX19,YLL018C-A,0.083,not_responsive,0.0,not_responsive,,,none,1.0
1775020_at,YND1,YER005W,0.0,not_responsive,0.0,not_responsive,,,none,1.0
1775022_at,YNL050C,YNL050C,0.167,not_responsive,0.0,not_responsive,,,none,0.667
1775023_at,YJR003C,YJR003C,0.5,intermediate,0.25,not_responsive,1.0,,ambiguous,0.333
1775024_at,BET4,YJL031C,0.333,not_responsive,1.0,robust,,0.667,ambiguous,0.667
1775028_at,YBR159W,YBR159W,0.0,not_responsive,0.083,not_responsive,,,none,1.0
1775030_at,ERP5,YHR110W,0.0,not_responsive,0.0,not_responsive,,,none,1.0
1775031_at,SEC24,YIL109C,0.0,not_responsive,0.0,not_responsive,,,none,1.0
1775035_at,YEL023C,YEL023C,0.0,not_responsive,0.0,not_responsive,,,none,1.0
1775036_at,YPR1,YDR368W,0.333,not_responsive,0.5,intermediate,,0.667,ambiguous,0.333
1775038_s_at,YLR157W-C,YLR157W-C,0.0,not_responsive,0.0,not_responsive,,,none,1.0
1775039_at,RAD57,YDR004W,0.0,not_responsive,0.0,not_responsive,,,none,1.0
1775041_at,JID1,YPR061C,0.167,not_responsive,0.417,intermediate,,1.0,ambiguous,0.333
1775043_at,YPR097W,YPR097W,0.0,not_responsive,0.167,not_responsive,,,none,0.667
1775044_at,LYS2,YBR115C,0.0,not_responsive,0.0,not_responsive,,,none,1.0
1775046_at,FAS2,YPL231W,0.0,not_responsive,0.25,not_responsive,,,none,0.667
1775050_at,RGA1,YOR127W,0.0,not_responsive,0.083,not_responsive,,,none,1.0
1775052_at,UTP8,YGR128C,0.667,intermediate,1.0,robust,1.0,0.667,shared_down,0.667
1775054_at,RRP46,YGR095C,0.25,not_responsive,0.25,not_responsive,,,none,0.667
1775055_at,SRD1,YCR018C,0.083,not_responsive,0.25,not_responsive,,,none,0.667
1775056_at,CKB1,YGL019W,0.0,not_responsive,0.0,not_responsive,,,none,1.0
1775057_at,MF(ALPHA)1,YPL187W,0.0,not_responsive,0.0,not_responsive,,,none,1.0
1775066_at,DCS2,YOR173W,1.0,robust,1.0,robust,1.0,0.667,shared_up,1.0
1775068_at,TRE1,YPL176C,0.0,not_responsive,0.0,not_responsive,,,none,1.0
1775069_at,CDH1,YGL003C,0.0,not_responsive,0.0,not_responsive,,,none,1.0
1775070_at,YIG1,YPL201C,0.083,not_responsive,0.0,not_responsive,,,none,1.0
1775071_at,ZRG17,YNR039C,0.0,not_responsive,0.0,not_responsive,,,none,1.0
1775074_at,HSH155,YMR288W,0.167,not_responsive,0.0,not_responsive,,,none,0.667
1775076_at,RNH201,YNL072W,0.333,not_responsive,0.583,intermediate,,0.667,ambiguous,0.333
1775078_at,SPB4,YFL002C,0.333,not_responsive,0.667,intermediate,,0.667,ambiguous,0.667
1775079_at,YER010C,YER010C,0.0,not_responsive,0.0,not_responsive,,,none,1.0
1775083_at,APT2,YDR441C,0.333,fragile,0.75,robust,1.0,0.667,shared_down,0.667
1775087_at,LRE1,YCL051W,0.0,not_responsive,0.0,not_responsive,,,none,1.0
1775089_at,SPS18,YNL204C,0.0,not_responsive,0.0,not_responsive,,,none,1.0
1775091_at,MED6,YHR058C,0.083,not_responsive,0.0,not_responsive,,,none,1.0
1775092_at,YGR125W,YGR125W,0.0,not_responsive,0.0,not_responsive,,,none,1.0
1775095_at,FIG2,YCR089W,0.167,not_responsive,0.75,robust,,0.667,ambiguous,0.556
1775098_at,RET1,YOR207C,0.333,not_responsive,0.583,intermediate,,0.667,ambiguous,0.333
1775101_at,APM2,YHL019C,0.0,not_responsive,0.5,intermediate,,0.667,ambiguous,0.556
1775108_at,ACK1,YDL203C,0.0,not_responsive,0.0,not_responsive,,,none,1.0
1775109_at,ALF1,YNL148C,0.0,not_responsive,0.0,not_responsive,,,none,1.0
1775112_at,SSD1,YDR293C,0.0,not_responsive,0.0,not_responsive,,,none,1.0
1775114_at,YHR177W,YHR177W,0.0,not_responsive,0.167,not_responsive,,,none,1.0
1775116_at,GIN4,YDR507C,0.25,not_responsive,0.333,not_responsive,,,none,0.667
1775118_at,SLU7,YDR088C,0.0,not_responsive,0.0,not_responsive,,,none,1.0
1775128_at,RPP2B,YDR382W,0.0,not_responsive,0.167,not_responsive,,,none,0.667
1775130_at,CNS1,YBR155W,0.333,not_responsive,0.75,robust,,0.667,ambiguous,0.667
1775131_at,PRE8,YML092C,0.0,not_responsive,0.5,intermediate,,0.667,ambiguous,0.556
1775132_at,POP3,YNL282W,0.417,intermediate,1.0,robust,1.0,1.0,shared_down,0.667
1775133_at,SNX4,YJL036W,0.417,intermediate,1.0,robust,1.0,1.0,shared_up,0.667
1775136_at,MTG1,YMR097C,0.0,not_responsive,0.5,intermediate,,0.667,ambiguous,0.556
1775137_s_at,YPL277C,YPL277C,0.083,not_responsive,0.0,not_responsive,,,none,1.0
1775141_at,YSF3,YNL138W-A,0.0,not_responsive,0.0,not_responsive,,,none,1.0
1775142_at,RPS14A,YCR031C,0.0,not_responsive,0.0,not_responsive,,,none,1.0
1775144_at,SRB7,YDR308C,0.0,not_responsive,0.25,not_responsive,,,none,0.667
1775146_at,URN1,YPR152C,0.333,not_responsive,0.083,not_responsive,,,none,0.667
1775147_at,YJR005C-A,YJR005C-A,1.0,robust,1.0,robust,1.0,1.0,shared_up,1.0
1775150_at,NIP7,YPL211W,0.583,intermediate,1.0,robust,0.667,0.667,shared_down,0.667
1775151_at,SWS2,YNL081C,0.0,not_responsive,0.0,not_responsive,,,none,1.0
1775152_at,YMR247W-A,YMR247W-A,0.0,not_responsive,0.0,not_responsive,,,none,1.0
1775154_at,RNA15,YGL044C,0.0,not_responsive,0.167,not_responsive,,,none,0.667
1775158_at,YDL241W,YDL241W,0.167,not_responsive,0.75,robust,,0.667,ambiguous,0.556
1775160_at,HAT1,YPL001W,0.0,not_responsive,0.0,not_responsive,,,none,1.0
1775161_at,MMS22,YLR320W,0.0,not_responsive,0.083,not_responsive,,,none,1.0
1775162_at,UBP8,YMR223W,0.0,not_responsive,0.0,not_responsive,,,none,1.0
1775164_at,ISW2,YOR304W,0.083,not_responsive,0.0,not_responsive,,,none,1.0
1775165_at,TTI2,YJR136C,0.0,not_responsive,0.0,not_responsive,,,none,1.0
1775166_at,SBE2,YDR351W,0.0,not_responsive,0.0,not_responsive,,,none,1.0
1775167_at,RPS26B,YER131W,0.0,not_responsive,1.0,robust,,0.667,MMS_specific_down,0.556
1775170_at,YBL010C,YBL010C,0.0,not_responsive,0.0,not_responsive,,,none,1.0
1775172_at,FCF2,YLR051C,0.5,intermediate,0.833,robust,1.0,0.667,shared_down,0.667
1775174_at,FOL3,YMR113W,0.0,not_responsive,0.333,not_responsive,,,none,0.667
1775175_at,VAM3,YOR106W,0.083,not_responsive,0.0,not_responsive,,,none,1.0
1775176_at,RTC4,YNL254C,0.083,not_responsive,0.25,not_responsive,,,none,0.667
1775177_at,PEX17,YNL214W,0.167,not_responsive,0.667,intermediate,,0.667,ambiguous,0.556
1775178_at,KSS1,YGR040W,0.0,not_responsive,0.0,not_responsive,,,none,1.0
1775179_at,YHR127W,YHR127W,0.0,not_responsive,0.0,not_responsive,,,none,1.0
1775180_s_at,YAR010C,YAR010C,0.0,not_responsive,1.0,robust,,1.0,MMS_specific_down,0.667
1775181_at,CUL3,YGR003W,0.167,not_responsive,0.083,not_responsive,,,none,0.667
1775183_at,MAF1,YDR005C,0.0,not_responsive,0.0,not_responsive,,,none,1.0
1775186_at,RPS14B,YJL191W,0.083,not_responsive,0.833,robust,,0.667,ambiguous,0.667
1775188_at,MRPL38,YKL170W,0.0,not_responsive,0.0,not_responsive,,,none,1.0
1775189_at,PET122,YER153C,0.0,not_responsive,0.417,intermediate,,1.0,MMS_specific_down,0.222
1775190_at,YMR209C,YMR209C,0.083,not_responsive,0.0,not_responsive,,,none,1.0
1775191_at,YIL089W,YIL089W,0.0,not_responsive,0.0,not_responsive,,,none,1.0
1775193_at,RPO41,YFL036W,0.0,not_responsive,0.25,not_responsive,,,none,0.667
1775195_at,VID22,YLR373C,0.083,not_responsive,0.0,not_responsive,,,none,1.0
1775199_at,HIS7,YBR248C,0.083,not_responsive,0.083,not_responsive,,,none,1.0
1775201_at,YPL257W,YPL257W,0.0,not_responsive,0.583,intermediate,,0.667,ambiguous,0.556
1775207_at,ASF2,YDL197C,0.0,not_responsive,0.0,not_responsive,,,none,1.0
1775209_at,UBC13,YDR092W,0.0,not_responsive,0.25,not_responsive,,,none,0.667
1775211_at,CUS1,YMR240C,0.083,not_responsive,0.25,not_responsive,,,none,0.667
1775213_at,MNS1,YJR131W,0.0,not_responsive,0.083,not_responsive,,,none,1.0
1775215_at,YJL213W,YJL213W,0.417,intermediate,0.5,intermediate,0.444,0.667,shared_up,0.667
1775218_at,GND1,YHR183W,0.083,not_responsive,0.417,intermediate,,1.0,ambiguous,0.556
1775219_at,YHR112C,YHR112C,0.083,not_responsive,0.25,not_responsive,,,none,0.667
1775220_at,PRM1,YNL279W,0.083,not_responsive,0.333,not_responsive,,,none,0.667
1775221_at,YBR255C-A,YBR255C-A,0.083,not_responsive,0.083,not_responsive,,,none,1.0
1775222_at,SAS3,YBL052C,0.0,not_responsive,0.333,not_responsive,,,none,0.667
1775226_at,YBR063C,YBR063C,0.0,not_responsive,0.25,not_responsive,,,none,0.667
1775227_at,FUN14,YAL008W,0.5,intermediate,0.5,intermediate,0.667,0.667,shared_up,0.667
1775231_at,HOP2,YGL033W,0.0,not_responsive,0.0,not_responsive,,,none,1.0
1775233_at,DIM1,YPL266W,0.583,intermediate,0.833,robust,0.667,0.667,shared_down,0.667
1775234_at,BEM1,YBR200W,0.0,not_responsive,0.0,not_responsive,,,none,1.0
1775235_at,HTA2,YBL003C,0.333,not_responsive,1.0,robust,,0.667,ambiguous,0.667
1775237_at,DYS1,YHR068W,0.0,not_responsive,0.25,not_responsive,,,none,0.667
1775241_at,ERJ5,YFR041C,0.0,not_responsive,0.0,not_responsive,,,none,1.0
1775244_at,OMS1,YDR316W,0.0,not_responsive,0.083,not_responsive,,,none,1.0
1775245_at,MRPL23,YOR150W,0.0,not_responsive,0.0,not_responsive,,,none,1.0
1775246_at,YMR155W,YMR155W,0.0,not_responsive,0.0,not_responsive,,,none,1.0
1775250_at,ISD11,YER048W-A,0.0,not_responsive,0.0,not_responsive,,,none,1.0
1775251_at,MIP6,YHR015W,0.0,not_responsive,0.0,not_responsive,,,none,1.0
1775252_at,FZO1,YBR179C,0.083,not_responsive,0.25,not_responsive,,,none,0.667
1775254_at,RSM18,YER050C,0.0,not_responsive,0.0,not_responsive,,,none,1.0
1775255_at,PRM8,YGL053W,0.0,not_responsive,0.0,not_responsive,,,none,1.0
1775257_at,COR1,YBL045C,0.167,not_responsive,0.0,not_responsive,,,none,0.667
1775258_at,MDL1,YLR188W,0.0,not_responsive,0.25,not_responsive,,,none,0.667
1775262_at,CDC20,YGL116W,0.083,not_responsive,0.333,not_responsive,,,none,0.667
1775263_at,CWH41,YGL027C,0.0,not_responsive,0.0,not_responsive,,,none,1.0
1775265_at,SUT2,YPR009W,0.0,not_responsive,0.5,intermediate,,0.667,MMS_specific_down,0.556
1775268_at,MRPL28,YDR462W,0.083,not_responsive,0.25,not_responsive,,,none,0.667
1775269_at,ERV15,YBR210W,0.0,not_responsive,0.0,not_responsive,,,none,1.0
1775270_at,VAC8,YEL013W,0.0,not_responsive,0.0,not_responsive,,,none,1.0
1775271_at,USV1,YPL230W,0.667,intermediate,1.0,robust,0.444,0.667,shared_up,0.667
1775274_at,CDC13,YDL220C,0.0,not_responsive,0.083,not_responsive,,,none,1.0
1775276_at,ACS2,YLR153C,0.0,not_responsive,0.75,robust,,0.667,MMS_specific_down,0.667
1775277_at,MEH1,YKR007W,0.0,not_responsive,0.083,not_responsive,,,none,1.0
1775278_at,GTR2,YGR163W,0.0,not_responsive,0.417,intermediate,,1.0,MMS_specific_up,0.333
1775279_at,MSS51,YLR203C,0.083,not_responsive,0.083,not_responsive,,,none,1.0
1775280_at,IMP2,YMR035W,0.0,not_responsive,0.25,not_responsive,,,none,0.667
1775282_at,PTI1,YGR156W,0.0,not_responsive,0.083,not_responsive,,,none,1.0
1775283_at,KAP122,YGL016W,0.167,not_responsive,0.167,not_responsive,,,none,0.667
1775289_at,SAC7,YDR389W,0.083,not_responsive,0.333,not_responsive,,,none,0.667
1775292_at,PFA3,YNL326C,0.0,not_responsive,0.0,not_responsive,,,none,1.0
1775293_at,TIF34,YMR146C,0.083,not_responsive,0.167,not_responsive,,,none,0.667
1775295_at,ASP1,YDR321W,0.167,not_responsive,0.667,intermediate,,0.667,ambiguous,0.333
1775298_at,ERP3,YDL018C,0.0,not_responsive,0.0,not_responsive,,,none,1.0
1775302_at,NUD1,YOR373W,0.25,not_responsive,0.583,intermediate,,0.667,ambiguous,0.333
1775303_at,PRX1,YBL064C,1.0,robust,1.0,robust,1.0,1.0,shared_up,1.0
1775305_at,YPL119C-A,YPL119C-A,0.583,intermediate,1.0,robust,1.0,1.0,shared_up,0.667
1775307_at,YGR277C,YGR277C,0.0,not_responsive,0.25,not_responsive,,,none,0.667
1775308_at,UTR5,YEL035C,0.083,not_responsive,0.083,not_responsive,,,none,1.0
1775311_at,IKI1,YHR187W,0.167,not_responsive,0.333,not_responsive,,,none,0.667
1775312_at,YKL207W,YKL207W,0.0,not_responsive,0.0,not_responsive,,,none,1.0
1775314_at,YOR021C,YOR021C,0.167,not_responsive,0.417,intermediate,,0.667,ambiguous,0.222
1775316_at,MRP10,YDL045W-A,0.083,not_responsive,0.167,not_responsive,,,none,0.667
1775317_at,MRPL11,YDL202W,0.0,not_responsive,0.0,not_responsive,,,none,1.0
1775319_at,FIP1,YJR093C,0.0,not_responsive,0.25,not_responsive,,,none,0.667
1775320_at,SFI1,YLL003W,0.0,not_responsive,0.25,not_responsive,,,none,0.667
1775322_at,CCS1,YMR038C,0.25,not_responsive,0.25,not_responsive,,,none,0.667
1775330_at,KIN4,YOR233W,0.417,intermediate,0.25,not_responsive,1.0,,ambiguous,0.222
1775331_at,OYE3,YPL171C,1.0,robust,1.0,robust,1.0,1.0,shared_up,1.0
1775332_at,KRE9,YJL174W,0.0,not_responsive,0.0,not_responsive,,,none,1.0
1775334_at,RRN10,YBL025W,0.0,not_responsive,0.25,not_responsive,,,none,0.667
1775337_at,YHL015W-A,YHL015W-A,0.0,not_responsive,0.0,not_responsive,,,none,1.0
1775340_at,UGX2,YDL169C,1.0,robust,1.0,robust,1.0,1.0,shared_up,1.0
1775341_at,GFD1,YMR255W,0.0,not_responsive,0.5,intermediate,,0.667,MMS_specific_up,0.333
1775342_at,LIA1,YJR070C,0.583,intermediate,1.0,robust,0.667,0.667,shared_down,0.667
1775344_at,SWF1,YDR126W,0.167,not_responsive,0.083,not_responsive,,,none,0.667
1775345_at,NOT5,YPR072W,0.0,not_responsive,0.25,not_responsive,,,none,0.667
1775347_at,PNP1,YLR209C,0.0,not_responsive,0.0,not_responsive,,,none,1.0
1775349_at,BBC1,YJL020C,0.167,not_responsive,0.417,intermediate,,1.0,ambiguous,0.333
1775350_at,SUB1,YMR039C,0.083,not_responsive,0.0,not_responsive,,,none,1.0
1775351_at,GCS1,YDL226C,0.0,not_responsive,0.083,not_responsive,,,none,1.0
1775352_at,PRP43,YGL120C,0.5,intermediate,0.75,robust,0.667,0.667,shared_down,0.667
1775354_at,FRA2,YGL220W,0.0,not_responsive,0.5,intermediate,,0.667,MMS_specific_down,0.556
1775355_at,BST1,YFL025C,0.0,not_responsive,0.0,not_responsive,,,none,1.0
1775357_at,YOR283W,YOR283W,0.25,not_responsive,0.167,not_responsive,,,none,0.667
1775358_at,HXT13,YEL069C,0.0,not_responsive,0.0,not_responsive,,,none,1.0
1775362_at,YET2,YMR040W,0.333,not_responsive,0.833,robust,,0.667,ambiguous,0.556
1775363_at,YJL132W,YJL132W,0.5,intermediate,0.75,robust,0.444,0.667,shared_up,0.667
1775364_at,HSP30,YCR021C,0.833,robust,1.0,robust,1.0,1.0,shared_up,1.0
1775368_at,COG1,YGL223C,0.0,not_responsive,0.0,not_responsive,,,none,1.0
1775369_s_at,TPO2 /// TPO3,YGR138C,0.167,not_responsive,0.167,not_responsive,,,none,0.667
1775374_at,YMR099C,YMR099C,0.0,not_responsive,0.0,not_responsive,,,none,1.0
1775376_at,YPR115W,YPR115W,0.083,not_responsive,0.0,not_responsive,,,none,1.0
1775378_at,RPN4,YDL020C,0.083,not_responsive,0.5,intermediate,,1.0,ambiguous,0.667
1775381_at,REX3,YLR107W,0.0,not_responsive,0.667,intermediate,,0.667,MMS_specific_up,1.0
1775384_at,BNA3,YJL060W,0.333,not_responsive,0.417,intermediate,,0.444,ambiguous,0.333
1775386_at,ATR1,YML116W,0.583,intermediate,1.0,robust,1.0,1.0,shared_up,1.0
1775387_at,GYP8,YFL027C,0.0,not_responsive,0.5,intermediate,,0.667,MMS_specific_up,0.667
1775388_at,TDH1,YJL052W,1.0,robust,1.0,robust,1.0,1.0,shared_up,1.0
1775389_at,CRZ1,YNL027W,0.0,not_responsive,0.583,intermediate,,0.667,MMS_specific_up,0.556
1775390_at,YPK2,YMR104C,0.417,intermediate,0.333,not_responsive,0.667,,ambiguous,0.333
1775391_s_at,FSP2,YIL172C,0.333,not_responsive,0.5,intermediate,,0.667,ambiguous,0.333
1775392_at,YPI1,YFR003C,0.333,not_responsive,0.75,robust,,0.667,ambiguous,0.667
1775393_at,EFG1,YGR271C-A,0.667,intermediate,1.0,robust,1.0,0.667,shared_down,0.667
1775394_at,CST26,YBR042C,0.0,not_responsive,0.0,not_responsive,,,none,1.0
1775395_at,IOC3,YFR013W,0.0,not_responsive,0.0,not_responsive,,,none,1.0
1775396_at,ERS1,YCR075C,0.0,not_responsive,0.0,not_responsive,,,none,1.0
1775397_at,DCW1,YKL046C,0.0,not_responsive,0.0,not_responsive,,,none,1.0
1775399_at,BAP2,YBR068C,0.0,not_responsive,0.083,not_responsive,,,none,1.0
1775401_at,YIL024C,YIL024C,0.0,not_responsive,0.167,not_responsive,,,none,0.667
1775402_at,SPL2,YHR136C,0.167,not_responsive,0.25,not_responsive,,,none,0.667
1775403_at,RPO21,YDL140C,0.0,not_responsive,0.25,not_responsive,,,none,0.667
1775407_at,RPL38,YLR325C,0.0,not_responsive,0.5,intermediate,,0.667,MMS_specific_down,0.556
1775408_at,YDR493W,YDR493W,0.083,not_responsive,0.167,not_responsive,,,none,0.667
1775409_at,YDR524W-A,YDR524W-A,0.0,not_responsive,0.167,not_responsive,,,none,0.667
1775410_at,YHL008C,YHL008C,0.083,not_responsive,0.0,not_responsive,,,none,1.0
1775412_at,SHU2,YDR078C,0.0,not_responsive,0.083,not_responsive,,,none,1.0
1775413_at,PDS1,YDR113C,0.167,not_responsive,0.0,not_responsive,,,none,0.667
1775415_at,YML002W,YML002W,0.0,not_responsive,0.25,not_responsive,,,none,0.667
1775416_at,PHO86,YJL117W,0.0,not_responsive,0.25,not_responsive,,,none,0.667
1775417_at,HCR1,YLR192C,0.0,not_responsive,0.0,not_responsive,,,none,1.0
1775418_at,MRPL36,YBR122C,0.0,not_responsive,0.0,not_responsive,,,none,1.0
1775421_at,YHR138C,YHR138C,0.583,intermediate,1.0,robust,0.444,0.667,shared_up,1.0
1775422_at,HIR1,YBL008W,0.0,not_responsive,0.25,not_responsive,,,none,0.667
1775423_at,YMR027W,YMR027W,0.0,not_responsive,0.333,not_responsive,,,none,0.667
1775424_at,EPL1,YFL024C,0.0,not_responsive,0.0,not_responsive,,,none,1.0
1775425_at,RAD10,YML095C,0.0,not_responsive,0.167,not_responsive,,,none,0.667
1775428_at,CUS2,YNL286W,0.0,not_responsive,0.0,not_responsive,,,none,1.0
1775430_at,HNM1,YGL077C,0.167,not_responsive,0.917,robust,,0.667,ambiguous,0.556
1775431_at,TMA23,YMR269W,0.667,intermediate,1.0,robust,1.0,0.667,shared_down,0.667
1775432_at,CDC42,YLR229C,0.0,not_responsive,0.0,not_responsive,,,none,1.0
1775433_at,AAC1,YMR056C,0.0,not_responsive,0.167,not_responsive,,,none,0.667
1775436_at,SCT1,YBL011W,0.0,not_responsive,0.0,not_responsive,,,none,1.0
1775439_at,ETR1,YBR026C,0.5,intermediate,0.5,intermediate,0.667,0.667,shared_up,0.667
1775440_at,OPY2,YPR075C,0.0,not_responsive,0.25,not_responsive,,,none,0.667
1775441_at,HAP4,YKL109W,0.583,intermediate,0.25,not_responsive,0.667,,ambiguous,0.333
1775443_at,YHR033W,YHR033W,0.25,not_responsive,0.25,not_responsive,,,none,0.667
1775444_at,MPC54,YOR177C,0.25,not_responsive,0.25,not_responsive,,,none,0.667
1775445_at,MSE1,YOL033W,0.083,not_responsive,0.167,not_responsive,,,none,0.667
1775446_at,MRS2,YOR334W,0.0,not_responsive,0.083,not_responsive,,,none,1.0
1775448_at,RPL37B,YDR500C,0.0,not_responsive,0.25,not_responsive,,,none,0.667
1775449_at,HUB1,YNR032C-A,0.0,not_responsive,0.167,not_responsive,,,none,0.667
1775450_at,YLR301W,YLR301W,0.0,not_responsive,0.083,not_responsive,,,none,1.0
1775451_at,OST4,YDL232W,0.0,not_responsive,0.5,intermediate,,0.667,MMS_specific_down,0.556
1775452_at,ABP140,YOR239W,0.0,not_responsive,0.0,not_responsive,,,none,1.0
1775453_at,VNX1,YNL321W,0.0,not_responsive,0.0,not_responsive,,,none,1.0
1775454_at,LHP1,YDL051W,0.417,intermediate,1.0,robust,0.667,0.667,shared_down,0.667
1775457_at,RPL21B,YPL079W,0.0,not_responsive,0.667,intermediate,,0.667,MMS_specific_down,0.889
1775458_at,CIK1,YMR198W,0.083,not_responsive,0.167,not_responsive,,,none,0.667
1775459_at,GEA2,YEL022W,0.083,not_responsive,0.083,not_responsive,,,none,1.0
1775462_at,STR2,YJR130C,0.167,not_responsive,1.0,robust,,1.0,ambiguous,0.556
1775463_at,PAP1,YKR002W,0.0,not_responsive,0.5,intermediate,,0.667,MMS_specific_up,0.667
1775465_at,NSL1,YPL233W,0.25,not_responsive,0.5,intermediate,,0.667,ambiguous,0.333
1775466_at,YNL018C,YNL018C,0.0,not_responsive,0.0,not_responsive,,,none,1.0
1775467_at,ERG10,YPL028W,0.0,not_responsive,0.167,not_responsive,,,none,0.667
1775468_at,NHP2,YDL208W,0.25,not_responsive,1.0,robust,,0.667,ambiguous,0.667
1775471_at,SRB6,YBR253W,0.0,not_responsive,0.0,not_responsive,,,none,1.0
1775473_at,HEM12,YDR047W,0.0,not_responsive,0.0,not_responsive,,,none,1.0
1775476_at,MED7,YOL135C,0.0,not_responsive,0.0,not_responsive,,,none,1.0
1775478_at,YNR071C,YNR071C,0.333,not_responsive,0.667,intermediate,,0.667,ambiguous,0.667
1775479_at,ARO9,YHR137W,0.75,robust,1.0,robust,0.667,1.0,shared_up,1.0
1775480_at,CAR2,YLR438W,0.167,not_responsive,0.25,not_responsive,,,none,0.667
1775481_at,IBD2,YNL164C,0.417,intermediate,0.167,not_responsive,1.0,,ambiguous,0.333
1775482_at,ERG11,YHR007C,0.083,not_responsive,0.5,intermediate,,0.667,ambiguous,0.667
1775484_at,YCP4,YCR004C,0.25,not_responsive,0.25,not_responsive,,,none,0.667
1775486_s_at,COS2 /// COS3,YBR302C,0.0,not_responsive,0.25,not_responsive,,,none,0.667
1775489_at,YNL181W,YNL181W,0.0,not_responsive,0.0,not_responsive,,,none,1.0
1775490_at,YKR051W,YKR051W,0.0,not_responsive,0.0,not_responsive,,,none,1.0
1775492_at,NAT1,YDL040C,0.0,not_responsive,0.0,not_responsive,,,none,1.0
1775493_at,KAR5,YMR065W,0.0,not_responsive,0.0,not_responsive,,,none,1.0
1775494_at,FMP52,YER004W,0.167,not_responsive,0.5,intermediate,,0.667,ambiguous,0.222
1775495_at,MCD1,YDL003W,0.083,not_responsive,0.25,not_responsive,,,none,0.667
1775497_at,YIL014C-A,YIL014C-A,0.5,intermediate,0.083,not_responsive,1.0,,ambiguous,0.667
1775498_at,YDR182W-A,YDR182W-A,0.0,not_responsive,1.0,robust,,0.667,MMS_specific_up,1.0
1775500_at,GET2,YER083C,0.0,not_responsive,0.0,not_responsive,,,none,1.0
1775505_at,YLR241W,YLR241W,0.167,not_responsive,0.25,not_responsive,,,none,0.667
1775506_at,YDR161W,YDR161W,0.333,not_responsive,0.5,intermediate,,0.667,ambiguous,0.333
1775507_at,SRL2,YLR082C,0.0,not_responsive,0.167,not_responsive,,,none,0.667
1775509_at,HRK1,YOR267C,0.167,not_responsive,0.0,not_responsive,,,none,0.667
1775510_at,TOS2,YGR221C,0.333,not_responsive,0.833,robust,,0.667,ambiguous,0.556
1775512_at,YCR051W,YCR051W,0.333,not_responsive,0.917,robust,,0.667,ambiguous,0.556
1775517_at,HIS3,YOR202W,0.0,not_responsive,0.083,not_responsive,,,none,1.0
1775518_at,QNS1,YHR074W,0.0,not_responsive,0.083,not_responsive,,,none,1.0
1775522_at,SWM1,YDR260C,0.0,not_responsive,0.417,intermediate,,1.0,MMS_specific_up,0.333
1775523_at,ARC18,YLR370C,0.0,not_responsive,0.167,not_responsive,,,none,0.667
1775526_at,CYS4,YGR155W,0.0,not_responsive,0.333,not_responsive,,,none,0.667
1775528_at,GRC3,YLL035W,0.5,intermediate,0.75,robust,1.0,0.667,shared_down,0.667
1775529_at,FCY22,YER060W-A,0.083,not_responsive,0.083,not_responsive,,,none,1.0
1775531_at,DLS1,YJL065C,0.0,not_responsive,0.0,not_responsive,,,none,1.0
1775532_at,NHP6A,YPR052C,0.167,not_responsive,0.5,intermediate,,0.667,ambiguous,0.333
1775534_at,YOR356W,YOR356W,0.0,not_responsive,0.917,robust,,0.667,ambiguous,0.667
1775536_at,RPL22A,YLR061W,0.0,not_responsive,0.583,intermediate,,0.667,MMS_specific_down,0.556
1775537_at,YNL146W,YNL146W,0.167,not_responsive,0.0,not_responsive,,,none,0.667
1775539_at,YGL262W,YGL262W,0.0,not_responsive,0.0,not_responsive,,,none,1.0
1775540_at,YKL050C,YKL050C,0.0,not_responsive,0.333,not_responsive,,,none,0.667
1775541_at,HHT2,YNL031C,0.0,not_responsive,0.0,not_responsive,,,none,1.0
1775542_at,RDS2,YPL133C,0.0,not_responsive,0.0,not_responsive,,,none,1.0
1775546_at,YDL114W,YDL114W,0.0,not_responsive,0.0,not_responsive,,,none,1.0
1775548_at,MSH6,YDR097C,0.083,not_responsive,0.0,not_responsive,,,none,1.0
1775549_at,CMC1,YKL137W,0.0,not_responsive,0.167,not_responsive,,,none,0.667
1775553_at,KAP95,YLR347C,0.0,not_responsive,0.5,intermediate,,0.667,ambiguous,0.556
1775555_at,VPS52,YDR484W,0.0,not_responsive,0.667,intermediate,,0.667,MMS_specific_up,0.889
1775556_at,YBR182C-A,YBR182C-A,0.0,not_responsive,0.0,not_responsive,,,none,1.0
1775557_at,YOL086W-A,YOL086W-A,0.083,not_responsive,0.0,not_responsive,,,none,1.0
1775558_at,CDC1,YDR182W,0.0,not_responsive,0.0,not_responsive,,,none,1.0
1775560_at,ECM27,YJR106W,0.0,not_responsive,0.0,not_responsive,,,none,1.0
1775563_at,ODC2,YOR222W,0.0,not_responsive,0.083,not_responsive,,,none,1.0
1775564_at,YFL068W,YFL068W,0.0,not_responsive,0.0,not_responsive,,,none,1.0
1775565_at,ELA1,YNL230C,0.0,not_responsive,0.0,not_responsive,,,none,1.0
1775568_at,YMR259C,YMR259C,0.25,not_responsive,0.667,intermediate,,0.667,ambiguous,0.667
1775569_at,YMD8,YML038C,0.0,not_responsive,0.25,not_responsive,,,none,0.667
1775570_at,MTC3,YGL226W,0.0,not_responsive,0.25,not_responsive,,,none,0.667
1775571_at,HRD1,YOL013C,0.0,not_responsive,0.25,not_responsive,,,none,0.667
1775573_at,YDL073W,YDL073W,0.0,not_responsive,0.0,not_responsive,,,none,1.0
1775576_at,CTH1,YDR151C,0.083,not_responsive,0.833,robust,,0.667,ambiguous,0.889
1775578_s_at,HXT6 /// HXT7,YDR342C,1.0,robust,1.0,robust,0.667,0.667,shared_up,1.0
1775587_at,YOR296W,YOR296W,0.0,not_responsive,0.0,not_responsive,,,none,1.0
1775588_at,YGR035W-A,YGR035W-A,0.0,not_responsive,0.0,not_responsive,,,none,1.0
1775590_at,IML3,YBR107C,0.0,not_responsive,0.0,not_responsive,,,none,1.0
1775593_at,CDC5,YMR001C,0.25,not_responsive,0.75,robust,,0.667,ambiguous,0.556
1775594_s_at,RPL42A /// RPL42B,YHR141C,0.0,not_responsive,0.25,not_responsive,,,none,0.667
1775596_at,RPC37,YKR025W,0.417,intermediate,0.583,intermediate,0.444,0.667,shared_down,0.667
1775598_at,YLL007C,YLL007C,0.0,not_responsive,0.0,not_responsive,,,none,1.0
1775599_at,NPR1,YNL183C,0.167,not_responsive,0.667,intermediate,,0.667,ambiguous,0.556
1775600_at,RIF2,YLR453C,0.167,not_responsive,0.25,not_responsive,,,none,0.667
1775605_at,PUS6,YGR169C,0.0,not_responsive,0.083,not_responsive,,,none,1.0
1775608_at,RIP1,YEL024W,0.25,not_responsive,0.583,intermediate,,1.0,ambiguous,0.222
1775610_s_at,HMLALPHA2 /// HMRA2 /// MATALPHA2,YCR096C,0.0,not_responsive,0.333,not_responsive,,,none,0.667
1775611_at,NMD5,YJR132W,0.333,not_responsive,0.583,intermediate,,0.667,ambiguous,0.333
1775613_at,PET127,YOR017W,0.0,not_responsive,0.25,not_responsive,,,none,0.667
1775614_at,GSP1,YLR293C,0.0,not_responsive,0.25,not_responsive,,,none,0.667
1775615_at,STE23,YLR389C,0.0,not_responsive,0.0,not_responsive,,,none,1.0
1775617_at,YPR153W,YPR153W,0.0,not_responsive,0.0,not_responsive,,,none,1.0
1775619_at,YML053C,YML053C,0.0,not_responsive,0.083,not_responsive,,,none,1.0
1775620_at,IES2,YNL215W,0.0,not_responsive,0.5,intermediate,,0.667,MMS_specific_up,0.333
1775624_at,HSC82,YMR186W,0.0,not_responsive,0.0,not_responsive,,,none,1.0
1775626_at,URA7,YBL039C,0.583,intermediate,1.0,robust,0.667,0.667,shared_down,0.667
1775628_at,GAL7,YBR018C,0.417,intermediate,0.833,robust,0.667,0.667,shared_up,0.667
1775629_at,YPL109C,YPL109C,0.25,not_responsive,0.25,not_responsive,,,none,0.667
1775631_at,BLM10,YFL007W,0.0,not_responsive,0.417,intermediate,,1.0,ambiguous,0.556
1775633_at,DER1,YBR201W,0.0,not_responsive,0.0,not_responsive,,,none,1.0
1775634_at,CDC3,YLR314C,0.0,not_responsive,0.167,not_responsive,,,none,0.667
1775635_at,SMC5,YOL034W,0.083,not_responsive,0.0,not_responsive,,,none,1.0
1775638_at,SGV1,YPR161C,0.0,not_responsive,0.083,not_responsive,,,none,1.0
1775640_at,BUD4,YJR092W,0.25,not_responsive,0.833,robust,,0.667,ambiguous,0.556
1775641_at,SAP185,YJL098W,0.583,intermediate,0.667,intermediate,1.0,0.667,shared_down,1.0
1775642_at,SRP54,YPR088C,0.0,not_responsive,0.0,not_responsive,,,none,1.0
1775643_at,ABD1,YBR236C,0.0,not_responsive,0.0,not_responsive,,,none,1.0
1775644_at,MRPL9,YGR220C,0.0,not_responsive,0.0,not_responsive,,,none,1.0
1775645_at,REX2,YLR059C,0.0,not_responsive,0.25,not_responsive,,,none,0.667
1775647_at,SOL3,YHR163W,0.0,not_responsive,0.0,not_responsive,,,none,1.0
1775648_at,FAD1,YDL045C,0.0,not_responsive,0.5,intermediate,,0.667,ambiguous,0.556
1775649_at,GRX4,YER174C,0.0,not_responsive,0.0,not_responsive,,,none,1.0
1775654_at,YHR009C,YHR009C,0.0,not_responsive,0.0,not_responsive,,,none,1.0
1775657_at,ULS1,YOR191W,0.0,not_responsive,0.0,not_responsive,,,none,1.0
1775659_at,UFE1,YOR075W,0.0,not_responsive,0.25,not_responsive,,,none,0.667
1775661_at,DNM1,YLL001W,0.083,not_responsive,0.5,intermediate,,0.667,ambiguous,0.667
1775663_at,ECM17,YJR137C,0.25,not_responsive,0.0,not_responsive,,,none,0.667
1775664_at,SKI8,YGL213C,0.0,not_responsive,0.0,not_responsive,,,none,1.0
1775666_at,GPD1,YDL022W,1.0,robust,1.0,robust,1.0,1.0,shared_up,1.0
1775667_at,TOK1,YJL093C,0.0,not_responsive,0.0,not_responsive,,,none,1.0
1775668_at,YLF2,YHL014C,0.0,not_responsive,0.0,not_responsive,,,none,1.0
1775669_at,RIO2,YNL207W,0.417,intermediate,0.5,intermediate,1.0,0.667,shared_down,0.667
1775670_at,IRC21,YMR073C,0.0,not_responsive,0.0,not_responsive,,,none,1.0
1775673_at,AYR1,YIL124W,0.25,not_responsive,0.25,not_responsive,,,none,0.667
1775676_at,UPF3,YGR072W,0.25,not_responsive,0.0,not_responsive,,,none,0.667
1775677_at,YRR1,YOR162C,0.417,intermediate,1.0,robust,1.0,1.0,shared_up,0.667
1775678_at,PUT1,YLR142W,0.583,intermediate,0.75,robust,0.444,0.667,shared_up,0.667
1775683_at,NDI1,YML120C,0.5,intermediate,0.0,not_responsive,0.444,,H2O2_specific_up,0.222
1775688_at,YDL183C,YDL183C,0.0,not_responsive,0.083,not_responsive,,,none,1.0
1775690_at,RIC1,YLR039C,0.0,not_responsive,0.5,intermediate,,0.667,MMS_specific_up,0.333
1775692_at,OSH2,YDL019C,0.0,not_responsive,0.417,intermediate,,0.667,ambiguous,0.556
1775694_at,PSE1,YMR308C,0.167,not_responsive,0.333,not_responsive,,,none,0.667
1775696_at,RRD1,YIL153W,0.0,not_responsive,0.25,not_responsive,,,none,0.667
1775697_at,YNR064C,YNR064C,0.417,intermediate,1.0,robust,0.667,1.0,shared_up,0.667
1775698_at,MSS116,YDR194C,0.0,not_responsive,0.0,not_responsive,,,none,1.0
1775699_at,HOG1,YLR113W,0.0,not_responsive,0.25,not_responsive,,,none,0.667
1775701_at,AKR1,YDR264C,0.0,not_responsive,0.0,not_responsive,,,none,1.0
1775702_at,YMR018W,YMR018W,0.0,not_responsive,0.083,not_responsive,,,none,1.0
1775703_at,BRE1,YDL074C,0.25,not_responsive,0.0,not_responsive,,,none,0.667
1775704_at,EMP47,YFL048C,0.0,not_responsive,0.0,not_responsive,,,none,1.0
1775705_at,YOL024W,YOL024W,0.167,not_responsive,0.667,intermediate,,0.667,ambiguous,0.556
1775706_at,NUP188,YML103C,0.0,not_responsive,0.0,not_responsive,,,none,1.0
1775708_at,RSM28,YDR494W,0.0,not_responsive,0.0,not_responsive,,,none,1.0
1775709_at,SPT10,YJL127C,0.0,not_responsive,0.167,not_responsive,,,none,0.667
1775710_at,ECM37,YIL146C,0.167,not_responsive,0.417,intermediate,,1.0,ambiguous,0.333
1775712_at,PET8,YNL003C,0.083,not_responsive,0.25,not_responsive,,,none,0.667
1775713_at,MET4,YNL103W,0.0,not_responsive,0.0,not_responsive,,,none,1.0
1775717_at,YLR413W,YLR413W,0.25,not_responsive,1.0,robust,,0.667,ambiguous,0.667
1775718_at,DDP1,YOR163W,0.083,not_responsive,0.25,not_responsive,,,none,0.667
1775719_at,DNL4,YOR005C,0.0,not_responsive,0.5,intermediate,,0.667,MMS_specific_up,0.333
1775720_at,YOX1,YML027W,0.583,intermediate,1.0,robust,1.0,1.0,shared_down,0.667
1775722_at,RRP4,YHR069C,0.333,not_responsive,0.083,not_responsive,,,none,0.667
1775724_at,MUK1,YPL070W,0.167,not_responsive,0.667,intermediate,,0.667,ambiguous,0.556
1775725_s_at,YRF1-1 /// YRF1-2 /// YRF1-3 /// YRF1-4 /// YRF1-5 /// YRF1-6 /// YRF1-7,YEL076C-A,0.5,intermediate,1.0,robust,1.0,1.0,shared_down,0.667
1775727_at,YAL046C,YAL046C,0.0,not_responsive,0.0,not_responsive,,,none,1.0
1775729_at,MLS1,YNL117W,0.75,robust,0.583,intermediate,1.0,0.667,shared_up,0.667
1775732_at,PUS7,YOR243C,0.5,intermediate,1.0,robust,0.444,0.667,shared_down,0.667
1775734_at,CTR1,YPR124W,0.417,intermediate,0.333,not_responsive,0.667,,ambiguous,0.333
1775736_at,ADE4,YMR300C,0.0,not_responsive,0.167,not_responsive,,,none,0.667
1775737_at,YER156C,YER156C,0.333,not_responsive,0.917,robust,,0.667,ambiguous,0.556
1775738_at,YBR184W,YBR184W,0.083,not_responsive,0.0,not_responsive,,,none,1.0
1775739_at,MEC3,YLR288C,0.0,not_responsive,0.083,not_responsive,,,none,1.0
1775740_at,YDL206W,YDL206W,0.417,intermediate,0.417,intermediate,0.667,0.667,shared_up,0.667
1775742_at,YNR068C,YNR068C,0.333,not_responsive,1.0,robust,,1.0,ambiguous,0.667
1775744_at,UGA2,YBR006W,0.5,intermediate,0.75,robust,0.444,0.667,shared_up,0.667
1775745_at,YLR361C-A,YLR361C-A,0.0,not_responsive,0.0,not_responsive,,,none,1.0
1775746_at,COX10,YPL172C,0.0,not_responsive,0.167,not_responsive,,,none,0.667
1775748_at,YPR089W,YPR089W,0.0,not_responsive,0.167,not_responsive,,,none,0.667
1775750_at,TEX1,YNL253W,0.0,not_responsive,0.75,robust,,0.667,MMS_specific_up,0.667
1775754_at,HIF1,YLL022C,0.083,not_responsive,0.0,not_responsive,,,none,1.0
1775756_at,SGF29,YCL010C,0.083,not_responsive,0.0,not_responsive,,,none,1.0
1775757_at,RAD59,YDL059C,0.083,not_responsive,0.5,intermediate,,0.667,ambiguous,0.667
1775758_at,NBP2,YDR162C,0.0,not_responsive,0.5,intermediate,,0.667,MMS_specific_up,0.556
1775759_at,KTR3,YBR205W,0.0,not_responsive,0.083,not_responsive,,,none,1.0
1775760_at,TSC13,YDL015C,0.0,not_responsive,0.0,not_responsive,,,none,1.0
1775762_at,NOP56,YLR197W,0.333,not_responsive,1.0,robust,,0.667,ambiguous,0.667
1775764_at,YBL055C,YBL055C,0.167,not_responsive,0.0,not_responsive,,,none,0.667
1775765_at,SRT1,YMR101C,0.417,intermediate,0.083,not_responsive,1.0,,ambiguous,0.667
1775766_at,AZF1,YOR113W,0.083,not_responsive,0.0,not_responsive,,,none,1.0
1775767_at,NYV1,YLR093C,0.0,not_responsive,0.083,not_responsive,,,none,1.0
1775769_at,YAL065C,YAL065C,0.0,not_responsive,0.0,not_responsive,,,none,1.0
1775771_at,MSI1,YBR195C,0.167,not_responsive,0.0,not_responsive,,,none,0.667
1775775_at,DPH1,YIL103W,0.417,intermediate,0.333,not_responsive,1.0,,ambiguous,0.333
1775778_at,RPN5,YDL147W,0.0,not_responsive,0.25,not_responsive,,,none,0.667
1775781_at,MCH4,YOL119C,0.25,not_responsive,0.5,intermediate,,0.667,ambiguous,0.333
1775783_at,YBR221W-A,YBR221W-A,0.0,not_responsive,0.0,not_responsive,,,none,1.0
1775789_at,YDL144C,YDL144C,0.083,not_responsive,0.583,intermediate,,0.667,ambiguous,0.667
1775791_at,CAK1,YFL029C,0.083,not_responsive,0.5,intermediate,,0.667,ambiguous,0.556
1775797_at,PEX2,YJL210W,0.167,not_responsive,0.417,intermediate,,0.667,ambiguous,0.333
1775799_at,UBP1,YDL122W,0.167,not_responsive,0.417,intermediate,,1.0,ambiguous,0.667
1775801_at,YGR017W,YGR017W,0.0,not_responsive,0.0,not_responsive,,,none,1.0
1775802_at,APP1,YNL094W,0.083,not_responsive,0.167,not_responsive,,,none,0.667
1775807_at,GCD1,YOR260W,0.0,not_responsive,0.083,not_responsive,,,none,1.0
1775808_at,MRL1,YPR079W,0.083,not_responsive,0.583,intermediate,,0.667,ambiguous,0.556
1775809_at,PTC1,YDL006W,0.0,not_responsive,0.25,not_responsive,,,none,0.667
1775810_at,YNL194C,YNL194C,1.0,robust,1.0,robust,1.0,1.0,shared_up,1.0
1775814_at,DLD2,YDL178W,0.0,not_responsive,0.0,not_responsive,,,none,1.0
1775815_at,COG8,YML071C,0.0,not_responsive,0.25,not_responsive,,,none,0.667
1775816_at,SAR1,YPL218W,0.0,not_responsive,0.0,not_responsive,,,none,1.0
1775820_at,VHT1,YGR065C,0.0,not_responsive,0.0,not_responsive,,,none,1.0
1775821_at,TAD2,YJL035C,0.25,not_responsive,0.5,intermediate,,0.667,ambiguous,0.333
1775822_at,TAD1,YGL243W,0.0,not_responsive,0.0,not_responsive,,,none,1.0
1775823_at,MAC1,YMR021C,0.0,not_responsive,0.0,not_responsive,,,none,1.0
1775824_at,RTT102,YGR275W,0.0,not_responsive,0.417,intermediate,,1.0,MMS_specific_down,0.556
1775828_at,INO80,YGL150C,0.0,not_responsive,0.167,not_responsive,,,none,0.667
1775829_at,NDC1,YML031W,0.0,not_responsive,0.333,not_responsive,,,none,0.667
1775831_at,VPS24,YKL041W,0.0,not_responsive,0.0,not_responsive,,,none,1.0
1775832_at,RPS20,YHL015W,0.0,not_responsive,0.167,not_responsive,,,none,0.667
1775833_at,SAS4,YDR181C,0.0,not_responsive,0.25,not_responsive,,,none,0.667
1775835_at,ACM1,YPL267W,0.083,not_responsive,0.333,not_responsive,,,none,0.667
1775837_at,SSN8,YNL025C,0.083,not_responsive,0.083,not_responsive,,,none,1.0
1775839_at,YGR016W,YGR016W,0.0,not_responsive,0.0,not_responsive,,,none,1.0
1775842_at,YHL021C,YHL021C,1.0,robust,1.0,robust,1.0,1.0,shared_up,1.0
1775844_at,NMT1,YLR195C,0.0,not_responsive,0.0,not_responsive,,,none,1.0
1775846_at,SCS7,YMR272C,0.167,not_responsive,0.667,intermediate,,0.667,ambiguous,0.333
1775847_at,HIS4,YCL030C,0.0,not_responsive,0.0,not_responsive,,,none,1.0
1775848_at,PRP18,YGR006W,0.0,not_responsive,0.0,not_responsive,,,none,1.0
1775849_at,PTC7,YHR076W,0.0,not_responsive,0.0,not_responsive,,,none,1.0
1775851_at,GPX1,YKL026C,0.667,intermediate,1.0,robust,1.0,1.0,shared_up,1.0
1775852_at,TOM40,YMR203W,0.0,not_responsive,0.167,not_responsive,,,none,0.667
1775853_at,CHS7,YHR142W,0.0,not_responsive,0.0,not_responsive,,,none,1.0
1775854_s_at,YHL009W-A,YHL009W-A,0.083,not_responsive,0.333,not_responsive,,,none,0.667
1775856_at,TRM1,YDR120C,0.667,intermediate,1.0,robust,1.0,0.667,shared_down,0.667
1775858_at,MBP1,YDL056W,0.0,not_responsive,0.0,not_responsive,,,none,1.0
1775859_at,SAH1,YER043C,0.0,not_responsive,1.0,robust,,0.667,MMS_specific_down,0.667
1775860_at,RAD1,YPL022W,0.0,not_responsive,0.167,not_responsive,,,none,0.667
1775861_at,SHE3,YBR130C,0.083,not_responsive,0.25,not_responsive,,,none,0.667
1775863_at,AVT7,YIL088C,0.0,not_responsive,0.0,not_responsive,,,none,1.0
1775866_at,BFR2,YDR299W,0.75,robust,0.917,robust,1.0,0.667,shared_down,1.0
1775868_s_at,HXT13 /// HXT17,YNR072W,0.0,not_responsive,0.0,not_responsive,,,none,1.0
1775869_at,YAL049C,YAL049C,0.0,not_responsive,0.0,not_responsive,,,none,1.0
1775872_at,SAP1,YER047C,0.0,not_responsive,0.167,not_responsive,,,none,0.667
1775873_at,IDP3,YNL009W,0.0,not_responsive,0.167,not_responsive,,,none,0.667
1775874_at,SGA1,YIL099W,0.417,intermediate,1.0,robust,1.0,0.667,shared_up,0.667
1775875_at,RAD61,YDR014W,0.0,not_responsive,0.0,not_responsive,,,none,1.0
1775876_at,HER2,YMR293C,0.0,not_responsive,0.25,not_responsive,,,none,0.667
1775877_at,NGL1,YOL042W,0.0,not_responsive,0.167,not_responsive,,,none,0.667
1775878_at,GEF1,YJR040W,0.083,not_responsive,0.083,not_responsive,,,none,1.0
1775884_at,RAX2,YLR084C,0.25,not_responsive,1.0,robust,,0.667,ambiguous,0.556
1775887_at,MGR2,YPL098C,0.0,not_responsive,0.0,not_responsive,,,none,1.0
1775889_at,SNF5,YBR289W,0.0,not_responsive,0.25,not_responsive,,,none,0.667
1775890_at,YMR090W,YMR090W,1.0,robust,1.0,robust,1.0,1.0,shared_up,1.0
1775891_at,YHL039W,YHL039W,0.333,not_responsive,0.333,not_responsive,,,none,0.667
1775892_at,YIL077C,YIL077C,0.333,fragile,0.5,intermediate,1.0,0.667,shared_up,0.667
1775893_at,FUS2,YMR232W,0.0,not_responsive,0.083,not_responsive,,,none,1.0
1775901_at,SHR3,YDL212W,0.0,not_responsive,0.333,not_responsive,,,none,0.667
1775902_at,MIC17,YMR002W,0.0,not_responsive,0.0,not_responsive,,,none,1.0
1775904_at,GAT2,YMR136W,0.5,intermediate,0.583,intermediate,1.0,0.667,shared_up,0.667
1775906_at,DYN3,YMR299C,0.0,not_responsive,0.0,not_responsive,,,none,1.0
1775910_at,MRPL1,YDR116C,0.0,not_responsive,0.417,intermediate,,1.0,ambiguous,0.556
1775912_at,COX5B,YIL111W,1.0,robust,1.0,robust,1.0,1.0,shared_up,1.0
1775915_at,ARC40,YBR234C,0.0,not_responsive,0.0,not_responsive,,,none,1.0
1775916_at,YNL193W,YNL193W,0.083,not_responsive,0.417,intermediate,,1.0,ambiguous,0.556
1775917_at,LAP3,YNL239W,0.0,not_responsive,0.0,not_responsive,,,none,1.0
1775918_at,BUR6,YER159C,0.0,not_responsive,0.417,intermediate,,1.0,ambiguous,0.556
1775919_at,ENT3,YJR125C,0.083,not_responsive,0.583,intermediate,,0.667,ambiguous,0.556
1775922_at,ARA2,YMR041C,0.083,not_responsive,0.667,intermediate,,0.667,ambiguous,0.889
1775924_at,HOS3,YPL116W,0.0,not_responsive,0.0,not_responsive,,,none,1.0
1775925_at,OM45,YIL136W,0.75,robust,1.0,robust,1.0,0.667,shared_up,1.0
1775926_at,PFD1,YJL179W,0.083,not_responsive,0.0,not_responsive,,,none,1.0
1775927_at,MSS2,YDL107W,0.333,not_responsive,0.333,not_responsive,,,none,0.667
1775928_at,ADK1,YDR226W,0.0,not_responsive,0.25,not_responsive,,,none,0.667
1775932_at,COX16,YJL003W,0.167,not_responsive,0.25,not_responsive,,,none,0.667
1775933_at,RPS25B,YLR333C,0.0,not_responsive,0.583,intermediate,,0.667,MMS_specific_down,0.333
1775934_at,YCR108C,YCR108C,0.0,not_responsive,0.083,not_responsive,,,none,1.0
1775935_at,ATP15,YPL271W,0.0,not_responsive,0.0,not_responsive,,,none,1.0
1775937_at,YMR030W-A,YMR030W-A,0.333,not_responsive,0.417,intermediate,,1.0,ambiguous,0.333
1775939_at,SIL1,YOL031C,0.0,not_responsive,0.083,not_responsive,,,none,1.0
1775944_at,SCP1,YOR367W,0.0,not_responsive,0.25,not_responsive,,,none,0.667
1775948_at,TYR1,YBR166C,0.0,not_responsive,0.25,not_responsive,,,none,0.667
1775949_at,AAP1,YHR047C,0.167,not_responsive,0.75,robust,,0.667,ambiguous,0.556
1775951_at,PEF1,YGR058W,0.0,not_responsive,0.0,not_responsive,,,none,1.0
1775952_at,KRE6,YPR159W,0.0,not_responsive,0.0,not_responsive,,,none,1.0
1775953_s_at,YNL034W,YNL034W,0.0,not_responsive,0.0,not_responsive,,,none,1.0
1775956_at,YGL140C,YGL140C,0.0,not_responsive,0.0,not_responsive,,,none,1.0
1775957_at,BER1,YLR412W,0.167,not_responsive,0.333,not_responsive,,,none,0.667
1775958_at,DST1,YGL043W,0.0,not_responsive,0.0,not_responsive,,,none,1.0
1775959_at,YGR169C-A,YGR169C-A,0.0,not_responsive,0.0,not_responsive,,,none,1.0
1775960_at,ATP3,YBR039W,0.0,not_responsive,0.167,not_responsive,,,none,0.667
1775962_at,NOP53,YPL146C,0.667,intermediate,0.583,intermediate,1.0,0.667,shared_down,0.667
1775965_at,HEM1,YDR232W,0.167,not_responsive,0.667,intermediate,,0.667,ambiguous,0.556
1775966_at,YNL010W,YNL010W,0.0,not_responsive,0.667,intermediate,,0.667,MMS_specific_down,0.667
1775968_at,YDJ1,YNL064C,0.0,not_responsive,0.0,not_responsive,,,none,1.0
1775969_at,UBX2,YML013W,0.0,not_responsive,0.0,not_responsive,,,none,1.0
1775970_at,YMR013W-A,YMR013W-A,0.0,not_responsive,0.917,robust,,0.667,ambiguous,0.667
1775971_at,GAA1,YLR088W,0.0,not_responsive,0.25,not_responsive,,,none,0.667
1775973_at,BPH1,YCR032W,0.0,not_responsive,0.167,not_responsive,,,none,0.667
1775974_at,ARO8,YGL202W,0.0,not_responsive,0.0,not_responsive,,,none,1.0
1775975_at,MMT2,YPL224C,0.0,not_responsive,0.25,not_responsive,,,none,0.667
1775976_at,HXK1,YFR053C,1.0,robust,1.0,robust,1.0,1.0,shared_up,1.0
1775978_at,ALG11,YNL048W,0.0,not_responsive,0.0,not_responsive,,,none,1.0
1775981_at,YMR315W-A,YMR315W-A,0.0,not_responsive,0.0,not_responsive,,,none,1.0
1775982_at,YHR045W,YHR045W,0.083,not_responsive,0.75,robust,,0.667,ambiguous,0.778
1775984_at,FAA1,YOR317W,0.25,not_responsive,0.0,not_responsive,,,none,0.667
1775986_at,PLC1,YPL268W,0.0,not_responsive,0.333,not_responsive,,,none,0.667
1775988_at,NDL1,YLR254C,0.0,not_responsive,0.167,not_responsive,,,none,0.667
1775989_at,RUB1,YDR139C,0.0,not_responsive,0.083,not_responsive,,,none,1.0
1775990_at,YDC1,YPL087W,0.5,intermediate,0.75,robust,0.444,0.667,shared_up,0.667
1775991_s_at,YCL073C,YCL073C,0.167,not_responsive,0.833,robust,,0.667,ambiguous,0.444
1775992_at,BNA4,YBL098W,0.083,not_responsive,0.0,not_responsive,,,none,1.0
1775996_at,YGL146C,YGL146C,0.0,not_responsive,0.417,intermediate,,1.0,MMS_specific_up,0.222
1775999_at,SAM35,YHR083W,0.0,not_responsive,0.083,not_responsive,,,none,1.0
1776002_s_at,YLR156W,YLR156W,0.0,not_responsive,0.0,not_responsive,,,none,1.0
1776003_at,SEC63,YOR254C,0.083,not_responsive,0.417,intermediate,,1.0,ambiguous,0.556
1776004_at,MCM4,YPR019W,0.0,not_responsive,0.0,not_responsive,,,none,1.0
1776006_at,YGL188C-A,YGL188C-A,0.0,not_responsive,0.167,not_responsive,,,none,0.667
1776009_at,PRT1,YOR361C,0.167,not_responsive,0.25,not_responsive,,,none,0.667
1776010_at,RPS22A,YJL190C,0.0,not_responsive,0.917,robust,,0.667,MMS_specific_down,0.889
1776013_at,YPT52,YKR014C,0.0,not_responsive,0.0,not_responsive,,,none,1.0
1776014_at,RRP1,YDR087C,0.667,intermediate,0.917,robust,1.0,0.667,shared_down,0.667
1776015_at,KAP123,YER110C,0.417,intermediate,1.0,robust,0.667,0.667,shared_down,0.667
1776016_at,YBR225W,YBR225W,0.167,not_responsive,0.25,not_responsive,,,none,0.667
1776017_at,SPT3,YDR392W,0.0,not_responsive,0.75,robust,,0.667,MMS_specific_up,0.667
1776019_at,SLM5,YCR024C,0.667,intermediate,0.667,intermediate,1.0,1.0,shared_up,1.0
1776020_at,DET1,YDR051C,0.0,not_responsive,0.0,not_responsive,,,none,1.0
1776021_at,HTZ1,YOL012C,0.25,not_responsive,0.583,intermediate,,0.667,ambiguous,0.333
1776022_at,IDH2,YOR136W,0.417,intermediate,0.25,not_responsive,0.667,,ambiguous,0.333
1776023_at,NCP1,YHR042W,0.083,not_responsive,0.417,intermediate,,1.0,ambiguous,0.556
1776025_at,RPS9B,YBR189W,0.0,not_responsive,0.417,intermediate,,1.0,MMS_specific_down,0.667
1776027_at,CDC60,YPL160W,0.083,not_responsive,0.333,not_responsive,,,none,0.667
1776029_at,PER1,YCR044C,0.0,not_responsive,0.0,not_responsive,,,none,1.0
1776030_at,PEX28,YHR150W,0.0,not_responsive,0.0,not_responsive,,,none,1.0
1776033_at,YHR100C,YHR100C,0.083,not_responsive,0.25,not_responsive,,,none,0.667
1776034_at,ORM1,YGR038W,0.0,not_responsive,0.0,not_responsive,,,none,1.0
1776036_at,MOT3,YMR070W,0.0,not_responsive,0.75,robust,,1.0,ambiguous,0.667
1776041_at,ATG1,YGL180W,0.833,robust,1.0,robust,1.0,1.0,shared_up,1.0
1776043_at,SLD3,YGL113W,0.333,not_responsive,0.5,intermediate,,0.667,ambiguous,0.333
1776044_at,RCK1,YGL158W,0.083,not_responsive,0.167,not_responsive,,,none,0.667
1776045_at,SNT1,YCR033W,0.0,not_responsive,0.167,not_responsive,,,none,0.667
1776046_at,NTH2,YBR001C,0.5,intermediate,1.0,robust,0.667,0.667,shared_up,0.667
1776049_at,RPS19B,YNL302C,0.0,not_responsive,0.25,not_responsive,,,none,0.667
1776054_at,VHR1,YIL056W,0.0,not_responsive,0.0,not_responsive,,,none,1.0
1776058_at,MDE1,YJR024C,0.0,not_responsive,0.167,not_responsive,,,none,0.667
1776061_at,ERG9,YHR190W,0.0,not_responsive,0.0,not_responsive,,,none,1.0
1776063_at,HAP5,YOR358W,0.083,not_responsive,0.0,not_responsive,,,none,1.0
1776064_at,JEN1,YKL217W,0.0,not_responsive,0.0,not_responsive,,,none,1.0
1776068_at,SVS1,YPL163C,0.25,not_responsive,0.833,robust,,0.667,ambiguous,0.667
1776069_at,EAF1,YDR359C,0.0,not_responsive,0.333,not_responsive,,,none,0.667
1776075_at,SMP3,YOR149C,0.0,not_responsive,0.25,not_responsive,,,none,0.667
1776076_at,TFB2,YPL122C,0.0,not_responsive,0.0,not_responsive,,,none,1.0
1776077_at,TMA108,YIL137C,0.0,not_responsive,0.25,not_responsive,,,none,0.667
1776079_at,YAP1802,YGR241C,0.0,not_responsive,0.0,not_responsive,,,none,1.0
1776080_at,GUS1,YGL245W,0.0,not_responsive,0.0,not_responsive,,,none,1.0
1776081_at,SMT3,YDR510W,0.0,not_responsive,0.0,not_responsive,,,none,1.0
1776083_at,VPS27,YNR006W,0.083,not_responsive,0.583,intermediate,,0.667,ambiguous,0.556
1776084_at,SAM4,YPL273W,0.0,not_responsive,0.5,intermediate,,1.0,MMS_specific_down,0.222
1776085_at,APE2,YKL157W,0.0,not_responsive,0.0,not_responsive,,,none,1.0
1776087_at,ECM12,YHR021W-A,0.0,not_responsive,0.083,not_responsive,,,none,1.0
1776088_at,NRM1,YNR009W,0.083,not_responsive,0.5,intermediate,,0.667,ambiguous,0.667
1776090_at,PRI1,YIR008C,0.0,not_responsive,0.25,not_responsive,,,none,0.667
1776091_at,RPA43,YOR340C,0.583,intermediate,1.0,robust,0.667,0.667,shared_down,0.667
1776092_at,GEA1,YJR031C,0.167,not_responsive,0.25,not_responsive,,,none,0.667
1776093_at,CPR5,YDR304C,0.0,not_responsive,0.0,not_responsive,,,none,1.0
1776094_at,SNU71,YGR013W,0.0,not_responsive,0.25,not_responsive,,,none,0.667
1776095_at,ABZ2,YMR289W,0.0,not_responsive,0.0,not_responsive,,,none,1.0
1776096_at,YER134C,YER134C,0.0,not_responsive,0.0,not_responsive,,,none,1.0
1776097_at,PRS3,YHL011C,0.333,not_responsive,0.917,robust,,0.667,ambiguous,0.667
1776102_at,SSO2,YMR183C,0.0,not_responsive,0.417,intermediate,,1.0,MMS_specific_down,0.667
1776104_at,RPS28B,YLR264W,0.167,not_responsive,0.75,robust,,0.667,ambiguous,0.556
1776107_at,YBR298C-A,YBR298C-A,0.0,not_responsive,0.0,not_responsive,,,none,1.0
1776108_at,YNL046W,YNL046W,0.0,not_responsive,0.417,intermediate,,1.0,MMS_specific_down,0.222
1776109_at,RPT5,YOR117W,0.0,not_responsive,0.25,not_responsive,,,none,0.667
1776115_at,TRM9,YML014W,0.333,not_responsive,0.167,not_responsive,,,none,0.667
1776117_at,MFA2,YNL145W,0.0,not_responsive,0.0,not_responsive,,,none,1.0
1776118_at,UTP21,YLR409C,0.667,intermediate,1.0,robust,1.0,0.667,shared_down,0.667
1776120_at,YER175W-A,YER175W-A,0.0,not_responsive,0.0,not_responsive,,,none,1.0
1776122_at,ERG13,YML126C,0.0,not_responsive,0.667,intermediate,,0.667,MMS_specific_down,0.889
1776123_at,TAF10,YDR167W,0.0,not_responsive,0.0,not_responsive,,,none,1.0
1776125_at,GIC1,YHR061C,0.333,not_responsive,0.667,intermediate,,0.667,ambiguous,0.556
1776127_at,YMR102C,YMR102C,0.0,not_responsive,0.0,not_responsive,,,none,1.0
1776129_at,MIR1,YJR077C,0.0,not_responsive,0.333,not_responsive,,,none,0.667
1776132_at,MLC2,YPR188C,0.0,not_responsive,0.0,not_responsive,,,none,1.0
1776134_at,PRP45,YAL032C,0.0,not_responsive,0.0,not_responsive,,,none,1.0
1776135_at,TIP41,YPR040W,0.0,not_responsive,0.25,not_responsive,,,none,0.667
1776136_at,SIP2,YGL208W,0.333,not_responsive,0.75,robust,,0.667,ambiguous,0.667
1776139_at,YOR131C,YOR131C,0.0,not_responsive,0.5,intermediate,,0.667,MMS_specific_up,0.222
1776143_at,STH1,YIL126W,0.25,not_responsive,0.167,not_responsive,,,none,0.667
1776145_at,YCR100C,YCR100C,0.0,not_responsive,0.25,not_responsive,,,none,0.667
1776150_at,COX13,YGL191W,0.0,not_responsive,0.333,not_responsive,,,none,0.667
1776151_at,MTO1,YGL236C,0.0,not_responsive,0.0,not_responsive,,,none,1.0
1776152_at,JIP4,YDR475C,0.167,not_responsive,0.5,intermediate,,0.667,ambiguous,0.333
1776153_at,YMR206W,YMR206W,0.167,not_responsive,0.417,intermediate,,0.667,ambiguous,0.667
1776154_at,ALG14,YBR070C,0.0,not_responsive,0.0,not_responsive,,,none,1.0
1776155_at,RNR4,YGR180C,0.083,not_responsive,0.167,not_responsive,,,none,0.667
1776156_at,BDH2,YAL061W,0.333,fragile,0.75,robust,1.0,1.0,shared_up,0.667
1776157_at,BAS1,YKR099W,0.417,intermediate,0.333,not_responsive,1.0,,ambiguous,0.333
1776158_at,YNR048W,YNR048W,0.0,not_responsive,0.0,not_responsive,,,none,1.0
1776159_at,HRT3,YLR097C,0.0,not_responsive,0.25,not_responsive,,,none,0.667
1776160_at,SIS2,YKR072C,0.0,not_responsive,0.0,not_responsive,,,none,1.0
1776161_at,GGA1,YDR358W,0.583,intermediate,1.0,robust,1.0,1.0,shared_up,0.667
1776162_at,YPR011C,YPR011C,0.0,not_responsive,0.25,not_responsive,,,none,0.667
1776164_at,HUL4,YJR036C,0.417,intermediate,0.667,intermediate,0.667,0.667,shared_up,0.667
1776165_at,YLR426W,YLR426W,0.0,not_responsive,0.0,not_responsive,,,none,1.0
1776166_at,SRY1,YKL218C,0.25,not_responsive,0.833,robust,,0.667,ambiguous,0.556
1776167_at,CHD1,YER164W,0.0,not_responsive,0.0,not_responsive,,,none,1.0
1776170_at,YMR034C,YMR034C,0.0,not_responsive,0.0,not_responsive,,,none,1.0
1776171_at,ALA1,YOR335C,0.0,not_responsive,0.333,not_responsive,,,none,0.667
1776172_at,YBR072C-A,YBR072C-A,0.0,not_responsive,0.0,not_responsive,,,none,1.0
1776173_at,CSR2,YPR030W,0.75,robust,0.75,robust,1.0,0.667,shared_up,1.0
1776174_at,PCL7,YIL050W,0.0,not_responsive,0.5,intermediate,,0.667,MMS_specific_up,0.222
1776178_at,YDR132C,YDR132C,0.583,intermediate,1.0,robust,1.0,1.0,shared_up,1.0
1776180_at,SRP102,YKL154W,0.0,not_responsive,0.25,not_responsive,,,none,0.667
1776183_at,ADR1,YDR216W,0.333,not_responsive,0.0,not_responsive,,,none,0.667
1776187_at,PML39,YML107C,0.0,not_responsive,0.0,not_responsive,,,none,1.0
1776188_at,TMA17,YDL110C,0.583,intermediate,0.667,intermediate,1.0,0.667,shared_up,0.667
1776191_at,YLR281C,YLR281C,0.25,not_responsive,0.417,intermediate,,1.0,ambiguous,0.333
1776193_at,TAT1,YBR069C,0.333,not_responsive,0.333,not_responsive,,,none,0.667
1776196_at,AHC2,YCR082W,0.0,not_responsive,0.0,not_responsive,,,none,1.0
1776198_at,YGL231C,YGL231C,0.0,not_responsive,0.0,not_responsive,,,none,1.0
1776199_at,RPS23B,YPR132W,0.0,not_responsive,0.417,intermediate,,1.0,MMS_specific_down,0.667
1776204_at,YKL151C,YKL151C,0.5,intermediate,1.0,robust,0.667,0.667,shared_up,0.667
1776208_at,YFR057W,YFR057W,0.0,not_responsive,0.0,not_responsive,,,none,1.0
1776210_at,VOA1,YGR106C,0.0,not_responsive,0.0,not_responsive,,,none,1.0
1776211_at,SET1,YHR119W,0.0,not_responsive,0.083,not_responsive,,,none,1.0
1776214_at,TSC3,YBR058C-A,0.0,not_responsive,0.25,not_responsive,,,none,0.667
1776215_at,LAT1,YNL071W,0.0,not_responsive,0.0,not_responsive,,,none,1.0
1776216_at,COQ4,YDR204W,0.417,intermediate,1.0,robust,0.444,0.667,shared_up,0.667
1776217_at,ATP18,YML081C-A,0.0,not_responsive,0.25,not_responsive,,,none,0.667
1776218_at,MFA1,YDR461W,0.0,not_responsive,0.0,not_responsive,,,none,1.0
1776223_at,PRE10,YOR362C,0.0,not_responsive,0.25,not_responsive,,,none,0.667
1776224_at,PTR3,YFR029W,0.0,not_responsive,0.0,not_responsive,,,none,1.0
1776225_at,YHR162W,YHR162W,0.0,not_responsive,0.0,not_responsive,,,none,1.0
1776226_at,KIN1,YDR122W,0.333,not_responsive,0.75,robust,,0.667,ambiguous,0.556
1776227_at,KTR6,YPL053C,0.0,not_responsive,0.167,not_responsive,,,none,0.667
1776228_at,FMP40,YPL222W,0.417,intermediate,0.5,intermediate,0.444,0.667,shared_up,0.667
1776229_at,IRS4,YKR019C,0.0,not_responsive,0.0,not_responsive,,,none,1.0
1776232_at,HVG1,YER039C,0.5,intermediate,0.833,robust,0.667,1.0,shared_up,0.667
1776233_at,OAF1,YAL051W,0.083,not_responsive,0.5,intermediate,,0.667,ambiguous,0.667
1776234_at,DPP1,YDR284C,0.0,not_responsive,0.25,not_responsive,,,none,0.667
1776235_at,POL2,YNL262W,0.083,not_responsive,0.5,intermediate,,0.667,ambiguous,0.667
1776238_at,YLL053C,YLL053C,1.0,robust,0.667,intermediate,0.667,0.667,shared_down,1.0
1776239_at,RHO3,YIL118W,0.083,not_responsive,0.583,intermediate,,0.667,ambiguous,0.556
1776241_at,ERV2,YPR037C,0.0,not_responsive,0.0,not_responsive,,,none,1.0
1776244_at,DGA1,YOR245C,0.0,not_responsive,0.5,intermediate,,0.667,MMS_specific_up,0.222
1776246_at,MDJ1,YFL016C,0.083,not_responsive,0.25,not_responsive,,,none,0.667
1776248_at,XDJ1,YLR090W,0.083,not_responsive,0.25,not_responsive,,,none,0.667
1776251_at,YFR032C-B,YFR032C-B,0.0,not_responsive,0.083,not_responsive,,,none,1.0
1776254_at,PRP24,YMR268C,0.167,not_responsive,0.0,not_responsive,,,none,0.667
1776255_at,LEO1,YOR123C,0.0,not_responsive,0.0,not_responsive,,,none,1.0
1776257_at,YGR250C,YGR250C,0.167,not_responsive,0.5,intermediate,,0.667,ambiguous,0.333
1776258_at,SED1,YDR077W,0.0,not_responsive,0.0,not_responsive,,,none,1.0
1776260_at,LGE1,YPL055C,0.0,not_responsive,0.25,not_responsive,,,none,0.667
1776262_at,HPT1,YDR399W,0.417,intermediate,1.0,robust,1.0,1.0,shared_down,0.667
1776265_at,RCY1,YJL204C,0.0,not_responsive,0.25,not_responsive,,,none,0.667
1776267_at,RPB10,YOR210W,0.167,not_responsive,0.75,robust,,0.667,ambiguous,0.556
1776268_at,PDB1,YBR221C,0.0,not_responsive,0.0,not_responsive,,,none,1.0
1776269_at,UBP3,YER151C,0.0,not_responsive,0.0,not_responsive,,,none,1.0
1776270_at,YLR211C,YLR211C,0.0,not_responsive,0.0,not_responsive,,,none,1.0
1776272_at,ECM40,YMR062C,0.0,not_responsive,0.417,intermediate,,0.444,ambiguous,0.556
1776273_x_at,IMD2,YHR216W,0.083,not_responsive,0.0,not_responsive,,,none,1.0
1776275_at,YJL077W-B,YJL077W-B,0.167,not_responsive,0.333,not_responsive,,,none,0.667
1776278_at,RPS7B,YNL096C,0.083,not_responsive,1.0,robust,,0.667,ambiguous,0.889
1776280_at,CUE2,YKL090W,0.0,not_responsive,0.0,not_responsive,,,none,1.0
1776281_at,GMH1,YKR030W,0.0,not_responsive,0.0,not_responsive,,,none,1.0
1776282_at,PRK1,YIL095W,0.0,not_responsive,0.25,not_responsive,,,none,0.667
1776283_at,IZH4,YOL101C,0.583,intermediate,0.417,intermediate,0.667,0.444,opposite_or_mixed,0.667
1776285_at,PUT4,YOR348C,1.0,robust,0.083,not_responsive,1.0,,ambiguous,0.667
1776290_at,YIL158W,YIL158W,0.583,intermediate,1.0,robust,0.667,1.0,shared_down,0.667
1776294_at,HXT8,YJL214W,0.0,not_responsive,0.0,not_responsive,,,none,1.0
1776295_at,SIZ1,YDR409W,0.0,not_responsive,0.083,not_responsive,,,none,1.0
1776297_at,AME1,YBR211C,0.0,not_responsive,0.25,not_responsive,,,none,0.667
1776298_at,YHR192W,YHR192W,0.0,not_responsive,0.083,not_responsive,,,none,1.0
1776299_at,NPY1,YGL067W,0.0,not_responsive,0.167,not_responsive,,,none,0.667
1776302_at,YPL247C,YPL247C,0.75,robust,1.0,robust,1.0,1.0,shared_up,1.0
1776304_at,CTA1,YDR256C,0.917,robust,1.0,robust,1.0,1.0,shared_up,1.0
1776309_at,YFR026C,YFR026C,0.0,not_responsive,0.0,not_responsive,,,none,1.0
1776310_at,BET5,YML077W,0.0,not_responsive,0.0,not_responsive,,,none,1.0
1776311_at,YCL001W-B,YCL001W-B,0.0,not_responsive,0.0,not_responsive,,,none,1.0
1776312_at,MSH4,YFL003C,0.0,not_responsive,0.0,not_responsive,,,none,1.0
1776314_at,YDR124W,YDR124W,0.0,not_responsive,0.0,not_responsive,,,none,1.0
1776315_at,DFM1,YDR411C,0.0,not_responsive,0.5,intermediate,,0.667,MMS_specific_up,0.333
1776317_at,MRPL13,YKR006C,0.0,not_responsive,0.083,not_responsive,,,none,1.0
1776319_at,SUV3,YPL029W,0.0,not_responsive,0.167,not_responsive,,,none,0.667
1776321_at,YAL063C-A,YAL063C-A,0.083,not_responsive,0.0,not_responsive,,,none,1.0
1776324_at,MEI4,YER044C-A,0.167,not_responsive,0.25,not_responsive,,,none,0.667
1776326_at,PTC4,YBR125C,0.0,not_responsive,0.5,intermediate,,0.667,MMS_specific_up,0.333
1776330_at,YCL042W,YCL042W,0.083,not_responsive,0.167,not_responsive,,,none,0.667
1776332_at,SFP1,YLR403W,0.0,not_responsive,0.0,not_responsive,,,none,1.0
1776333_at,YPR114W,YPR114W,0.0,not_responsive,0.417,intermediate,,1.0,MMS_specific_down,0.556
1776335_at,ERG27,YLR100W,0.0,not_responsive,0.25,not_responsive,,,none,0.667
1776337_at,ATE1,YGL017W,0.0,not_responsive,0.5,intermediate,,0.667,MMS_specific_up,0.222
1776338_at,SYN8,YAL014C,0.0,not_responsive,0.25,not_responsive,,,none,0.667
1776339_at,YLR143W,YLR143W,0.25,not_responsive,0.0,not_responsive,,,none,0.667
1776341_at,GUF1,YLR289W,0.0,not_responsive,0.25,not_responsive,,,none,0.667
1776342_at,PRS1,YKL181W,0.25,not_responsive,0.583,intermediate,,0.667,ambiguous,0.333
1776343_at,ATG20,YDL113C,0.25,not_responsive,0.917,robust,,0.667,ambiguous,0.556
1776344_at,RPL14A,YKL006W,0.0,not_responsive,0.667,intermediate,,0.667,MMS_specific_down,1.0
1776346_at,HEM15,YOR176W,0.25,not_responsive,0.25,not_responsive,,,none,0.667
1776347_at,CEF1,YMR213W,0.0,not_responsive,0.083,not_responsive,,,none,1.0
1776348_at,FAL1,YDR021W,0.667,intermediate,0.667,intermediate,1.0,0.667,shared_down,0.667
1776349_s_at,YLL066W-B,YLL066W-B,0.0,not_responsive,0.0,not_responsive,,,none,1.0
1776350_at,ATG23,YLR431C,0.0,not_responsive,0.5,intermediate,,0.667,MMS_specific_up,0.222
1776351_at,YBL029C-A,YBL029C-A,0.083,not_responsive,0.667,intermediate,,0.667,ambiguous,0.667
1776352_at,ATP1,YBL099W,0.0,not_responsive,0.0,not_responsive,,,none,1.0
1776353_at,DML1,YMR211W,0.167,not_responsive,0.083,not_responsive,,,none,0.667
1776354_s_at,ERR1 /// ERR2 /// ERR3,YMR323W,0.083,not_responsive,0.333,not_responsive,,,none,0.667
1776355_at,VPS21,YOR089C,0.0,not_responsive,0.0,not_responsive,,,none,1.0
1776356_at,BOP3,YNL042W,0.0,not_responsive,0.0,not_responsive,,,none,1.0
1776357_at,SRP68,YPL243W,0.0,not_responsive,0.0,not_responsive,,,none,1.0
1776359_at,PUS9,YDL036C,0.25,not_responsive,0.5,intermediate,,0.667,ambiguous,0.333
1776362_at,HMO1,YDR174W,0.083,not_responsive,0.167,not_responsive,,,none,0.667
1776363_at,SUR4,YLR372W,0.083,not_responsive,1.0,robust,,0.667,ambiguous,0.889
1776365_s_at,RPS24A /// RPS24B,YER074W,0.0,not_responsive,0.583,intermediate,,0.667,MMS_specific_down,0.667
1776366_at,PXA1,YPL147W,0.167,not_responsive,0.5,intermediate,,0.667,ambiguous,0.222
1776367_at,SIP3,YNL257C,0.0,not_responsive,0.417,intermediate,,1.0,MMS_specific_up,0.333
1776368_at,RHB1,YCR027C,0.0,not_responsive,0.0,not_responsive,,,none,1.0
1776370_at,RPL2A,YFR031C-A,0.0,not_responsive,0.75,robust,,0.667,MMS_specific_down,0.667
1776371_at,SKM1,YOL113W,0.167,not_responsive,0.0,not_responsive,,,none,0.667
1776372_at,APS1,YLR170C,0.0,not_responsive,0.0,not_responsive,,,none,1.0
1776378_at,STE5,YDR103W,0.0,not_responsive,0.167,not_responsive,,,none,0.667
1776379_at,WWM1,YFL010C,0.0,not_responsive,0.0,not_responsive,,,none,1.0
1776384_at,YCT1,YLL055W,0.833,robust,1.0,robust,1.0,1.0,shared_up,1.0
1776385_at,BDP1,YNL039W,0.0,not_responsive,0.083,not_responsive,,,none,1.0
1776388_at,PPA2,YMR267W,0.0,not_responsive,0.0,not_responsive,,,none,1.0
1776390_at,PIM1,YBL022C,0.25,not_responsive,0.5,intermediate,,0.667,ambiguous,0.333
1776391_at,MSB1,YOR188W,0.417,intermediate,0.583,intermediate,1.0,0.667,shared_down,0.667
1776393_at,APC5,YOR249C,0.0,not_responsive,0.25,not_responsive,,,none,0.667
1776397_at,KTR7,YIL085C,0.167,not_responsive,0.25,not_responsive,,,none,0.667
1776399_at,MGS1,YNL218W,0.0,not_responsive,0.25,not_responsive,,,none,0.667
1776401_at,SHM2,YLR058C,0.083,not_responsive,0.25,not_responsive,,,none,0.667
1776402_at,YMR181C,YMR181C,0.75,robust,1.0,robust,1.0,0.667,shared_up,1.0
1776403_at,IST2,YBR086C,0.0,not_responsive,0.0,not_responsive,,,none,1.0
1776404_at,TFC6,YDR362C,0.0,not_responsive,0.333,not_responsive,,,none,0.667
1776407_at,ALK1,YGL021W,0.333,not_responsive,0.833,robust,,0.667,ambiguous,0.667
1776409_at,UBC7,YMR022W,0.0,not_responsive,0.0,not_responsive,,,none,1.0
1776410_at,YPR196W,YPR196W,0.0,not_responsive,0.0,not_responsive,,,none,1.0
1776413_at,SPP41,YDR464W,0.167,not_responsive,0.583,intermediate,,0.667,ambiguous,0.333
1776414_at,ICT1,YLR099C,0.0,not_responsive,0.083,not_responsive,,,none,1.0
1776417_at,CTR2,YHR175W,0.0,not_responsive,0.0,not_responsive,,,none,1.0
1776418_at,ARF1,YDL192W,0.0,not_responsive,0.167,not_responsive,,,none,0.667
1776419_at,COX7,YMR256C,0.0,not_responsive,0.5,intermediate,,0.667,ambiguous,0.556
1776420_at,MSG5,YNL053W,0.083,not_responsive,0.0,not_responsive,,,none,1.0
1776422_at,ATG22,YCL038C,0.167,not_responsive,0.167,not_responsive,,,none,0.667
1776423_at,CTK1,YKL139W,0.0,not_responsive,0.5,intermediate,,0.667,MMS_specific_up,0.333
1776425_at,SAF1,YBR280C,0.583,intermediate,1.0,robust,1.0,1.0,shared_up,1.0
1776427_at,ZWF1,YNL241C,0.75,robust,1.0,robust,1.0,1.0,shared_up,1.0
1776428_at,YNL311C,YNL311C,0.083,not_responsive,0.0,not_responsive,,,none,1.0
1776429_at,UAF30,YOR295W,0.167,not_responsive,0.25,not_responsive,,,none,0.667
1776434_at,ECM13,YBL043W,0.583,intermediate,0.0,not_responsive,0.667,,ambiguous,0.556
1776440_at,LEM3,YNL323W,0.0,not_responsive,0.333,not_responsive,,,none,0.667
1776441_at,ADE8,YDR408C,0.0,not_responsive,0.083,not_responsive,,,none,1.0
1776447_at,YNG2,YHR090C,0.0,not_responsive,0.25,not_responsive,,,none,0.667
1776449_at,PTP2,YOR208W,0.0,not_responsive,0.0,not_responsive,,,none,1.0
1776450_at,SIS1,YNL007C,0.0,not_responsive,0.25,not_responsive,,,none,0.667
1776452_at,TIM44,YIL022W,0.0,not_responsive,0.0,not_responsive,,,none,1.0
1776457_at,PBN1,YCL052C,0.167,not_responsive,0.667,intermediate,,0.667,ambiguous,0.444
1776459_at,YHR086W-A,YHR086W-A,0.0,not_responsive,0.0,not_responsive,,,none,1.0
1776464_at,AFG3,YER017C,0.0,not_responsive,0.25,not_responsive,,,none,0.667
1776467_at,RPL8A,YHL033C,0.0,not_responsive,0.667,intermediate,,0.667,MMS_specific_down,0.889
1776471_at,MIG2,YGL209W,0.333,not_responsive,0.5,intermediate,,1.0,ambiguous,0.667
1776472_at,SPC2,YML055W,0.0,not_responsive,0.0,not_responsive,,,none,1.0
1776473_at,SEC9,YGR009C,0.0,not_responsive,0.25,not_responsive,,,none,0.667
1776474_at,YPR147C,YPR147C,0.0,not_responsive,0.0,not_responsive,,,none,1.0
1776477_at,LYS21,YDL131W,0.0,not_responsive,0.25,not_responsive,,,none,0.667
1776478_at,UBA1,YKL210W,0.0,not_responsive,0.167,not_responsive,,,none,0.667
1776483_at,BUD3,YCL014W,0.333,not_responsive,0.667,intermediate,,0.667,ambiguous,0.667
1776484_at,YLR154W-F,YLR154W-F,0.0,not_responsive,0.0,not_responsive,,,none,1.0
1776485_at,COS8,YHL048W,0.25,not_responsive,0.667,intermediate,,0.667,ambiguous,0.556
1776490_s_at,YER138W-A,YER138W-A,0.0,not_responsive,0.0,not_responsive,,,none,1.0
1776496_at,BUL2,YML111W,0.0,not_responsive,0.0,not_responsive,,,none,1.0
1776498_at,UTP15,YMR093W,0.583,intermediate,1.0,robust,1.0,0.667,shared_down,1.0
1776501_at,CIN4,YMR138W,0.083,not_responsive,0.167,not_responsive,,,none,0.667
1776502_at,RTT105,YER104W,0.0,not_responsive,0.083,not_responsive,,,none,1.0
1776507_at,RAX1,YOR301W,0.25,not_responsive,0.333,not_responsive,,,none,0.667
1776508_at,YOL075C,YOL075C,0.0,not_responsive,0.0,not_responsive,,,none,1.0
1776509_at,HYM1,YKL189W,0.0,not_responsive,0.333,not_responsive,,,none,0.667
1776514_at,SWC5,YBR231C,0.0,not_responsive,0.5,intermediate,,0.667,MMS_specific_up,0.222
1776516_at,RPL13A,YDL082W,0.167,not_responsive,1.0,robust,,0.667,ambiguous,0.333
1776517_at,SNA3,YJL151C,0.083,not_responsive,0.5,intermediate,,0.667,ambiguous,0.556
1776520_at,YNL211C,YNL211C,0.0,not_responsive,0.5,intermediate,,0.667,ambiguous,0.556
1776523_at,DPS1,YLL018C,0.0,not_responsive,0.083,not_responsive,,,none,1.0
1776524_at,YBL028C,YBL028C,0.667,intermediate,1.0,robust,1.0,0.667,shared_down,0.667
1776525_at,KIN3,YAR018C,0.333,not_responsive,0.667,intermediate,,0.667,ambiguous,0.667
1776526_at,POL1,YNL102W,0.25,not_responsive,0.25,not_responsive,,,none,0.667
1776528_at,GPM2,YDL021W,1.0,robust,1.0,robust,1.0,0.667,shared_up,1.0
1776529_at,SPC105,YGL093W,0.083,not_responsive,0.917,robust,,0.667,ambiguous,0.667
1776530_at,FRT1,YOR324C,0.083,not_responsive,0.0,not_responsive,,,none,1.0
1776531_at,TPS2,YDR074W,0.833,robust,1.0,robust,0.667,1.0,shared_up,1.0
1776536_at,SWT21,YNL187W,0.0,not_responsive,0.083,not_responsive,,,none,1.0
1776538_at,SBA1,YKL117W,0.0,not_responsive,0.0,not_responsive,,,none,1.0
1776539_at,BUB3,YOR026W,0.0,not_responsive,0.167,not_responsive,,,none,0.667
1776541_at,RSC9,YML127W,0.0,not_responsive,0.0,not_responsive,,,none,1.0
1776542_at,PDR16,YNL231C,0.083,not_responsive,0.0,not_responsive,,,none,1.0
1776544_at,YBL101W-C,YBL101W-C,0.0,not_responsive,0.25,not_responsive,,,none,0.667
1776546_at,BSC1,YDL037C,1.0,robust,1.0,robust,0.667,1.0,shared_down,1.0
1776550_at,HSP42,YDR171W,1.0,robust,1.0,robust,1.0,1.0,shared_up,1.0
1776552_at,SWI6,YLR182W,0.083,not_responsive,0.083,not_responsive,,,none,1.0
1776553_at,YOL163W,YOL163W,0.5,intermediate,1.0,robust,0.667,0.667,shared_up,0.667
1776554_at,MSH5,YDL154W,0.0,not_responsive,0.0,not_responsive,,,none,1.0
1776555_at,CBP6,YBR120C,0.167,not_responsive,0.167,not_responsive,,,none,0.667
1776556_at,NDD1,YOR372C,0.25,not_responsive,0.417,intermediate,,1.0,ambiguous,0.333
1776558_at,HXT2,YMR011W,0.083,not_responsive,0.833,robust,,0.667,ambiguous,0.667
1776560_at,ROX3,YBL093C,0.167,not_responsive,0.167,not_responsive,,,none,0.667
1776562_at,SCD6,YPR129W,0.0,not_responsive,0.0,not_responsive,,,none,1.0
1776563_at,STB4,YMR019W,0.0,not_responsive,0.083,not_responsive,,,none,1.0
1776565_at,YGR131W,YGR131W,0.0,not_responsive,0.167,not_responsive,,,none,0.667
1776571_at,MRPL35,YDR322W,0.0,not_responsive,0.0,not_responsive,,,none,1.0
1776574_at,MRPL51,YPR100W,0.0,not_responsive,0.083,not_responsive,,,none,1.0
1776576_at,MBR1,YKL093W,0.333,not_responsive,0.25,not_responsive,,,none,0.667
1776580_at,RAD34,YDR314C,0.167,not_responsive,0.25,not_responsive,,,none,0.667
1776581_at,SSN2,YDR443C,0.0,not_responsive,0.0,not_responsive,,,none,1.0
1776583_at,FIT2,YOR382W,0.333,not_responsive,1.0,robust,,0.667,ambiguous,0.667
1776589_at,MID2,YLR332W,0.083,not_responsive,0.5,intermediate,,0.667,ambiguous,0.556
1776590_at,GEM1,YAL048C,0.0,not_responsive,0.083,not_responsive,,,none,1.0
1776594_at,YGR093W,YGR093W,0.083,not_responsive,0.0,not_responsive,,,none,1.0
1776595_at,RNH1,YMR234W,0.0,not_responsive,0.0,not_responsive,,,none,1.0
1776596_at,GCV1,YDR019C,0.5,intermediate,0.917,robust,0.667,0.667,shared_up,0.667
1776597_at,SAT4,YCR008W,0.0,not_responsive,0.333,not_responsive,,,none,0.667
1776600_at,PFS2,YNL317W,0.0,not_responsive,0.667,intermediate,,0.667,MMS_specific_up,0.667
1776601_at,TOM5,YPR133W-A,0.0,not_responsive,0.333,not_responsive,,,none,0.667
1776603_at,ILV1,YER086W,0.0,not_responsive,0.417,intermediate,,1.0,MMS_specific_down,0.222
1776604_at,CDC9,YDL164C,0.0,not_responsive,0.0,not_responsive,,,none,1.0
1776607_at,SEC6,YIL068C,0.0,not_responsive,0.5,intermediate,,0.667,MMS_specific_up,0.556
1776608_at,ATP22,YDR350C,0.0,not_responsive,0.083,not_responsive,,,none,1.0
1776609_at,MRP8,YKL142W,0.25,not_responsive,0.5,intermediate,,0.667,ambiguous,0.333
1776610_at,URA5,YML106W,0.0,not_responsive,0.5,intermediate,,0.667,MMS_specific_down,0.333
1776611_at,YBL071C-B,YBL071C-B,0.0,not_responsive,0.0,not_responsive,,,none,1.0
1776613_at,YJR129C,YJR129C,0.5,intermediate,0.5,intermediate,1.0,0.667,shared_down,0.667
1776614_at,CLN3,YAL040C,0.0,not_responsive,0.833,robust,,0.667,ambiguous,0.667
1776615_at,SSY5,YJL156C,0.0,not_responsive,0.0,not_responsive,,,none,1.0
1776617_at,APL1,YJR005W,0.0,not_responsive,0.0,not_responsive,,,none,1.0
1776619_at,URB2,YJR041C,0.5,intermediate,1.0,robust,1.0,0.667,shared_down,0.667
1776620_at,YPL038W-A,YPL038W-A,0.0,not_responsive,0.083,not_responsive,,,none,1.0
1776621_at,RPC25,YKL144C,0.5,intermediate,1.0,robust,1.0,0.667,shared_down,0.667
1776623_at,PTP3,YER075C,0.0,not_responsive,0.167,not_responsive,,,none,0.667
1776624_at,ALD4,YOR374W,0.667,intermediate,1.0,robust,1.0,1.0,shared_up,1.0
1776626_at,SCW11,YGL028C,0.25,not_responsive,1.0,robust,,1.0,ambiguous,0.667
1776630_at,GTO1,YGR154C,0.25,not_responsive,0.5,intermediate,,0.667,ambiguous,0.333
1776632_at,HMI1,YOL095C,0.0,not_responsive,0.0,not_responsive,,,none,1.0
1776633_at,YNL247W,YNL247W,0.0,not_responsive,0.833,robust,,0.667,ambiguous,0.667
1776634_at,CSH1,YBR161W,0.417,intermediate,0.417,intermediate,0.667,0.667,shared_up,0.667
1776635_at,YGR146C-A,YGR146C-A,0.0,not_responsive,0.083,not_responsive,,,none,1.0
1776636_s_at,TEF1 /// TEF2,YBR118W,0.0,not_responsive,0.0,not_responsive,,,none,1.0
1776638_at,ARR1,YPR199C,0.0,not_responsive,0.0,not_responsive,,,none,1.0
1776643_at,BNS1,YGR230W,0.0,not_responsive,0.0,not_responsive,,,none,1.0
1776644_at,GLG1,YKR058W,0.75,robust,1.0,robust,1.0,1.0,shared_up,1.0
1776646_at,YER076C,YER076C,0.0,not_responsive,0.0,not_responsive,,,none,1.0
1776647_at,PCC1,YKR095W-A,0.0,not_responsive,0.667,intermediate,,0.667,ambiguous,0.667
1776650_at,AAT1,YKL106W,0.25,not_responsive,0.5,intermediate,,0.667,ambiguous,0.333
1776651_at,ECM9,YKR004C,0.0,not_responsive,0.083,not_responsive,,,none,1.0
1776654_at,ITT1,YML068W,0.0,not_responsive,0.25,not_responsive,,,none,0.667
1776655_at,YML100W-A,YML100W-A,0.0,not_responsive,0.0,not_responsive,,,none,1.0
1776658_at,REE1,YJL217W,0.417,intermediate,0.083,not_responsive,1.0,,ambiguous,0.667
1776662_at,DNA2,YHR164C,0.083,not_responsive,0.5,intermediate,,0.667,ambiguous,0.556
1776663_at,YNL213C,YNL213C,0.083,not_responsive,0.25,not_responsive,,,none,0.667
1776664_at,DAK2,YFL053W,1.0,robust,0.083,not_responsive,1.0,,ambiguous,0.889
1776665_at,CSL4,YNL232W,0.333,not_responsive,0.0,not_responsive,,,none,0.667
1776666_at,LSM4,YER112W,0.0,not_responsive,0.0,not_responsive,,,none,1.0
1776667_at,PET112,YBL080C,0.167,not_responsive,0.083,not_responsive,,,none,1.0
1776670_at,YFL042C,YFL042C,0.333,not_responsive,0.917,robust,,0.667,ambiguous,0.556
1776671_at,TRM13,YOL125W,0.25,not_responsive,0.167,not_responsive,,,none,0.667
1776672_at,CMK2,YOL016C,0.417,intermediate,1.0,robust,1.0,0.667,shared_up,0.667
1776673_at,NCE103,YNL036W,0.917,robust,1.0,robust,1.0,1.0,shared_up,1.0
1776675_at,ITR2,YOL103W,0.0,not_responsive,0.0,not_responsive,,,none,1.0
1776678_at,CAF20,YOR276W,0.0,not_responsive,0.5,intermediate,,0.667,MMS_specific_down,0.222
1776679_at,ARN2,YHL047C,0.0,not_responsive,0.25,not_responsive,,,none,0.667
1776680_at,SPG1,YGR236C,0.0,not_responsive,0.417,intermediate,,1.0,ambiguous,0.556
1776685_at,RLF2,YPR018W,0.0,not_responsive,0.25,not_responsive,,,none,0.667
1776686_at,ISM1,YPL040C,0.0,not_responsive,0.25,not_responsive,,,none,0.667
1776687_at,GAT1,YFL021W,0.167,not_responsive,0.333,not_responsive,,,none,0.667
1776689_at,YER087W,YER087W,0.167,not_responsive,0.083,not_responsive,,,none,0.667
1776694_at,YGL159W,YGL159W,0.0,not_responsive,0.0,not_responsive,,,none,1.0
1776695_at,YOS1,YER074W-A,0.0,not_responsive,0.5,intermediate,,0.667,MMS_specific_down,0.556
1776697_at,TRM7,YBR061C,0.333,not_responsive,0.75,robust,,0.667,ambiguous,0.667
1776698_at,YLR036C,YLR036C,0.0,not_responsive,0.0,not_responsive,,,none,1.0
1776699_at,SCH9,YHR205W,0.0,not_responsive,0.0,not_responsive,,,none,1.0
1776702_at,TAO3,YIL129C,0.0,not_responsive,0.0,not_responsive,,,none,1.0
1776704_at,TFA1,YKL028W,0.0,not_responsive,0.0,not_responsive,,,none,1.0
1776705_at,IMD3,YLR432W,0.083,not_responsive,1.0,robust,,0.667,ambiguous,0.667
1776707_at,MCM6,YGL201C,0.0,not_responsive,0.083,not_responsive,,,none,1.0
1776708_at,SNF4,YGL115W,0.0,not_responsive,0.083,not_responsive,,,none,1.0
1776709_at,ERO1,YML130C,0.083,not_responsive,0.667,intermediate,,1.0,ambiguous,0.667
1776711_at,SMI1,YGR229C,0.167,not_responsive,0.667,intermediate,,0.667,ambiguous,0.444
1776715_at,OCT1,YKL134C,0.083,not_responsive,0.083,not_responsive,,,none,1.0
1776717_at,RIB3,YDR487C,0.167,not_responsive,0.083,not_responsive,,,none,0.667
1776718_at,NHP10,YDL002C,0.0,not_responsive,0.0,not_responsive,,,none,1.0
1776719_at,ATP10,YLR393W,0.167,not_responsive,0.417,intermediate,,1.0,ambiguous,0.333
1776721_at,HXT1,YHR094C,0.25,not_responsive,0.333,fragile,,1.0,ambiguous,0.333
1776724_at,FAR10,YLR238W,0.0,not_responsive,0.25,not_responsive,,,none,0.667
1776725_at,ISU2,YOR226C,0.583,intermediate,1.0,robust,1.0,1.0,shared_up,0.667
1776727_at,YOL029C,YOL029C,0.25,not_responsive,0.083,not_responsive,,,none,1.0
1776729_at,FAR3,YMR052W,0.0,not_responsive,0.0,not_responsive,,,none,1.0
1776731_at,TFC1,YBR123C,0.0,not_responsive,0.333,not_responsive,,,none,0.667
1776732_at,MEX67,YPL169C,0.0,not_responsive,0.0,not_responsive,,,none,1.0
1776734_at,RPN1,YHR027C,0.0,not_responsive,0.083,not_responsive,,,none,1.0
1776735_at,RPL34A,YER056C-A,0.0,not_responsive,0.833,robust,,0.667,MMS_specific_down,0.889
1776736_at,YLR419W,YLR419W,0.167,not_responsive,0.333,not_responsive,,,none,0.667
1776744_at,MSN5,YDR335W,0.0,not_responsive,0.083,not_responsive,,,none,1.0
1776745_at,CDC7,YDL017W,0.0,not_responsive,0.5,intermediate,,0.667,MMS_specific_up,0.556
1776748_at,FPR4,YLR449W,0.25,not_responsive,0.75,robust,,0.667,ambiguous,0.667
1776749_at,GTT1,YIR038C,0.5,intermediate,0.667,intermediate,0.667,0.667,shared_up,0.667
1776752_at,DCR2,YLR361C,0.0,not_responsive,0.0,not_responsive,,,none,1.0
1776754_at,SFL1,YOR140W,0.0,not_responsive,0.75,robust,,0.667,ambiguous,0.667
1776757_at,CIN2,YPL241C,0.0,not_responsive,0.417,intermediate,,1.0,ambiguous,0.556
1776759_at,YKL107W,YKL107W,0.917,robust,1.0,robust,0.667,0.667,shared_up,1.0
1776760_at,CPR6,YLR216C,0.0,not_responsive,0.083,not_responsive,,,none,1.0
1776761_at,MGM1,YOR211C,0.0,not_responsive,0.25,not_responsive,,,none,0.667
1776763_at,CLN2,YPL256C,0.25,not_responsive,1.0,robust,,0.667,ambiguous,0.667
1776764_at,YAL037W,YAL037W,0.0,not_responsive,0.167,not_responsive,,,none,0.667
1776766_at,PRM7,YDL039C,0.833,robust,1.0,robust,0.667,1.0,shared_down,1.0
1776767_at,MHT1,YLL062C,0.333,not_responsive,0.583,intermediate,,0.667,ambiguous,0.333
1776768_at,FBP1,YLR377C,0.0,not_responsive,0.083,not_responsive,,,none,1.0
1776769_at,VMA9,YCL005W-A,0.0,not_responsive,0.75,robust,,0.667,MMS_specific_down,0.889
1776770_at,BRE5,YNR051C,0.0,not_responsive,0.167,not_responsive,,,none,0.667
1776772_at,GTO3,YMR251W,0.333,not_responsive,0.25,not_responsive,,,none,0.667
1776773_at,SNQ2,YDR011W,0.25,not_responsive,0.083,not_responsive,,,none,0.667
1776774_at,CLB2,YPR119W,0.583,intermediate,1.0,robust,0.667,1.0,shared_down,0.667
1776776_at,RDH54,YBR073W,0.0,not_responsive,0.5,intermediate,,0.667,MMS_specific_up,0.556
1776777_at,DSK2,YMR276W,0.083,not_responsive,0.25,not_responsive,,,none,0.667
1776778_at,ISF1,YMR081C,0.5,intermediate,0.583,intermediate,0.444,0.667,shared_up,0.667
1776781_at,DAD1,YDR016C,0.0,not_responsive,0.167,not_responsive,,,none,0.667
1776783_at,UBC1,YDR177W,0.0,not_responsive,0.0,not_responsive,,,none,1.0
1776787_at,RAD23,YEL037C,0.0,not_responsive,0.0,not_responsive,,,none,1.0
1776790_at,VPS17,YOR132W,0.083,not_responsive,0.917,robust,,0.667,ambiguous,0.889
1776791_at,POX1,YGL205W,0.25,not_responsive,0.417,intermediate,,0.444,ambiguous,0.333
1776792_at,YBR261C,YBR261C,0.0,not_responsive,0.333,not_responsive,,,none,0.667
1776793_at,CRH1,YGR189C,0.0,not_responsive,0.583,intermediate,,1.0,MMS_specific_down,0.889
1776797_at,SRV2,YNL138W,0.0,not_responsive,0.0,not_responsive,,,none,1.0
1776799_at,MSD1,YPL104W,0.083,not_responsive,0.0,not_responsive,,,none,1.0
1776801_at,RAT1,YOR048C,0.0,not_responsive,0.0,not_responsive,,,none,1.0
1776805_at,TRR2,YHR106W,0.167,not_responsive,0.5,intermediate,,0.667,ambiguous,0.333
1776807_at,SIN3,YOL004W,0.0,not_responsive,0.0,not_responsive,,,none,1.0
1776809_at,MVB12,YGR206W,0.0,not_responsive,0.083,not_responsive,,,none,1.0
1776810_at,PCP1,YGR101W,0.167,not_responsive,0.75,robust,,0.667,ambiguous,0.556
1776811_at,MAE1,YKL029C,0.417,intermediate,1.0,robust,1.0,1.0,shared_down,0.667
1776812_at,NBA1,YOL070C,0.25,not_responsive,0.25,not_responsive,,,none,0.667
1776813_at,REC8,YPR007C,0.0,not_responsive,0.167,not_responsive,,,none,0.667
1776814_at,RDI1,YDL135C,0.0,not_responsive,0.0,not_responsive,,,none,1.0
1776817_at,YPR172W,YPR172W,0.25,not_responsive,0.333,not_responsive,,,none,0.667
1776820_at,YHR080C,YHR080C,0.25,not_responsive,0.083,not_responsive,,,none,0.667
1776825_at,CDS1,YBR029C,0.0,not_responsive,0.75,robust,,0.667,ambiguous,0.667
1776828_at,YIL169C,YIL169C,0.0,not_responsive,0.0,not_responsive,,,none,1.0
1776829_at,HBN1,YCL026C-B,1.0,robust,1.0,robust,1.0,1.0,shared_up,1.0
1776835_at,YGL079W,YGL079W,0.0,not_responsive,0.0,not_responsive,,,none,1.0
1776837_at,HUG1,YML058W-A,1.0,robust,1.0,robust,0.667,0.667,shared_up,1.0
1776838_at,VPS25,YJR102C,0.0,not_responsive,0.5,intermediate,,0.667,MMS_specific_up,0.556
1776841_at,TRP2,YER090W,0.0,not_responsive,0.0,not_responsive,,,none,1.0
1776842_at,ECM14,YHR132C,0.0,not_responsive,0.0,not_responsive,,,none,1.0
1776843_at,MCM2,YBL023C,0.083,not_responsive,0.5,intermediate,,0.667,ambiguous,0.556
1776844_at,YDL038C,YDL038C,1.0,robust,1.0,robust,0.667,1.0,shared_down,1.0
1776845_at,SNA4,YDL123W,0.0,not_responsive,0.167,not_responsive,,,none,0.667
1776846_at,SEC72,YLR292C,0.0,not_responsive,0.0,not_responsive,,,none,1.0
1776853_at,RPS10B,YMR230W,0.0,not_responsive,0.917,robust,,0.667,MMS_specific_down,0.556
1776854_at,YMR124W,YMR124W,0.083,not_responsive,0.417,intermediate,,0.667,ambiguous,0.556
1776856_at,VPS75,YNL246W,0.0,not_responsive,0.0,not_responsive,,,none,1.0
1776857_at,LCB1,YMR296C,0.0,not_responsive,0.333,not_responsive,,,none,0.667
1776858_at,UFO1,YML088W,0.083,not_responsive,0.917,robust,,0.667,ambiguous,0.778
1776859_at,NOP1,YDL014W,0.25,not_responsive,1.0,robust,,0.667,ambiguous,0.667
1776860_at,GRX6,YDL010W,0.0,not_responsive,0.25,not_responsive,,,none,0.667
1776863_at,SWH1,YAR042W,0.0,not_responsive,0.167,not_responsive,,,none,0.667
1776864_at,SAS2,YMR127C,0.667,intermediate,0.667,intermediate,1.0,1.0,shared_down,1.0
1776865_at,YKL071W,YKL071W,1.0,robust,1.0,robust,1.0,1.0,shared_up,1.0
1776869_at,YHL017W,YHL017W,0.0,not_responsive,0.0,not_responsive,,,none,1.0
1776872_at,YKL088W,YKL088W,0.0,not_responsive,0.0,not_responsive,,,none,1.0
1776874_at,MLH1,YMR167W,0.0,not_responsive,0.0,not_responsive,,,none,1.0
1776875_at,BDF1,YLR399C,0.0,not_responsive,0.0,not_responsive,,,none,1.0
1776876_at,HAA1,YPR008W,0.0,not_responsive,0.083,not_responsive,,,none,1.0
1776877_at,SES1,YDR023W,0.0,not_responsive,0.417,intermediate,,1.0,MMS_specific_down,0.556
1776878_at,BSC6,YOL137W,0.083,not_responsive,0.083,not_responsive,,,none,1.0
1776879_at,NEO1,YIL048W,0.0,not_responsive,0.167,not_responsive,,,none,0.667
1776883_at,YNL305C,YNL305C,0.333,not_responsive,0.75,robust,,0.667,ambiguous,0.667
1776884_at,YPR063C,YPR063C,0.0,not_responsive,0.333,not_responsive,,,none,0.667
1776885_at,STE12,YHR084W,0.25,not_responsive,0.583,intermediate,,0.667,ambiguous,0.333
1776886_at,TAN1,YGL232W,0.0,not_responsive,0.25,not_responsive,,,none,0.667
1776887_at,MDM36,YPR083W,0.083,not_responsive,0.0,not_responsive,,,none,1.0
1776891_at,SSO1,YPL232W,0.0,not_responsive,0.0,not_responsive,,,none,1.0
1776896_at,SPE4,YLR146C,0.083,not_responsive,0.5,intermediate,,0.667,ambiguous,0.667
1776901_at,ICS3,YJL077C,0.0,not_responsive,0.083,not_responsive,,,none,1.0
1776905_at,SMM1,YNR015W,0.083,not_responsive,0.167,not_responsive,,,none,0.667
1776906_at,SMK1,YPR054W,0.667,intermediate,0.417,intermediate,1.0,1.0,shared_up,0.667
1776908_at,TOM22,YNL131W,0.0,not_responsive,0.167,not_responsive,,,none,0.667
1776909_at,UTP20,YBL004W,0.417,not_responsive,1.0,robust,,0.667,ambiguous,0.667
1776910_at,MUB1,YMR100W,0.083,not_responsive,0.25,not_responsive,,,none,0.667
1776912_at,YPL162C,YPL162C,0.0,not_responsive,0.333,not_responsive,,,none,0.667
1776913_at,YOL057W,YOL057W,0.0,not_responsive,0.083,not_responsive,,,none,1.0
1776914_at,YLR456W,YLR456W,0.0,not_responsive,0.0,not_responsive,,,none,1.0
1776919_at,HEK2,YBL032W,0.083,not_responsive,0.5,intermediate,,0.667,ambiguous,0.556
1776921_at,RAD3,YER171W,0.167,not_responsive,0.0,not_responsive,,,none,0.667
1776923_at,ISU1,YPL135W,0.333,not_responsive,0.5,intermediate,,1.0,ambiguous,0.333
1776925_at,YBL059C-A,YBL059C-A,0.083,not_responsive,0.0,not_responsive,,,none,1.0
1776926_at,YGL176C,YGL176C,0.0,not_responsive,0.083,not_responsive,,,none,1.0
1776927_at,RPL9A,YGL147C,0.0,not_responsive,0.75,robust,,0.667,MMS_specific_down,0.889
1776928_at,YOR286W,YOR286W,0.0,not_responsive,0.0,not_responsive,,,none,1.0
1776930_at,YNL115C,YNL115C,0.5,intermediate,0.917,robust,0.444,0.667,shared_up,0.667
1776931_x_at,PAU6,YLL064C,0.0,not_responsive,0.0,not_responsive,,,none,1.0
1776933_at,AFT2,YPL202C,0.5,intermediate,0.917,robust,1.0,1.0,shared_up,0.667
1776934_at,MRH4,YGL064C,0.083,not_responsive,0.167,not_responsive,,,none,0.667
1776935_at,MSO1,YNR049C,0.167,not_responsive,0.0,not_responsive,,,none,0.667
1776936_at,GPM3,YOL056W,0.0,not_responsive,0.083,not_responsive,,,none,1.0
1776937_at,DGK1,YOR311C,0.0,not_responsive,0.167,not_responsive,,,none,0.667
1776940_s_at,RPS19A /// RPS19B,YNL302C,0.0,not_responsive,0.5,intermediate,,0.667,MMS_specific_down,0.667
1776941_at,RBA50,YDR527W,0.333,not_responsive,0.167,not_responsive,,,none,0.667
1776944_at,MAL11,YGR289C,0.0,not_responsive,0.0,not_responsive,,,none,1.0
1776946_at,ORT1,YOR130C,0.0,not_responsive,0.5,intermediate,,0.667,MMS_specific_up,0.333
1776947_at,MSL1,YIR009W,0.0,not_responsive,0.333,not_responsive,,,none,0.667
1776948_at,PNC1,YGL037C,0.917,robust,1.0,robust,1.0,1.0,shared_up,1.0
1776949_at,YBR013C,YBR013C,0.083,not_responsive,0.0,not_responsive,,,none,1.0
1776951_at,ADH1,YOL086C,0.0,not_responsive,0.0,not_responsive,,,none,1.0
1776953_at,RBD2,YPL246C,0.0,not_responsive,0.083,not_responsive,,,none,1.0
1776954_at,USE1,YGL098W,0.0,not_responsive,0.083,not_responsive,,,none,1.0
1776957_at,YLR162W,YLR162W,0.0,not_responsive,0.0,not_responsive,,,none,1.0
1776958_at,YNL058C,YNL058C,0.083,not_responsive,0.5,intermediate,,1.0,ambiguous,0.556
1776959_at,CDC10,YCR002C,0.0,not_responsive,0.167,not_responsive,,,none,0.667
1776961_at,GPM1,YKL152C,0.0,not_responsive,0.0,not_responsive,,,none,1.0
1776964_at,YPT35,YHR105W,0.0,not_responsive,0.083,not_responsive,,,none,1.0
1776967_at,LPP1,YDR503C,0.0,not_responsive,0.25,not_responsive,,,none,0.667
1776968_at,CYT1,YOR065W,0.333,not_responsive,0.25,not_responsive,,,none,0.667
1776969_at,YOR034C-A,YOR034C-A,0.0,not_responsive,0.333,not_responsive,,,none,0.667
1776975_at,YPL236C,YPL236C,0.167,not_responsive,0.5,intermediate,,0.667,ambiguous,0.222
1776978_at,YLR290C,YLR290C,0.25,not_responsive,0.5,intermediate,,0.667,ambiguous,0.333
1776983_at,APC1,YNL172W,0.0,not_responsive,0.083,not_responsive,,,none,1.0
1776987_at,SEC18,YBR080C,0.0,not_responsive,0.25,not_responsive,,,none,0.667
1776988_at,SEC3,YER008C,0.0,not_responsive,0.0,not_responsive,,,none,1.0
1776989_at,YGR122W,YGR122W,0.0,not_responsive,0.25,not_responsive,,,none,0.667
1776992_at,AGA2,YGL032C,0.0,not_responsive,0.0,not_responsive,,,none,1.0
1776993_at,MNN1,YER001W,0.25,not_responsive,0.75,robust,,0.667,ambiguous,0.556
1776994_at,WBP1,YEL002C,0.0,not_responsive,0.0,not_responsive,,,none,1.0
1776996_at,GIS2,YNL255C,0.083,not_responsive,0.5,intermediate,,0.667,ambiguous,0.556
1776998_at,GLT1,YDL171C,0.0,not_responsive,0.917,robust,,0.667,MMS_specific_down,0.889
1776999_at,OAZ1,YPL052W,0.0,not_responsive,0.083,not_responsive,,,none,1.0
1777004_at,YLR455W,YLR455W,0.0,not_responsive,0.0,not_responsive,,,none,1.0
1777007_at,HSL1,YKL101W,0.0,not_responsive,0.5,intermediate,,1.0,MMS_specific_down,0.667
1777009_at,CHK1,YBR274W,0.0,not_responsive,0.167,not_responsive,,,none,0.667
1777010_at,SDH2,YLL041C,0.5,intermediate,0.75,robust,0.444,0.667,shared_up,0.667
1777012_at,ARP4,YJL081C,0.0,not_responsive,0.25,not_responsive,,,none,0.667
1777013_at,NAT2,YGR147C,0.0,not_responsive,0.0,not_responsive,,,none,1.0
1777016_at,YBL081W,YBL081W,0.417,intermediate,1.0,robust,1.0,1.0,shared_down,0.667
1777017_at,YGR237C,YGR237C,0.167,not_responsive,1.0,robust,,0.667,ambiguous,0.556
1777018_at,XPT1,YJR133W,0.0,not_responsive,0.083,not_responsive,,,none,1.0
1777019_at,DED1,YOR204W,0.083,not_responsive,0.5,intermediate,,0.667,ambiguous,0.667
1777020_at,CIC1,YHR052W,0.667,intermediate,1.0,robust,1.0,0.667,shared_down,0.667
1777021_at,YNR018W,YNR018W,0.083,not_responsive,0.583,intermediate,,0.667,ambiguous,0.667
1777022_at,STE4,YOR212W,0.083,not_responsive,0.083,not_responsive,,,none,1.0
1777024_at,YBL059W,YBL059W,0.0,not_responsive,0.333,not_responsive,,,none,0.667
1777027_at,STP3,YLR375W,0.0,not_responsive,0.083,not_responsive,,,none,1.0
1777028_at,MAP2,YBL091C,0.0,not_responsive,0.0,not_responsive,,,none,1.0
1777029_at,SAP155,YFR040W,0.083,not_responsive,0.0,not_responsive,,,none,1.0
1777030_at,YDR476C,YDR476C,0.0,not_responsive,0.083,not_responsive,,,none,1.0
1777032_at,RSM22,YKL155C,0.083,not_responsive,0.0,not_responsive,,,none,1.0
1777033_at,FIT3,YOR383C,0.0,not_responsive,0.25,not_responsive,,,none,0.667
1777034_at,THI80,YOR143C,0.167,not_responsive,0.0,not_responsive,,,none,0.667
1777035_at,RPL40A,YIL148W,0.0,not_responsive,0.0,not_responsive,,,none,1.0
1777039_at,HFA1,YMR207C,0.0,not_responsive,0.25,not_responsive,,,none,0.667
1777041_at,FIR1,YER032W,0.167,not_responsive,0.25,not_responsive,,,none,0.667
1777042_at,GRX2,YDR513W,0.667,intermediate,0.583,intermediate,0.667,1.0,shared_up,0.667
1777043_at,YBP2,YGL060W,0.0,not_responsive,0.333,not_responsive,,,none,0.667
1777044_at,YOR352W,YOR352W,0.0,not_responsive,0.417,intermediate,,0.444,ambiguous,0.556
1777046_at,MRPL4,YLR439W,0.0,not_responsive,0.0,not_responsive,,,none,1.0
1777047_at,YNL022C,YNL022C,0.333,not_responsive,0.083,not_responsive,,,none,0.667
1777048_at,OYE2,YHR179W,0.25,not_responsive,0.25,not_responsive,,,none,0.667
1777049_at,NAM7,YMR080C,0.083,not_responsive,0.25,not_responsive,,,none,0.667
1777051_at,ELP3,YPL086C,0.417,not_responsive,0.75,robust,,0.667,ambiguous,0.667
1777053_at,ATH1,YPR026W,0.75,robust,1.0,robust,1.0,0.667,shared_up,1.0
1777056_at,MTG2,YHR168W,0.0,not_responsive,0.0,not_responsive,,,none,1.0
1777059_at,CTK2,YJL006C,0.0,not_responsive,0.25,not_responsive,,,none,0.667
1777060_at,SRP14,YDL092W,0.083,not_responsive,0.0,not_responsive,,,none,1.0
1777065_at,ELC1,YPL046C,0.0,not_responsive,0.083,not_responsive,,,none,1.0
1777069_at,YMR166C,YMR166C,0.25,not_responsive,0.0,not_responsive,,,none,0.667
1777077_at,CWC25,YNL245C,0.083,not_responsive,0.25,not_responsive,,,none,0.667
1777079_at,SKN1,YGR143W,0.0,not_responsive,0.083,not_responsive,,,none,1.0
1777080_at,GSH1,YJL101C,0.417,intermediate,0.75,robust,1.0,1.0,shared_up,0.667
1777081_at,YOL159C,YOL159C,0.25,not_responsive,0.0,not_responsive,,,none,0.667
1777083_at,ECM7,YLR443W,0.0,not_responsive,0.0,not_responsive,,,none,1.0
1777085_at,BDS1,YOL164W,0.0,not_responsive,0.0,not_responsive,,,none,1.0
1777086_at,PSR1,YLL010C,0.0,not_responsive,0.333,not_responsive,,,none,0.667
1777087_at,NAP1,YKR048C,0.0,not_responsive,0.0,not_responsive,,,none,1.0
1777088_at,HSM3,YBR272C,0.0,not_responsive,0.583,intermediate,,0.667,ambiguous,0.556
1777092_at,RNH70,YGR276C,0.0,not_responsive,0.0,not_responsive,,,none,1.0
1777093_at,TRS130,YMR218C,0.0,not_responsive,0.0,not_responsive,,,none,1.0
1777094_at,RPN9,YDR427W,0.0,not_responsive,0.25,not_responsive,,,none,0.667
1777095_at,RNP1,YLL046C,0.0,not_responsive,0.0,not_responsive,,,none,1.0
1777096_at,RDS1,YCR106W,0.0,not_responsive,0.0,not_responsive,,,none,1.0
1777097_at,CPA2,YJR109C,0.083,not_responsive,0.167,not_responsive,,,none,0.667
1777099_at,PEX13,YLR191W,0.0,not_responsive,0.0,not_responsive,,,none,1.0
1777100_at,SSF2,YDR312W,0.417,intermediate,0.417,intermediate,1.0,0.444,shared_down,0.667
1777102_at,SNC1,YAL030W,0.25,not_responsive,0.25,not_responsive,,,none,0.667
1777104_at,RPL6A,YML073C,0.0,not_responsive,0.583,intermediate,,0.667,MMS_specific_down,0.667
1777106_at,GOR1,YNL274C,1.0,robust,1.0,robust,1.0,1.0,shared_up,1.0
1777107_at,YOR268C,YOR268C,0.0,not_responsive,0.167,not_responsive,,,none,0.667
1777109_at,VID30,YGL227W,0.583,intermediate,1.0,robust,0.667,1.0,shared_up,0.667
1777111_at,HRB1,YNL004W,0.0,not_responsive,0.0,not_responsive,,,none,1.0
1777112_at,DPL1,YDR294C,0.167,not_responsive,0.417,intermediate,,1.0,ambiguous,0.333
1777114_at,CLB5,YPR120C,0.167,not_responsive,0.25,not_responsive,,,none,0.667
1777119_at,MUS81,YDR386W,0.0,not_responsive,0.5,intermediate,,0.667,MMS_specific_up,0.333
1777120_at,CAJ1,YER048C,0.0,not_responsive,0.0,not_responsive,,,none,1.0
1777121_at,RPA14,YDR156W,0.333,not_responsive,0.583,intermediate,,0.667,ambiguous,0.333
1777122_at,YOL014W,YOL014W,0.083,not_responsive,0.417,intermediate,,1.0,ambiguous,0.556
1777123_at,ECM22,YLR228C,0.25,not_responsive,0.083,not_responsive,,,none,0.667
1777126_at,BEM2,YER155C,0.0,not_responsive,0.0,not_responsive,,,none,1.0
1777128_at,YGR153W,YGR153W,0.083,not_responsive,0.0,not_responsive,,,none,1.0
1777129_at,YJU2,YKL095W,0.0,not_responsive,0.0,not_responsive,,,none,1.0
1777130_at,FKH1,YIL131C,0.583,intermediate,0.75,robust,1.0,0.667,shared_down,0.667
1777133_at,MDG1,YNL173C,0.5,intermediate,0.5,intermediate,1.0,0.667,shared_up,0.667
1777134_at,RPL28,YGL103W,0.0,not_responsive,0.167,not_responsive,,,none,0.667
1777137_at,YGR109W-B,YGR109W-B,0.0,not_responsive,0.0,not_responsive,,,none,1.0
1777138_at,ASK1,YKL052C,0.0,not_responsive,0.25,not_responsive,,,none,0.667
1777140_at,CDC48,YDL126C,0.0,not_responsive,0.0,not_responsive,,,none,1.0
1777141_at,PSR2,YLR019W,0.0,not_responsive,0.25,not_responsive,,,none,0.667
1777143_s_at,SOR1 /// SOR2,YDL246C,0.583,intermediate,0.583,intermediate,0.667,0.667,shared_up,0.667
1777145_at,YJR080C,YJR080C,0.0,not_responsive,0.0,not_responsive,,,none,1.0
1777146_at,GPB2,YAL056W,0.0,not_responsive,0.0,not_responsive,,,none,1.0
1777149_at,YER188C-A,YER188C-A,0.083,not_responsive,0.0,not_responsive,,,none,1.0
1777150_at,ATP11,YNL315C,0.0,not_responsive,0.083,not_responsive,,,none,1.0
1777152_at,BIO5,YNR056C,0.0,not_responsive,0.0,not_responsive,,,none,1.0
1777153_at,MRD1,YPR112C,0.75,robust,1.0,robust,1.0,0.667,shared_down,1.0
1777154_at,YPT1,YFL038C,0.0,not_responsive,0.0,not_responsive,,,none,1.0
1777156_at,PHA2,YNL316C,0.0,not_responsive,0.25,not_responsive,,,none,0.667
1777157_at,TAF8,YML114C,0.0,not_responsive,0.25,not_responsive,,,none,0.667
1777158_at,YMR258C,YMR258C,0.25,not_responsive,0.917,robust,,0.667,ambiguous,0.556
1777168_at,LIP5,YOR196C,0.083,not_responsive,0.25,not_responsive,,,none,0.667
1777170_at,YNL260C,YNL260C,0.5,intermediate,0.917,robust,1.0,1.0,shared_up,0.667
1777171_at,YAL044W-A,YAL044W-A,0.0,not_responsive,0.083,not_responsive,,,none,1.0
1777174_at,UFD2,YDL190C,0.0,not_responsive,0.417,intermediate,,1.0,MMS_specific_up,0.556
1777175_at,MEP1,YGR121C,0.333,fragile,0.0,not_responsive,1.0,,H2O2_specific_down,0.333
1777178_at,PBS2,YJL128C,0.0,not_responsive,0.417,intermediate,,0.667,MMS_specific_up,0.333
1777180_at,MEP3,YPR138C,0.083,not_responsive,0.75,robust,,0.667,ambiguous,0.778
1777181_at,PLP2,YOR281C,0.0,not_responsive,0.0,not_responsive,,,none,1.0
1777183_at,INP53,YOR109W,0.0,not_responsive,0.167,not_responsive,,,none,0.667
1777184_at,YFR012W,YFR012W,0.0,not_responsive,0.083,not_responsive,,,none,1.0
1777186_at,NPL4,YBR170C,0.167,not_responsive,1.0,robust,,0.667,ambiguous,0.889
1777188_at,YHR213W,YHR213W,0.083,not_responsive,0.0,not_responsive,,,none,1.0
1777189_at,HAL9,YOL089C,0.0,not_responsive,0.25,not_responsive,,,none,0.667
1777191_at,YOL159C-A,YOL159C-A,0.0,not_responsive,0.333,not_responsive,,,none,0.667
1777192_at,RFS1,YBR052C,0.333,not_responsive,0.583,intermediate,,0.667,ambiguous,0.333
1777196_at,PCK1,YKR097W,0.083,not_responsive,0.417,intermediate,,1.0,ambiguous,0.667
1777198_at,YJR030C,YJR030C,0.167,not_responsive,0.333,not_responsive,,,none,0.667
1777199_at,ELP6,YMR312W,0.083,not_responsive,0.167,not_responsive,,,none,0.667
1777204_at,FYV7,YLR068W,0.75,robust,1.0,robust,1.0,1.0,shared_down,1.0
1777206_at,NOP9,YJL010C,0.583,intermediate,0.75,robust,1.0,0.667,shared_down,0.667
1777207_at,CLB6,YGR109C,0.583,intermediate,1.0,robust,1.0,0.667,shared_down,0.667
1777211_at,RFX1,YLR176C,0.25,not_responsive,0.5,intermediate,,0.667,ambiguous,0.333
1777212_at,PCI8,YIL071C,0.25,not_responsive,0.583,intermediate,,0.667,ambiguous,0.222
1777214_at,YNL162W-A,YNL162W-A,0.833,robust,0.917,robust,1.0,1.0,shared_down,1.0
1777215_at,YGR054W,YGR054W,0.167,not_responsive,0.417,intermediate,,1.0,ambiguous,0.222
1777217_at,SDO1,YLR022C,0.333,not_responsive,0.333,not_responsive,,,none,0.667
1777218_at,RPI1,YIL119C,0.167,not_responsive,0.75,robust,,1.0,ambiguous,0.556
1777219_at,YNL134C,YNL134C,0.833,robust,1.0,robust,1.0,1.0,shared_up,1.0
1777222_at,YSW1,YBR148W,0.583,intermediate,1.0,robust,0.667,1.0,shared_up,0.667
1777223_at,YGR127W,YGR127W,0.583,intermediate,1.0,robust,0.667,1.0,shared_up,0.667
1777225_at,GLC7,YER133W,0.0,not_responsive,0.0,not_responsive,,,none,1.0
1777227_at,RPL23A,YBL087C,0.0,not_responsive,0.667,intermediate,,0.667,MMS_specific_down,0.889
1777228_at,YMR230W-A,YMR230W-A,0.583,intermediate,0.667,intermediate,1.0,0.667,shared_down,0.667
1777230_at,DAP2,YHR028C,0.083,not_responsive,0.417,intermediate,,1.0,ambiguous,0.556
1777232_at,HIM1,YDR317W,0.0,not_responsive,0.0,not_responsive,,,none,1.0
1777233_at,SSP120,YLR250W,0.083,not_responsive,0.25,not_responsive,,,none,0.667
1777234_at,NUP57,YGR119C,0.25,not_responsive,0.083,not_responsive,,,none,0.667
1777237_at,PDC1,YLR044C,0.0,not_responsive,0.0,not_responsive,,,none,1.0
1777238_at,CBP4,YGR174C,0.167,not_responsive,0.0,not_responsive,,,none,0.667
1777239_at,YGL258W-A,YGL258W-A,0.333,not_responsive,1.0,robust,,0.667,ambiguous,0.667
1777240_at,RER1,YCL001W,0.0,not_responsive,0.0,not_responsive,,,none,1.0
1777241_at,RPS19A,YOL121C,0.0,not_responsive,1.0,robust,,0.667,MMS_specific_down,0.667
1777242_at,FRS1,YLR060W,0.083,not_responsive,0.417,intermediate,,1.0,ambiguous,0.667
1777244_at,RPN12,YFR052W,0.0,not_responsive,0.333,not_responsive,,,none,0.667
1777245_at,SNF12,YNR023W,0.0,not_responsive,0.25,not_responsive,,,none,0.667
1777247_at,DFG10,YIL049W,0.0,not_responsive,0.0,not_responsive,,,none,1.0
1777248_at,YIR003W,YIR003W,0.0,not_responsive,0.5,intermediate,,0.667,MMS_specific_up,0.333
1777253_at,WTM1,YOR230W,0.0,not_responsive,0.417,intermediate,,1.0,MMS_specific_up,0.222
1777255_at,NUS1,YDL193W,0.0,not_responsive,0.25,not_responsive,,,none,0.667
1777257_at,MCA1,YOR197W,0.0,not_responsive,0.0,not_responsive,,,none,1.0
1777258_at,BDF2,YDL070W,0.0,not_responsive,0.167,not_responsive,,,none,1.0
1777260_at,YNL208W,YNL208W,0.333,not_responsive,0.417,intermediate,,0.667,ambiguous,0.333
1777263_at,RPS2,YGL123W,0.0,not_responsive,0.0,not_responsive,,,none,1.0
1777266_at,MTR10,YOR160W,0.0,not_responsive,0.083,not_responsive,,,none,1.0
1777268_at,TES1,YJR019C,0.0,not_responsive,0.5,intermediate,,0.667,ambiguous,0.556
1777269_at,ISY1,YJR050W,0.0,not_responsive,0.5,intermediate,,0.667,MMS_specific_up,0.556
1777271_at,PEX11,YOL147C,0.0,not_responsive,0.083,not_responsive,,,none,1.0
1777272_at,PRP8,YHR165C,0.0,not_responsive,0.25,not_responsive,,,none,0.667
1777276_at,UBP9,YER098W,0.583,intermediate,0.5,intermediate,0.667,0.667,shared_up,0.667
1777277_at,CIA1,YDR267C,0.0,not_responsive,0.083,not_responsive,,,none,1.0
1777278_at,MMF1,YIL051C,0.167,not_responsive,0.25,not_responsive,,,none,0.667
1777282_at,RVS161,YCR009C,0.0,not_responsive,0.25,not_responsive,,,none,0.667
1777284_at,YBL029W,YBL029W,0.0,not_responsive,0.0,not_responsive,,,none,1.0
1777286_s_at,PHO11 /// PHO12,YAR071W,0.083,not_responsive,0.0,not_responsive,,,none,1.0
1777289_at,SPN1,YPR133C,0.0,not_responsive,0.0,not_responsive,,,none,1.0
1777290_at,YLR157W-C,YLR157W-C,0.0,not_responsive,0.0,not_responsive,,,none,1.0
1777292_at,LSB1,YGR136W,0.167,not_responsive,0.917,robust,,0.667,ambiguous,0.556
1777293_at,KTI11,YBL071W-A,0.333,fragile,0.667,intermediate,1.0,0.444,shared_down,0.667
1777294_at,YML054C-A,YML054C-A,0.0,not_responsive,0.167,not_responsive,,,none,0.667
1777295_at,RRP42,YDL111C,0.083,not_responsive,0.0,not_responsive,,,none,1.0
1777298_at,YIL152W,YIL152W,0.0,not_responsive,0.5,intermediate,,0.667,ambiguous,0.556
1777299_at,MPS2,YGL075C,0.0,not_responsive,0.25,not_responsive,,,none,0.667
1777301_at,KIC1,YHR102W,0.0,not_responsive,0.417,intermediate,,1.0,MMS_specific_up,0.556
1777302_at,STI1,YOR027W,0.0,not_responsive,0.417,intermediate,,1.0,MMS_specific_up,0.222
1777305_at,YTA6,YPL074W,0.0,not_responsive,0.167,not_responsive,,,none,0.667
1777306_at,IVY1,YDR229W,0.0,not_responsive,0.583,intermediate,,0.667,MMS_specific_up,0.222
1777309_at,AAC3,YBR085W,0.25,not_responsive,0.5,intermediate,,0.667,ambiguous,0.333
1777311_at,ASG1,YIL130W,0.167,not_responsive,0.5,intermediate,,0.667,ambiguous,0.333
1777312_at,THR1,YHR025W,0.0,not_responsive,0.333,fragile,,1.0,MMS_specific_down,0.556
1777314_at,SUI2,YJR007W,0.0,not_responsive,0.083,not_responsive,,,none,1.0
1777315_at,YCL012C,YCL012C,0.25,not_responsive,0.25,not_responsive,,,none,0.667
1777316_at,BOS1,YLR078C,0.0,not_responsive,0.25,not_responsive,,,none,0.667
1777317_at,DOA1,YKL213C,0.333,not_responsive,1.0,robust,,0.667,ambiguous,0.667
1777318_at,YML119W,YML119W,0.417,intermediate,0.0,not_responsive,1.0,,H2O2_specific_down,0.444
1777319_at,SPO16,YHR153C,0.333,not_responsive,0.333,not_responsive,,,none,0.667
1777320_at,HFI1,YPL254W,0.083,not_responsive,0.0,not_responsive,,,none,1.0
1777321_at,QCR7,YDR529C,0.0,not_responsive,0.083,not_responsive,,,none,1.0
1777325_at,ECM11,YDR446W,0.083,not_responsive,0.083,not_responsive,,,none,1.0
1777327_at,RAM1,YDL090C,0.0,not_responsive,0.25,not_responsive,,,none,0.667
1777328_at,YJL127C-B,YJL127C-B,0.0,not_responsive,0.0,not_responsive,,,none,1.0
1777329_at,GAL11,YOL051W,0.0,not_responsive,0.0,not_responsive,,,none,1.0
1777332_at,BRE2,YLR015W,0.167,not_responsive,0.083,not_responsive,,,none,0.667
1777334_at,SDH3,YKL141W,0.0,not_responsive,0.0,not_responsive,,,none,1.0
1777335_at,TOR1,YJR066W,0.0,not_responsive,0.417,intermediate,,1.0,MMS_specific_down,0.556
1777336_at,FIS1,YIL065C,0.333,not_responsive,0.75,robust,,0.667,ambiguous,0.667
1777337_at,NAM9,YNL137C,0.0,not_responsive,0.0,not_responsive,,,none,1.0
1777341_at,MRPL16,YBL038W,0.0,not_responsive,0.0,not_responsive,,,none,1.0
1777342_at,TUP1,YCR084C,0.0,not_responsive,0.75,robust,,0.667,MMS_specific_down,0.667
1777343_at,SPS19,YNL202W,0.667,intermediate,0.5,intermediate,0.667,0.667,shared_up,0.667
1777344_at,BAT2,YJR148W,0.0,not_responsive,0.0,not_responsive,,,none,1.0
1777345_at,PEX1,YKL197C,0.0,not_responsive,0.0,not_responsive,,,none,1.0
1777350_at,BDH1,YAL060W,0.917,robust,1.0,robust,0.667,0.667,shared_up,1.0
1777351_at,STE14,YDR410C,0.0,not_responsive,0.083,not_responsive,,,none,1.0
1777352_at,GTS1,YGL181W,0.167,not_responsive,1.0,robust,,1.0,ambiguous,0.556
1777353_at,NUP2,YLR335W,0.0,not_responsive,0.0,not_responsive,,,none,1.0
1777355_at,HPR1,YDR138W,0.0,not_responsive,0.25,not_responsive,,,none,0.667
1777356_at,TPT1,YOL102C,0.0,not_responsive,0.0,not_responsive,,,none,1.0
1777357_at,PPQ1,YPL179W,0.0,not_responsive,0.0,not_responsive,,,none,1.0
1777358_at,TIF5,YPR041W,0.25,not_responsive,0.083,not_responsive,,,none,0.667
1777359_at,BIK1,YCL029C,0.083,not_responsive,0.0,not_responsive,,,none,1.0
1777362_at,AHC1,YOR023C,0.083,not_responsive,0.667,intermediate,,0.667,ambiguous,0.667
1777364_s_at,YIL082W-A,YIL082W-A,0.0,not_responsive,0.333,not_responsive,,,none,0.667
1777366_at,PIG2,YIL045W,0.167,not_responsive,0.917,robust,,1.0,ambiguous,1.0
1777367_at,SLI15,YBR156C,0.083,not_responsive,0.083,not_responsive,,,none,1.0
1777368_at,GOT1,YMR292W,0.0,not_responsive,0.5,intermediate,,0.667,MMS_specific_down,0.222
1777369_at,SHO1,YER118C,0.167,not_responsive,0.25,not_responsive,,,none,0.667
1777371_at,GDE1,YPL110C,0.0,not_responsive,0.167,not_responsive,,,none,0.667
1777372_at,YGR150C,YGR150C,0.0,not_responsive,0.333,not_responsive,,,none,0.667
1777374_at,LEU1,YGL009C,0.0,not_responsive,0.0,not_responsive,,,none,1.0
1777376_at,PTR2,YKR093W,0.0,not_responsive,1.0,robust,,0.667,MMS_specific_down,0.889
1777379_s_at,RPL20A /// RPL20B,YOR312C,0.0,not_responsive,0.5,intermediate,,0.667,MMS_specific_down,0.556
1777381_at,IXR1,YKL032C,0.083,not_responsive,0.417,intermediate,,1.0,ambiguous,0.556
1777382_at,YDL156W,YDL156W,0.25,not_responsive,0.333,not_responsive,,,none,0.667
1777383_at,ECM3,YOR092W,0.0,not_responsive,0.0,not_responsive,,,none,1.0
1777384_at,PRM6,YML047C,0.417,intermediate,0.75,robust,1.0,0.667,shared_down,0.667
1777386_at,PAT1,YCR077C,0.0,not_responsive,0.333,not_responsive,,,none,0.667
1777387_at,SFB3,YHR098C,0.0,not_responsive,0.0,not_responsive,,,none,1.0
1777388_at,STR3,YGL184C,0.833,robust,1.0,robust,1.0,0.667,shared_up,1.0
1777389_at,BSC5,YNR069C,0.25,not_responsive,1.0,robust,,1.0,ambiguous,1.0
1777391_at,PDX3,YBR035C,0.0,not_responsive,0.083,not_responsive,,,none,1.0
1777394_at,ATG10,YLL042C,0.25,not_responsive,0.0,not_responsive,,,none,0.667
1777395_at,NUP116,YMR047C,0.0,not_responsive,0.0,not_responsive,,,none,1.0
1777396_at,VMA2,YBR127C,0.0,not_responsive,0.0,not_responsive,,,none,1.0
1777399_at,ARD1,YHR013C,0.0,not_responsive,0.167,not_responsive,,,none,0.667
1777402_at,YOR186W,YOR186W,0.25,not_responsive,1.0,robust,,0.667,ambiguous,0.556
1777403_at,IMP3,YHR148W,0.667,intermediate,1.0,robust,1.0,0.667,shared_down,0.667
1777404_at,MOT2,YER068W,0.0,not_responsive,0.083,not_responsive,,,none,1.0
1777405_at,RPF1,YHR088W,0.583,intermediate,0.583,intermediate,0.667,0.667,shared_down,0.667
1777409_at,YCR015C,YCR015C,0.0,not_responsive,0.0,not_responsive,,,none,1.0
1777413_s_at,EFT1 /// EFT2,YDR385W,0.0,not_responsive,0.083,not_responsive,,,none,1.0
1777414_at,RIM8,YGL045W,0.25,not_responsive,0.667,intermediate,,0.667,ambiguous,0.556
1777416_at,MAK10,YEL053C,0.083,not_responsive,0.167,not_responsive,,,none,0.667
1777417_at,RTT103,YDR289C,0.0,not_responsive,0.25,not_responsive,,,none,0.667
1777418_at,SMB1,YER029C,0.25,not_responsive,0.0,not_responsive,,,none,0.667
1777421_at,RMD6,YEL072W,0.0,not_responsive,0.583,intermediate,,0.667,ambiguous,0.556
1777424_at,YHI9,YHR029C,0.583,intermediate,0.75,robust,1.0,0.667,shared_up,0.667
1777429_at,CBR1,YIL043C,0.0,not_responsive,0.0,not_responsive,,,none,1.0
1777440_at,FLC3,YGL139W,0.25,not_responsive,0.75,robust,,0.667,ambiguous,0.556
1777442_at,MMS2,YGL087C,0.0,not_responsive,0.0,not_responsive,,,none,1.0
1777443_at,SOH1,YGL127C,0.0,not_responsive,0.0,not_responsive,,,none,1.0
1777444_at,PAI3,YMR174C,1.0,robust,0.917,robust,0.667,0.667,shared_up,1.0
1777445_at,YAR068W,YAR068W,0.0,not_responsive,0.083,not_responsive,,,none,1.0
1777448_at,WHI4,YDL224C,0.0,not_responsive,0.0,not_responsive,,,none,1.0
1777449_at,YIR014W,YIR014W,0.25,not_responsive,0.5,intermediate,,0.667,ambiguous,0.333
1777451_at,MTC2,YKL098W,0.0,not_responsive,0.083,not_responsive,,,none,1.0
1777452_at,MIC14,YDR031W,0.417,intermediate,0.583,intermediate,0.444,0.667,shared_up,0.667
1777453_at,REV7,YIL139C,0.0,not_responsive,0.0,not_responsive,,,none,1.0
1777455_at,ARG82,YDR173C,0.333,not_responsive,0.833,robust,,0.667,ambiguous,0.556
1777456_at,YKL215C,YKL215C,0.0,not_responsive,0.25,not_responsive,,,none,0.667
1777457_s_at,AAD15 /// AAD3,YCR107W,0.0,not_responsive,0.583,intermediate,,0.667,ambiguous,0.556
1777458_at,RPL16B,YNL069C,0.0,not_responsive,0.667,intermediate,,0.667,MMS_specific_down,1.0
1777461_at,IBA57,YJR122W,0.583,intermediate,0.917,robust,1.0,1.0,shared_up,1.0
1777462_at,MRM1,YOR201C,0.0,not_responsive,0.333,not_responsive,,,none,0.667
1777463_at,SPG5,YMR191W,0.083,not_responsive,0.417,intermediate,,1.0,ambiguous,0.556
1777464_at,YGL230C,YGL230C,0.167,not_responsive,0.0,not_responsive,,,none,0.667
1777465_at,ULP2,YIL031W,0.083,not_responsive,0.5,intermediate,,0.667,ambiguous,0.556
1777467_at,YNL157W,YNL157W,0.0,not_responsive,0.5,intermediate,,0.667,MMS_specific_up,0.333
1777472_at,YOL164W-A,YOL164W-A,0.0,not_responsive,0.083,not_responsive,,,none,1.0
1777473_at,MSC3,YLR219W,0.0,not_responsive,0.5,intermediate,,0.667,MMS_specific_up,0.222
1777474_at,YMC1,YPR058W,0.0,not_responsive,0.0,not_responsive,,,none,1.0
1777476_at,CUR1,YPR158W,0.0,not_responsive,0.917,robust,,1.0,MMS_specific_up,0.444
1777477_at,FEN1,YCR034W,0.083,not_responsive,1.0,robust,,0.667,ambiguous,0.778
1777479_at,HMF1,YER057C,0.0,not_responsive,0.0,not_responsive,,,none,1.0
1777481_at,JJJ1,YNL227C,0.5,intermediate,0.083,not_responsive,1.0,,ambiguous,0.556
1777482_at,YOR111W,YOR111W,0.0,not_responsive,0.417,intermediate,,1.0,MMS_specific_up,0.333
1777486_at,RIB5,YBR256C,0.167,not_responsive,0.5,intermediate,,0.667,ambiguous,0.333
1777489_at,RAI1,YGL246C,0.333,not_responsive,0.167,not_responsive,,,none,0.667
1777493_at,FAR11,YNL127W,0.0,not_responsive,0.5,intermediate,,0.667,MMS_specific_up,0.333
1777495_at,AST1,YBL069W,0.0,not_responsive,0.0,not_responsive,,,none,1.0
1777497_at,APM3,YBR288C,0.0,not_responsive,0.0,not_responsive,,,none,1.0
1777498_at,SCS2,YER120W,0.0,not_responsive,0.0,not_responsive,,,none,1.0
1777504_at,KAR2,YJL034W,0.0,not_responsive,0.0,not_responsive,,,none,1.0
1777509_at,CAF120,YNL278W,0.0,not_responsive,0.75,robust,,0.667,MMS_specific_down,0.444
1777510_at,YER130C,YER130C,0.0,not_responsive,0.0,not_responsive,,,none,1.0
1777511_at,YOR215C,YOR215C,0.25,not_responsive,0.25,not_responsive,,,none,0.667
1777513_at,SPO21,YOL091W,0.083,not_responsive,0.083,not_responsive,,,none,1.0
1777514_at,TVP23,YDR084C,0.0,not_responsive,0.0,not_responsive,,,none,1.0
1777517_at,YCR045C,YCR045C,0.083,not_responsive,0.0,not_responsive,,,none,1.0
1777524_at,VMA6,YLR447C,0.0,not_responsive,0.0,not_responsive,,,none,1.0
1777525_at,YOR220W,YOR220W,0.417,intermediate,1.0,robust,1.0,1.0,shared_up,0.667
1777526_at,PAM16,YJL104W,0.0,not_responsive,0.0,not_responsive,,,none,1.0
1777528_at,RPL11A,YPR102C,0.0,not_responsive,0.417,intermediate,,1.0,MMS_specific_down,0.556
1777531_at,YIL067C,YIL067C,0.0,not_responsive,0.0,not_responsive,,,none,1.0
1777533_at,VPS55,YJR044C,0.167,not_responsive,0.25,not_responsive,,,none,0.667
1777536_at,YGR067C,YGR067C,0.25,not_responsive,0.25,not_responsive,,,none,0.667
1777539_at,SPC19,YDR201W,0.0,not_responsive,0.25,not_responsive,,,none,0.667
1777542_at,FAS1,YKL182W,0.0,not_responsive,0.75,robust,,0.667,MMS_specific_down,0.667
1777543_at,EMP24,YGL200C,0.0,not_responsive,0.333,not_responsive,,,none,0.667
1777544_at,HAC1,YFL031W,0.0,not_responsive,0.0,not_responsive,,,none,1.0
1777548_at,HOS2,YGL194C,0.0,not_responsive,0.667,intermediate,,0.667,ambiguous,0.667
1777549_at,YPR036W-A,YPR036W-A,0.25,not_responsive,0.333,not_responsive,,,none,0.667
1777551_at,MPP6,YNR024W,0.333,not_responsive,0.667,intermediate,,0.667,ambiguous,0.667
1777553_s_at,YRF1-1 /// YRF1-2 /// YRF1-3 /// YRF1-5 /// YRF1-6 /// YRF1-7,YFL065C,0.083,not_responsive,1.0,robust,,1.0,ambiguous,0.667
1777554_at,RPT1,YKL145W,0.0,not_responsive,0.25,not_responsive,,,none,0.667
1777555_at,RPL27A,YHR010W,0.0,not_responsive,0.667,intermediate,,0.667,MMS_specific_down,1.0
1777556_at,GUT2,YIL155C,0.75,robust,0.917,robust,0.444,0.667,shared_up,1.0
1777559_at,PMU1,YKL128C,0.0,not_responsive,0.167,not_responsive,,,none,0.667
1777561_at,FMP43,YGR243W,0.833,robust,0.833,robust,0.667,0.667,shared_up,1.0
1777563_at,ADE13,YLR359W,0.0,not_responsive,0.25,not_responsive,,,none,0.667
1777564_at,PEX8,YGR077C,0.0,not_responsive,0.167,not_responsive,,,none,0.667
1777566_s_at,ASP3-1 /// ASP3-2 /// ASP3-3 /// ASP3-4,YLR155C,0.0,not_responsive,0.0,not_responsive,,,none,1.0
1777567_at,HMT1,YBR034C,0.583,intermediate,1.0,robust,1.0,1.0,shared_down,0.667
1777569_at,HSP26,YBR072W,0.5,intermediate,0.917,robust,0.667,0.667,shared_up,0.667
1777570_at,YJL027C,YJL027C,0.0,not_responsive,0.083,not_responsive,,,none,1.0
1777571_at,YGR102C,YGR102C,0.0,not_responsive,0.0,not_responsive,,,none,1.0
1777572_at,TFB1,YDR311W,0.0,not_responsive,0.0,not_responsive,,,none,1.0
1777575_at,YJR115W,YJR115W,0.333,not_responsive,0.167,not_responsive,,,none,0.667
1777576_at,MTW1,YAL034W-A,0.0,not_responsive,0.0,not_responsive,,,none,1.0
1777579_at,GCR1,YPL075W,0.0,not_responsive,0.333,not_responsive,,,none,0.667
1777580_at,RNH203,YLR154C,0.083,not_responsive,0.917,robust,,0.667,ambiguous,0.667
1777581_at,YLR285C-A,YLR285C-A,0.417,intermediate,0.167,not_responsive,1.0,,ambiguous,0.333
1777585_at,CYR1,YJL005W,0.25,not_responsive,0.25,not_responsive,,,none,0.667
1777587_at,YPR159C-A,YPR159C-A,0.0,not_responsive,0.25,not_responsive,,,none,0.667
1777589_at,GLO1,YML004C,0.167,not_responsive,0.5,intermediate,,0.667,ambiguous,0.333
1777593_at,TIM9,YEL020W-A,0.0,not_responsive,0.167,not_responsive,,,none,0.667
1777601_at,GYP5,YPL249C,0.083,not_responsive,0.667,intermediate,,0.667,ambiguous,0.667
1777602_at,UTP7,YER082C,0.5,intermediate,0.5,intermediate,1.0,0.667,shared_down,0.667
1777603_at,BNA6,YFR047C,0.25,not_responsive,0.167,not_responsive,,,none,0.667
1777604_at,NTC20,YBR188C,0.0,not_responsive,0.0,not_responsive,,,none,1.0
1777606_at,CDC12,YHR107C,0.0,not_responsive,0.417,intermediate,,1.0,MMS_specific_down,0.222
1777609_at,CNN1,YFR046C,0.0,not_responsive,0.0,not_responsive,,,none,1.0
1777610_at,SPC3,YLR066W,0.0,not_responsive,0.0,not_responsive,,,none,1.0
1777611_at,ERP6,YGL002W,0.0,not_responsive,0.0,not_responsive,,,none,1.0
1777613_at,PPS1,YBR276C,0.0,not_responsive,0.0,not_responsive,,,none,1.0
1777614_at,PIN3,YPR154W,0.0,not_responsive,0.417,intermediate,,1.0,MMS_specific_up,0.556
1777616_at,YML018C,YML018C,0.5,intermediate,0.667,intermediate,1.0,1.0,shared_down,0.667
1777617_at,TGL2,YDR058C,0.5,intermediate,0.917,robust,0.667,0.667,shared_up,0.667
1777618_at,YDL180W,YDL180W,0.25,not_responsive,0.917,robust,,1.0,ambiguous,1.0
1777620_at,SPA2,YLL021W,0.083,not_responsive,0.5,intermediate,,0.667,ambiguous,0.667
1777621_at,YMR210W,YMR210W,0.0,not_responsive,0.667,intermediate,,0.667,MMS_specific_up,0.556
1777623_at,NHA1,YLR138W,0.0,not_responsive,0.0,not_responsive,,,none,1.0
1777628_at,OST3,YOR085W,0.0,not_responsive,0.083,not_responsive,,,none,1.0
1777629_at,LEU3,YLR451W,0.083,not_responsive,0.167,not_responsive,,,none,0.667
1777630_at,URA1,YKL216W,0.25,not_responsive,1.0,robust,,0.667,ambiguous,0.667
1777631_at,SYT1,YPR095C,0.0,not_responsive,0.0,not_responsive,,,none,1.0
1777632_at,DIP2,YLR129W,0.583,intermediate,1.0,robust,1.0,0.667,shared_down,1.0
1777633_at,UFD1,YGR048W,0.25,not_responsive,1.0,robust,,0.667,ambiguous,0.556
1777638_at,CSR1,YLR380W,0.0,not_responsive,0.25,not_responsive,,,none,0.667
1777639_at,PPT1,YGR123C,0.5,intermediate,1.0,robust,0.667,0.667,shared_down,0.667
1777640_at,YLL054C,YLL054C,0.083,not_responsive,0.0,not_responsive,,,none,1.0
1777641_at,YLR104W,YLR104W,0.0,not_responsive,0.0,not_responsive,,,none,1.0
1777642_at,MSN1,YOL116W,0.083,not_responsive,0.0,not_responsive,,,none,1.0
1777645_at,YDR366C,YDR366C,0.0,not_responsive,0.0,not_responsive,,,none,1.0
1777646_at,SPO75,YLL005C,0.0,not_responsive,0.0,not_responsive,,,none,1.0
1777647_s_at,HTA1 /// HTA2,YBL003C,0.083,not_responsive,0.5,intermediate,,0.667,ambiguous,0.667
1777650_at,ZRC1,YMR243C,0.0,not_responsive,0.5,intermediate,,0.667,ambiguous,0.556
1777654_at,BNI1,YNL271C,0.0,not_responsive,0.417,intermediate,,1.0,MMS_specific_down,0.222
1777655_at,CWC22,YGR278W,0.0,not_responsive,0.25,not_responsive,,,none,0.667
1777657_at,YMR295C,YMR295C,0.0,not_responsive,0.083,not_responsive,,,none,1.0
1777659_at,YDR338C,YDR338C,0.0,not_responsive,0.167,not_responsive,,,none,0.667
1777660_at,SCC2,YDR180W,0.0,not_responsive,0.167,not_responsive,,,none,0.667
1777661_at,STT4,YLR305C,0.0,not_responsive,0.0,not_responsive,,,none,1.0
1777663_at,SGT1,YOR057W,0.0,not_responsive,0.5,intermediate,,0.667,MMS_specific_up,0.667
1777664_at,MAK31,YCR020C-A,0.0,not_responsive,0.167,not_responsive,,,none,0.667
1777665_at,RAD17,YOR368W,0.0,not_responsive,0.5,intermediate,,0.667,MMS_specific_up,0.556
1777667_s_at,DSF1,YEL070W,0.25,not_responsive,0.667,intermediate,,0.667,ambiguous,0.556
1777668_at,SGE1,YPR198W,0.0,not_responsive,0.0,not_responsive,,,none,1.0
1777669_at,YLR042C,YLR042C,0.5,intermediate,1.0,robust,0.444,0.667,shared_down,0.667
1777670_at,NHP6B,YBR089C-A,0.0,not_responsive,0.0,not_responsive,,,none,1.0
1777672_at,YOR051C,YOR051C,0.25,not_responsive,0.583,intermediate,,0.667,ambiguous,0.333
1777677_at,YRB2,YIL063C,0.0,not_responsive,0.0,not_responsive,,,none,1.0
1777678_at,YJL107C,YJL107C,0.167,not_responsive,0.5,intermediate,,0.667,ambiguous,0.333
1777679_at,DIN7,YDR263C,0.0,not_responsive,0.5,intermediate,,0.667,MMS_specific_up,0.556
1777682_at,CFT2,YLR115W,0.0,not_responsive,0.167,not_responsive,,,none,0.667
1777686_at,BRR6,YGL247W,0.0,not_responsive,0.0,not_responsive,,,none,1.0
1777689_at,SLY41,YOR307C,0.083,not_responsive,0.167,not_responsive,,,none,0.667
1777690_at,XBP1,YIL101C,0.833,robust,1.0,robust,1.0,1.0,shared_up,1.0
1777691_at,RBL2,YOR265W,0.0,not_responsive,0.0,not_responsive,,,none,1.0
1777692_at,RRN9,YMR270C,0.083,not_responsive,0.25,not_responsive,,,none,0.667
1777693_at,YGL039W,YGL039W,0.0,not_responsive,0.083,not_responsive,,,none,1.0
1777697_at,YGL157W,YGL157W,0.25,not_responsive,0.25,not_responsive,,,none,0.667
1777699_at,RAD30,YDR419W,0.0,not_responsive,0.0,not_responsive,,,none,1.0
1777700_at,POM152,YMR129W,0.167,not_responsive,0.083,not_responsive,,,none,0.667
1777701_at,HOF1,YMR032W,0.583,intermediate,0.75,robust,0.667,0.667,shared_down,0.667
1777703_at,MDJ2,YNL328C,0.167,not_responsive,0.5,intermediate,,0.667,ambiguous,0.333
1777705_at,TPC1,YGR096W,0.083,not_responsive,0.25,not_responsive,,,none,0.667
1777706_at,EMG1,YLR186W,0.333,not_responsive,1.0,robust,,0.667,ambiguous,0.667
1777707_at,FMP23,YBR047W,0.667,intermediate,1.0,robust,1.0,1.0,shared_up,1.0
1777710_at,CSN9,YDR179C,0.333,fragile,0.75,robust,1.0,0.667,shared_down,0.667
1777711_at,ATG11,YPR049C,0.0,not_responsive,0.583,intermediate,,0.667,MMS_specific_up,0.556
1777712_at,YAR075W,YAR075W,0.0,not_responsive,0.0,not_responsive,,,none,1.0
1777714_at,DIP5,YPL265W,0.25,not_responsive,0.0,not_responsive,,,none,0.667
1777718_at,RAD6,YGL058W,0.0,not_responsive,0.333,not_responsive,,,none,0.667
1777720_at,PUP3,YER094C,0.0,not_responsive,0.0,not_responsive,,,none,1.0
1777721_at,FMS1,YMR020W,0.25,not_responsive,0.667,intermediate,,0.667,ambiguous,0.556
1777723_at,CYT2,YKL087C,0.333,fragile,0.25,not_responsive,1.0,,ambiguous,0.333
1777724_at,YLR278C,YLR278C,0.0,not_responsive,0.0,not_responsive,,,none,1.0
1777725_at,YDR357C,YDR357C,0.0,not_responsive,0.0,not_responsive,,,none,1.0
1777726_at,MER1,YNL210W,0.0,not_responsive,0.0,not_responsive,,,none,1.0
1777731_at,IST3,YIR005W,0.0,not_responsive,0.25,not_responsive,,,none,0.667
1777733_at,LSM6,YDR378C,0.0,not_responsive,0.25,not_responsive,,,none,0.667
1777737_at,ATG4,YNL223W,0.333,not_responsive,1.0,robust,,0.667,ambiguous,0.667
1777738_at,ABF2,YMR072W,0.0,not_responsive,0.0,not_responsive,,,none,1.0
1777740_x_at,YGR174W-A,YGR174W-A,0.5,intermediate,1.0,robust,0.667,0.667,shared_up,0.667
1777744_at,YHR078W,YHR078W,0.0,not_responsive,0.0,not_responsive,,,none,1.0
1777748_at,YPL225W,YPL225W,0.0,not_responsive,0.0,not_responsive,,,none,1.0
1777749_at,GPI13,YLL031C,0.0,not_responsive,0.25,not_responsive,,,none,0.667
1777752_at,THI3,YDL080C,0.0,not_responsive,0.0,not_responsive,,,none,1.0
1777753_at,YER067W,YER067W,1.0,robust,1.0,robust,1.0,1.0,shared_up,1.0
1777756_at,YET3,YDL072C,0.0,not_responsive,0.25,not_responsive,,,none,0.667
1777758_at,BSD2,YBR290W,0.0,not_responsive,0.5,intermediate,,0.667,MMS_specific_up,0.556
1777759_at,MDM31,YHR194W,0.083,not_responsive,0.25,not_responsive,,,none,0.667
1777760_at,IRC3,YDR332W,0.0,not_responsive,0.333,not_responsive,,,none,0.667
1777761_at,TOD6,YBL054W,0.833,robust,1.0,robust,1.0,1.0,shared_down,1.0
1777762_at,YBL104C,YBL104C,0.0,not_responsive,0.25,not_responsive,,,none,0.667
1777763_at,DDR48,YMR173W,0.75,robust,0.833,robust,0.667,1.0,shared_up,1.0
1777772_at,YME1,YPR024W,0.167,not_responsive,0.25,not_responsive,,,none,0.667
1777774_at,SRO77,YBL106C,0.0,not_responsive,0.0,not_responsive,,,none,1.0
1777778_at,YNL035C,YNL035C,0.0,not_responsive,0.0,not_responsive,,,none,1.0
1777779_at,CSM4,YPL200W,0.0,not_responsive,0.0,not_responsive,,,none,1.0
1777780_at,ADH7,YCR105W,0.083,not_responsive,0.0,not_responsive,,,none,1.0
1777782_at,YOR304C-A,YOR304C-A,0.0,not_responsive,0.25,not_responsive,,,none,0.667
1777784_at,YJR107W,YJR107W,0.0,not_responsive,0.25,not_responsive,,,none,0.667
1777786_at,TPA1,YER049W,0.25,not_responsive,1.0,robust,,0.667,ambiguous,0.667
1777787_at,ACF2,YLR144C,0.083,not_responsive,0.5,intermediate,,0.667,ambiguous,0.667
1777790_at,RRP45,YDR280W,0.417,intermediate,0.25,not_responsive,0.444,,ambiguous,0.333
1777791_at,YOL073C,YOL073C,0.083,not_responsive,0.75,robust,,0.667,ambiguous,0.889
1777793_at,YGL117W,YGL117W,0.083,not_responsive,0.75,robust,,1.0,ambiguous,0.778
1777795_at,PTA1,YAL043C,0.0,not_responsive,0.25,not_responsive,,,none,0.667
1777796_at,TEA1,YOR337W,0.25,not_responsive,0.25,not_responsive,,,none,0.667
1777797_at,PHO4,YFR034C,0.083,not_responsive,0.5,intermediate,,0.667,ambiguous,0.667
1777799_at,YJL062W-A,YJL062W-A,0.0,not_responsive,0.25,not_responsive,,,none,0.667
1777800_at,DCN1,YLR128W,0.25,not_responsive,0.25,not_responsive,,,none,0.667
1777802_at,YHR210C,YHR210C,0.0,not_responsive,0.0,not_responsive,,,none,1.0
1777807_at,MAD3,YJL013C,0.0,not_responsive,0.0,not_responsive,,,none,1.0
1777808_at,GIP1,YBR045C,0.417,not_responsive,1.0,robust,,1.0,ambiguous,0.667
1777812_at,SNU23,YDL098C,0.0,not_responsive,0.0,not_responsive,,,none,1.0
1777816_at,GUD1,YDL238C,0.583,intermediate,0.5,intermediate,1.0,0.667,shared_up,0.667
1777817_at,RPS24A,YER074W,0.0,not_responsive,0.167,not_responsive,,,none,0.667
1777818_at,YPR148C,YPR148C,0.0,not_responsive,0.5,intermediate,,0.667,MMS_specific_up,0.556
1777819_at,POL32,YJR043C,0.0,not_responsive,0.0,not_responsive,,,none,1.0
1777821_at,GLE2,YER107C,0.0,not_responsive,0.0,not_responsive,,,none,1.0
1777823_s_at,SPH1,YLR312C-B,0.0,not_responsive,0.0,not_responsive,,,none,1.0
1777825_at,ASK10,YGR097W,0.0,not_responsive,0.083,not_responsive,,,none,1.0
1777827_at,NOP10,YHR072W-A,0.083,not_responsive,0.667,intermediate,,0.667,ambiguous,0.778
1777828_at,FSH3,YOR280C,0.083,not_responsive,0.417,intermediate,,1.0,ambiguous,0.556
1777834_at,MDR1,YGR100W,0.083,not_responsive,0.5,intermediate,,0.667,ambiguous,0.556
1777838_at,EDE1,YBL047C,0.0,not_responsive,0.167,not_responsive,,,none,0.667
1777840_at,PET9,YBL030C,0.0,not_responsive,0.0,not_responsive,,,none,1.0
1777842_at,NAS2,YIL007C,0.167,not_responsive,0.5,intermediate,,0.667,ambiguous,0.222
1777843_at,PIS1,YPR113W,0.0,not_responsive,0.0,not_responsive,,,none,1.0
1777845_at,HER1,YOR227W,0.417,intermediate,0.75,robust,0.667,0.667,shared_up,0.667
1777846_at,HTB2,YBL002W,0.333,not_responsive,1.0,robust,,0.667,ambiguous,0.667
1777847_at,YKR045C,YKR045C,0.083,not_responsive,0.0,not_responsive,,,none,1.0
1777850_at,YNL097C-A,YNL097C-A,0.083,not_responsive,0.333,not_responsive,,,none,0.667
1777853_at,FTR1,YER145C,0.083,not_responsive,0.75,robust,,0.667,ambiguous,0.778
1777854_at,PDE1,YGL248W,0.333,not_responsive,0.417,intermediate,,1.0,ambiguous,0.333
1777855_at,PRP31,YGR091W,0.0,not_responsive,0.0,not_responsive,,,none,1.0
1777856_at,PAU17,YLL025W,0.0,not_responsive,0.25,not_responsive,,,none,0.667
1777857_at,YPL014W,YPL014W,0.333,fragile,0.167,not_responsive,1.0,,ambiguous,0.333
1777859_at,CSM1,YCR086W,0.0,not_responsive,0.417,intermediate,,1.0,MMS_specific_up,0.444
1777860_at,ASG7,YJL170C,0.0,not_responsive,0.0,not_responsive,,,none,1.0
1777863_at,ARP7,YPR034W,0.0,not_responsive,0.25,not_responsive,,,none,0.667
1777867_at,RSF2,YJR127C,0.0,not_responsive,0.167,not_responsive,,,none,0.667
1777871_at,IMG1,YCR046C,0.0,not_responsive,0.0,not_responsive,,,none,1.0
1777872_at,YML037C,YML037C,0.083,not_responsive,0.5,intermediate,,0.667,ambiguous,0.556
1777874_at,YJR085C,YJR085C,0.0,not_responsive,0.083,not_responsive,,,none,1.0
1777877_at,IMH1,YLR309C,0.0,not_responsive,0.0,not_responsive,,,none,1.0
1777878_at,SPR28,YDR218C,0.0,not_responsive,0.0,not_responsive,,,none,1.0
1777879_at,YPL191C,YPL191C,0.25,not_responsive,0.083,not_responsive,,,none,0.667
1777881_at,YKE4,YIL023C,0.0,not_responsive,0.0,not_responsive,,,none,1.0
1777882_at,LEA1,YPL213W,0.0,not_responsive,0.25,not_responsive,,,none,0.667
1777885_at,MNT4,YNR059W,0.0,not_responsive,0.0,not_responsive,,,none,1.0
1777886_at,YNL040W,YNL040W,0.0,not_responsive,0.0,not_responsive,,,none,1.0
1777888_at,MTC6,YHR151C,0.083,not_responsive,0.25,not_responsive,,,none,0.667
1777889_at,CHL1,YPL008W,0.0,not_responsive,0.0,not_responsive,,,none,1.0
1777891_at,COY1,YKL179C,0.0,not_responsive,0.083,not_responsive,,,none,1.0
1777892_at,ECM5,YMR176W,0.0,not_responsive,0.083,not_responsive,,,none,1.0
1777896_at,MLC1,YGL106W,0.0,not_responsive,0.417,intermediate,,1.0,MMS_specific_down,0.667
1777898_at,MSC7,YHR039C,0.0,not_responsive,0.25,not_responsive,,,none,0.667
1777899_at,CKA1,YIL035C,0.0,not_responsive,0.0,not_responsive,,,none,1.0
1777902_at,KAP114,YGL241W,0.0,not_responsive,0.0,not_responsive,,,none,1.0
1777903_at,PHO90,YJL198W,0.417,not_responsive,0.667,intermediate,,0.667,ambiguous,0.667
1777909_at,CWC27,YPL064C,0.0,not_responsive,0.0,not_responsive,,,none,1.0
1777910_at,ZDS2,YML109W,0.083,not_responsive,0.25,not_responsive,,,none,0.667
1777913_at,YPL152W-A,YPL152W-A,0.083,not_responsive,0.0,not_responsive,,,none,1.0
1777916_at,BUD2,YKL092C,0.0,not_responsive,0.0,not_responsive,,,none,1.0
1777917_at,MTH1,YDR277C,0.75,robust,1.0,robust,0.667,0.667,shared_up,1.0
1777918_at,POG1,YIL122W,0.0,not_responsive,0.25,not_responsive,,,none,0.667
1777919_at,YKL171W,YKL171W,0.083,not_responsive,0.083,not_responsive,,,none,1.0
1777921_at,YGR251W,YGR251W,0.5,intermediate,0.417,intermediate,1.0,0.444,shared_down,0.667
1777922_at,YNL300W,YNL300W,0.333,not_responsive,1.0,robust,,0.667,ambiguous,0.667
1777923_at,YDR042C,YDR042C,0.417,not_responsive,0.5,intermediate,,1.0,ambiguous,0.333
1777924_at,YOR072W-B,YOR072W-B,0.0,not_responsive,0.0,not_responsive,,,none,1.0
1777925_at,AYT1,YLL063C,0.0,not_responsive,0.5,intermediate,,0.667,MMS_specific_up,0.333
1777927_at,DHR2,YKL078W,0.917,robust,1.0,robust,1.0,1.0,shared_down,1.0
1777928_at,FAR1,YJL157C,0.167,not_responsive,0.417,intermediate,,1.0,ambiguous,0.667
1777929_at,CLF1,YLR117C,0.0,not_responsive,0.0,not_responsive,,,none,1.0
1777933_at,VAB2,YEL005C,0.25,not_responsive,0.583,intermediate,,0.667,ambiguous,0.333
1777937_at,YMR194C-B,YMR194C-B,0.667,intermediate,0.5,intermediate,0.667,0.667,shared_up,0.667
1777938_at,CWC2,YDL209C,0.333,not_responsive,0.167,not_responsive,,,none,0.667
1777939_at,VMA21,YGR105W,0.0,not_responsive,0.0,not_responsive,,,none,1.0
1777941_at,YCL033C,YCL033C,0.167,not_responsive,0.167,not_responsive,,,none,0.667
1777942_at,YBR220C,YBR220C,0.0,not_responsive,0.5,intermediate,,0.667,ambiguous,0.556
1777944_at,RPC31,YNL151C,0.5,intermediate,1.0,robust,0.667,0.667,shared_down,0.667
1777945_at,TPO2,YGR138C,0.917,robust,0.25,not_responsive,1.0,,ambiguous,0.667
1777946_at,TEN1,YLR010C,0.167,not_responsive,0.083,not_responsive,,,none,0.667
1777947_at,SNX41,YDR425W,0.25,not_responsive,0.75,robust,,1.0,ambiguous,0.667
1777948_at,TIF6,YPR016C,0.333,not_responsive,0.5,intermediate,,0.667,ambiguous,0.333
1777949_at,WHI2,YOR043W,0.167,not_responsive,0.75,robust,,1.0,ambiguous,0.889
1777955_at,RPS23A,YGR118W,0.0,not_responsive,0.5,intermediate,,0.667,MMS_specific_down,0.556
1777956_at,POL31,YJR006W,0.0,not_responsive,0.167,not_responsive,,,none,0.667
1777959_at,RAD27,YKL113C,0.083,not_responsive,0.0,not_responsive,,,none,1.0
1777962_at,GON7,YJL184W,0.0,not_responsive,0.0,not_responsive,,,none,1.0
1777963_at,MKT1,YNL085W,0.0,not_responsive,0.5,intermediate,,0.667,MMS_specific_down,0.556
1777964_at,CTI6,YPL181W,0.0,not_responsive,0.417,intermediate,,1.0,MMS_specific_up,0.556
1777966_at,PNG1,YPL096W,0.083,not_responsive,0.75,robust,,0.667,ambiguous,0.667
1777967_at,SNM1,YDR478W,0.25,not_responsive,0.25,not_responsive,,,none,0.667
1777968_at,YLR072W,YLR072W,0.0,not_responsive,0.083,not_responsive,,,none,1.0
1777971_at,PGM1,YKL127W,0.0,not_responsive,0.583,intermediate,,0.667,ambiguous,0.556
1777972_at,YGL081W,YGL081W,0.0,not_responsive,0.417,intermediate,,1.0,MMS_specific_up,0.333
1777973_at,COG4,YPR105C,0.0,not_responsive,0.0,not_responsive,,,none,1.0
1777975_at,ARO80,YDR421W,0.417,intermediate,0.75,robust,1.0,0.667,shared_up,0.667
1777978_at,BUD21,YOR078W,0.75,robust,1.0,robust,1.0,0.667,shared_down,1.0
1777979_at,GIR2,YDR152W,0.167,not_responsive,0.25,not_responsive,,,none,0.667
1777980_at,DCP1,YOL149W,0.167,not_responsive,0.417,intermediate,,1.0,ambiguous,0.333
1777982_at,RPS7A,YOR096W,0.0,not_responsive,0.917,robust,,0.667,MMS_specific_down,0.889
1777986_at,YMR130W,YMR130W,0.0,not_responsive,0.25,not_responsive,,,none,0.667
1777987_at,YDR444W,YDR444W,0.167,not_responsive,0.333,not_responsive,,,none,0.667
1777988_at,PXR1,YGR280C,0.667,intermediate,1.0,robust,1.0,0.667,shared_down,0.667
1777989_at,RPL31B,YLR406C,0.083,not_responsive,0.917,robust,,0.667,ambiguous,0.667
1777990_at,RPS10A,YOR293W,0.0,not_responsive,0.917,robust,,0.667,MMS_specific_down,0.889
1777991_at,YER184C,YER184C,0.167,not_responsive,0.0,not_responsive,,,none,1.0
1777997_at,DNF3,YMR162C,0.0,not_responsive,0.167,not_responsive,,,none,0.667
1777999_at,YJR061W,YJR061W,0.0,not_responsive,0.0,not_responsive,,,none,1.0
1778000_at,MTM1,YGR257C,0.0,not_responsive,0.0,not_responsive,,,none,1.0
1778001_at,DFG16,YOR030W,0.0,not_responsive,0.0,not_responsive,,,none,1.0
1778003_at,NIS1,YNL078W,0.25,not_responsive,0.833,robust,,0.667,ambiguous,0.556
1778004_at,PAC11,YDR488C,0.0,not_responsive,0.0,not_responsive,,,none,1.0
1778006_at,YSC84,YHR016C,0.667,intermediate,1.0,robust,1.0,0.667,shared_up,1.0
1778008_at,YPR078C,YPR078C,0.0,not_responsive,0.0,not_responsive,,,none,1.0
1778010_at,GPI2,YPL076W,0.0,not_responsive,0.5,intermediate,,0.667,ambiguous,0.556
1778014_at,FSH2,YMR222C,0.0,not_responsive,0.0,not_responsive,,,none,1.0
1778017_at,ARC15,YIL062C,0.0,not_responsive,0.25,not_responsive,,,none,0.667
1778018_at,LSC1,YOR142W,0.0,not_responsive,0.25,not_responsive,,,none,0.667
1778021_at,YKR023W,YKR023W,0.0,not_responsive,0.5,intermediate,,0.667,MMS_specific_up,0.556
1778023_at,NGG1,YDR176W,0.0,not_responsive,0.0,not_responsive,,,none,1.0
1778024_at,AMA1,YGR225W,0.0,not_responsive,0.083,not_responsive,,,none,1.0
1778025_at,SLO1,YER180C-A,0.0,not_responsive,0.083,not_responsive,,,none,1.0
1778029_at,PCS60,YBR222C,0.0,not_responsive,0.0,not_responsive,,,none,1.0
1778030_at,MAS1,YLR163C,0.25,not_responsive,0.5,intermediate,,0.667,ambiguous,0.333
1778031_at,TGS1,YPL157W,0.333,not_responsive,0.5,intermediate,,0.667,ambiguous,0.333
1778033_at,NFU1,YKL040C,0.25,not_responsive,0.167,not_responsive,,,none,0.667
1778034_at,TAP42,YMR028W,0.0,not_responsive,0.5,intermediate,,0.667,MMS_specific_up,0.667
1778035_at,ACO1,YLR304C,0.417,intermediate,0.0,not_responsive,0.667,,ambiguous,0.556
1778038_at,RLI1,YDR091C,0.417,intermediate,1.0,robust,1.0,0.667,shared_down,0.667
1778040_at,ECM4,YKR076W,1.0,robust,1.0,robust,1.0,1.0,shared_up,1.0
1778042_at,SAM37,YMR060C,0.0,not_responsive,0.167,not_responsive,,,none,0.667
1778043_at,RNQ1,YCL028W,0.0,not_responsive,0.0,not_responsive,,,none,1.0
1778044_at,YGR203W,YGR203W,0.083,not_responsive,0.0,not_responsive,,,none,1.0
1778045_at,POP5,YAL033W,0.167,not_responsive,0.167,not_responsive,,,none,0.667
1778046_at,ROT2,YBR229C,0.0,not_responsive,0.167,not_responsive,,,none,0.667
1778051_at,SMC4,YLR086W,0.0,not_responsive,0.0,not_responsive,,,none,1.0
1778052_at,OAF3,YKR064W,0.0,not_responsive,0.25,not_responsive,,,none,0.667
1778053_at,YRO2,YBR054W,1.0,robust,0.917,robust,1.0,1.0,shared_up,1.0
1778055_at,TAF14,YPL129W,0.0,not_responsive,0.417,intermediate,,1.0,MMS_specific_down,0.333
1778057_at,DMA1,YHR115C,0.0,not_responsive,0.5,intermediate,,0.667,MMS_specific_up,0.556
1778061_at,YGR021W,YGR021W,0.333,not_responsive,0.083,not_responsive,,,none,0.667
1778063_at,NOG1,YPL093W,0.75,robust,1.0,robust,1.0,1.0,shared_down,1.0
1778064_at,CSN12,YJR084W,0.0,not_responsive,0.667,intermediate,,0.667,MMS_specific_up,0.889
1778065_at,RDR1,YOR380W,0.0,not_responsive,0.417,intermediate,,1.0,MMS_specific_up,0.444
1778073_at,TRM10,YOL093W,0.333,not_responsive,0.333,not_responsive,,,none,0.667
1778075_at,SKG3,YLR187W,0.0,not_responsive,0.0,not_responsive,,,none,1.0
1778076_at,YBR284W,YBR284W,0.833,robust,1.0,robust,1.0,1.0,shared_up,1.0
1778077_at,YJR015W,YJR015W,0.0,not_responsive,0.0,not_responsive,,,none,1.0
1778078_at,BTS1,YPL069C,0.25,not_responsive,0.0,not_responsive,,,none,0.667
1778079_at,BTN2,YGR142W,0.25,not_responsive,1.0,robust,,1.0,ambiguous,0.667
1778081_at,TRM12,YML005W,0.167,not_responsive,0.0,not_responsive,,,none,0.667
1778084_at,YNL122C,YNL122C,0.0,not_responsive,0.083,not_responsive,,,none,1.0
1778085_at,IFH1,YLR223C,0.333,not_responsive,0.833,robust,,1.0,ambiguous,0.667
1778088_at,YLR046C,YLR046C,0.0,not_responsive,0.417,intermediate,,1.0,MMS_specific_up,0.222
1778089_at,YAH1,YPL252C,0.0,not_responsive,0.417,intermediate,,1.0,MMS_specific_down,0.333
1778090_at,YSR3,YKR053C,0.083,not_responsive,0.333,not_responsive,,,none,0.667
1778091_at,GPI11,YDR302W,0.083,not_responsive,0.25,not_responsive,,,none,0.667
1778092_at,ELP2,YGR200C,0.417,not_responsive,1.0,robust,,0.667,ambiguous,0.667
1778093_at,COX15,YER141W,0.083,not_responsive,0.0,not_responsive,,,none,1.0
1778095_at,SPR6,YER115C,0.0,not_responsive,0.083,not_responsive,,,none,1.0
1778096_at,SPC97,YHR172W,0.25,not_responsive,0.667,intermediate,,0.667,ambiguous,0.556
1778097_at,FPR1,YNL135C,0.0,not_responsive,0.0,not_responsive,,,none,1.0
1778098_at,MCM16,YPR046W,0.0,not_responsive,0.0,not_responsive,,,none,1.0
1778099_at,SSZ1,YHR064C,0.0,not_responsive,0.583,intermediate,,0.667,MMS_specific_down,0.333
1778100_at,IRC8,YJL051W,0.417,intermediate,0.917,robust,0.667,0.667,shared_down,0.667
1778103_at,YHB1,YGR234W,0.0,not_responsive,0.0,not_responsive,,,none,1.0
1778104_at,ERG24,YNL280C,0.0,not_responsive,0.5,intermediate,,0.667,MMS_specific_down,0.222
1778105_at,YNL092W,YNL092W,0.75,robust,1.0,robust,0.667,0.667,shared_up,1.0
1778106_x_at,YLR462W,YLR462W,0.083,not_responsive,0.5,intermediate,,1.0,ambiguous,0.556
1778107_at,TIM17,YJL143W,0.0,not_responsive,0.0,not_responsive,,,none,1.0
1778109_at,PRC1,YMR297W,0.083,not_responsive,0.25,not_responsive,,,none,0.667
1778111_at,ATO3,YDR384C,0.25,not_responsive,0.667,intermediate,,0.667,ambiguous,0.667
1778112_at,GPB1,YOR371C,0.0,not_responsive,0.0,not_responsive,,,none,1.0
1778117_at,CAP1,YKL007W,0.083,not_responsive,0.5,intermediate,,0.667,ambiguous,0.556
1778119_at,SWD1,YAR003W,0.0,not_responsive,0.0,not_responsive,,,none,1.0
1778120_at,MEU1,YLR017W,0.25,not_responsive,0.417,intermediate,,0.667,ambiguous,0.333
1778121_s_at,PAU15 /// PAU16 /// PAU21 /// PAU22 /// PAU3,YCR104W,0.083,not_responsive,0.333,not_responsive,,,none,0.667
1778123_at,PSF1,YDR013W,0.0,not_responsive,0.0,not_responsive,,,none,1.0
1778124_at,YSC83,YHR017W,0.0,not_responsive,0.417,intermediate,,1.0,MMS_specific_up,0.222
1778125_at,YEL025C,YEL025C,0.0,not_responsive,0.0,not_responsive,,,none,1.0
1778128_at,DUR3,YHL016C,0.167,not_responsive,0.25,not_responsive,,,none,0.667
1778130_at,ZRG8,YER033C,0.417,intermediate,0.5,intermediate,0.444,0.667,shared_up,0.667
1778131_at,YMR157C,YMR157C,0.083,not_responsive,0.0,not_responsive,,,none,1.0
1778133_s_at,RPL7A /// RPL7B,YGL076C,0.0,not_responsive,0.25,not_responsive,,,none,0.667
1778139_at,FYV6,YNL133C,0.083,not_responsive,0.0,not_responsive,,,none,1.0
1778141_at,AGP1,YCL025C,0.167,not_responsive,0.0,not_responsive,,,none,0.667
1778142_at,TKL2,YBR117C,0.417,intermediate,0.833,robust,0.667,0.667,shared_up,0.667
1778143_at,RFC5,YBR087W,0.0,not_responsive,0.0,not_responsive,,,none,1.0
1778144_at,MET13,YGL125W,0.333,not_responsive,0.083,not_responsive,,,none,0.667
1778145_at,RRM3,YHR031C,0.5,intermediate,0.5,intermediate,1.0,0.667,shared_down,0.667
1778146_at,OCA2,YNL056W,0.0,not_responsive,0.333,not_responsive,,,none,0.667
1778147_at,LAS21,YJL062W,0.0,not_responsive,0.083,not_responsive,,,none,1.0
1778149_at,YDR034W-B,YDR034W-B,0.5,intermediate,0.833,robust,0.667,0.667,shared_up,0.667
1778151_at,DUG3,YNL191W,0.083,not_responsive,0.083,not_responsive,,,none,1.0
1778153_at,YHR022C,YHR022C,0.083,not_responsive,0.417,intermediate,,0.444,ambiguous,0.556
1778154_at,IRC18,YJL037W,0.083,not_responsive,0.0,not_responsive,,,none,1.0
1778155_at,YJL118W,YJL118W,0.083,not_responsive,0.75,robust,,1.0,ambiguous,0.889
1778156_at,ADE12,YNL220W,0.0,not_responsive,0.25,not_responsive,,,none,0.667
1778160_at,REG1,YDR028C,0.0,not_responsive,0.0,not_responsive,,,none,1.0
1778165_at,MHR1,YDR296W,0.0,not_responsive,0.167,not_responsive,,,none,0.667
1778167_at,SEC62,YPL094C,0.0,not_responsive,0.0,not_responsive,,,none,1.0
1778168_at,ARP6,YLR085C,0.0,not_responsive,0.083,not_responsive,,,none,1.0
1778170_at,IES5,YER092W,0.0,not_responsive,0.25,not_responsive,,,none,0.667
1778173_at,MET7,YOR241W,0.0,not_responsive,0.0,not_responsive,,,none,1.0
1778174_at,YBR204C,YBR204C,0.333,not_responsive,0.75,robust,,0.667,ambiguous,0.667
1778177_at,MIG1,YGL035C,0.083,not_responsive,0.0,not_responsive,,,none,1.0
1778180_at,SEC61,YLR378C,0.0,not_responsive,0.25,not_responsive,,,none,0.667
1778181_at,ATG29,YPL166W,0.583,intermediate,0.5,intermediate,1.0,0.667,shared_up,0.667
1778183_at,PDR10,YOR328W,0.0,not_responsive,0.0,not_responsive,,,none,1.0
1778184_at,YOL114C,YOL114C,0.0,not_responsive,0.083,not_responsive,,,none,1.0
1778185_at,STL1,YDR536W,0.0,not_responsive,0.0,not_responsive,,,none,1.0
1778187_at,YKL222C,YKL222C,0.0,not_responsive,0.0,not_responsive,,,none,1.0
1778188_at,OTU2,YHL013C,0.417,intermediate,0.25,not_responsive,1.0,,ambiguous,0.333
1778189_at,ADE17,YMR120C,0.083,not_responsive,0.333,not_responsive,,,none,0.667
1778190_at,LSG1,YGL099W,0.5,intermediate,0.833,robust,0.667,0.667,shared_down,0.667
1778191_at,YGR042W,YGR042W,0.0,not_responsive,0.0,not_responsive,,,none,1.0
1778192_at,SEC7,YDR170C,0.0,not_responsive,0.417,intermediate,,1.0,ambiguous,0.556
1778193_at,SPC24,YMR117C,0.25,not_responsive,0.333,not_responsive,,,none,0.667
1778194_at,CHS2,YBR038W,0.333,not_responsive,1.0,robust,,0.667,ambiguous,0.667
1778196_at,MLP1,YKR095W,0.0,not_responsive,0.083,not_responsive,,,none,1.0
1778197_at,MND1,YGL183C,0.0,not_responsive,0.0,not_responsive,,,none,1.0
1778198_at,TPI1,YDR050C,0.0,not_responsive,0.0,not_responsive,,,none,1.0
1778199_at,JEM1,YJL073W,0.0,not_responsive,0.083,not_responsive,,,none,1.0
1778200_at,YER187W,YER187W,0.0,not_responsive,0.167,not_responsive,,,none,1.0
1778201_at,YDL129W,YDL129W,0.083,not_responsive,0.25,not_responsive,,,none,0.667
1778202_at,RRP6,YOR001W,0.333,not_responsive,0.5,intermediate,,0.667,ambiguous,0.333
1778203_at,PNS1,YOR161C,0.917,robust,1.0,robust,1.0,0.667,shared_up,1.0
1778204_at,MLH2,YLR035C,0.0,not_responsive,0.083,not_responsive,,,none,1.0
1778205_at,INP54,YOL065C,0.0,not_responsive,0.25,not_responsive,,,none,0.667
1778209_at,MRPL33,YMR286W,0.0,not_responsive,0.0,not_responsive,,,none,1.0
1778215_at,FCY2,YER056C,0.25,not_responsive,0.75,robust,,0.667,ambiguous,0.667
1778216_at,USO1,YDL058W,0.0,not_responsive,0.0,not_responsive,,,none,1.0
1778218_at,TMA10,YLR327C,1.0,robust,1.0,robust,1.0,0.667,shared_up,1.0
1778219_at,RPB8,YOR224C,0.333,not_responsive,1.0,robust,,0.667,ambiguous,0.667
1778220_at,YPL229W,YPL229W,0.0,not_responsive,0.25,not_responsive,,,none,0.667
1778222_at,TUB1,YML085C,0.0,not_responsive,0.0,not_responsive,,,none,1.0
1778223_at,YAT1,YAR035W,0.167,not_responsive,0.0,not_responsive,,,none,0.667
1778226_at,VPS51,YKR020W,0.0,not_responsive,0.167,not_responsive,,,none,0.667
1778227_at,MRK1,YDL079C,0.5,intermediate,0.75,robust,0.667,0.667,shared_up,0.667
1778228_at,YCR043C,YCR043C,0.083,not_responsive,0.5,intermediate,,0.667,ambiguous,0.556
1778229_at,YOR293C-A,YOR293C-A,0.417,intermediate,0.5,intermediate,0.444,0.667,shared_down,0.667
1778232_at,KIN2,YLR096W,0.083,not_responsive,0.0,not_responsive,,,none,1.0
1778233_at,MMP1,YLL061W,0.0,not_responsive,0.333,fragile,,1.0,ambiguous,0.556
1778235_at,EDC3,YEL015W,0.0,not_responsive,0.083,not_responsive,,,none,1.0
1778237_at,MUM3,YOR298W,0.167,not_responsive,0.0,not_responsive,,,none,0.667
1778238_at,YNG1,YOR064C,0.25,not_responsive,0.25,not_responsive,,,none,0.667
1778240_at,MMT1,YMR177W,0.25,not_responsive,0.417,intermediate,,1.0,ambiguous,0.333
1778243_at,YLR414C,YLR414C,0.0,not_responsive,0.25,not_responsive,,,none,0.667
1778245_at,MOD5,YOR274W,0.083,not_responsive,0.083,not_responsive,,,none,1.0
1778246_at,TMT1,YER175C,0.417,intermediate,1.0,robust,0.667,1.0,shared_up,0.667
1778248_at,SLN1,YIL147C,0.0,not_responsive,0.25,not_responsive,,,none,0.667
1778249_at,IZH1,YDR492W,0.417,intermediate,1.0,robust,1.0,1.0,shared_down,0.667
1778252_at,"ADE5,7",YGL234W,0.083,not_responsive,0.25,not_responsive,,,none,0.667
1778254_at,YEL057C,YEL057C,0.167,not_responsive,0.25,not_responsive,,,none,0.667
1778259_at,SAN1,YDR143C,0.083,not_responsive,0.0,not_responsive,,,none,1.0
1778260_at,TDH3,YGR192C,0.0,not_responsive,0.0,not_responsive,,,none,1.0
1778261_at,OCA1,YNL099C,0.0,not_responsive,0.0,not_responsive,,,none,1.0
1778262_at,SEN15,YMR059W,0.0,not_responsive,0.0,not_responsive,,,none,1.0
1778263_at,YIL087C,YIL087C,0.5,intermediate,0.917,robust,0.444,0.667,shared_up,0.667
1778265_at,FRE4,YNR060W,1.0,robust,1.0,robust,1.0,0.667,shared_down,1.0
1778267_at,DCI1,YOR180C,0.0,not_responsive,0.0,not_responsive,,,none,1.0
1778268_at,FPR3,YML074C,0.0,not_responsive,0.167,not_responsive,,,none,0.667
1778270_at,HO,YDL227C,0.833,robust,1.0,robust,1.0,0.667,shared_down,1.0
1778271_at,ROX1,YPR065W,0.333,not_responsive,0.583,intermediate,,0.667,ambiguous,0.333
1778272_at,YGR121W-A,YGR121W-A,0.0,not_responsive,0.083,not_responsive,,,none,1.0
1778274_at,YEA4,YEL004W,0.0,not_responsive,0.0,not_responsive,,,none,1.0
1778275_at,UTP9,YHR196W,0.667,intermediate,1.0,robust,1.0,0.667,shared_down,1.0
1778277_at,SST2,YLR452C,0.083,not_responsive,0.083,not_responsive,,,none,1.0
1778278_at,RTG1,YOL067C,0.0,not_responsive,0.083,not_responsive,,,none,1.0
1778279_at,TSC10,YBR265W,0.25,not_responsive,0.167,not_responsive,,,none,0.667
1778280_at,NGR1,YBR212W,0.083,not_responsive,0.083,not_responsive,,,none,1.0
1778281_at,ROT1,YMR200W,0.0,not_responsive,0.0,not_responsive,,,none,1.0
1778282_at,LEU4,YNL104C,0.167,not_responsive,0.25,not_responsive,,,none,0.667
1778283_at,YFL034W,YFL034W,0.0,not_responsive,0.25,not_responsive,,,none,0.667
1778286_at,YLR466C-B,YLR466C-B,0.0,not_responsive,0.0,not_responsive,,,none,1.0
1778287_at,YJR114W,YJR114W,0.0,not_responsive,0.0,not_responsive,,,none,1.0
1778288_at,NAT3,YPR131C,0.0,not_responsive,0.25,not_responsive,,,none,0.667
1778290_at,LSC2,YGR244C,0.0,not_responsive,0.0,not_responsive,,,none,1.0
1778291_at,YPT10,YBR264C,0.0,not_responsive,0.0,not_responsive,,,none,1.0
1778293_at,YKR075C,YKR075C,0.083,not_responsive,0.25,not_responsive,,,none,0.667
1778295_at,PEX22,YAL055W,0.0,not_responsive,0.167,not_responsive,,,none,0.667
1778296_at,CSI2,YOL007C,0.417,intermediate,1.0,robust,1.0,0.667,shared_down,0.667
1778299_at,VPS4,YPR173C,0.0,not_responsive,0.0,not_responsive,,,none,1.0
1778300_at,MAK32,YCR019W,0.083,not_responsive,0.25,not_responsive,,,none,0.667
1778303_at,RPL29,YFR032C-A,0.0,not_responsive,0.167,not_responsive,,,none,0.667
1778304_at,UBX3,YDL091C,0.25,not_responsive,1.0,robust,,0.667,ambiguous,0.556
1778305_at,CFT1,YDR301W,0.0,not_responsive,0.083,not_responsive,,,none,1.0
1778306_at,DEF1,YKL054C,0.0,not_responsive,0.0,not_responsive,,,none,1.0
1778308_at,NUP84,YDL116W,0.0,not_responsive,0.25,not_responsive,,,none,0.667
1778312_at,PHD1,YKL043W,0.25,not_responsive,0.25,not_responsive,,,none,0.667
1778315_at,FAP7,YDL166C,0.25,not_responsive,0.75,robust,,0.667,ambiguous,0.556
1778316_at,GSH2,YOL049W,0.0,not_responsive,0.5,intermediate,,0.667,MMS_specific_up,0.222
1778317_at,ADH4,YGL256W,0.0,not_responsive,0.25,not_responsive,,,none,0.667
1778319_at,PCL1,YNL289W,0.583,intermediate,1.0,robust,1.0,0.667,shared_down,0.667
1778320_at,CBP1,YJL209W,0.0,not_responsive,0.417,intermediate,,1.0,ambiguous,0.556
1778322_at,SRM1,YGL097W,0.167,not_responsive,0.75,robust,,0.667,ambiguous,0.556
1778323_at,RRP9,YPR137W,0.667,intermediate,1.0,robust,1.0,1.0,shared_down,1.0
1778325_at,ALD6,YPL061W,0.083,not_responsive,0.833,robust,,0.667,ambiguous,0.778
1778327_at,URM1,YIL008W,0.0,not_responsive,0.667,intermediate,,0.667,ambiguous,0.667
1778328_at,PMP2,YEL017C-A,0.0,not_responsive,0.417,intermediate,,0.667,MMS_specific_down,0.667
1778330_at,OSM1,YJR051W,0.0,not_responsive,0.083,not_responsive,,,none,1.0
1778331_at,YDL211C,YDL211C,0.083,not_responsive,0.917,robust,,0.667,ambiguous,0.889
1778332_at,GNT1,YOR320C,0.0,not_responsive,0.25,not_responsive,,,none,0.667
1778334_at,YIR021W-A,YIR021W-A,0.0,not_responsive,0.0,not_responsive,,,none,1.0
1778335_at,ADI1,YMR009W,0.0,not_responsive,0.25,not_responsive,,,none,0.667
1778344_at,YGL010W,YGL010W,0.333,fragile,0.583,intermediate,1.0,1.0,shared_up,0.667
1778345_at,INP2,YMR163C,0.0,not_responsive,0.0,not_responsive,,,none,1.0
1778347_at,NOP15,YNL110C,0.583,intermediate,1.0,robust,0.667,0.667,shared_down,0.667
1778348_at,IRC25,YLR021W,0.0,not_responsive,0.0,not_responsive,,,none,1.0
1778350_at,PET191,YJR034W,0.083,not_responsive,0.0,not_responsive,,,none,1.0
1778351_at,TFC4,YGR047C,0.0,not_responsive,0.0,not_responsive,,,none,1.0
1778352_at,MFT1,YML062C,0.0,not_responsive,0.25,not_responsive,,,none,0.667
1778354_at,YER071C,YER071C,0.0,not_responsive,0.0,not_responsive,,,none,1.0
1778355_at,KAR4,YCL055W,0.167,not_responsive,0.083,not_responsive,,,none,0.667
1778357_at,PRM4,YPL156C,0.333,fragile,0.0,not_responsive,1.0,,ambiguous,0.556
1778358_at,HES1,YOR237W,0.0,not_responsive,0.0,not_responsive,,,none,1.0
1778359_at,SAM1,YLR180W,0.0,not_responsive,0.667,intermediate,,1.0,ambiguous,0.556
1778360_at,HDA1,YNL021W,0.167,not_responsive,0.333,not_responsive,,,none,0.667
1778363_at,RAD5,YLR032W,0.167,not_responsive,0.0,not_responsive,,,none,0.667
1778364_at,PPM2,YOL141W,0.667,intermediate,1.0,robust,0.667,1.0,shared_down,1.0
1778367_at,ATP17,YDR377W,0.0,not_responsive,0.0,not_responsive,,,none,1.0
1778368_at,YHP1,YDR451C,0.417,not_responsive,1.0,robust,,1.0,ambiguous,0.667
1778371_at,LSB3,YFR024C-A,0.25,not_responsive,0.5,intermediate,,0.667,ambiguous,0.333
1778374_at,YBL086C,YBL086C,0.25,not_responsive,1.0,robust,,1.0,ambiguous,0.556
1778375_at,TIS11,YLR136C,0.417,intermediate,0.917,robust,0.667,1.0,shared_up,0.667
1778380_at,MGA1,YGR249W,0.417,not_responsive,0.083,not_responsive,,,none,0.667
1778381_at,DUS4,YLR405W,0.417,intermediate,0.5,intermediate,0.667,0.667,shared_down,0.667
1778383_at,YKT6,YKL196C,0.0,not_responsive,0.0,not_responsive,,,none,1.0
1778384_at,INP51,YIL002C,0.0,not_responsive,0.25,not_responsive,,,none,0.667
1778389_at,FYV8,YGR196C,0.0,not_responsive,0.333,not_responsive,,,none,0.667
1778391_at,AZR1,YGR224W,0.5,intermediate,0.083,not_responsive,1.0,,ambiguous,0.667
1778392_at,RIB7,YBR153W,0.0,not_responsive,0.0,not_responsive,,,none,1.0
1778395_at,VAC7,YNL054W,0.0,not_responsive,0.333,not_responsive,,,none,0.667
1778398_at,YNR040W,YNR040W,0.0,not_responsive,0.0,not_responsive,,,none,1.0
1778399_at,HAP3,YBL021C,0.0,not_responsive,0.333,not_responsive,,,none,0.667
1778400_at,RNH202,YDR279W,0.083,not_responsive,0.083,not_responsive,,,none,1.0
1778401_at,BUD13,YGL174W,0.0,not_responsive,0.25,not_responsive,,,none,0.667
1778403_at,NST1,YNL091W,0.0,not_responsive,0.0,not_responsive,,,none,1.0
1778404_at,YMR244W,YMR244W,0.0,not_responsive,0.167,not_responsive,,,none,0.667
1778405_at,DSL1,YNL258C,0.0,not_responsive,0.0,not_responsive,,,none,1.0
1778406_at,AKL1,YBR059C,0.0,not_responsive,0.25,not_responsive,,,none,0.667
1778408_at,BAR1,YIL015W,0.083,not_responsive,0.083,not_responsive,,,none,1.0
1778409_at,UBA4,YHR111W,0.083,not_responsive,0.417,intermediate,,1.0,ambiguous,0.556
1778412_at,PRO3,YER023W,0.0,not_responsive,0.25,not_responsive,,,none,0.667
1778414_at,BRF1,YGR246C,0.0,not_responsive,0.083,not_responsive,,,none,1.0
1778416_at,POR2,YIL114C,0.0,not_responsive,0.0,not_responsive,,,none,1.0
1778418_at,HCS1,YKL017C,0.0,not_responsive,0.25,not_responsive,,,none,0.667
1778420_at,TED1,YIL039W,0.0,not_responsive,0.25,not_responsive,,,none,0.667
1778423_at,TRM112,YNR046W,0.333,not_responsive,1.0,robust,,0.667,ambiguous,0.667
1778425_at,PHB1,YGR132C,0.0,not_responsive,0.0,not_responsive,,,none,1.0
1778426_s_at,HHF1 /// HHF2,YBR009C,0.0,not_responsive,0.083,not_responsive,,,none,1.0
1778428_at,CCT4,YDL143W,0.0,not_responsive,0.0,not_responsive,,,none,1.0
1778433_at,AFI1,YOR129C,0.167,not_responsive,0.333,not_responsive,,,none,0.667
1778434_at,SRN2,YLR119W,0.0,not_responsive,0.167,not_responsive,,,none,0.667
1778437_at,AFR1,YDR085C,0.5,intermediate,0.667,intermediate,0.444,0.667,shared_up,0.667
1778439_at,RPL23B,YER117W,0.0,not_responsive,0.5,intermediate,,0.667,MMS_specific_down,0.556
1778440_at,YDR391C,YDR391C,0.417,intermediate,0.583,intermediate,0.444,0.667,shared_up,0.667
1778442_at,TFC8,YPL007C,0.0,not_responsive,0.417,intermediate,,1.0,MMS_specific_up,0.667
1778444_at,YPL056C,YPL056C,0.0,not_responsive,0.083,not_responsive,,,none,1.0
1778446_at,YPL088W,YPL088W,0.083,not_responsive,0.25,not_responsive,,,none,0.667
1778450_at,LST4,YKL176C,0.0,not_responsive,0.083,not_responsive,,,none,1.0
1778451_s_at,RPL21A /// RPL21B,YBR191W,0.0,not_responsive,0.333,not_responsive,,,none,0.667
1778452_at,MRP4,YHL004W,0.0,not_responsive,0.0,not_responsive,,,none,1.0
1778453_s_at,SNO2 /// SNO3,YFL060C,0.0,not_responsive,0.25,not_responsive,,,none,0.667
1778458_at,ATP7,YKL016C,0.0,not_responsive,0.083,not_responsive,,,none,1.0
1778462_at,YNL277W-A,YNL277W-A,0.0,not_responsive,0.167,not_responsive,,,none,0.667
1778470_at,RFC3,YNL290W,0.0,not_responsive,0.0,not_responsive,,,none,1.0
1778472_at,VPS1,YKR001C,0.0,not_responsive,0.0,not_responsive,,,none,1.0
1778473_at,YMR134W,YMR134W,0.083,not_responsive,0.417,intermediate,,0.667,ambiguous,0.556
1778474_at,DDC1,YPL194W,0.083,not_responsive,0.333,not_responsive,,,none,0.667
1778475_at,YMR085W,YMR085W,0.417,not_responsive,0.75,robust,,0.667,ambiguous,0.667
1778477_at,TPM2,YIL138C,0.0,not_responsive,0.0,not_responsive,,,none,1.0
1778479_at,CHA1,YCL064C,0.5,intermediate,0.083,not_responsive,1.0,,ambiguous,0.556
1778481_at,RPL3,YOR063W,0.0,not_responsive,0.0,not_responsive,,,none,1.0
1778483_at,RTR2,YDR066C,0.083,not_responsive,0.083,not_responsive,,,none,1.0
1778485_at,YLR326W,YLR326W,0.25,not_responsive,0.25,not_responsive,,,none,0.667
1778486_at,SIM1,YIL123W,0.0,not_responsive,0.833,robust,,0.667,MMS_specific_down,1.0
1778487_at,RPA12,YJR063W,0.583,intermediate,1.0,robust,0.667,1.0,shared_down,0.667
1778488_at,CCR4,YAL021C,0.0,not_responsive,0.333,not_responsive,,,none,0.667
1778491_at,TRZ1,YKR079C,0.333,fragile,0.583,intermediate,1.0,0.667,shared_down,0.667
1778492_at,TRK1,YJL129C,0.0,not_responsive,0.0,not_responsive,,,none,1.0
1778493_at,YPR022C,YPR022C,0.0,not_responsive,0.0,not_responsive,,,none,1.0
1778494_at,RIM101,YHL027W,0.0,not_responsive,0.25,not_responsive,,,none,0.667
1778495_at,YPT7,YML001W,0.0,not_responsive,0.0,not_responsive,,,none,1.0
1778496_at,SIP1,YDR422C,0.0,not_responsive,0.0,not_responsive,,,none,1.0
1778498_at,YBR139W,YBR139W,0.5,intermediate,0.75,robust,0.444,0.667,shared_up,0.667
1778499_at,PEX31,YGR004W,0.0,not_responsive,0.167,not_responsive,,,none,0.667
1778500_at,RLM1,YPL089C,0.0,not_responsive,0.083,not_responsive,,,none,1.0
1778501_at,PPE1,YHR075C,0.333,not_responsive,1.0,robust,,0.667,ambiguous,0.556
1778503_at,TKL1,YPR074C,0.0,not_responsive,0.917,robust,,0.667,MMS_specific_down,0.889
1778504_at,VMA13,YPR036W,0.0,not_responsive,0.0,not_responsive,,,none,1.0
1778507_at,MON2,YNL297C,0.0,not_responsive,0.25,not_responsive,,,none,0.667
1778508_at,DBP7,YKR024C,0.833,robust,1.0,robust,1.0,1.0,shared_down,1.0
1778510_at,CUP2,YGL166W,0.0,not_responsive,0.0,not_responsive,,,none,1.0
1778512_at,YSY6,YBR162W-A,0.0,not_responsive,0.833,robust,,0.667,ambiguous,0.667
1778514_at,RPR2,YIR015W,0.0,not_responsive,0.0,not_responsive,,,none,1.0
1778515_at,PET494,YNR045W,0.0,not_responsive,0.0,not_responsive,,,none,1.0
1778516_at,NFI1,YOR156C,0.083,not_responsive,0.0,not_responsive,,,none,1.0
1778518_at,SPO1,YNL012W,0.333,not_responsive,0.167,not_responsive,,,none,0.667
1778519_at,OKP1,YGR179C,0.0,not_responsive,0.25,not_responsive,,,none,0.667
1778520_at,YML020W,YML020W,0.0,not_responsive,0.0,not_responsive,,,none,1.0
1778524_at,DSF2,YBR007C,0.0,not_responsive,0.167,not_responsive,,,none,0.667
1778527_at,YBR287W,YBR287W,0.083,not_responsive,0.0,not_responsive,,,none,1.0
1778532_at,AHP1,YLR109W,0.167,not_responsive,0.25,not_responsive,,,none,0.667
1778536_at,SPC72,YAL047C,0.0,not_responsive,0.25,not_responsive,,,none,0.667
1778537_at,YHR212W-A,YHR212W-A,0.0,not_responsive,0.0,not_responsive,,,none,1.0
1778541_at,PCL9,YDL179W,0.25,not_responsive,0.917,robust,,0.667,ambiguous,0.556
1778542_at,YEL048C,YEL048C,0.417,intermediate,0.5,intermediate,1.0,0.667,shared_down,0.667
1778544_at,NDE1,YMR145C,0.0,not_responsive,0.75,robust,,0.667,MMS_specific_down,0.667
1778545_at,CIS1,YDR022C,0.75,robust,0.75,robust,0.667,0.667,shared_up,1.0
1778546_at,PAC1,YOR269W,0.0,not_responsive,0.0,not_responsive,,,none,1.0
1778548_at,PSH1,YOL054W,0.0,not_responsive,0.083,not_responsive,,,none,1.0
1778550_at,HMS2,YJR147W,0.5,intermediate,0.833,robust,0.667,0.667,shared_down,0.667
1778552_at,YML050W,YML050W,0.167,not_responsive,0.25,not_responsive,,,none,0.667
1778555_at,VPH1,YOR270C,0.0,not_responsive,0.0,not_responsive,,,none,1.0
1778556_at,YML003W,YML003W,0.0,not_responsive,0.333,not_responsive,,,none,0.667
1778557_at,SCL1,YGL011C,0.0,not_responsive,0.25,not_responsive,,,none,0.667
1778560_s_at,RPL11A /// RPL11B,YGR085C,0.0,not_responsive,0.083,not_responsive,,,none,1.0
1778561_at,STE13,YOR219C,0.0,not_responsive,0.25,not_responsive,,,none,0.667
1778563_at,ALT2,YDR111C,0.333,fragile,0.167,not_responsive,0.667,,ambiguous,0.667
1778564_at,YPL158C,YPL158C,0.083,not_responsive,1.0,robust,,0.667,ambiguous,0.667
1778565_at,YDR169C-A,YDR169C-A,0.0,not_responsive,0.0,not_responsive,,,none,1.0
1778566_at,MRP17,YKL003C,0.0,not_responsive,0.0,not_responsive,,,none,1.0
1778567_at,HKR1,YDR420W,0.0,not_responsive,0.833,robust,,0.667,MMS_specific_down,0.556
1778568_at,CHS1,YNL192W,0.0,not_responsive,0.0,not_responsive,,,none,1.0
1778569_at,YOR008C-A,YOR008C-A,0.0,not_responsive,0.0,not_responsive,,,none,1.0
1778570_at,CCW12,YLR110C,0.0,not_responsive,0.0,not_responsive,,,none,1.0
1778571_at,LUC7,YDL087C,0.083,not_responsive,0.0,not_responsive,,,none,1.0
1778573_at,OLA1,YBR025C,0.0,not_responsive,0.25,not_responsive,,,none,0.667
1778574_at,TIP20,YGL145W,0.083,not_responsive,0.0,not_responsive,,,none,1.0
1778577_at,TOM7,YNL070W,0.0,not_responsive,0.417,intermediate,,1.0,MMS_specific_down,0.667
1778578_at,IWR1,YDL115C,0.083,not_responsive,0.833,robust,,0.667,ambiguous,0.889
1778583_at,YMR086W,YMR086W,0.25,not_responsive,0.0,not_responsive,,,none,0.667
1778585_at,GAT3,YLR013W,0.0,not_responsive,0.0,not_responsive,,,none,1.0
1778588_at,OST1,YJL002C,0.0,not_responsive,0.0,not_responsive,,,none,1.0
1778591_at,AGA1,YNR044W,0.0,not_responsive,0.5,intermediate,,1.0,ambiguous,0.556
1778592_at,RPS1A,YLR441C,0.0,not_responsive,0.833,robust,,0.667,MMS_specific_down,0.778
1778593_at,YKR015C,YKR015C,0.0,not_responsive,0.0,not_responsive,,,none,1.0
1778594_at,PDE2,YOR360C,0.167,not_responsive,0.0,not_responsive,,,none,0.667
1778597_at,PCL8,YPL219W,0.167,not_responsive,0.0,not_responsive,,,none,0.667
1778598_at,SDC1,YDR469W,0.083,not_responsive,0.5,intermediate,,0.667,ambiguous,0.556
1778599_at,MCR1,YKL150W,0.333,not_responsive,0.5,intermediate,,0.667,ambiguous,0.333
1778601_at,FMC1,YIL098C,0.333,not_responsive,0.25,not_responsive,,,none,0.667
1778604_at,XKS1,YGR194C,0.583,intermediate,1.0,robust,0.667,0.667,shared_up,0.667
1778606_at,HBS1,YKR084C,0.0,not_responsive,0.0,not_responsive,,,none,1.0
1778608_at,INP1,YMR204C,0.0,not_responsive,0.0,not_responsive,,,none,1.0
1778611_at,ZUO1,YGR285C,0.0,not_responsive,0.083,not_responsive,,,none,1.0
1778612_at,CPR4,YCR069W,0.0,not_responsive,0.083,not_responsive,,,none,1.0
1778613_at,ECM19,YLR390W,0.0,not_responsive,0.083,not_responsive,,,none,1.0
1778617_at,YJL216C,YJL216C,0.0,not_responsive,0.083,not_responsive,,,none,1.0
1778620_at,HXT14,YNL318C,0.0,not_responsive,0.083,not_responsive,,,none,1.0
1778622_at,UGA4,YDL210W,0.083,not_responsive,0.0,not_responsive,,,none,1.0
1778623_at,STN1,YDR082W,0.0,not_responsive,0.417,intermediate,,1.0,MMS_specific_up,0.556
1778624_at,NIF3,YGL221C,0.0,not_responsive,0.083,not_responsive,,,none,1.0
1778627_at,RPB3,YIL021W,0.0,not_responsive,0.0,not_responsive,,,none,1.0
1778632_at,MET1,YKR069W,0.167,not_responsive,0.583,intermediate,,0.667,ambiguous,0.667
1778633_at,UBP7,YIL156W,0.0,not_responsive,0.0,not_responsive,,,none,1.0
1778638_at,TAM41,YGR046W,0.0,not_responsive,0.0,not_responsive,,,none,1.0
1778641_at,YJR056C,YJR056C,0.333,not_responsive,0.0,not_responsive,,,none,0.667
1778644_at,SPO20,YMR017W,0.083,not_responsive,0.5,intermediate,,0.667,ambiguous,0.556
1778645_at,MTC5,YDR128W,0.0,not_responsive,0.0,not_responsive,,,none,1.0
1778649_at,SPO74,YGL170C,0.0,not_responsive,0.0,not_responsive,,,none,1.0
1778651_at,FAA4,YMR246W,0.083,not_responsive,0.333,not_responsive,,,none,0.667
1778653_at,RIX7,YLL034C,0.667,intermediate,0.917,robust,1.0,0.667,shared_down,0.667
1778654_at,CAR1,YPL111W,0.0,not_responsive,0.083,not_responsive,,,none,1.0
1778655_at,CKI1,YLR133W,0.25,not_responsive,0.333,not_responsive,,,none,0.667
1778656_at,EMP46,YLR080W,0.75,robust,1.0,robust,0.667,0.667,shared_up,1.0
1778658_at,MNR2,YKL064W,0.0,not_responsive,0.417,intermediate,,1.0,MMS_specific_up,0.333
1778659_at,COQ5,YML110C,0.0,not_responsive,0.083,not_responsive,,,none,1.0
1778664_at,COG3,YER157W,0.0,not_responsive,0.0,not_responsive,,,none,1.0
1778665_at,VPS53,YJL029C,0.0,not_responsive,0.25,not_responsive,,,none,0.667
1778666_at,HXT5,YHR096C,0.5,intermediate,1.0,robust,0.444,0.667,shared_up,0.667
1778668_at,DOG1,YHR044C,0.0,not_responsive,0.0,not_responsive,,,none,1.0
1778672_at,VPS68,YOL129W,0.0,not_responsive,0.25,not_responsive,,,none,0.667
1778673_at,DED81,YHR019C,0.0,not_responsive,0.167,not_responsive,,,none,0.667
1778677_at,GAL3,YDR009W,0.25,not_responsive,0.333,not_responsive,,,none,0.667
1778679_at,PRP21,YJL203W,0.0,not_responsive,0.0,not_responsive,,,none,1.0
1778681_at,SHP1,YBL058W,0.0,not_responsive,0.667,intermediate,,0.667,ambiguous,0.667
1778682_at,ASE1,YOR058C,0.25,not_responsive,0.5,intermediate,,0.667,ambiguous,0.333
1778683_at,YNL042W-B,YNL042W-B,0.0,not_responsive,0.0,not_responsive,,,none,1.0
1778685_at,UTP6,YDR449C,0.667,intermediate,0.833,robust,1.0,0.667,shared_down,1.0
1778686_at,TPO4,YOR273C,0.667,intermediate,0.417,intermediate,1.0,0.667,shared_up,0.667
1778687_at,PAM1,YDR251W,0.083,not_responsive,0.5,intermediate,,0.667,ambiguous,0.667
1778689_at,SUS1,YBR111W-A,0.0,not_responsive,0.0,not_responsive,,,none,1.0
1778691_at,SMD1,YGR074W,0.25,not_responsive,0.0,not_responsive,,,none,0.667
1778692_at,DEM1,YBR163W,0.0,not_responsive,0.25,not_responsive,,,none,0.667
1778695_at,YOR164C,YOR164C,0.0,not_responsive,0.0,not_responsive,,,none,1.0
1778696_at,SEC11,YIR022W,0.0,not_responsive,0.0,not_responsive,,,none,1.0
1778697_at,ENT2,YLR206W,0.167,not_responsive,0.5,intermediate,,0.667,ambiguous,0.333
1778700_at,ERV1,YGR029W,0.0,not_responsive,0.0,not_responsive,,,none,1.0
1778702_at,HTS1,YPR033C,0.0,not_responsive,0.667,intermediate,,0.667,ambiguous,0.667
1778704_at,GTR1,YML121W,0.0,not_responsive,0.167,not_responsive,,,none,0.667
1778705_at,ARK1,YNL020C,0.0,not_responsive,0.5,intermediate,,0.667,MMS_specific_up,0.556
1778706_at,ATO2,YNR002C,1.0,robust,1.0,robust,1.0,0.667,shared_up,1.0
1778709_at,SDS3,YIL084C,0.0,not_responsive,0.083,not_responsive,,,none,1.0
1778711_at,YER152C,YER152C,0.0,not_responsive,0.0,not_responsive,,,none,1.0
1778713_at,RSM10,YDR041W,0.083,not_responsive,0.083,not_responsive,,,none,1.0
1778716_at,YPT32,YGL210W,0.0,not_responsive,0.0,not_responsive,,,none,1.0
1778717_at,CBS2,YDR197W,0.0,not_responsive,0.083,not_responsive,,,none,1.0
1778720_at,AHA1,YDR214W,0.0,not_responsive,0.333,fragile,,1.0,MMS_specific_up,0.556
1778723_at,LAS17,YOR181W,0.083,not_responsive,0.417,intermediate,,0.444,ambiguous,0.667
1778724_x_at,YLR466C-B,YLR466C-B,0.0,not_responsive,0.0,not_responsive,,,none,1.0
1778726_at,TIM13,YGR181W,0.0,not_responsive,0.0,not_responsive,,,none,1.0
1778728_at,RCR2,YDR003W,0.5,intermediate,1.0,robust,1.0,1.0,shared_up,0.667
1778729_at,YAR029W,YAR029W,0.167,not_responsive,0.25,not_responsive,,,none,0.667
1778730_s_at,RPL4A /// RPL4B,YBR031W,0.0,not_responsive,0.0,not_responsive,,,none,1.0
1778731_at,RPL8B,YLL045C,0.0,not_responsive,0.333,not_responsive,,,none,0.667
1778732_at,YBL044W,YBL044W,0.083,not_responsive,0.0,not_responsive,,,none,1.0
1778733_at,PAF1,YBR279W,0.0,not_responsive,0.0,not_responsive,,,none,1.0
1778735_at,YGR035C,YGR035C,1.0,robust,1.0,robust,1.0,1.0,shared_down,1.0
1778737_at,GCD11,YER025W,0.083,not_responsive,0.5,intermediate,,0.667,ambiguous,0.667
1778739_at,SFG1,YOR315W,1.0,robust,1.0,robust,1.0,1.0,shared_down,1.0
1778743_at,STV1,YMR054W,0.0,not_responsive,0.0,not_responsive,,,none,1.0
1778744_at,RTG3,YBL103C,0.0,not_responsive,0.25,not_responsive,,,none,0.667
1778746_at,CST6,YIL036W,0.167,not_responsive,0.833,robust,,1.0,ambiguous,0.556
1778748_at,COT1,YOR316C,0.25,not_responsive,0.25,not_responsive,,,none,0.667
1778751_at,FYV4,YHR059W,0.0,not_responsive,0.167,not_responsive,,,none,0.667
1778752_at,ARG80,YMR042W,0.333,fragile,0.5,intermediate,1.0,0.444,shared_down,0.667
1778753_at,YMR001C-A,YMR001C-A,0.333,not_responsive,0.583,intermediate,,0.667,ambiguous,0.333
1778754_s_at,YRF1-1 /// YRF1-2 /// YRF1-3 /// YRF1-4 /// YRF1-5 /// YRF1-6 /// YRF1-7 /// YRF1-8,YBL113C,0.0,not_responsive,0.0,not_responsive,,,none,1.0
1778756_at,STU2,YLR045C,0.083,not_responsive,0.0,not_responsive,,,none,1.0
1778758_at,RMD5,YDR255C,0.417,intermediate,0.167,not_responsive,0.667,,ambiguous,0.333
1778759_at,EGD2,YHR193C,0.0,not_responsive,0.083,not_responsive,,,none,1.0
1778760_at,YML081W,YML081W,0.167,not_responsive,0.417,intermediate,,1.0,ambiguous,0.222
1778764_at,NSG2,YNL156C,0.0,not_responsive,0.0,not_responsive,,,none,1.0
1778765_at,CEX1,YOR112W,0.0,not_responsive,0.167,not_responsive,,,none,0.667
1778766_at,OAC1,YKL120W,0.083,not_responsive,0.0,not_responsive,,,none,1.0
1778769_at,SFK1,YKL051W,0.167,not_responsive,0.083,not_responsive,,,none,1.0
1778772_at,YGR235C,YGR235C,0.0,not_responsive,0.0,not_responsive,,,none,1.0
1778775_at,UBP14,YBR058C,0.0,not_responsive,0.0,not_responsive,,,none,1.0
1778777_at,ECM33,YBR078W,0.0,not_responsive,0.417,intermediate,,1.0,MMS_specific_down,0.667
1778778_at,YEL043W,YEL043W,0.0,not_responsive,0.0,not_responsive,,,none,1.0
1778780_at,MRPL39,YML009C,0.0,not_responsive,0.333,not_responsive,,,none,0.667
1778781_at,GSP2,YOR185C,0.917,robust,1.0,robust,0.667,0.667,shared_up,1.0
1778782_at,PAP2,YOL115W,0.083,not_responsive,0.083,not_responsive,,,none,1.0
1778783_at,MET31,YPL038W,0.25,not_responsive,0.167,not_responsive,,,none,0.667
1778784_at,IDI1,YPL117C,0.0,not_responsive,0.5,intermediate,,0.667,MMS_specific_down,0.556
1778785_at,GOS1,YHL031C,0.083,not_responsive,0.5,intermediate,,0.667,ambiguous,0.556
1778788_at,UBC4,YBR082C,0.0,not_responsive,0.0,not_responsive,,,none,1.0
1778789_at,YNL234W,YNL234W,0.167,not_responsive,0.5,intermediate,,1.0,ambiguous,0.333
1778790_at,MIP1,YOR330C,0.0,not_responsive,0.25,not_responsive,,,none,0.667
1778791_at,DCD1,YHR144C,0.25,not_responsive,0.833,robust,,0.667,ambiguous,0.556
1778792_at,SGF11,YPL047W,0.0,not_responsive,0.0,not_responsive,,,none,1.0
1778793_at,RNA1,YMR235C,0.0,not_responsive,0.417,intermediate,,1.0,MMS_specific_down,0.222
1778794_at,RPP0,YLR340W,0.0,not_responsive,0.167,not_responsive,,,none,0.667
1778795_at,MDM34,YGL219C,0.0,not_responsive,0.25,not_responsive,,,none,0.667
1778798_s_at,RPL18A /// RPL18B,YNL301C,0.0,not_responsive,0.25,not_responsive,,,none,0.667
1778800_at,AUA1,YFL010W-A,0.0,not_responsive,0.0,not_responsive,,,none,1.0
1778801_at,TGL4,YKR089C,0.0,not_responsive,0.5,intermediate,,0.667,ambiguous,0.556
1778802_at,NNF1,YJR112W,0.5,intermediate,0.25,not_responsive,1.0,,ambiguous,0.333
1778804_at,TIR1,YER011W,0.167,not_responsive,0.083,not_responsive,,,none,0.667
1778805_at,YFL051C,YFL051C,0.083,not_responsive,0.417,intermediate,,1.0,ambiguous,0.556
1778806_at,MSB2,YGR014W,0.083,not_responsive,1.0,robust,,0.667,ambiguous,0.667
1778808_at,MDH3,YDL078C,0.0,not_responsive,0.083,not_responsive,,,none,1.0
1778809_at,GFA1,YKL104C,0.0,not_responsive,0.083,not_responsive,,,none,1.0
1778811_at,TRM11,YOL124C,0.75,robust,1.0,robust,1.0,0.667,shared_down,1.0
1778813_at,EAF5,YEL018W,0.25,not_responsive,0.25,not_responsive,,,none,0.667
1778816_at,GDH1,YOR375C,0.0,not_responsive,0.25,not_responsive,,,none,0.667
1778821_at,NTE1,YML059C,0.0,not_responsive,0.25,not_responsive,,,none,0.667
1778822_at,SED4,YCR067C,0.0,not_responsive,0.0,not_responsive,,,none,1.0
1778823_at,HOP1,YIL072W,0.25,not_responsive,0.417,intermediate,,1.0,ambiguous,0.333
1778824_at,YJL049W,YJL049W,0.0,not_responsive,0.083,not_responsive,,,none,1.0
1778825_s_at,YDR316W-B,YDR316W-B,0.0,not_responsive,0.0,not_responsive,,,none,1.0
1778830_at,FLO1,YAR050W,0.0,not_responsive,0.25,not_responsive,,,none,0.667
1778831_at,RFC4,YOL094C,0.0,not_responsive,0.083,not_responsive,,,none,1.0
1778832_at,YIR042C,YIR042C,0.0,not_responsive,0.25,not_responsive,,,none,0.667
1778833_at,BIR1,YJR089W,0.0,not_responsive,0.083,not_responsive,,,none,1.0
1778834_at,YLL056C,YLL056C,1.0,robust,1.0,robust,1.0,1.0,shared_up,1.0
1778835_at,TRL1,YJL087C,0.167,not_responsive,0.75,robust,,0.667,ambiguous,0.333
1778838_at,ALY1,YKR021W,0.0,not_responsive,0.0,not_responsive,,,none,1.0
1778840_at,SET2,YJL168C,0.25,not_responsive,0.5,intermediate,,0.667,ambiguous,0.333
1778842_at,MED11,YMR112C,0.0,not_responsive,0.0,not_responsive,,,none,1.0
1778847_at,PGU1,YJR153W,0.0,not_responsive,0.333,not_responsive,,,none,0.667
1778850_at,BOI1,YBL085W,0.0,not_responsive,0.417,intermediate,,1.0,MMS_specific_down,0.222
1778851_at,CDC28,YBR160W,0.0,not_responsive,0.25,not_responsive,,,none,0.667
1778852_at,SMA1,YPL027W,0.0,not_responsive,0.5,intermediate,,0.667,MMS_specific_up,0.556
1778856_at,COX23,YHR116W,0.25,not_responsive,0.167,not_responsive,,,none,0.667
1778857_at,"DUR1,2",YBR208C,0.417,intermediate,0.667,intermediate,1.0,0.667,shared_down,0.667
1778859_at,VPS41,YDR080W,0.0,not_responsive,0.583,intermediate,,0.667,MMS_specific_up,0.556
1778861_at,YBP1,YBR216C,0.0,not_responsive,0.5,intermediate,,0.667,MMS_specific_up,0.556
1778862_s_at,HMLALPHA1 /// MATALPHA1,YCL066W,0.0,not_responsive,0.0,not_responsive,,,none,1.0
1778863_at,YLR118C,YLR118C,0.0,not_responsive,0.0,not_responsive,,,none,1.0
1778865_at,MDN1,YLR106C,0.167,not_responsive,0.833,robust,,0.667,ambiguous,0.556
1778867_at,SWD2,YKL018W,0.0,not_responsive,0.083,not_responsive,,,none,1.0
1778869_at,TRE2,YOR256C,0.083,not_responsive,0.333,not_responsive,,,none,0.667
1778871_at,YJL149W,YJL149W,0.0,not_responsive,0.917,robust,,0.667,MMS_specific_up,0.889
1778877_at,PHO23,YNL097C,0.0,not_responsive,0.5,intermediate,,0.667,MMS_specific_up,0.556
1778878_s_at,IMD1 /// IMD2,YAR073W,0.0,not_responsive,0.0,not_responsive,,,none,1.0
1778879_at,MAD1,YGL086W,0.0,not_responsive,0.0,not_responsive,,,none,1.0
1778881_at,RKM2,YDR198C,0.167,not_responsive,0.0,not_responsive,,,none,0.667
1778882_at,YOL097W-A,YOL097W-A,0.0,not_responsive,0.0,not_responsive,,,none,1.0
1778883_at,APQ12,YIL040W,0.083,not_responsive,0.25,not_responsive,,,none,0.667
1778884_at,HEF3,YNL014W,0.25,not_responsive,0.667,intermediate,,0.667,ambiguous,0.556
1778885_at,YCL002C,YCL002C,0.0,not_responsive,0.417,intermediate,,0.444,MMS_specific_down,0.222
1778886_at,RPS15,YOL040C,0.0,not_responsive,0.5,intermediate,,1.0,MMS_specific_down,0.667
1778888_at,TID3,YIL144W,0.083,not_responsive,0.167,not_responsive,,,none,0.667
1778889_at,GRX5,YPL059W,0.083,not_responsive,0.25,not_responsive,,,none,0.667
1778891_at,DSS1,YMR287C,0.0,not_responsive,0.083,not_responsive,,,none,1.0
1778892_at,RPC17,YJL011C,0.5,intermediate,0.667,intermediate,0.667,0.667,shared_down,0.667
1778896_at,VMA7,YGR020C,0.0,not_responsive,0.0,not_responsive,,,none,1.0
1778899_at,HSP78,YDR258C,0.5,intermediate,1.0,robust,0.667,1.0,shared_up,0.667
1778903_at,YPL068C,YPL068C,0.5,intermediate,0.417,intermediate,1.0,0.444,shared_down,0.667
1778905_at,PRE5,YMR314W,0.0,not_responsive,0.417,intermediate,,1.0,MMS_specific_up,0.222
1778906_at,SPE2,YOL052C,0.167,not_responsive,0.5,intermediate,,0.667,ambiguous,0.333
1778907_at,PGM2,YMR105C,1.0,robust,1.0,robust,1.0,1.0,shared_up,1.0
1778911_at,PPH21,YDL134C,0.0,not_responsive,0.25,not_responsive,,,none,0.667
1778912_at,NOP2,YNL061W,0.417,not_responsive,1.0,robust,,0.667,ambiguous,0.667
1778914_at,YJL160C,YJL160C,0.0,not_responsive,0.167,not_responsive,,,none,0.667
1778915_at,BUD5,YCR038C,0.0,not_responsive,0.25,not_responsive,,,none,0.667
1778919_at,RNR1,YER070W,0.167,not_responsive,0.667,intermediate,,0.667,ambiguous,1.0
1778920_at,YOR032W-A,YOR032W-A,0.083,not_responsive,0.0,not_responsive,,,none,1.0
1778921_at,ESF1,YDR365C,0.75,robust,1.0,robust,0.444,0.667,shared_down,1.0
1778925_at,PEP5,YMR231W,0.0,not_responsive,0.167,not_responsive,,,none,0.667
1778928_s_at,RPS6A /// RPS6B,YBR181C,0.0,not_responsive,0.25,not_responsive,,,none,0.667
1778929_at,ADO1,YJR105W,0.0,not_responsive,0.5,intermediate,,1.0,MMS_specific_down,0.667
1778930_at,YOR289W,YOR289W,1.0,robust,1.0,robust,1.0,0.667,shared_up,1.0
1778931_at,YJR096W,YJR096W,0.583,intermediate,1.0,robust,0.667,0.667,shared_up,0.667
1778932_at,URB1,YKL014C,0.417,not_responsive,1.0,robust,,0.667,ambiguous,0.667
1778934_at,GET1,YGL020C,0.0,not_responsive,0.25,not_responsive,,,none,0.667
1778936_at,RTF1,YGL244W,0.0,not_responsive,0.083,not_responsive,,,none,1.0
1778937_at,CDC25,YLR310C,0.0,not_responsive,0.0,not_responsive,,,none,1.0
1778943_at,RIM2,YBR192W,0.0,not_responsive,0.25,not_responsive,,,none,0.667
1778947_at,ARC1,YGL105W,0.0,not_responsive,0.0,not_responsive,,,none,1.0
1778950_at,SEC59,YMR013C,0.0,not_responsive,0.083,not_responsive,,,none,1.0
1778951_at,AVO1,YOL078W,0.083,not_responsive,0.083,not_responsive,,,none,1.0
1778952_at,RPP1A,YDL081C,0.0,not_responsive,0.25,not_responsive,,,none,0.667
1778953_at,RIM21,YNL294C,0.0,not_responsive,0.0,not_responsive,,,none,1.0
1778954_at,RPE1,YJL121C,0.0,not_responsive,0.25,not_responsive,,,none,0.667
1778955_at,ESA1,YOR244W,0.0,not_responsive,0.167,not_responsive,,,none,0.667
1778956_at,NEM1,YHR004C,0.167,not_responsive,0.083,not_responsive,,,none,0.667
1778958_at,UBP16,YPL072W,0.0,not_responsive,0.0,not_responsive,,,none,1.0
1778960_at,TEC1,YBR083W,0.167,not_responsive,0.75,robust,,0.667,ambiguous,1.0
1778961_at,IRR1,YIL026C,0.0,not_responsive,0.083,not_responsive,,,none,1.0
1778963_at,MAK11,YKL021C,0.333,not_responsive,0.5,intermediate,,0.667,ambiguous,0.333
1778966_at,CLC1,YGR167W,0.0,not_responsive,0.25,not_responsive,,,none,0.667
1778968_at,YNL176C,YNL176C,0.167,not_responsive,0.333,not_responsive,,,none,0.667
1778969_x_at,PAU2,YEL049W,0.25,not_responsive,0.333,not_responsive,,,none,0.667
1778973_at,PDR15,YDR406W,0.25,not_responsive,0.25,not_responsive,,,none,0.667
1778975_at,SKP1,YDR328C,0.0,not_responsive,0.0,not_responsive,,,none,1.0
1778977_at,RSM26,YJR101W,0.0,not_responsive,0.0,not_responsive,,,none,1.0
1778979_at,MBA1,YBR185C,0.083,not_responsive,0.0,not_responsive,,,none,1.0
1778980_at,UTP4,YDR324C,0.5,intermediate,1.0,robust,1.0,0.667,shared_down,0.667
1778982_at,STE18,YJR086W,0.0,not_responsive,0.333,not_responsive,,,none,0.667
1778984_at,HFM1,YGL251C,0.0,not_responsive,0.0,not_responsive,,,none,1.0
1778988_at,GET3,YDL100C,0.0,not_responsive,0.0,not_responsive,,,none,1.0
1778989_at,ATX2,YOR079C,0.0,not_responsive,0.167,not_responsive,,,none,0.667
1778992_at,TFG1,YGR186W,0.0,not_responsive,0.25,not_responsive,,,none,0.667
1778995_at,DIG2,YDR480W,0.083,not_responsive,0.167,not_responsive,,,none,0.667
1778996_at,HOR2,YER062C,0.917,robust,0.5,intermediate,0.667,0.667,shared_up,0.667
1778999_at,NAM8,YHR086W,0.0,not_responsive,0.333,not_responsive,,,none,0.667
1779000_at,BAT1,YHR208W,0.0,not_responsive,0.333,not_responsive,,,none,0.667
1779001_at,RAD7,YJR052W,0.083,not_responsive,0.5,intermediate,,0.667,ambiguous,0.556
1779003_at,CDC14,YFR028C,0.25,not_responsive,0.5,intermediate,,0.667,ambiguous,0.333
1779004_at,PGS1,YCL004W,0.0,not_responsive,0.0,not_responsive,,,none,1.0
1779006_at,IMP1,YMR150C,0.0,not_responsive,0.25,not_responsive,,,none,0.667
1779007_at,ARP8,YOR141C,0.0,not_responsive,0.0,not_responsive,,,none,1.0
1779010_at,SIC1,YLR079W,0.0,not_responsive,0.0,not_responsive,,,none,1.0
1779012_at,BOR1,YNL275W,0.083,not_responsive,0.25,not_responsive,,,none,0.667
1779014_at,GPI10,YGL142C,0.0,not_responsive,0.0,not_responsive,,,none,1.0
1779016_at,MMS4,YBR098W,0.0,not_responsive,0.0,not_responsive,,,none,1.0
1779017_at,TGL3,YMR313C,0.0,not_responsive,0.25,not_responsive,,,none,0.667
1779018_at,URA8,YJR103W,0.167,not_responsive,0.25,not_responsive,,,none,0.667
1779019_at,RIM4,YHL024W,0.917,robust,0.75,robust,1.0,0.667,shared_up,1.0
1779020_at,RPC11,YDR045C,0.083,not_responsive,0.5,intermediate,,0.667,ambiguous,0.556
1779027_at,YIM1,YMR152W,0.333,not_responsive,0.75,robust,,0.667,ambiguous,0.556
1779029_at,BUD20,YLR074C,0.417,not_responsive,0.583,intermediate,,0.667,ambiguous,0.333
1779030_at,DLD1,YDL174C,0.0,not_responsive,0.25,not_responsive,,,none,0.667
1779031_at,SER3,YER081W,0.083,not_responsive,0.0,not_responsive,,,none,1.0
1779032_at,LYS5,YGL154C,0.0,not_responsive,0.25,not_responsive,,,none,0.667
1779033_at,DEG1,YFL001W,0.333,not_responsive,0.5,intermediate,,0.667,ambiguous,0.333
1779035_at,MTL1,YGR023W,0.333,not_responsive,0.083,not_responsive,,,none,0.667
1779038_at,YLR408C,YLR408C,0.25,not_responsive,0.333,not_responsive,,,none,0.667
1779039_at,YJR011C,YJR011C,0.0,not_responsive,0.0,not_responsive,,,none,1.0
1779042_at,UFD4,YKL010C,0.0,not_responsive,0.417,intermediate,,1.0,MMS_specific_up,0.222
1779045_at,SRL1,YOR247W,0.0,not_responsive,0.917,robust,,0.667,MMS_specific_down,0.556
1779046_at,YJL171C,YJL171C,0.0,not_responsive,0.0,not_responsive,,,none,1.0
1779049_at,MGE1,YOR232W,0.0,not_responsive,0.167,not_responsive,,,none,0.667
1779050_at,BBP1,YPL255W,0.25,not_responsive,0.667,intermediate,,0.667,ambiguous,0.333
1779051_at,CDC11,YJR076C,0.0,not_responsive,0.0,not_responsive,,,none,1.0
1779055_at,RVB1,YDR190C,0.083,not_responsive,0.25,not_responsive,,,none,0.667
1779057_at,UIP4,YPL186C,1.0,robust,1.0,robust,1.0,0.667,shared_up,1.0
1779058_at,CDC43,YGL155W,0.0,not_responsive,0.0,not_responsive,,,none,1.0
1779061_at,YLR257W,YLR257W,0.333,fragile,0.417,intermediate,1.0,0.667,shared_up,0.667
1779066_at,NFT1,YKR103W,0.0,not_responsive,0.0,not_responsive,,,none,1.0
1779071_at,RTS2,YOR077W,0.25,not_responsive,0.25,not_responsive,,,none,0.667
1779072_at,YIL002W-A,YIL002W-A,0.0,not_responsive,0.167,not_responsive,,,none,0.667
1779073_at,UTP18,YJL069C,0.667,intermediate,0.917,robust,1.0,0.667,shared_down,1.0
1779074_at,YLR264C-A,YLR264C-A,0.0,not_responsive,0.083,not_responsive,,,none,1.0
1779075_at,OPT2,YPR194C,0.0,not_responsive,0.0,not_responsive,,,none,1.0
1779077_at,TMN3,YER113C,0.0,not_responsive,0.25,not_responsive,,,none,0.667
1779078_at,LSM7,YNL147W,0.0,not_responsive,0.167,not_responsive,,,none,0.667
1779079_at,YHC3,YJL059W,0.083,not_responsive,0.417,intermediate,,1.0,ambiguous,0.556
1779080_at,SEC20,YDR498C,0.0,not_responsive,0.0,not_responsive,,,none,1.0
1779081_at,CSE4,YKL049C,0.083,not_responsive,0.0,not_responsive,,,none,1.0
1779083_at,YFL040W,YFL040W,0.0,not_responsive,0.0,not_responsive,,,none,1.0
1779087_at,DIG1,YPL049C,0.167,not_responsive,0.25,not_responsive,,,none,0.667
1779088_at,WSS1,YHR134W,0.083,not_responsive,0.0,not_responsive,,,none,1.0
1779091_at,YLR031W,YLR031W,0.333,not_responsive,0.917,robust,,0.667,ambiguous,0.556
1779093_at,ZRT3,YKL175W,0.0,not_responsive,0.0,not_responsive,,,none,1.0
1779094_at,PGD1,YGL025C,0.0,not_responsive,0.25,not_responsive,,,none,0.667
1779095_at,DAL4,YIR028W,0.0,not_responsive,0.0,not_responsive,,,none,1.0
1779096_at,YCL021W-A,YCL021W-A,0.0,not_responsive,0.25,not_responsive,,,none,0.667
1779097_at,RKI1,YOR095C,0.5,intermediate,1.0,robust,0.667,0.667,shared_down,0.667
1779098_at,GAL1,YBR020W,0.0,not_responsive,0.25,not_responsive,,,none,0.667
1779099_at,IOC2,YLR095C,0.0,not_responsive,0.0,not_responsive,,,none,1.0
1779105_at,GSY2,YLR258W,0.833,robust,1.0,robust,1.0,0.667,shared_up,1.0
1779106_at,SEC2,YNL272C,0.0,not_responsive,0.0,not_responsive,,,none,1.0
1779107_at,FES1,YBR101C,0.0,not_responsive,0.417,intermediate,,1.0,ambiguous,0.556
1779111_at,CDC24,YAL041W,0.0,not_responsive,0.0,not_responsive,,,none,1.0
1779112_at,HEM13,YDR044W,0.0,not_responsive,0.417,intermediate,,1.0,ambiguous,0.556
1779113_at,EOS1,YNL080C,0.0,not_responsive,0.333,not_responsive,,,none,0.667
1779114_at,RSR1,YGR152C,0.333,not_responsive,0.75,robust,,0.667,ambiguous,0.667
1779115_at,SOM1,YEL059C-A,0.25,not_responsive,0.0,not_responsive,,,none,0.667
1779118_at,YPR116W,YPR116W,0.0,not_responsive,0.167,not_responsive,,,none,0.667
1779119_at,YLR412C-A,YLR412C-A,0.0,not_responsive,0.0,not_responsive,,,none,1.0
1779124_at,SPC42,YKL042W,0.25,not_responsive,0.0,not_responsive,,,none,0.667
1779126_at,LAG1,YHL003C,0.0,not_responsive,0.0,not_responsive,,,none,1.0
1779128_at,VPS66,YPR139C,0.0,not_responsive,0.5,intermediate,,0.667,ambiguous,0.556
1779129_at,INO1,YJL153C,0.5,intermediate,1.0,robust,0.667,0.667,shared_up,0.667
1779131_at,YHR182W,YHR182W,0.0,not_responsive,0.0,not_responsive,,,none,1.0
1779132_at,AIP1,YMR092C,0.0,not_responsive,0.417,intermediate,,0.667,MMS_specific_up,0.222
1779133_at,KEL2,YGR238C,0.167,not_responsive,0.5,intermediate,,0.667,ambiguous,0.333
1779134_at,SUR7,YML052W,0.0,not_responsive,0.667,intermediate,,0.667,ambiguous,0.667
1779136_at,RSA4,YCR072C,0.833,robust,1.0,robust,1.0,0.667,shared_down,1.0
1779139_at,ILS1,YBL076C,0.0,not_responsive,0.0,not_responsive,,,none,1.0
1779140_at,PRS2,YER099C,0.333,not_responsive,0.0,not_responsive,,,none,0.667
1779141_at,CEG1,YGL130W,0.0,not_responsive,0.5,intermediate,,0.667,MMS_specific_up,0.556
1779142_x_at,PAU17,YLL025W,0.0,not_responsive,0.0,not_responsive,,,none,1.0
1779143_at,COS12,YGL263W,0.083,not_responsive,0.0,not_responsive,,,none,1.0
1779144_at,RPS27A,YKL156W,0.083,not_responsive,0.667,intermediate,,0.667,ambiguous,0.889
1779146_at,RSF1,YMR030W,0.083,not_responsive,0.25,not_responsive,,,none,0.667
1779148_at,MED8,YBR193C,0.0,not_responsive,0.167,not_responsive,,,none,0.667
1779150_at,GLK1,YCL040W,1.0,robust,1.0,robust,1.0,1.0,shared_up,1.0
1779152_at,SDA1,YGR245C,0.583,intermediate,1.0,robust,0.667,0.667,shared_down,0.667
1779153_at,PRP5,YBR237W,0.0,not_responsive,0.0,not_responsive,,,none,1.0
1779154_s_at,RPS4A /// RPS4B,YHR203C,0.0,not_responsive,0.167,not_responsive,,,none,0.667
1779155_at,SET3,YKR029C,0.0,not_responsive,0.5,intermediate,,0.667,MMS_specific_up,0.667
1779156_x_at,RPS16A,YMR143W,0.0,not_responsive,0.583,intermediate,,1.0,MMS_specific_down,0.889
1779157_at,TBS1,YBR150C,0.083,not_responsive,0.0,not_responsive,,,none,1.0
1779158_at,SSA3,YBL075C,0.0,not_responsive,0.25,not_responsive,,,none,0.667
1779159_at,MPD1,YOR288C,0.0,not_responsive,0.0,not_responsive,,,none,1.0
1779160_at,CCC1,YLR220W,0.333,not_responsive,0.0,not_responsive,,,none,0.667
1779163_at,CTK3,YML112W,0.0,not_responsive,0.75,robust,,0.667,MMS_specific_up,0.667
1779165_s_at,YAR009C,YAR009C,0.0,not_responsive,0.083,not_responsive,,,none,1.0
1779167_at,PUF4,YGL014W,0.083,not_responsive,0.5,intermediate,,0.667,ambiguous,0.556
1779168_at,NKP2,YLR315W,0.0,not_responsive,0.0,not_responsive,,,none,1.0
1779169_at,MAK16,YAL025C,0.833,robust,1.0,robust,1.0,1.0,shared_down,1.0
1779172_at,SSK1,YLR006C,0.167,not_responsive,0.167,not_responsive,,,none,0.667
1779175_at,TMA46,YOR091W,0.583,intermediate,0.667,intermediate,1.0,0.667,shared_down,0.667
1779176_at,FRQ1,YDR373W,0.0,not_responsive,0.0,not_responsive,,,none,1.0
1779182_at,YBR074W,YBR074W,0.083,not_responsive,0.25,not_responsive,,,none,0.667
1779186_at,MRPL3,YMR024W,0.083,not_responsive,0.167,not_responsive,,,none,0.667
1779191_at,SSH1,YBR283C,0.0,not_responsive,0.0,not_responsive,,,none,1.0
1779193_at,MSL5,YLR116W,0.0,not_responsive,0.0,not_responsive,,,none,1.0
1779195_at,CTF13,YMR094W,0.0,not_responsive,0.083,not_responsive,,,none,1.0
1779196_at,RPT3,YDR394W,0.0,not_responsive,0.5,intermediate,,0.667,ambiguous,0.556
1779197_at,KRE27,YIL027C,0.0,not_responsive,0.0,not_responsive,,,none,1.0
1779198_at,MPD2,YOL088C,0.0,not_responsive,0.333,not_responsive,,,none,0.667
1779199_at,RED1,YLR263W,0.0,not_responsive,0.167,not_responsive,,,none,0.667
1779200_at,SKT5,YBL061C,0.0,not_responsive,0.0,not_responsive,,,none,1.0
1779201_at,ERG28,YER044C,0.0,not_responsive,0.667,intermediate,,0.667,MMS_specific_down,0.556
1779202_at,MST27,YGL051W,0.0,not_responsive,0.0,not_responsive,,,none,1.0
1779207_at,YKL068W-A,YKL068W-A,0.167,not_responsive,0.25,not_responsive,,,none,0.667
1779211_at,JLP1,YLL057C,0.0,not_responsive,0.167,not_responsive,,,none,0.667
1779212_at,SYS1,YJL004C,0.0,not_responsive,0.0,not_responsive,,,none,1.0
1779213_at,IRC6,YFR043C,0.0,not_responsive,0.167,not_responsive,,,none,0.667
1779214_at,LHS1,YKL073W,0.0,not_responsive,0.0,not_responsive,,,none,1.0
1779217_at,ZIM17,YNL310C,0.0,not_responsive,0.0,not_responsive,,,none,1.0
1779218_s_at,RPS11A /// RPS11B,YBR048W,0.0,not_responsive,0.583,intermediate,,0.667,MMS_specific_down,0.667
1779219_at,SNF7,YLR025W,0.0,not_responsive,0.5,intermediate,,0.667,MMS_specific_up,0.556
1779223_at,YAP1,YML007W,0.333,fragile,0.75,robust,1.0,0.667,shared_up,0.667
1779227_at,CDC6,YJL194W,0.167,not_responsive,0.833,robust,,1.0,ambiguous,1.0
1779232_at,AVO2,YMR068W,0.333,not_responsive,1.0,robust,,1.0,ambiguous,0.667
1779233_s_at,RPL1A /// RPL1B,YGL135W,0.0,not_responsive,0.0,not_responsive,,,none,1.0
1779234_at,PEX3,YDR329C,0.0,not_responsive,0.667,intermediate,,0.667,MMS_specific_up,0.889
1779235_at,FCY21,YER060W,0.083,not_responsive,0.5,intermediate,,0.667,ambiguous,0.667
1779236_at,HAP2,YGL237C,0.0,not_responsive,0.083,not_responsive,,,none,1.0
1779238_at,KRS1,YDR037W,0.0,not_responsive,0.083,not_responsive,,,none,1.0
1779242_at,TUS1,YLR425W,0.0,not_responsive,0.083,not_responsive,,,none,1.0
1779243_at,CWC15,YDR163W,0.0,not_responsive,0.25,not_responsive,,,none,0.667
1779247_at,TPD3,YAL016W,0.0,not_responsive,0.25,not_responsive,,,none,0.667
1779249_at,ECM1,YAL059W,0.75,robust,1.0,robust,1.0,1.0,shared_down,1.0
1779253_at,YVC1,YOR087W,0.083,not_responsive,0.417,intermediate,,0.667,ambiguous,0.667
1779254_at,BUD23,YCR047C,0.667,intermediate,0.917,robust,1.0,0.667,shared_down,0.667
1779256_at,FUI1,YBL042C,0.167,not_responsive,0.917,robust,,0.667,ambiguous,1.0
1779257_at,YOR342C,YOR342C,0.417,intermediate,1.0,robust,1.0,1.0,shared_down,0.667
1779263_at,TMN2,YDR107C,0.0,not_responsive,0.0,not_responsive,,,none,1.0
1779265_at,YBR071W,YBR071W,0.0,not_responsive,0.25,not_responsive,,,none,0.667
1779266_at,RTN2,YDL204W,1.0,robust,1.0,robust,1.0,1.0,shared_up,1.0
1779267_at,SHC1,YER096W,0.333,not_responsive,0.417,intermediate,,1.0,ambiguous,0.333
1779268_at,SRB2,YHR041C,0.0,not_responsive,0.417,intermediate,,1.0,MMS_specific_down,0.556
1779270_at,BUD7,YOR299W,0.0,not_responsive,0.0,not_responsive,,,none,1.0
1779272_at,SDS23,YGL056C,0.0,not_responsive,0.25,not_responsive,,,none,0.667
1779274_at,RPT4,YOR259C,0.0,not_responsive,0.5,intermediate,,0.667,MMS_specific_up,0.333
1779275_at,GRE3,YHR104W,0.583,intermediate,1.0,robust,0.667,0.667,shared_up,0.667
1779276_at,SRC1,YML034W,0.0,not_responsive,0.0,not_responsive,,,none,1.0
1779277_at,SMP1,YBR182C,0.0,not_responsive,0.083,not_responsive,,,none,1.0
1779278_at,PSY4,YBL046W,0.083,not_responsive,0.0,not_responsive,,,none,1.0
1779279_at,MYO1,YHR023W,0.0,not_responsive,0.083,not_responsive,,,none,1.0
1779284_at,PET309,YLR067C,0.0,not_responsive,0.333,not_responsive,,,none,0.667
1779287_at,NOG2,YNR053C,0.583,intermediate,1.0,robust,1.0,1.0,shared_down,1.0
1779289_at,AAR2,YBL074C,0.25,not_responsive,0.417,intermediate,,0.667,ambiguous,0.333
1779296_at,SLI1,YGR212W,0.0,not_responsive,0.0,not_responsive,,,none,1.0
1779297_at,YMR175W-A,YMR175W-A,0.0,not_responsive,0.0,not_responsive,,,none,1.0
1779302_at,SGN1,YIR001C,0.0,not_responsive,0.167,not_responsive,,,none,0.667
1779304_at,BPL1,YDL141W,0.0,not_responsive,0.0,not_responsive,,,none,1.0
1779306_at,YHR159W,YHR159W,0.0,not_responsive,0.25,not_responsive,,,none,0.667
1779307_at,EHT1,YBR177C,0.0,not_responsive,0.0,not_responsive,,,none,1.0
1779309_at,ARG1,YOL058W,0.0,not_responsive,0.25,not_responsive,,,none,0.667
1779310_at,SEC1,YDR164C,0.0,not_responsive,0.0,not_responsive,,,none,1.0
1779312_at,MSH3,YCR092C,0.0,not_responsive,0.083,not_responsive,,,none,1.0
1779313_s_at,YEL075C,YEL075C,0.0,not_responsive,0.0,not_responsive,,,none,1.0
1779316_at,PTC6,YCR079W,0.083,not_responsive,0.0,not_responsive,,,none,1.0
1779317_at,HNT2,YDR305C,0.0,not_responsive,0.5,intermediate,,0.667,MMS_specific_up,0.556
1779318_at,TCP1,YDR212W,0.0,not_responsive,0.0,not_responsive,,,none,1.0
1779319_at,SPP381,YBR152W,0.0,not_responsive,0.083,not_responsive,,,none,1.0
1779321_at,YDR348C,YDR348C,0.0,not_responsive,0.0,not_responsive,,,none,1.0
1779322_at,MSS4,YDR208W,0.0,not_responsive,0.0,not_responsive,,,none,1.0
1779324_at,RRP15,YPR143W,0.583,intermediate,0.833,robust,1.0,0.667,shared_down,0.667
1779327_at,YJR154W,YJR154W,0.0,not_responsive,0.0,not_responsive,,,none,1.0
1779329_at,GRH1,YDR517W,0.0,not_responsive,0.0,not_responsive,,,none,1.0
1779330_at,PIF1,YML061C,0.0,not_responsive,0.0,not_responsive,,,none,1.0
1779331_at,BFR1,YOR198C,0.0,not_responsive,0.333,not_responsive,,,none,0.667
1779332_at,YPR027C,YPR027C,0.0,not_responsive,0.083,not_responsive,,,none,1.0
1779333_at,MMR1,YLR190W,0.167,not_responsive,0.917,robust,,0.667,ambiguous,0.556
1779334_at,DTD1,YDL219W,0.0,not_responsive,0.333,not_responsive,,,none,0.667
1779336_at,FRS2,YFL022C,0.083,not_responsive,0.417,intermediate,,1.0,ambiguous,0.667
1779340_at,TIM54,YJL054W,0.0,not_responsive,0.0,not_responsive,,,none,1.0
1779343_at,YDR333C,YDR333C,0.0,not_responsive,0.25,not_responsive,,,none,0.667
1779344_at,ADH5,YBR145W,0.167,not_responsive,0.167,not_responsive,,,none,0.667
1779348_at,IPL1,YPL209C,0.083,not_responsive,0.417,intermediate,,1.0,ambiguous,0.556
1779349_at,POL3,YDL102W,0.167,not_responsive,0.0,not_responsive,,,none,0.667
1779350_at,SPC25,YER018C,0.0,not_responsive,0.0,not_responsive,,,none,1.0
1779351_at,YNL165W,YNL165W,0.083,not_responsive,0.0,not_responsive,,,none,1.0
1779354_at,DTR1,YBR180W,0.0,not_responsive,0.0,not_responsive,,,none,1.0
1779355_at,YNR070W,YNR070W,0.0,not_responsive,0.0,not_responsive,,,none,1.0
1779356_at,MRPL6,YHR147C,0.0,not_responsive,0.0,not_responsive,,,none,1.0
1779358_at,PKH2,YOL100W,0.333,not_responsive,0.667,intermediate,,0.667,ambiguous,0.667
1779360_at,FOL1,YNL256W,0.333,not_responsive,0.0,not_responsive,,,none,0.667
1779364_at,RTC2,YBR147W,0.5,intermediate,0.917,robust,0.444,1.0,shared_up,0.667
1779365_at,MDM1,YML104C,0.0,not_responsive,0.0,not_responsive,,,none,1.0
1779367_at,TOA1,YOR194C,0.0,not_responsive,0.0,not_responsive,,,none,1.0
1779369_at,BAG7,YOR134W,0.667,intermediate,0.833,robust,1.0,0.667,shared_up,1.0
1779371_at,YIR018C-A,YIR018C-A,0.0,not_responsive,0.583,intermediate,,1.0,MMS_specific_up,0.222
1779372_at,KAR1,YNL188W,0.333,not_responsive,0.583,intermediate,,0.667,ambiguous,0.333
1779373_at,POC4,YPL144W,0.0,not_responsive,0.5,intermediate,,0.667,ambiguous,0.556
1779377_at,RSP5,YER125W,0.0,not_responsive,0.0,not_responsive,,,none,1.0
1779379_at,VTC1,YER072W,0.0,not_responsive,0.083,not_responsive,,,none,1.0
1779380_at,CCT5,YJR064W,0.0,not_responsive,0.0,not_responsive,,,none,1.0
1779387_at,YML079W,YML079W,0.0,not_responsive,0.25,not_responsive,,,none,0.667
1779388_at,STE24,YJR117W,0.0,not_responsive,0.0,not_responsive,,,none,1.0
1779389_at,CTF19,YPL018W,0.167,not_responsive,0.083,not_responsive,,,none,0.667
1779393_at,PEX12,YMR026C,0.083,not_responsive,0.083,not_responsive,,,none,1.0
1779394_at,YDL027C,YDL027C,0.333,not_responsive,0.333,not_responsive,,,none,0.667
1779398_at,LTE1,YAL024C,0.083,not_responsive,0.5,intermediate,,0.667,ambiguous,0.667
1779399_at,SAM3,YPL274W,0.25,not_responsive,0.0,not_responsive,,,none,0.667
1779400_at,NIT1,YIL165C,0.75,robust,1.0,robust,1.0,1.0,shared_up,1.0
1779402_at,ALG5,YPL227C,0.083,not_responsive,0.417,intermediate,,1.0,ambiguous,0.556
1779403_at,YER158C,YER158C,0.167,not_responsive,0.25,not_responsive,,,none,0.667
1779404_at,NUP82,YJL061W,0.083,not_responsive,0.0,not_responsive,,,none,1.0
1779407_at,ANB1,YJR047C,0.167,not_responsive,0.917,robust,,0.667,ambiguous,0.556
1779408_at,TPS1,YBR126C,0.583,intermediate,1.0,robust,0.667,0.667,shared_up,0.667
1779410_at,PUG1,YER185W,0.167,not_responsive,0.25,not_responsive,,,none,0.667
1779411_at,FIG4,YNL325C,0.0,not_responsive,0.5,intermediate,,0.667,MMS_specific_up,0.333
1779412_at,CIT1,YNR001C,0.583,intermediate,0.5,intermediate,0.667,0.667,shared_up,0.667
1779413_at,MET2,YNL277W,0.833,robust,1.0,robust,1.0,0.667,shared_up,1.0
1779414_at,YOR305W,YOR305W,0.167,not_responsive,0.5,intermediate,,0.667,ambiguous,0.333
1779416_at,YNL067W-B,YNL067W-B,0.0,not_responsive,0.0,not_responsive,,,none,1.0
1779420_at,SMY1,YKL079W,0.083,not_responsive,0.583,intermediate,,0.667,ambiguous,0.556
1779422_at,NTA1,YJR062C,0.0,not_responsive,0.0,not_responsive,,,none,1.0
1779423_at,SSP2,YOR242C,0.417,intermediate,0.083,not_responsive,1.0,,ambiguous,0.556
1779425_at,CYC3,YAL039C,0.083,not_responsive,0.0,not_responsive,,,none,1.0
1779426_at,SEC26,YDR238C,0.0,not_responsive,0.0,not_responsive,,,none,1.0
1779431_at,YHR035W,YHR035W,0.0,not_responsive,0.25,not_responsive,,,none,0.667
1779435_at,YIR024C,YIR024C,0.083,not_responsive,0.5,intermediate,,0.667,ambiguous,0.667
1779438_at,SET4,YJL105W,0.0,not_responsive,0.0,not_responsive,,,none,1.0
1779440_at,YDL124W,YDL124W,0.667,intermediate,1.0,robust,0.667,1.0,shared_up,1.0
1779441_at,PRY3,YJL078C,0.083,not_responsive,0.75,robust,,1.0,ambiguous,0.889
1779445_at,YCF1,YDR135C,0.25,not_responsive,0.417,intermediate,,0.667,ambiguous,0.333
1779446_at,YIL102C,YIL102C,0.0,not_responsive,0.0,not_responsive,,,none,1.0
1779447_at,SKI6,YGR195W,0.167,not_responsive,0.0,not_responsive,,,none,0.667
1779448_at,MIH1,YMR036C,0.083,not_responsive,0.167,not_responsive,,,none,0.667
1779450_at,YNR014W,YNR014W,0.833,robust,1.0,robust,0.667,1.0,shared_up,1.0
1779454_at,KHA1,YJL094C,0.083,not_responsive,0.5,intermediate,,0.667,ambiguous,0.556
1779455_at,REC102,YLR329W,0.0,not_responsive,0.167,not_responsive,,,none,0.667
1779459_at,YCS4,YLR272C,0.083,not_responsive,0.083,not_responsive,,,none,1.0
1779460_at,TPM1,YNL079C,0.0,not_responsive,0.0,not_responsive,,,none,1.0
1779461_at,MDY2,YOL111C,0.0,not_responsive,0.5,intermediate,,0.667,MMS_specific_up,0.556
1779462_at,NUT1,YGL151W,0.0,not_responsive,0.083,not_responsive,,,none,1.0
1779464_at,RMD11,YHL023C,0.0,not_responsive,0.0,not_responsive,,,none,1.0
1779466_at,OSH3,YHR073W,0.0,not_responsive,0.25,not_responsive,,,none,0.667
1779467_at,FLO10,YKR102W,0.0,not_responsive,0.0,not_responsive,,,none,1.0
1779468_at,URA4,YLR420W,0.083,not_responsive,0.0,not_responsive,,,none,1.0
1779473_at,YDR063W,YDR063W,0.083,not_responsive,0.5,intermediate,,0.667,ambiguous,0.556
1779475_at,PHB2,YGR231C,0.083,not_responsive,0.0,not_responsive,,,none,1.0
1779476_at,GLC8,YMR311C,0.083,not_responsive,0.583,intermediate,,0.667,ambiguous,0.556
1779478_at,TRP5,YGL026C,0.0,not_responsive,0.0,not_responsive,,,none,1.0
1779479_at,QDR3,YBR043C,0.083,not_responsive,0.083,not_responsive,,,none,1.0
1779482_at,ILV6,YCL009C,0.0,not_responsive,0.0,not_responsive,,,none,1.0
1779483_at,MUQ1,YGR007W,0.0,not_responsive,0.0,not_responsive,,,none,1.0
1779484_at,AAD3,YCR107W,0.0,not_responsive,0.083,not_responsive,,,none,1.0
1779485_at,YDR249C,YDR249C,0.0,not_responsive,0.0,not_responsive,,,none,1.0
1779487_at,SWI3,YJL176C,0.0,not_responsive,0.0,not_responsive,,,none,1.0
1779489_at,IDH1,YNL037C,0.5,intermediate,0.5,intermediate,0.667,0.667,shared_up,0.667
1779490_at,SML1,YML058W,0.0,not_responsive,0.0,not_responsive,,,none,1.0
1779491_at,NEW1,YPL226W,0.333,not_responsive,0.5,intermediate,,0.667,ambiguous,0.333
1779493_at,REV1,YOR346W,0.25,not_responsive,0.333,not_responsive,,,none,0.667
1779494_at,HXT10,YFL011W,0.0,not_responsive,0.0,not_responsive,,,none,1.0
1779497_at,PMR1,YGL167C,0.0,not_responsive,0.0,not_responsive,,,none,1.0
1779498_at,TFS1,YLR178C,1.0,robust,1.0,robust,1.0,1.0,shared_up,1.0
1779503_s_at,COS1 /// COS4 /// COS6,YFL062W,0.0,not_responsive,0.333,not_responsive,,,none,0.667
1779506_at,UTR2,YEL040W,0.333,not_responsive,1.0,robust,,0.667,ambiguous,0.667
1779507_at,YOR006C,YOR006C,0.417,intermediate,0.25,not_responsive,0.667,,ambiguous,0.333
1779508_at,NMA111,YNL123W,0.0,not_responsive,0.25,not_responsive,,,none,0.667
1779509_at,HUA2,YOR284W,0.083,not_responsive,0.083,not_responsive,,,none,1.0
1779510_at,YHR175W-A,YHR175W-A,0.0,not_responsive,0.0,not_responsive,,,none,1.0
1779511_at,DIA1,YMR316W,0.0,not_responsive,0.833,robust,,0.667,MMS_specific_up,0.556
1779512_at,TRS20,YBR254C,0.0,not_responsive,0.0,not_responsive,,,none,1.0
1779514_at,ALB1,YJL122W,0.667,intermediate,1.0,robust,1.0,0.667,shared_down,0.667
1779515_at,YDR532C,YDR532C,0.0,not_responsive,0.25,not_responsive,,,none,0.667
1779516_at,RRS1,YOR294W,0.667,intermediate,1.0,robust,1.0,1.0,shared_down,0.667
1779517_at,MCH2,YKL221W,0.0,not_responsive,0.417,intermediate,,1.0,ambiguous,0.556
1779520_at,GGC1,YDL198C,0.0,not_responsive,0.417,intermediate,,1.0,MMS_specific_down,0.222
1779524_at,HXT11 /// HXT12,YOL156W,0.167,not_responsive,0.75,robust,,0.667,ambiguous,0.556
1779525_at,RRP7,YCL031C,0.25,not_responsive,0.25,not_responsive,,,none,0.667
1779526_at,YOR114W,YOR114W,0.083,not_responsive,0.75,robust,,1.0,ambiguous,0.667
1779529_at,YOR020W-A,YOR020W-A,0.417,intermediate,0.667,intermediate,0.667,0.667,shared_up,0.667
1779531_at,YKL033W-A,YKL033W-A,0.0,not_responsive,0.0,not_responsive,,,none,1.0
1779532_at,RPL17B,YJL177W,0.0,not_responsive,1.0,robust,,0.667,MMS_specific_down,0.889
1779533_at,NUP85,YJR042W,0.0,not_responsive,0.0,not_responsive,,,none,1.0
1779534_at,INM2,YDR287W,0.083,not_responsive,0.333,not_responsive,,,none,0.667
1779535_at,IMP4,YNL075W,0.667,intermediate,0.917,robust,1.0,0.667,shared_down,0.667
1779536_at,MAK3,YPR051W,0.0,not_responsive,0.583,intermediate,,0.667,ambiguous,0.556
1779538_at,NUP100,YKL068W,0.083,not_responsive,0.0,not_responsive,,,none,1.0
1779539_at,EMP70,YLR083C,0.167,not_responsive,0.917,robust,,0.667,ambiguous,0.556
1779541_at,GFD2,YCL036W,0.583,intermediate,1.0,robust,1.0,1.0,shared_down,1.0
1779542_at,POB3,YML069W,0.0,not_responsive,0.25,not_responsive,,,none,0.667
1779544_at,LCP5,YER127W,0.75,robust,0.583,intermediate,1.0,0.667,shared_down,0.667
1779548_at,SSL1,YLR005W,0.0,not_responsive,0.083,not_responsive,,,none,1.0
1779549_at,DFR1,YOR236W,0.25,not_responsive,0.417,intermediate,,0.667,ambiguous,0.333
1779550_at,DCC1,YCL016C,0.0,not_responsive,0.25,not_responsive,,,none,0.667
1779551_at,TOA2,YKL058W,0.0,not_responsive,0.0,not_responsive,,,none,1.0
1779552_at,YOR251C,YOR251C,0.0,not_responsive,0.0,not_responsive,,,none,1.0
1779553_at,RKM4,YDR257C,0.0,not_responsive,0.0,not_responsive,,,none,1.0
1779555_at,SPT4,YGR063C,0.0,not_responsive,0.083,not_responsive,,,none,1.0
1779559_at,RPL43B,YJR094W-A,0.0,not_responsive,0.417,intermediate,,1.0,MMS_specific_down,0.667
1779560_at,PEX18,YHR160C,0.0,not_responsive,0.25,not_responsive,,,none,0.667
1779561_at,YGR207C,YGR207C,0.0,not_responsive,0.0,not_responsive,,,none,1.0
1779563_at,FMP16,YDR070C,1.0,robust,1.0,robust,1.0,0.667,shared_up,1.0
1779567_at,CDA2,YLR308W,0.0,not_responsive,0.083,not_responsive,,,none,1.0
1779568_at,REG2,YBR050C,0.167,not_responsive,0.583,intermediate,,0.667,ambiguous,0.333
1779569_at,GRR1,YJR090C,0.0,not_responsive,0.083,not_responsive,,,none,1.0
1779571_at,SCM4,YGR049W,0.25,not_responsive,1.0,robust,,0.667,ambiguous,0.556
1779572_at,VPS71,YML041C,0.0,not_responsive,0.0,not_responsive,,,none,1.0
1779573_at,APL6,YGR261C,0.0,not_responsive,0.25,not_responsive,,,none,0.667
1779575_at,SLY1,YDR189W,0.0,not_responsive,0.0,not_responsive,,,none,1.0
1779576_at,ERV29,YGR284C,0.0,not_responsive,0.0,not_responsive,,,none,1.0
1779577_at,YBR196C-A,YBR196C-A,0.25,not_responsive,0.0,not_responsive,,,none,0.667
1779578_at,UBC5,YDR059C,0.417,intermediate,0.583,intermediate,0.667,0.667,shared_up,0.667
1779582_at,LST7,YGR057C,0.0,not_responsive,0.0,not_responsive,,,none,1.0
1779583_at,YIL060W,YIL060W,0.0,not_responsive,0.0,not_responsive,,,none,1.0
1779584_at,IQG1,YPL242C,0.0,not_responsive,0.083,not_responsive,,,none,1.0
1779586_at,MOB1,YIL106W,0.0,not_responsive,0.0,not_responsive,,,none,1.0
1779589_at,LDB17,YDL146W,0.25,not_responsive,0.167,not_responsive,,,none,0.667
1779590_at,RSC4,YKR008W,0.083,not_responsive,0.083,not_responsive,,,none,1.0
1779591_at,YKR011C,YKR011C,0.417,intermediate,0.833,robust,1.0,1.0,shared_up,0.667
1779593_at,ATF1,YOR377W,0.0,not_responsive,0.0,not_responsive,,,none,1.0
1779594_at,VPS30,YPL120W,0.0,not_responsive,0.667,intermediate,,0.667,MMS_specific_up,1.0
1779597_at,SPE1,YKL184W,0.0,not_responsive,0.0,not_responsive,,,none,1.0
1779599_at,RPL31A,YDL075W,0.0,not_responsive,0.167,not_responsive,,,none,0.667
1779601_at,YHR199C,YHR199C,0.5,intermediate,1.0,robust,1.0,1.0,shared_up,1.0
1779604_at,ARO2,YGL148W,0.0,not_responsive,0.5,intermediate,,0.667,MMS_specific_down,0.556
1779605_at,STP22,YCL008C,0.0,not_responsive,0.667,intermediate,,0.667,MMS_specific_up,0.444
1779609_at,DDI1,YER143W,0.333,fragile,1.0,robust,1.0,1.0,shared_up,0.667
1779613_at,GTT2,YLL060C,1.0,robust,1.0,robust,1.0,1.0,shared_up,1.0
1779615_at,PHO3,YBR092C,0.5,intermediate,1.0,robust,0.667,0.667,shared_down,0.667
1779618_at,GZF3,YJL110C,0.0,not_responsive,0.167,not_responsive,,,none,0.667
1779620_at,YEL073C,YEL073C,0.083,not_responsive,0.0,not_responsive,,,none,1.0
1779623_at,ATG15,YCR068W,0.0,not_responsive,0.0,not_responsive,,,none,1.0
1779625_at,RKM3,YBR030W,0.333,not_responsive,0.25,not_responsive,,,none,0.667
1779626_at,YHR132W-A,YHR132W-A,0.083,not_responsive,0.0,not_responsive,,,none,1.0
1779627_at,SAE3,YHR079C-A,0.0,not_responsive,0.083,not_responsive,,,none,1.0
1779628_at,MRH1,YDR033W,0.25,not_responsive,0.0,not_responsive,,,none,0.667
1779631_at,CDC53,YDL132W,0.083,not_responsive,0.5,intermediate,,0.667,ambiguous,0.556
1779632_at,SEC27,YGL137W,0.0,not_responsive,0.083,not_responsive,,,none,1.0
1779633_at,PPH22,YDL188C,0.0,not_responsive,0.0,not_responsive,,,none,1.0
1779635_at,MCX1,YBR227C,0.0,not_responsive,0.083,not_responsive,,,none,1.0
1779638_at,ADY4,YLR227C,0.0,not_responsive,0.0,not_responsive,,,none,1.0
1779639_at,APM4,YOL062C,0.0,not_responsive,0.0,not_responsive,,,none,1.0
1779643_at,ARO3,YDR035W,0.0,not_responsive,0.0,not_responsive,,,none,1.0
1779645_at,DBP2,YNL112W,0.917,robust,1.0,robust,0.444,0.667,shared_down,1.0
1779649_at,RAD14,YMR201C,0.0,not_responsive,0.25,not_responsive,,,none,0.667
1779652_at,OST2,YOR103C,0.0,not_responsive,0.083,not_responsive,,,none,1.0
1779654_s_at,SAM4,YMR321C,0.0,not_responsive,0.333,fragile,,1.0,MMS_specific_down,0.222
1779656_at,FEN2,YCR028C,0.0,not_responsive,0.417,intermediate,,0.667,ambiguous,0.556
1779659_at,YBR056W-A,YBR056W-A,0.0,not_responsive,0.5,intermediate,,0.667,ambiguous,0.556
1779660_at,IDP2,YLR174W,0.25,not_responsive,0.667,intermediate,,0.667,ambiguous,0.556
1779662_at,FUN30,YAL019W,0.417,intermediate,0.75,robust,1.0,0.667,shared_down,0.667
1779663_at,ENO2,YHR174W,0.0,not_responsive,0.0,not_responsive,,,none,1.0
1779664_at,MDV1,YJL112W,0.0,not_responsive,0.0,not_responsive,,,none,1.0
1779665_at,NIP100,YPL174C,0.0,not_responsive,0.0,not_responsive,,,none,1.0
1779668_at,YDR115W,YDR115W,0.167,not_responsive,0.0,not_responsive,,,none,0.667
1779669_at,MRPS8,YMR158W,0.0,not_responsive,0.083,not_responsive,,,none,1.0
1779674_at,TIM50,YPL063W,0.0,not_responsive,0.083,not_responsive,,,none,1.0
1779675_at,HIS6,YIL020C,0.333,not_responsive,0.333,not_responsive,,,none,0.667
1779677_at,PEX7,YDR142C,0.0,not_responsive,0.0,not_responsive,,,none,1.0
1779679_s_at,FLO1 /// FLO5 /// FLO9,YAL063C,0.0,not_responsive,0.0,not_responsive,,,none,1.0
1779680_at,YMR310C,YMR310C,0.583,intermediate,0.833,robust,0.667,0.667,shared_down,0.667
1779681_at,DIT1,YDR403W,0.25,not_responsive,0.5,intermediate,,1.0,ambiguous,0.333
1779682_at,URA2,YJL130C,0.0,not_responsive,0.5,intermediate,,0.667,MMS_specific_down,0.222
1779684_at,YPL039W,YPL039W,0.083,not_responsive,0.167,not_responsive,,,none,0.667
1779688_at,YLR164W,YLR164W,0.75,robust,1.0,robust,1.0,1.0,shared_up,1.0
1779689_at,GIS4,YML006C,0.0,not_responsive,0.083,not_responsive,,,none,1.0
1779690_s_at,RPL14A /// RPL14B,YHL001W,0.0,not_responsive,0.417,intermediate,,1.0,MMS_specific_down,0.667
1779691_at,RPN3,YER021W,0.0,not_responsive,0.417,intermediate,,1.0,MMS_specific_up,0.222
1779696_at,AVL9,YLR114C,0.0,not_responsive,0.0,not_responsive,,,none,1.0
1779697_at,CAF130,YGR134W,0.083,not_responsive,0.0,not_responsive,,,none,1.0
1779699_at,COQ6,YGR255C,0.25,not_responsive,0.333,not_responsive,,,none,0.667
1779702_at,IME4,YGL192W,0.0,not_responsive,0.0,not_responsive,,,none,1.0
1779703_at,UBP6,YFR010W,0.083,not_responsive,0.583,intermediate,,0.667,ambiguous,0.667
1779705_at,FMP41,YNL168C,0.0,not_responsive,0.0,not_responsive,,,none,1.0
1779706_at,PDR3,YBL005W,0.0,not_responsive,0.0,not_responsive,,,none,1.0
1779710_at,CWC21,YDR482C,0.25,not_responsive,0.083,not_responsive,,,none,0.667
1779712_at,YDR196C,YDR196C,0.0,not_responsive,0.083,not_responsive,,,none,1.0
1779714_at,ASI2,YNL159C,0.083,not_responsive,0.583,intermediate,,0.667,ambiguous,0.556
1779716_at,RPN6,YDL097C,0.0,not_responsive,0.5,intermediate,,0.667,MMS_specific_up,0.222
1779717_at,RRP43,YCR035C,0.333,not_responsive,0.083,not_responsive,,,none,0.667
1779718_at,RNY1,YPL123C,0.917,robust,1.0,robust,1.0,0.667,shared_up,1.0
1779720_at,RIO1,YOR119C,0.667,intermediate,0.583,intermediate,0.667,0.667,shared_down,0.667
1779724_at,YER128W,YER128W,0.0,not_responsive,0.083,not_responsive,,,none,1.0
1779725_at,YOL013W-B,YOL013W-B,0.0,not_responsive,0.083,not_responsive,,,none,1.0
1779727_at,RPS27B,YHR021C,0.0,not_responsive,0.333,not_responsive,,,none,0.667
1779732_at,YPL071C,YPL071C,0.0,not_responsive,0.0,not_responsive,,,none,1.0
1779734_at,GUA1,YMR217W,0.167,not_responsive,1.0,robust,,0.667,ambiguous,0.333
1779735_at,DPB3,YBR278W,0.0,not_responsive,0.25,not_responsive,,,none,0.667
1779736_at,YER039C-A,YER039C-A,0.333,not_responsive,0.917,robust,,0.667,ambiguous,0.667
1779737_at,CDC36,YDL165W,0.0,not_responsive,0.25,not_responsive,,,none,0.667
1779738_at,PET117,YER058W,0.333,not_responsive,0.167,not_responsive,,,none,0.667
1779741_at,KTR2,YKR061W,0.5,intermediate,0.417,intermediate,1.0,0.667,shared_up,0.667
1779745_at,TSR2,YLR435W,0.583,intermediate,1.0,robust,1.0,0.667,shared_down,0.667
1779746_at,LRO1,YNR008W,0.0,not_responsive,0.417,intermediate,,1.0,MMS_specific_down,0.333
1779747_at,NRT1,YOR071C,0.417,intermediate,0.0,not_responsive,1.0,,ambiguous,0.556
1779751_s_at,YBR219C,YBR219C,0.0,not_responsive,0.417,intermediate,,1.0,MMS_specific_down,0.222
1779753_at,KCC4,YCL024W,0.0,not_responsive,0.083,not_responsive,,,none,1.0
1779754_at,HSP12,YFL014W,1.0,robust,1.0,robust,0.667,0.667,shared_up,1.0
1779755_at,RGT1,YKL038W,0.0,not_responsive,0.083,not_responsive,,,none,1.0
1779756_at,ALY2,YJL084C,0.0,not_responsive,0.417,intermediate,,1.0,MMS_specific_up,0.667
1779759_at,RSM27,YGR215W,0.0,not_responsive,0.417,intermediate,,1.0,MMS_specific_down,0.556
1779760_at,GDT1,YBR187W,0.083,not_responsive,0.5,intermediate,,0.667,ambiguous,0.667
1779762_at,CAF40,YNL288W,0.0,not_responsive,0.0,not_responsive,,,none,1.0
1779763_at,YJR141W,YJR141W,0.167,not_responsive,0.0,not_responsive,,,none,0.667
1779764_at,ZIP2,YGL249W,0.0,not_responsive,0.0,not_responsive,,,none,1.0
1779767_at,ECM31,YBR176W,0.083,not_responsive,0.083,not_responsive,,,none,1.0
1779769_at,HMG2,YLR450W,0.0,not_responsive,0.0,not_responsive,,,none,1.0
1779772_at,YEH1,YLL012W,0.167,not_responsive,1.0,robust,,1.0,ambiguous,1.0
1779773_at,CMS1,YLR003C,0.417,not_responsive,0.667,intermediate,,0.667,ambiguous,0.667
1779774_at,IRC20,YLR247C,0.083,not_responsive,0.667,intermediate,,0.667,ambiguous,0.889
1779775_at,PGI1,YBR196C,0.0,not_responsive,0.0,not_responsive,,,none,1.0
1779782_at,RPS12,YOR369C,0.0,not_responsive,0.0,not_responsive,,,none,1.0
1779784_at,YJL133C-A,YJL133C-A,0.75,robust,0.75,robust,0.667,0.667,shared_up,1.0
1779786_s_at,TIF1 /// TIF2,YJL138C,0.0,not_responsive,0.167,not_responsive,,,none,0.667
1779787_at,RPL21A,YBR191W,0.0,not_responsive,0.417,intermediate,,1.0,MMS_specific_down,0.667
1779789_at,PDR5,YOR153W,0.0,not_responsive,0.25,not_responsive,,,none,0.667
1779790_at,YNR063W,YNR063W,0.167,not_responsive,0.5,intermediate,,1.0,ambiguous,0.333
1779792_at,GAT4,YIR013C,0.0,not_responsive,0.0,not_responsive,,,none,1.0
1779795_at,ASI1,YMR119W,0.0,not_responsive,0.083,not_responsive,,,none,1.0
1779799_at,AUS1,YOR011W,0.0,not_responsive,0.0,not_responsive,,,none,1.0
1779800_at,KES1,YPL145C,0.0,not_responsive,0.5,intermediate,,0.667,MMS_specific_down,0.333
1779801_at,SNU56,YDR240C,0.25,not_responsive,0.167,not_responsive,,,none,0.667
1779803_x_at,AAD3,YCR107W,0.083,not_responsive,0.417,intermediate,,0.667,ambiguous,0.667
1779804_at,TRF5,YNL299W,0.583,intermediate,0.5,intermediate,1.0,0.667,shared_down,0.667
1779805_at,ORM2,YLR350W,0.0,not_responsive,0.25,not_responsive,,,none,0.667
1779806_at,OSW1,YOR255W,0.0,not_responsive,0.083,not_responsive,,,none,1.0
1779807_at,RTC5,YOR118W,0.0,not_responsive,0.0,not_responsive,,,none,1.0
1779808_at,NAN1,YPL126W,0.583,intermediate,1.0,robust,1.0,0.667,shared_down,0.667
1779809_at,DMC1,YER179W,0.0,not_responsive,0.5,intermediate,,0.667,MMS_specific_up,0.222
1779810_at,TCM62,YBR044C,0.0,not_responsive,0.25,not_responsive,,,none,0.667
1779812_at,LSM3,YLR438C-A,0.083,not_responsive,0.167,not_responsive,,,none,0.667
1779813_at,RPA49,YNL248C,0.583,intermediate,1.0,robust,0.667,0.667,shared_down,0.667
1779815_at,TEL2,YGR099W,0.0,not_responsive,0.083,not_responsive,,,none,1.0
1779816_at,RPL33B,YOR234C,0.0,not_responsive,1.0,robust,,0.667,MMS_specific_down,0.556
1779817_at,BRR1,YPR057W,0.0,not_responsive,0.333,not_responsive,,,none,0.667
1779818_at,UBR2,YLR024C,0.083,not_responsive,0.083,not_responsive,,,none,1.0
1779819_at,ARP5,YNL059C,0.0,not_responsive,0.25,not_responsive,,,none,0.667
1779820_at,PPA1,YHR026W,0.0,not_responsive,0.0,not_responsive,,,none,1.0
1779824_at,YPL099C,YPL099C,0.0,not_responsive,0.25,not_responsive,,,none,0.667
1779825_at,YNR065C,YNR065C,0.0,not_responsive,0.0,not_responsive,,,none,1.0
1779827_at,NGL2,YMR285C,0.0,not_responsive,0.25,not_responsive,,,none,0.667
1779830_at,PTH2,YBL057C,0.0,not_responsive,0.0,not_responsive,,,none,1.0
1779832_at,FMP37,YGL080W,0.0,not_responsive,0.0,not_responsive,,,none,1.0
1779835_at,ERD2,YBL040C,0.0,not_responsive,0.0,not_responsive,,,none,1.0
1779836_at,ERG25,YGR060W,0.0,not_responsive,0.5,intermediate,,0.667,MMS_specific_down,0.222
1779840_at,SKI2,YLR398C,0.0,not_responsive,0.0,not_responsive,,,none,1.0
1779841_at,RFA3,YJL173C,0.0,not_responsive,0.083,not_responsive,,,none,1.0
1779842_at,CKB2,YOR039W,0.0,not_responsive,0.0,not_responsive,,,none,1.0
1779843_at,SCC4,YER147C,0.0,not_responsive,0.5,intermediate,,1.0,MMS_specific_up,0.556
1779844_at,YAR023C,YAR023C,0.083,not_responsive,0.25,not_responsive,,,none,0.667
1779845_at,PRE3,YJL001W,0.083,not_responsive,0.5,intermediate,,0.667,ambiguous,0.556
1779848_at,HDA2,YDR295C,0.0,not_responsive,0.5,intermediate,,0.667,MMS_specific_up,0.556
1779850_at,GPH1,YPR160W,1.0,robust,1.0,robust,1.0,0.667,shared_up,1.0
1779853_at,PCL5,YHR071W,0.0,not_responsive,0.083,not_responsive,,,none,1.0
1779854_at,NUP120,YKL057C,0.083,not_responsive,0.0,not_responsive,,,none,1.0
1779856_at,SMC3,YJL074C,0.167,not_responsive,0.333,not_responsive,,,none,0.667
1779857_at,GPI15,YNL038W,0.083,not_responsive,0.5,intermediate,,0.667,ambiguous,0.556
1779858_at,UME1,YPL139C,0.0,not_responsive,0.25,not_responsive,,,none,0.667
1779859_at,ELF1,YKL160W,0.0,not_responsive,0.0,not_responsive,,,none,1.0
1779860_at,CTR3,YLR411W,0.25,not_responsive,0.0,not_responsive,,,none,0.667
1779861_at,MKS1,YNL076W,0.0,not_responsive,0.25,not_responsive,,,none,0.667
1779864_at,KRE2,YDR483W,0.0,not_responsive,0.0,not_responsive,,,none,1.0
1779865_at,YBR242W,YBR242W,0.333,not_responsive,1.0,robust,,0.667,ambiguous,0.667
1779866_at,YPS3,YLR121C,0.333,not_responsive,1.0,robust,,0.667,ambiguous,0.556
1779871_at,HXT9,YJL219W,0.5,intermediate,0.833,robust,0.444,0.667,shared_up,0.667
1779873_at,AEP1,YMR064W,0.0,not_responsive,0.0,not_responsive,,,none,1.0
1779874_at,COG6,YNL041C,0.0,not_responsive,0.0,not_responsive,,,none,1.0
1779877_at,YMR160W,YMR160W,0.333,not_responsive,0.833,robust,,0.667,ambiguous,0.667
1779881_at,EST2,YLR318W,0.083,not_responsive,0.0,not_responsive,,,none,1.0
1779888_at,PRY2,YKR013W,0.083,not_responsive,0.917,robust,,0.667,ambiguous,0.667
1779889_s_at,IMD2 /// IMD3,YAR075W,0.083,not_responsive,0.917,robust,,0.667,ambiguous,0.667
1779890_at,ARP9,YMR033W,0.0,not_responsive,0.0,not_responsive,,,none,1.0
1779892_at,MET16,YPR167C,0.5,intermediate,0.917,robust,1.0,1.0,shared_up,1.0
1779897_at,YNR034W-A,YNR034W-A,0.917,robust,1.0,robust,1.0,0.667,shared_up,1.0
1779900_at,TOP2,YNL088W,0.0,not_responsive,0.0,not_responsive,,,none,1.0
1779904_at,YHK8,YHR048W,0.5,intermediate,0.083,not_responsive,1.0,,ambiguous,0.667
1779905_at,ICL1,YER065C,0.0,not_responsive,0.0,not_responsive,,,none,1.0
1779907_at,GAL80,YML051W,0.0,not_responsive,0.0,not_responsive,,,none,1.0
1779908_at,BIT61,YJL058C,0.0,not_responsive,0.25,not_responsive,,,none,0.667
1779910_at,ZRT2,YLR130C,0.0,not_responsive,0.0,not_responsive,,,none,1.0
1779911_at,CTM1,YHR109W,0.333,not_responsive,0.0,not_responsive,,,none,0.667
1779912_at,PTK1,YKL198C,0.0,not_responsive,0.0,not_responsive,,,none,1.0
1779914_at,YHL044W,YHL044W,0.917,robust,1.0,robust,0.667,0.667,shared_up,1.0
1779917_at,CGI121,YML036W,0.0,not_responsive,0.5,intermediate,,1.0,MMS_specific_down,0.333
1779918_at,YKR096W,YKR096W,0.0,not_responsive,0.0,not_responsive,,,none,1.0
1779920_at,YER034W,YER034W,0.167,not_responsive,0.25,not_responsive,,,none,0.667
1779921_at,LSP1,YPL004C,0.417,intermediate,0.75,robust,0.444,0.667,shared_up,0.667
1779922_at,GCV2,YMR189W,0.667,intermediate,0.917,robust,0.667,0.667,shared_up,1.0
1779923_at,BYE1,YKL005C,0.0,not_responsive,0.083,not_responsive,,,none,1.0
1779924_at,YER053C-A,YER053C-A,1.0,robust,0.5,intermediate,1.0,0.667,shared_up,0.667
1779926_at,SPO71,YDR104C,0.0,not_responsive,0.167,not_responsive,,,none,0.667
1779927_at,YDR049W,YDR049W,0.0,not_responsive,0.0,not_responsive,,,none,1.0
1779928_at,DYN1,YKR054C,0.0,not_responsive,0.333,not_responsive,,,none,0.667
1779929_at,CHZ1,YER030W,0.0,not_responsive,0.0,not_responsive,,,none,1.0
1779931_at,SIR2,YDL042C,0.083,not_responsive,0.0,not_responsive,,,none,1.0
1779932_at,COQ9,YLR201C,0.0,not_responsive,0.5,intermediate,,0.667,ambiguous,0.556
1779933_at,CMD1,YBR109C,0.0,not_responsive,0.0,not_responsive,,,none,1.0
1779936_at,COQ3,YOL096C,0.25,not_responsive,0.5,intermediate,,0.667,ambiguous,0.333
1779940_at,HIP1,YGR191W,0.083,not_responsive,0.5,intermediate,,0.667,ambiguous,0.667
1779942_at,SOL2,YCR073W-A,0.0,not_responsive,0.167,not_responsive,,,none,0.667
1779944_at,ERG20,YJL167W,0.0,not_responsive,0.167,not_responsive,,,none,0.667
1779946_at,AAH1,YNL141W,0.833,robust,1.0,robust,1.0,0.667,shared_down,1.0
1779947_at,ATP5,YDR298C,0.0,not_responsive,0.0,not_responsive,,,none,1.0
1779950_at,AMD2,YDR242W,0.083,not_responsive,0.417,intermediate,,1.0,ambiguous,0.556
1779952_at,SEC16,YPL085W,0.0,not_responsive,0.417,intermediate,,1.0,MMS_specific_down,0.222
1779955_at,ATG21,YPL100W,0.167,not_responsive,0.833,robust,,0.667,ambiguous,0.444
1779959_at,AVT6,YER119C,0.5,intermediate,0.5,intermediate,0.444,0.667,shared_up,0.667
1779961_at,ERG5,YMR015C,0.083,not_responsive,1.0,robust,,0.667,ambiguous,0.778
1779962_at,RIM11,YMR139W,0.25,not_responsive,1.0,robust,,0.667,ambiguous,0.556
1779963_at,YLR287C,YLR287C,0.167,not_responsive,0.0,not_responsive,,,none,0.667
1779965_at,DSE2,YHR143W,0.083,not_responsive,0.75,robust,,1.0,ambiguous,0.889
1779968_at,YMR253C,YMR253C,0.083,not_responsive,0.417,intermediate,,1.0,ambiguous,0.556
1779971_at,MMS1,YPR164W,0.167,not_responsive,0.583,intermediate,,0.667,ambiguous,0.333
1779972_at,NCE102,YPR149W,0.0,not_responsive,0.25,not_responsive,,,none,0.667
1779973_at,SRL3,YKR091W,0.333,not_responsive,0.5,intermediate,,0.667,ambiguous,0.333
1779976_at,QDR1,YIL120W,0.0,not_responsive,0.0,not_responsive,,,none,1.0
1779977_at,RUD3,YOR216C,0.083,not_responsive,0.083,not_responsive,,,none,1.0
1779978_at,DLD3,YEL071W,0.25,not_responsive,0.0,not_responsive,,,none,0.667
1779979_at,ZRT1,YGL255W,0.25,not_responsive,0.5,intermediate,,0.667,ambiguous,0.333
1779981_at,NUT2,YPR168W,0.083,not_responsive,0.25,not_responsive,,,none,0.667
1779982_at,RPL32,YBL092W,0.0,not_responsive,0.333,not_responsive,,,none,0.667
1779985_at,PHO5,YBR093C,0.0,not_responsive,0.0,not_responsive,,,none,1.0
1779988_at,SPO7,YAL009W,0.0,not_responsive,0.0,not_responsive,,,none,1.0
1779999_s_at,YHL009W-B,YHL009W-B,0.083,not_responsive,0.083,not_responsive,,,none,1.0
1780001_at,GDA1,YEL042W,0.083,not_responsive,0.917,robust,,0.667,ambiguous,0.889
1780004_at,ADE6,YGR061C,0.083,not_responsive,0.5,intermediate,,0.667,ambiguous,0.667
1780005_at,PPH3,YDR075W,0.417,intermediate,0.5,intermediate,0.667,0.444,shared_down,0.667
1780006_at,FRE8,YLR047C,0.0,not_responsive,0.167,not_responsive,,,none,0.667
1780008_at,YOL087C,YOL087C,0.167,not_responsive,0.5,intermediate,,0.667,ambiguous,0.333
1780009_at,SNU114,YKL173W,0.0,not_responsive,0.25,not_responsive,,,none,0.667
1780011_at,YMR262W,YMR262W,0.25,not_responsive,0.917,robust,,0.667,ambiguous,0.556
1780012_at,RMD1,YDL001W,0.083,not_responsive,0.25,not_responsive,,,none,0.667
1780013_at,ECI1,YLR284C,0.0,not_responsive,0.25,not_responsive,,,none,0.667
1780014_at,YMR31,YFR049W,0.25,not_responsive,0.167,not_responsive,,,none,0.667
1780016_at,PRP39,YML046W,0.0,not_responsive,0.0,not_responsive,,,none,1.0
1780018_at,YLR126C,YLR126C,0.0,not_responsive,0.0,not_responsive,,,none,1.0
1780022_at,YLR053C,YLR053C,0.333,not_responsive,0.0,not_responsive,,,none,0.667
1780024_at,YNL086W,YNL086W,0.0,not_responsive,0.0,not_responsive,,,none,1.0
1780027_at,YKL023W,YKL023W,0.083,not_responsive,0.5,intermediate,,0.667,ambiguous,0.556
1780029_at,CDC15,YAR019C,0.083,not_responsive,0.167,not_responsive,,,none,0.667
1780030_at,YER077C,YER077C,0.0,not_responsive,0.417,intermediate,,1.0,MMS_specific_up,0.333
1780031_at,DFG5,YMR238W,0.0,not_responsive,0.0,not_responsive,,,none,1.0
1780032_at,SWA2,YDR320C,0.0,not_responsive,0.417,intermediate,,1.0,MMS_specific_up,0.667
1780036_at,UBC8,YEL012W,0.5,intermediate,0.667,intermediate,0.667,0.667,shared_up,0.667
1780037_at,MRPS35,YGR165W,0.0,not_responsive,0.0,not_responsive,,,none,1.0
1780038_at,YET1,YKL065C,0.0,not_responsive,0.0,not_responsive,,,none,1.0
1780040_at,HMRA1,YCR097W,0.0,not_responsive,0.0,not_responsive,,,none,1.0
1780041_at,EGD1,YPL037C,0.0,not_responsive,0.083,not_responsive,,,none,1.0
1780044_at,RNR3,YIL066C,1.0,robust,1.0,robust,0.667,1.0,shared_up,1.0
1780046_at,AMN1,YBR158W,0.167,not_responsive,0.833,robust,,0.667,ambiguous,0.556
1780047_at,TPK2,YPL203W,0.5,intermediate,0.75,robust,0.667,0.667,shared_up,0.667
1780052_at,YJR142W,YJR142W,0.083,not_responsive,0.5,intermediate,,0.667,ambiguous,0.556
1780053_at,ICY1,YMR195W,0.25,not_responsive,0.25,not_responsive,,,none,0.667
1780054_at,ECO1,YFR027W,0.0,not_responsive,0.333,not_responsive,,,none,0.667
1780055_at,VAS1,YGR094W,0.0,not_responsive,0.667,intermediate,,0.667,MMS_specific_down,0.556
1780056_at,GRX7,YBR014C,0.0,not_responsive,0.0,not_responsive,,,none,1.0
1780058_at,MGM101,YJR144W,0.0,not_responsive,0.0,not_responsive,,,none,1.0
1780059_at,ILV2,YMR108W,0.083,not_responsive,0.083,not_responsive,,,none,1.0
1780060_at,GPI17,YDR434W,0.0,not_responsive,0.083,not_responsive,,,none,1.0
1780062_at,MLP2,YIL149C,0.0,not_responsive,0.333,not_responsive,,,none,0.667
1780064_at,MSH1,YHR120W,0.25,not_responsive,0.0,not_responsive,,,none,0.667
1780066_at,MUD1,YBR119W,0.0,not_responsive,0.417,intermediate,,0.667,MMS_specific_up,0.333
1780069_at,YKR005C,YKR005C,0.167,not_responsive,0.5,intermediate,,0.667,ambiguous,0.333
1780070_at,ZTA1,YBR046C,0.917,robust,1.0,robust,1.0,1.0,shared_up,1.0
1780071_at,YFR006W,YFR006W,0.0,not_responsive,0.083,not_responsive,,,none,1.0
1780073_at,YPR127W,YPR127W,0.25,not_responsive,0.25,not_responsive,,,none,0.667
1780075_at,TNA1,YGR260W,0.0,not_responsive,0.0,not_responsive,,,none,1.0
1780076_at,TIF11,YMR260C,0.0,not_responsive,0.25,not_responsive,,,none,0.667
1780077_at,FAT1,YBR041W,0.0,not_responsive,0.0,not_responsive,,,none,1.0
1780079_at,YEF1,YEL041W,0.417,intermediate,0.917,robust,0.444,0.667,shared_up,0.667
1780080_at,HSL7,YBR133C,0.0,not_responsive,0.0,not_responsive,,,none,1.0
1780082_at,ATP25,YMR098C,0.0,not_responsive,0.0,not_responsive,,,none,1.0
1780083_at,YRA1,YDR381W,0.083,not_responsive,0.0,not_responsive,,,none,1.0
1780084_at,YDR026C,YDR026C,0.167,not_responsive,0.25,not_responsive,,,none,0.667
1780085_at,FAA2,YER015W,0.0,not_responsive,0.25,not_responsive,,,none,0.667
1780088_at,YLR162W-A,YLR162W-A,0.0,not_responsive,0.167,not_responsive,,,none,0.667
1780089_at,MAM1,YER106W,0.0,not_responsive,0.0,not_responsive,,,none,1.0
1780091_at,PDR12,YPL058C,0.083,not_responsive,0.75,robust,,0.667,ambiguous,0.889
1780093_at,YML082W,YML082W,0.0,not_responsive,0.0,not_responsive,,,none,1.0
1780095_at,SLX5,YDL013W,0.0,not_responsive,0.25,not_responsive,,,none,0.667
1780097_at,ZDS1,YMR273C,0.0,not_responsive,0.0,not_responsive,,,none,1.0
1780099_at,WHI3,YNL197C,0.167,not_responsive,0.917,robust,,0.667,ambiguous,0.556
1780101_at,IME2,YJL106W,0.0,not_responsive,0.0,not_responsive,,,none,1.0
1780102_at,YHR032W,YHR032W,0.25,not_responsive,0.5,intermediate,,0.444,ambiguous,0.333
1780103_at,SEC15,YGL233W,0.0,not_responsive,0.333,not_responsive,,,none,0.667
1780104_at,DNF2,YDR093W,0.0,not_responsive,0.083,not_responsive,,,none,1.0
1780105_at,YTP1,YNL237W,0.417,intermediate,0.417,intermediate,1.0,0.667,shared_up,0.667
1780106_at,YAL018C,YAL018C,0.0,not_responsive,0.0,not_responsive,,,none,1.0
1780107_at,GIM5,YML094W,0.083,not_responsive,0.25,not_responsive,,,none,0.667
1780112_at,BEM4,YPL161C,0.0,not_responsive,0.25,not_responsive,,,none,0.667
1780114_at,SKN7,YHR206W,0.333,not_responsive,0.5,intermediate,,0.667,ambiguous,0.333
1780115_at,TRA1,YHR099W,0.0,not_responsive,1.0,robust,,0.667,MMS_specific_down,0.667
1780116_at,RPS21B,YJL136C,0.0,not_responsive,0.25,not_responsive,,,none,0.667
1780117_at,SPS1,YDR523C,0.0,not_responsive,0.25,not_responsive,,,none,0.667
1780119_at,RPO31,YOR116C,0.417,intermediate,0.917,robust,0.667,0.667,shared_down,0.667
1780120_at,CRS5,YOR031W,0.0,not_responsive,0.0,not_responsive,,,none,1.0
1780122_at,ALG8,YOR067C,0.0,not_responsive,0.417,intermediate,,1.0,MMS_specific_down,0.333
1780126_at,PEP8,YJL053W,0.083,not_responsive,0.75,robust,,0.667,ambiguous,0.667
1780128_at,ATP12,YJL180C,0.333,not_responsive,0.25,not_responsive,,,none,0.667
1780129_at,SMC2,YFR031C,0.0,not_responsive,0.0,not_responsive,,,none,1.0
1780130_at,PPM1,YDR435C,0.167,not_responsive,0.5,intermediate,,0.667,ambiguous,0.333
1780131_at,YFL041W-A,YFL041W-A,0.417,intermediate,0.583,intermediate,1.0,1.0,shared_up,0.667
1780134_at,RGA2,YDR379W,0.0,not_responsive,0.0,not_responsive,,,none,1.0
1780137_at,PHM6,YDR281C,0.083,not_responsive,0.083,not_responsive,,,none,1.0
1780138_at,LEU9,YOR108W,0.5,intermediate,0.917,robust,0.444,0.667,shared_down,0.667
1780144_at,MTF1,YMR228W,0.0,not_responsive,0.25,not_responsive,,,none,0.667
1780146_at,SKI3,YPR189W,0.0,not_responsive,0.0,not_responsive,,,none,1.0
1780147_at,ROG1,YGL144C,0.083,not_responsive,0.0,not_responsive,,,none,1.0
1780148_at,YPL113C,YPL113C,0.5,intermediate,1.0,robust,0.667,1.0,shared_up,0.667
1780150_at,MDL2,YPL270W,0.0,not_responsive,0.0,not_responsive,,,none,1.0
1780151_at,YIP5,YGL161C,0.0,not_responsive,0.167,not_responsive,,,none,0.667
1780155_at,PAN6,YIL145C,0.0,not_responsive,0.0,not_responsive,,,none,1.0
1780160_at,YMR252C,YMR252C,0.0,not_responsive,0.417,intermediate,,1.0,MMS_specific_up,0.222
1780161_at,RPL16A,YIL133C,0.0,not_responsive,1.0,robust,,0.667,MMS_specific_down,0.667
1780163_at,MET28,YIR017C,0.917,robust,1.0,robust,1.0,1.0,shared_up,1.0
1780166_at,AAD14,YNL331C,0.0,not_responsive,0.333,not_responsive,,,none,0.667
1780169_at,PMD1,YER132C,0.0,not_responsive,0.5,intermediate,,0.667,MMS_specific_down,0.333
1780174_at,RTS1,YOR014W,0.0,not_responsive,0.0,not_responsive,,,none,1.0
1780177_at,GAS5,YOL030W,0.0,not_responsive,0.0,not_responsive,,,none,1.0
1780178_s_at,RPL2A /// RPL2B,YFR031C-A,0.0,not_responsive,0.333,not_responsive,,,none,0.667
1780180_x_at,RPS10A,YOR293W,0.0,not_responsive,0.833,robust,,0.667,MMS_specific_down,0.778
1780183_at,VPS36,YLR417W,0.0,not_responsive,0.0,not_responsive,,,none,1.0
1780184_at,YNR021W,YNR021W,0.0,not_responsive,0.083,not_responsive,,,none,1.0
1780186_at,RPS31,YLR167W,0.0,not_responsive,0.0,not_responsive,,,none,1.0
1780187_at,YLL023C,YLL023C,0.25,not_responsive,0.5,intermediate,,0.667,ambiguous,0.333
1780188_at,FLR1,YBR008C,0.833,robust,1.0,robust,1.0,1.0,shared_up,0.667
1780190_at,MOT1,YPL082C,0.083,not_responsive,0.75,robust,,0.667,ambiguous,0.889
1780192_at,RNA14,YMR061W,0.167,not_responsive,0.333,not_responsive,,,none,0.667
1780193_at,SWR1,YDR334W,0.083,not_responsive,0.167,not_responsive,,,none,0.667
1780194_at,HUA1,YGR268C,0.083,not_responsive,0.333,not_responsive,,,none,0.667
1780197_at,YNL024C,YNL024C,0.0,not_responsive,0.5,intermediate,,0.667,MMS_specific_down,0.333
1780199_at,RPL30,YGL030W,0.0,not_responsive,0.0,not_responsive,,,none,1.0
1780200_at,RPS16A,YMR143W,0.0,not_responsive,0.667,intermediate,,0.667,MMS_specific_down,0.889
1780201_at,MSW1,YDR268W,0.0,not_responsive,0.0,not_responsive,,,none,1.0
1780206_at,SCO2,YBR024W,0.25,not_responsive,0.5,intermediate,,0.667,ambiguous,0.333
1780207_at,NIT2,YJL126W,0.0,not_responsive,0.0,not_responsive,,,none,1.0
1780209_at,KTR5,YNL029C,0.0,not_responsive,0.25,not_responsive,,,none,0.667
1780210_at,YOR052C,YOR052C,0.583,intermediate,0.75,robust,1.0,1.0,shared_up,0.667
1780211_at,CUP5,YEL027W,0.0,not_responsive,0.0,not_responsive,,,none,1.0
1780213_at,PGA1,YNL158W,0.0,not_responsive,0.0,not_responsive,,,none,1.0
1780215_at,ROM1,YGR070W,0.833,robust,1.0,robust,1.0,0.667,shared_up,1.0
1780217_at,RTS3,YGR161C,0.167,not_responsive,0.917,robust,,1.0,ambiguous,0.889
1780220_at,ATG19,YOL082W,0.667,intermediate,1.0,robust,0.667,0.667,shared_up,0.667
1780221_at,RME1,YGR044C,0.0,not_responsive,0.0,not_responsive,,,none,1.0
1780224_at,RSC8,YFR037C,0.083,not_responsive,0.167,not_responsive,,,none,0.667
1780226_at,USA1,YML029W,0.0,not_responsive,0.167,not_responsive,,,none,0.667
1780230_at,CHL4,YDR254W,0.0,not_responsive,0.083,not_responsive,,,none,1.0
1780232_at,YMR111C,YMR111C,0.0,not_responsive,0.25,not_responsive,,,none,0.667
1780233_at,HTA1,YDR225W,0.333,not_responsive,0.583,intermediate,,1.0,ambiguous,0.333
1780234_at,RIM13,YMR154C,0.0,not_responsive,0.167,not_responsive,,,none,0.667
1780240_at,RFA2,YNL312W,0.167,not_responsive,0.75,robust,,0.667,ambiguous,0.556
1780243_at,KEX2,YNL238W,0.083,not_responsive,0.583,intermediate,,0.667,ambiguous,0.556
1780244_at,RBG2,YGR173W,0.25,not_responsive,0.333,not_responsive,,,none,0.667
1780246_at,YOP1,YPR028W,0.0,not_responsive,0.0,not_responsive,,,none,1.0
1780247_at,WTM2,YOR229W,0.083,not_responsive,0.0,not_responsive,,,none,1.0
1780248_at,AQY1,YPR192W,0.167,not_responsive,0.083,not_responsive,,,none,0.667
1780250_at,END3,YNL084C,0.0,not_responsive,0.5,intermediate,,0.667,MMS_specific_up,0.333
RPTR-Sc-A00196-1_s_at,,,0.167,not_responsive,0.0,not_responsive,,,none,0.667
RPTR-Sc-AB076373-1_at,,,0.0,not_responsive,0.0,not_responsive,,,none,1.0
RPTR-Sc-AF292559-1_at,,,0.0,not_responsive,0.083,not_responsive,,,none,1.0
RPTR-Sc-AF292559-2_s_at,,,0.0,not_responsive,0.0,not_responsive,,,none,1.0
RPTR-Sc-AF292559-3_s_at,,,0.0,not_responsive,0.0,not_responsive,,,none,1.0
RPTR-Sc-AF292559-4_s_at,,,0.0,not_responsive,0.0,not_responsive,,,none,1.0
RPTR-Sc-AF292560-1_s_at,,,0.0,not_responsive,0.0,not_responsive,,,none,1.0
RPTR-Sc-AF298789-1_s_at,,,0.0,not_responsive,0.0,not_responsive,,,none,1.0
RPTR-Sc-AF323980-1_at,,,0.0,not_responsive,0.0,not_responsive,,,none,1.0
RPTR-Sc-AJ002682-1_s_at,,,0.0,not_responsive,0.0,not_responsive,,,none,1.0
RPTR-Sc-AJ002682-2_s_at,,,0.0,not_responsive,0.0,not_responsive,,,none,1.0
RPTR-Sc-AJ132968-1_at,,,0.0,not_responsive,0.0,not_responsive,,,none,1.0
RPTR-Sc-AY056050-1_at,,,0.0,not_responsive,0.0,not_responsive,,,none,1.0
RPTR-Sc-AY342347_at,,,0.0,not_responsive,0.0,not_responsive,,,none,1.0
RPTR-Sc-E00696-1_s_at,,,0.0,not_responsive,0.0,not_responsive,,,none,1.0
RPTR-Sc-ECOLOXB_at,,,0.0,not_responsive,0.0,not_responsive,,,none,1.0
RPTR-Sc-ECOLOXL_at,,,0.0,not_responsive,0.0,not_responsive,,,none,1.0
RPTR-Sc-ECOLOXL_x_at,,,0.0,not_responsive,0.0,not_responsive,,,none,1.0
RPTR-Sc-J01347-1_at,,,0.0,not_responsive,0.0,not_responsive,,,none,1.0
RPTR-Sc-J01347-1_s_at,,,0.0,not_responsive,0.0,not_responsive,,,none,1.0
RPTR-Sc-J01347-2_at,,,0.0,not_responsive,0.0,not_responsive,,,none,1.0
RPTR-Sc-J01347-3_at,,,0.0,not_responsive,0.333,not_responsive,,,none,0.667
RPTR-Sc-J01347-4_at,,,0.0,not_responsive,0.0,not_responsive,,,none,1.0
RPTR-Sc-J01636-1_at,,,0.0,not_responsive,0.0,not_responsive,,,none,1.0
RPTR-Sc-J01636-3_at,,,0.0,not_responsive,0.0,not_responsive,,,none,1.0
RPTR-Sc-J01636-4_at,,,0.0,not_responsive,0.0,not_responsive,,,none,1.0
RPTR-Sc-K01486-1_s_at,,,0.167,not_responsive,0.0,not_responsive,,,none,0.667
RPTR-Sc-M10961-1_at,,,0.083,not_responsive,0.0,not_responsive,,,none,1.0
RPTR-Sc-M10961-2_at,,,0.0,not_responsive,0.083,not_responsive,,,none,1.0
RPTR-Sc-M10961-4_at,,,0.0,not_responsive,0.0,not_responsive,,,none,1.0
RPTR-Sc-M15077-1_at,,,0.0,not_responsive,0.083,not_responsive,,,none,1.0
RPTR-Sc-M15077-1_s_at,,,0.0,not_responsive,0.0,not_responsive,,,none,1.0
RPTR-Sc-M57289-1_s_at,,,0.0,not_responsive,0.0,not_responsive,,,none,1.0
RPTR-Sc-M62653-1_at,,,0.0,not_responsive,0.0,not_responsive,,,none,1.0
RPTR-Sc-M62653-1_s_at,,,0.0,not_responsive,0.0,not_responsive,,,none,1.0
RPTR-Sc-NM_131175-1_at,,,0.0,not_responsive,0.0,not_responsive,,,none,1.0
RPTR-Sc-U43284-1_s_at,,,0.0,not_responsive,0.0,not_responsive,,,none,1.0
RPTR-Sc-U46493-1_s_at,,,0.0,not_responsive,0.0,not_responsive,,,none,1.0
RPTR-Sc-U47295-1_at,,,0.0,not_responsive,0.083,not_responsive,,,none,1.0
RPTR-Sc-U55943-1_at,,,0.0,not_responsive,0.0,not_responsive,,,none,1.0
RPTR-Sc-U57609-2_s_at,,,0.0,not_responsive,0.0,not_responsive,,,none,1.0
RPTR-Sc-U89963-1_at,,,0.0,not_responsive,0.0,not_responsive,,,none,1.0
RPTR-Sc-U89963-1_s_at,,,0.0,not_responsive,0.0,not_responsive,,,none,1.0
RPTR-Sc-X03453-1_at,,,0.0,not_responsive,0.0,not_responsive,,,none,1.0
RPTR-Sc-X58791-1_at,,,0.0,not_responsive,0.0,not_responsive,,,none,1.0
RPTR-Sc-X58791-1_s_at,,,0.0,not_responsive,0.0,not_responsive,,,none,1.0
RPTR-Sc-X58791-2_s_at,,,0.0,not_responsive,0.083,not_responsive,,,none,1.0
