probe_id,display_name,gene_symbol,systematic_name,H2O2_pattern,H2O2_onset_class,H2O2_persistence,H2O2_onset_time_min,H2O2_final_log2fc,MMS_pattern,MMS_onset_class,MMS_persistence,MMS_onset_time_min,MMS_final_log2fc
1769308_at,FOX2,FOX2,YKR009C,none,none,none,,0.3894225030000005,none,none,none,,0.9391303099999995
1769311_at,YDL157C,,YDL157C,none,none,none,,-0.0074752699999987016,none,none,none,,-0.6930415700000001
1769312_at,PCL6,PCL6,YER059W,none,none,none,,-0.15085055099999956,late_sustained_up,late,sustained,100.0,1.0793074909999998
1769313_at,PKP2,PKP2,YGL059W,none,none,none,,0.12691863700000017,early_sustained_up,early,sustained,30.0,2.0206836389999996
1769314_at,PHO8,PHO8,YDR481C,none,none,none,,0.08187072000000128,none,none,none,,-0.1344676499999995
1769317_at,DAT1,DAT1,YML113W,early_transient_down,early,transient,30.0,-0.13889006800000026,early_sustained_down,early,sustained,30.0,-1.062690419
1769319_at,COA1,COA1,YIL157C,none,none,none,,0.29691324999999935,none,none,none,,0.12213082999999969
1769320_at,YPR003C,,YPR003C,none,none,none,,0.18401978000000074,none,none,none,,0.5116599229999998
1769321_at,AIF1,AIF1,YNR074C,early_transient_up,early,transient,30.0,0.2441350300000007,early_sustained_up,early,sustained,30.0,2.1200524979999997
1769322_s_at,YLR154C-H,,YLR154C-H,none,none,none,,-0.3921554040000004,early_sustained_down,early,sustained,60.0,-1.0518110390000004
1769323_at,PRP40,PRP40,YKL012W,none,none,none,,-0.07545163700000046,late_sustained_up,late,sustained,140.0,1.080739415
1769324_at,YJL147C,,YJL147C,none,none,none,,-0.08276743999999958,none,none,none,,0.7196974770000004
1769325_at,RRI1,RRI1,YDL216C,none,none,none,,0.2171912900000006,early_sustained_up,early,sustained,60.0,1.7605899760000003
1769329_at,YNL320W,,YNL320W,none,none,none,,-0.11452265299999986,none,none,none,,0.23426900699999997
1769331_at,STE20,STE20,YHL007C,none,none,none,,-0.050655923999999075,none,none,none,,-0.5922046289999994
1769333_at,GRE1,GRE1,YPL223C,early_sustained_up,early,sustained,60.0,2.1180613819999996,late_sustained_up,late,sustained,100.0,2.4492345479999997
1769335_at,MRPL31,MRPL31,YKL138C,none,none,none,,0.30189052999999966,none,none,none,,-0.5109969759999995
1769336_at,SPC98,SPC98,YNL126W,early_transient_down,early,transient,30.0,-0.2593527440000001,none,none,none,,-0.4342279229999999
1769338_at,OAR1,OAR1,YKL055C,none,none,none,,0.27628386700000007,none,none,none,,-0.6790662709999999
1769339_at,AMD1,AMD1,YML035C,none,none,none,,0.39055346600000007,none,none,none,,0.26978527500000027
1769341_at,SBH1,SBH1,YER087C-B,none,none,none,,-0.10263496000000139,none,none,none,,-0.6776098299999997
1769342_at,POT1,POT1,YIL160C,early_sustained_up,early,sustained,60.0,1.764608848,early_sustained_up,early,sustained,60.0,2.6588817670000005
1769344_at,YLR050C,,YLR050C,none,none,none,,0.5333349900000002,late_sustained_down,late,sustained,100.0,-1.1350744840000004
1769345_at,CYC2,CYC2,YOR037W,none,none,none,,-0.05832132299999948,none,none,none,,0.1786000130000005
1769346_at,COQ10,COQ10,YOL008W,none,none,none,,0.01790870199999972,late_sustained_up,late,sustained,100.0,1.3755403600000005
1769349_s_at,YOR072W-B,,YOR072W-B,early_partial_decline_down,early,partial_decline,60.0,-0.907050108,early_sustained_down,early,sustained,60.0,-1.5386378130000002
1769350_at,VIK1,VIK1,YPL253C,none,none,none,,-0.37659996699999976,none,none,none,,-0.5131793040000003
1769352_at,STP4,STP4,YDL048C,early_transient_up,early,transient,30.0,0.26939520100000003,early_sustained_up,early,sustained,60.0,2.2197131380000004
1769356_at,YDR056C,,YDR056C,none,none,none,,0.08851643000000031,none,none,none,,0.16358314999999912
1769358_at,SAL1,SAL1,YNL083W,none,none,none,,0.14780876999999926,none,none,none,,0.8743182320000003
1769359_at,SRB8,SRB8,YCR081W,none,none,none,,-0.04324041400000045,none,none,none,,-0.16259109800000004
1769361_at,STE7,STE7,YDL159W,none,none,none,,-0.372977809,none,none,none,,0.46076978799999946
1769362_at,YCR024C-B,,YCR024C-B,none,none,none,,0.09070982999999977,none,none,none,,-0.5466120199999995
1769365_at,PEP4,PEP4,YPL154C,none,none,none,,0.6114406700000004,none,none,none,,0.9677993400000009
1769366_at,YDR020C,,YDR020C,early_transient_down,early,transient,30.0,-0.3245761009999999,early_sustained_down,early,sustained,60.0,-1.1193679589999999
1769368_at,SNF2,SNF2,YOR290C,none,none,none,,-0.08136710800000024,none,none,none,,0.3245604120000003
1769371_at,FOL2,FOL2,YGR267C,none,none,none,,-0.2195143599999998,none,none,none,,-0.31489206000000003
1769373_at,RAP1,RAP1,YNL216W,none,none,none,,-0.186180503000001,none,none,none,,-0.7837224099999993
1769374_at,MOB2,MOB2,YFL034C-B,none,none,none,,-0.08427539700000075,none,none,none,,-0.7042549999999999
1769375_at,SPF1,SPF1,YEL031W,none,none,none,,-0.30127272000000005,none,none,none,,-0.00898023999999964
1769377_at,YBR238C,,YBR238C,early_transient_down,early,transient,30.0,-0.5494457740000005,early_sustained_down,early,sustained,30.0,-3.4656894829999993
1769378_at,SEC53,SEC53,YFL045C,none,none,none,,-0.06863776000000144,late_partial_decline_down,late,partial_decline,100.0,-0.9993363399999993
1769379_at,EDC1,EDC1,YGL222C,none,none,none,,0.7883669309999997,late_sustained_up,late,sustained,140.0,1.3540318850000004
1769383_at,MRS1,MRS1,YIR021W,none,none,none,,0.109994339,none,none,none,,-0.914511503
1769384_at,SPO13,SPO13,YHR014W,none,none,none,,0.08158913899999964,none,none,none,,0.8602305669999999
1769385_at,YEA6,YEA6,YEL006W,none,none,none,,-0.1327826769999998,none,none,none,,-0.5413554940000012
1769387_at,ARP2,ARP2,YDL029W,none,none,none,,0.010524280000000275,none,none,none,,0.6232173400000001
1769388_at,DUS3,DUS3,YLR401C,early_transient_down,early,transient,30.0,-0.5657294950000011,early_sustained_down,early,sustained,60.0,-2.0994087610000003
1769390_s_at,RPS17A /// RPS17B,RPS17A /// RPS17B,YDR447C,none,none,none,,0.011601380000000105,none,none,none,,-0.8062137899999993
1769392_at,YOR192C-C,,YOR192C-C,none,none,none,,0.10460752200000023,none,none,none,,0.4874870229999999
1769395_at,CHO1,CHO1,YER026C,none,none,none,,0.04509829000000032,none,none,none,,0.009267669999999839
1769397_s_at,RPS30A /// RPS30B,RPS30A /// RPS30B,YLR287C-A,none,none,none,,-0.048988330000000246,none,none,none,,-0.19888674000000073
1769403_at,MIA40,MIA40,YKL195W,none,none,none,,0.003190039999999783,early_sustained_up,early,sustained,60.0,1.1591450199999986
1769406_at,MKC7,MKC7,YDR144C,none,none,none,,-0.21903572999999987,early_sustained_down,early,sustained,60.0,-2.6769937530000005
1769407_at,LRS4,LRS4,YDR439W,none,none,none,,-0.1690446680000015,none,none,none,,-0.06313433999999951
1769411_at,ARA1,ARA1,YBR149W,early_partial_decline_up,early,partial_decline,60.0,0.6747403599999995,late_sustained_up,late,sustained,100.0,1.2971013500000002
1769418_at,BOI2,BOI2,YER114C,none,none,none,,-0.3189661800000003,none,none,none,,-0.8437717839999994
1769419_at,RKR1,RKR1,YMR247C,none,none,none,,0.06673635399999966,none,none,none,,-0.08772923999999982
1769420_at,PDS5,PDS5,YMR076C,none,none,none,,0.23658859500000062,none,none,none,,-0.19415224799999997
1769421_at,RSC1,RSC1,YGR056W,none,none,none,,-0.41473948999999966,none,none,none,,0.09246004699999943
1769422_at,DEP1,DEP1,YAL013W,none,none,none,,-0.5088050929999994,none,none,none,,0.06595846500000135
1769426_at,PDH1,PDH1,YPR002W,early_sustained_up,early,sustained,60.0,2.114616282,late_sustained_up,late,sustained,100.0,1.4794212259999995
1769428_at,ALE1,ALE1,YOR175C,none,none,none,,0.2189780069999987,none,none,none,,-0.10066807499999975
1769431_at,NRP1,NRP1,YDL167C,early_transient_down,early,transient,30.0,-0.511384485999999,early_sustained_down,early,sustained,60.0,-2.496200183
1769434_at,RMT2,RMT2,YDR465C,early_transient_down,early,transient,30.0,-0.5722803330000001,early_sustained_down,early,sustained,60.0,-1.577246259999999
1769435_at,ECM25,ECM25,YJL201W,none,none,none,,-0.03352544400000035,none,none,none,,-0.8038213519999999
1769442_at,VPS3,VPS3,YDR495C,none,none,none,,0.1036510530000001,late_sustained_up,late,sustained,100.0,1.3576920940000008
1769443_at,PLM2,PLM2,YDR501W,none,none,none,,0.6567649539999998,early_sustained_up,early,sustained,30.0,2.4014266529999997
1769446_at,YHL010C,,YHL010C,none,none,none,,0.2552940899999996,early_sustained_up,early,sustained,60.0,1.695171091999999
1769448_at,SPO12,SPO12,YHR152W,none,none,none,,-0.11169338999999923,none,none,none,,-1.0539613780000003
1769450_at,EDC2,EDC2,YER035W,early_transient_up,early,transient,60.0,0.5743299000000004,early_sustained_up,early,sustained,30.0,2.9265235369999996
1769451_at,LEU5,LEU5,YHR002W,none,none,none,,0.2666813499999998,none,none,none,,0.6048451679999998
1769452_at,ULP1,ULP1,YPL020C,none,none,none,,-0.16890132800000046,none,none,none,,0.7320701969999988
1769455_at,CTS1,CTS1,YLR286C,none,none,none,,-0.6677636999999983,none,none,none,,-0.8020967499999987
1769456_at,YKL061W,,YKL061W,none,none,none,,-0.1837644350000005,none,none,none,,-0.0752090729999999
1769459_at,YHR131C,,YHR131C,none,none,none,,-0.07061955600000047,none,none,none,,-0.5350810059999995
1769460_at,YJL185C,,YJL185C,early_partial_decline_up,early,partial_decline,60.0,0.9064167889999997,early_sustained_up,early,sustained,60.0,2.357980888
1769461_at,YMR317W,,YMR317W,none,none,none,,-0.10506406000000013,none,none,none,,-0.2901200949999998
1769462_at,KGD1,KGD1,YIL125W,none,none,none,,0.40632254999999873,none,none,none,,0.22113841
1769463_at,VPS28,VPS28,YPL065W,none,none,none,,0.06645534399999953,none,none,none,,0.6450719839999994
1769464_at,YGR130C,,YGR130C,early_transient_up,early,transient,30.0,0.1817633410000017,early_sustained_up,early,sustained,60.0,1.858345207000001
1769466_at,KNH1,KNH1,YDL049C,early_transient_up,early,transient,30.0,0.7543512469999998,none,none,none,,0.8290807689999999
1769467_at,ECM2,ECM2,YBR065C,none,none,none,,-0.39259893499999965,none,none,none,,-0.15706088499999993
1769468_at,EAF6,EAF6,YJR082C,none,none,none,,0.03952342400000042,none,none,none,,-0.6170715250000001
1769472_at,RGM1,RGM1,YMR182C,none,none,none,,0.5806463759999998,none,none,none,,-0.15106244299999982
1769474_at,YPL264C,,YPL264C,none,none,none,,0.1305275210000003,none,none,none,,-0.11797793300000059
1769478_at,YPL199C,,YPL199C,none,none,none,,-0.1705558499999995,none,none,none,,-0.14325813000000132
1769481_at,TWF1,TWF1,YGR080W,none,none,none,,0.10994954500000098,early_sustained_up,early,sustained,60.0,1.4050024609999987
1769482_at,YLR125W,,YLR125W,none,none,none,,-0.5082460439999998,none,none,none,,0.8381376310000004
1769484_at,PUS4,PUS4,YNL292W,none,none,none,,-0.4442438839999987,none,none,none,,-0.4401082729999999
1769485_s_at,MST27 /// MST28,MST27 /// MST28,YAR033W,none,none,none,,-0.09194189999999836,none,none,none,,0.5623658850000002
1769487_at,YKL063C,,YKL063C,none,none,none,,-0.21836480800000047,none,none,none,,0.1432279860000012
1769495_at,DOT5,DOT5,YIL010W,none,none,none,,0.5103530330000012,none,none,none,,0.8346499020000007
1769500_at,DAM1,DAM1,YGR113W,none,none,none,,-0.21756297800000013,none,none,none,,0.15332297500000003
1769501_at,PDR8,PDR8,YLR266C,none,none,none,,0.5692435300000005,none,none,none,,1.1311249180000011
1769502_at,MNN9,MNN9,YPL050C,none,none,none,,-0.2785382100000007,late_sustained_down,late,sustained,100.0,-1.3252823090000003
1769503_at,RPS17B,RPS17B,YDR447C,none,none,none,,0.052529240000000144,late_sustained_down,late,sustained,100.0,-2.331242790000001
1769504_at,OST6,OST6,YML019W,none,none,none,,-0.06281041999999992,none,none,none,,-0.3199586599999993
1769506_at,TPK3,TPK3,YKL166C,none,none,none,,-0.106911341,none,none,none,,-0.47145060999999977
1769510_at,HOM6,HOM6,YJR139C,none,none,none,,0.06538420000000045,none,none,none,,0.07675796999999918
1769511_at,DBP6,DBP6,YNR038W,early_transient_down,early,transient,30.0,-0.44462552899999963,early_sustained_down,early,sustained,60.0,-1.3497343629999996
1769514_at,HAL5,HAL5,YJL165C,none,none,none,,-0.2343415620000009,late_partial_decline_up,late,partial_decline,100.0,0.8623262509999989
1769515_at,YFL012W,,YFL012W,none,none,none,,0.39819444199999987,none,none,none,,-0.4947076469999998
1769516_at,YDL086W,,YDL086W,none,none,none,,0.18238232999999937,none,none,none,,0.20250135000000036
1769518_x_at,PAU1,PAU1,YIL176C,none,none,none,,0.10802411299999992,none,none,none,,-0.8724899170000002
1769519_at,CWP1,CWP1,YKL096W,late_sustained_up,late,sustained,140.0,1.2145285480000005,late_sustained_down,late,sustained,140.0,-2.9556095020000006
1769520_at,YLR064W,,YLR064W,none,none,none,,0.0014061739999995382,late_sustained_up,late,sustained,100.0,1.0774737759999997
1769523_at,YBR194W,,YBR194W,none,none,none,,-0.17057885800000072,none,none,none,,0.04141034500000096
1769525_at,GIM4,GIM4,YEL003W,none,none,none,,0.06197747599999914,none,none,none,,-0.3924012920000006
1769526_at,MSC2,MSC2,YDR205W,none,none,none,,-0.17695627400000014,none,none,none,,-0.2979714590000011
1769527_at,YKL075C,,YKL075C,none,none,none,,-0.257435117,none,none,none,,0.7925399479999999
1769528_at,YHR198C,,YHR198C,early_partial_decline_up,early,partial_decline,60.0,0.7806421090000004,early_sustained_up,early,sustained,60.0,1.2792474029999994
1769531_at,YGL138C,,YGL138C,none,none,none,,-0.25858964399999973,none,none,none,,0.24530235599999983
1769534_at,EFR3,EFR3,YMR212C,none,none,none,,-0.15670470000000059,none,none,none,,-0.28301437799999896
1769538_at,HOL1,HOL1,YNR055C,none,none,none,,0.003960570000000274,none,none,none,,-0.5737794229999995
1769539_at,SSU72,SSU72,YNL222W,none,none,none,,-0.2197727839999999,none,none,none,,0.8794949609999989
1769541_at,PUF2,PUF2,YPR042C,none,none,none,,-0.16476430200000003,none,none,none,,-0.6866863580000002
1769544_at,YLR149C,,YLR149C,early_sustained_up,early,sustained,30.0,2.501332026,early_sustained_up,early,sustained,30.0,4.924311473
1769549_at,FSF1,FSF1,YOR271C,none,none,none,,-0.35415667000000006,late_sustained_down,late,sustained,100.0,-1.7697657099999997
1769550_at,RIX1,RIX1,YHR197W,early_transient_down,early,transient,30.0,-0.4308357170000008,early_sustained_down,early,sustained,60.0,-2.2823443569999995
1769551_at,FUN19,FUN19,YAL034C,none,none,none,,0.31331046399999884,late_sustained_up,late,sustained,100.0,1.7351541690000012
1769554_at,LPX1,LPX1,YOR084W,none,none,none,,-0.0820387750000009,none,none,none,,-0.24606791999999977
1769555_at,SCY1,SCY1,YGL083W,none,none,none,,-0.2960377579999989,none,none,none,,-0.6247992929999997
1769556_at,MTQ2,MTQ2,YDR140W,none,none,none,,-0.16752599800000034,none,none,none,,0.45824222999999975
1769557_at,SKY1,SKY1,YMR216C,none,none,none,,-0.07624236600000067,none,none,none,,-0.5470190679999991
1769558_at,MHP1,MHP1,YJL042W,none,none,none,,0.049617145999999224,none,none,none,,0.48792124600000086
1769562_at,TRS31,TRS31,YDR472W,none,none,none,,-0.09767755699999903,none,none,none,,0.4043603349999998
1769564_at,UME6,UME6,YDR207C,none,none,none,,-0.03458535700000098,none,none,none,,-0.16581298800000077
1769566_at,RPN2,RPN2,YIL075C,none,none,none,,-0.33740706999999936,late_sustained_up,late,sustained,100.0,1.1082631500000009
1769568_at,NMA2,NMA2,YGR010W,early_transient_up,early,transient,30.0,-0.29228306399999937,early_sustained_up,early,sustained,60.0,1.0911567909999995
1769570_at,MNN10,MNN10,YDR245W,none,none,none,,-0.3907626200000003,none,none,none,,-0.7937198700000003
1769571_at,PRP3,PRP3,YDR473C,none,none,none,,-0.10743064999999952,none,none,none,,0.626389605
1769573_at,TUF1,TUF1,YOR187W,none,none,none,,0.38787942000000086,none,none,none,,-0.20955174999999926
1769575_at,VPS60,VPS60,YDR486C,none,none,none,,-0.05433871099999976,none,none,none,,0.3378259769999996
1769576_at,YMR003W,,YMR003W,none,none,none,,-0.11696297700000002,none,none,none,,-0.8245240410000001
1769579_at,GPG1,GPG1,YGL121C,early_sustained_up,early,sustained,60.0,2.5242008459999994,early_sustained_up,early,sustained,60.0,4.220257239
1769580_at,MNN5,MNN5,YJL186W,none,none,none,,0.003807769999999877,late_sustained_down,late,sustained,100.0,-1.1634580620000001
1769585_at,YBR285W,,YBR285W,none,none,none,,1.1089878250000003,early_sustained_up,early,sustained,60.0,1.6926911190000005
1769586_at,YAP7,YAP7,YOL028C,none,none,none,,-0.00018025700000023903,none,none,none,,-0.8977481699999998
1769587_at,ERG8,ERG8,YMR220W,none,none,none,,0.06057539000000034,none,none,none,,0.14956261000000026
1769591_at,NUP60,NUP60,YAR002W,none,none,none,,-0.3008160600000007,none,none,none,,0.2401848399999995
1769597_at,ERB1,ERB1,YMR049C,early_transient_down,early,transient,30.0,-0.3966111199999993,early_sustained_down,early,sustained,60.0,-3.010768155000001
1769598_at,VPS5,VPS5,YOR069W,none,none,none,,-0.16438051000000087,early_sustained_up,early,sustained,60.0,1.7763424639999998
1769599_at,PEX29,PEX29,YDR479C,none,none,none,,0.3111425539999999,early_sustained_up,early,sustained,60.0,2.235741803
1769600_at,KAE1,KAE1,YKR038C,none,none,none,,-0.09475037400000019,none,none,none,,0.2867638199999991
1769601_at,ISR1,ISR1,YPR106W,none,none,none,,-0.3919931049999992,late_sustained_up,late,sustained,100.0,1.2705051210000011
1769602_at,SHE1,SHE1,YBL031W,none,none,none,,-0.18137742200000062,none,none,none,,-1.1734550639999997
1769603_at,UBP2,UBP2,YOR124C,none,none,none,,-0.10249559000000019,late_sustained_up,late,sustained,140.0,1.23241857
1769604_at,ATG9,ATG9,YDL149W,none,none,none,,0.03440537700000057,early_sustained_up,early,sustained,60.0,2.2726733239999994
1769606_at,IPT1,IPT1,YDR072C,none,none,none,,-0.2733487600000011,none,none,none,,-0.3176397529999999
1769607_at,KAR9,KAR9,YPL269W,none,none,none,,-0.26599171799999954,none,none,none,,-1.144828886
1769608_at,RMD9,RMD9,YGL107C,none,none,none,,-0.15042953000000026,none,none,none,,-0.4718543850000003
1769609_at,YGR110W,,YGR110W,none,none,none,,0.2008821230000004,early_sustained_up,early,sustained,60.0,2.0321800910000007
1769610_at,YOR394C-A,,YOR394C-A,none,none,none,,-0.4291309389999993,none,none,none,,0.1922688319999999
1769614_at,MID1,MID1,YNL291C,none,none,none,,-0.08387015500000139,late_sustained_down,late,sustained,100.0,-1.4163953330000005
1769617_at,ICS2,ICS2,YBR157C,none,none,none,,-0.4929407639999992,none,none,none,,-0.8536570599999997
1769620_at,ACP1,ACP1,YKL192C,none,none,none,,-0.0022899699999996415,none,none,none,,-0.3533275499999995
1769621_at,DID2,DID2,YKR035W-A,none,none,none,,-0.20537531299999934,none,none,none,,0.24464107300000038
1769622_at,YJL047C-A,,YJL047C-A,none,none,none,,-0.011712949000000528,early_sustained_down,early,sustained,60.0,-2.3749220319999997
1769624_at,YLR283W,,YLR283W,none,none,none,,0.10021385899999924,none,none,none,,0.7938071950000003
1769626_at,YMR291W,,YMR291W,early_sustained_up,early,sustained,60.0,1.0105117759999995,early_sustained_up,early,sustained,60.0,1.035579577
1769627_at,PCD1,PCD1,YLR151C,early_partial_decline_up,early,partial_decline,60.0,0.7553931449999993,early_sustained_up,early,sustained,60.0,2.4669769609999994
1769628_at,SEY1,SEY1,YOR165W,none,none,none,,-0.20904604399999904,none,none,none,,-0.5727810980000001
1769634_at,IRE1,IRE1,YHR079C,none,none,none,,-0.18132029199999966,late_sustained_down,late,sustained,140.0,-1.370929234
1769635_at,ADD37,ADD37,YMR184W,none,none,none,,0.22478915000000121,none,none,none,,0.6087340799999996
1769637_at,POP8,POP8,YBL018C,none,none,none,,-0.3241134920000004,early_sustained_down,early,sustained,60.0,-1.9795818570000003
1769638_at,YNL095C,,YNL095C,none,none,none,,-0.30096466299999847,early_sustained_down,early,sustained,60.0,-1.5353943120000002
1769640_at,ELP4,ELP4,YPL101W,none,none,none,,-0.4667331000000008,none,none,none,,-0.6664434959999994
1769642_at,ASN2,ASN2,YGR124W,none,none,none,,-0.12072563999999986,none,none,none,,0.6136758400000009
1769643_at,SSE2,SSE2,YBR169C,early_transient_up,early,transient,30.0,0.7078218449999998,early_sustained_up,early,sustained,30.0,2.9706479209999994
1769645_at,NAT4,NAT4,YMR069W,none,none,none,,0.3448038860000002,none,none,none,,0.11226124000000048
1769647_at,DOS2,DOS2,YDR068W,none,none,none,,0.04132723999999932,none,none,none,,0.2664148950000005
1769648_at,RGD1,RGD1,YBR260C,none,none,none,,-0.0790292560000001,late_sustained_up,late,sustained,100.0,1.3676552450000017
1769649_at,PSP2,PSP2,YML017W,none,none,none,,-0.09806859499999998,none,none,none,,-0.7645821369999997
1769650_at,PKH3,PKH3,YDR466W,none,none,none,,-0.008398069000000064,none,none,none,,0.006249352999999402
1769653_s_at,BUD5,BUD5,YCL068C,none,none,none,,-0.2007485769999997,none,none,none,,0.0012953049999993027
1769654_at,SWP82,SWP82,YFL049W,none,none,none,,-0.150929949,none,none,none,,-0.26370637900000027
1769655_at,MRP49,MRP49,YKL167C,none,none,none,,0.13126796999999968,none,none,none,,0.47016746000000076
1769657_at,DSE3,DSE3,YOR264W,none,none,none,,-0.7378680319999997,late_sustained_down,late,sustained,140.0,-2.185918814999999
1769659_at,YPS6,YPS6,YIR039C,early_sustained_up,early,sustained,30.0,1.1878600320000006,early_sustained_up,early,sustained,60.0,2.3122507029999992
1769663_at,RPS29B,RPS29B,YDL061C,none,none,none,,-0.06235191999999934,none,none,none,,-0.9472799199999997
1769665_at,SLD2,SLD2,YKL108W,none,none,none,,-0.2509817759999997,none,none,none,,0.8781796550000003
1769666_at,APC2,APC2,YLR127C,none,none,none,,0.04100268599999968,none,none,none,,0.7230061440000002
1769667_at,SMF1,SMF1,YOL122C,none,none,none,,0.37648632299999996,none,none,none,,-0.8595241080000005
1769670_at,CBT1,CBT1,YKL208W,none,none,none,,0.164642572,late_sustained_up,late,sustained,100.0,1.1015535210000005
1769671_at,YPR117W,,YPR117W,none,none,none,,0.2544208760000011,none,none,none,,-1.0053135780000009
1769674_at,DBP1,DBP1,YPL119C,early_transient_up,early,transient,30.0,0.4746253219999996,early_sustained_up,early,sustained,60.0,2.547865515
1769675_at,YDL177C,,YDL177C,none,none,none,,-0.20446938999999986,none,none,none,,-0.7146573719999996
1769677_at,REF2,REF2,YDR195W,none,none,none,,-0.3914669909999997,none,none,none,,-0.19828740700000047
1769679_at,PIC2,PIC2,YER053C,early_sustained_up,early,sustained,30.0,1.2675850690000008,early_sustained_up,early,sustained,30.0,2.4971891619999997
1769681_at,WSC3,WSC3,YOL105C,none,none,none,,-0.09249438199999993,none,none,none,,-0.5553014859999994
1769682_at,PIN2,PIN2,YOR104W,none,none,none,,0.017680914999999686,none,none,none,,0.06128816000000015
1769683_at,LEU2,LEU2,YCL018W,none,none,none,,0.25811232999999945,none,none,none,,0.4526930999999994
1769684_at,ALG1,ALG1,YBR110W,none,none,none,,0.15141364599999996,none,none,none,,0.25991630600000093
1769685_at,EUG1,EUG1,YDR518W,none,none,none,,0.6137823959999995,none,none,none,,-0.13262267600000044
1769688_at,YDR210W,,YDR210W,none,none,none,,-0.015345330000000601,none,none,none,,0.06580639000000055
1769690_at,RAV1,RAV1,YJR033C,none,none,none,,0.20252238600000005,early_sustained_up,early,sustained,60.0,1.6589805030000004
1769691_at,ALT1,ALT1,YLR089C,none,none,none,,0.16495429000000073,none,none,none,,0.9221268399999989
1769694_at,YBL036C,,YBL036C,none,none,none,,-0.24469278000000116,none,none,none,,-0.4220652969999996
1769695_at,ESC2,ESC2,YDR363W,none,none,none,,-0.35011935600000044,none,none,none,,-0.5509273530000005
1769697_at,RER2,RER2,YBR002C,none,none,none,,-0.3725939349999994,none,none,none,,-0.9583064669999999
1769698_at,TAF7,TAF7,YMR227C,none,none,none,,-0.3090750790000003,none,none,none,,1.1248190880000006
1769703_at,PHS1,PHS1,YJL097W,none,none,none,,0.09942466999999944,none,none,none,,-0.18930572000000012
1769707_at,DCP2,DCP2,YNL118C,none,none,none,,-0.2822897409999996,none,none,none,,0.8604205010000001
1769708_at,YIL161W,,YIL161W,none,none,none,,-0.24607310399999882,late_sustained_down,late,sustained,140.0,-1.1758854039999989
1769709_at,SPB1,SPB1,YCL054W,early_transient_down,early,transient,30.0,-0.5086282610000001,early_sustained_down,early,sustained,30.0,-3.7594969369999998
1769710_at,SOK1,SOK1,YDR006C,none,none,none,,-0.09903425300000102,none,none,none,,0.055829451999999335
1769711_at,YOL019W-A,,YOL019W-A,none,none,none,,0.16545560099999967,none,none,none,,-0.5151416500000003
1769713_at,YOL162W,,YOL162W,early_sustained_up,early,sustained,60.0,1.4088511989999999,early_sustained_up,early,sustained,60.0,2.6105295
1769716_at,THI22,THI22,YPR121W,none,none,none,,-0.016593371999999995,none,none,none,,-0.4860893329999998
1769717_at,NTO1,NTO1,YPR031W,none,none,none,,0.22073863800000026,early_partial_decline_down,early,partial_decline,60.0,-0.8807156249999997
1769719_at,ACT1,ACT1,YFL039C,none,none,none,,0.036970730000000174,none,none,none,,0.09979900999999991
1769720_at,RGD2,RGD2,YFL047W,none,none,none,,-0.2147883660000005,none,none,none,,-0.945990533999999
1769721_at,GPI8,GPI8,YDR331W,none,none,none,,-0.2502357909999997,late_sustained_down,late,sustained,100.0,-1.310520297
1769723_at,YGR174W-A,,YGR174W-A,early_transient_up,early,transient,60.0,0.4410111990000001,late_sustained_up,late,sustained,100.0,1.8705250770000004
1769726_at,SLF1,SLF1,YDR515W,none,none,none,,-0.17837378200000042,early_sustained_up,early,sustained,60.0,1.629463685000001
1769727_s_at,RPL41A /// RPL41B,RPL41A /// RPL41B,YDL184C,early_sustained_down,early,sustained,60.0,-1.2678896270000006,early_sustained_down,early,sustained,30.0,-1.749888405
1769730_at,FUR1,FUR1,YHR128W,early_transient_down,early,transient,60.0,-0.32941420000000043,early_sustained_down,early,sustained,60.0,-3.445503703999999
1769731_at,EXG2,EXG2,YDR261C,none,none,none,,0.34015408800000024,none,none,none,,-1.1994732950000007
1769732_at,ATP19,ATP19,YOL077W-A,none,none,none,,0.35121858000000117,none,none,none,,-0.6807990900000007
1769735_at,APS2,APS2,YJR058C,none,none,none,,-0.24569828000000093,none,none,none,,0.6333128499999994
1769740_at,APC4,APC4,YDR118W,none,none,none,,0.12206320899999934,late_sustained_up,late,sustained,100.0,1.4660405259999996
1769741_at,VBA4,VBA4,YDR119W,none,none,none,,0.0659646200000008,late_sustained_down,late,sustained,100.0,-1.8029454779999998
1769742_at,HNT1,HNT1,YDL125C,none,none,none,,-0.025708870000000772,none,none,none,,-0.4513592099999997
1769743_s_at,RPL35A /// RPL35B,RPL35A /// RPL35B,YDL191W,none,none,none,,-0.0777983399999993,late_sustained_down,late,sustained,140.0,-1.0906367699999997
1769745_at,YMR178W,,YMR178W,none,none,none,,0.01938481000000003,none,none,none,,0.5674177199999999
1769746_at,GCD2,GCD2,YGR083C,none,none,none,,-0.36159439200000065,none,none,none,,-0.7875769150000007
1769750_at,MET32,MET32,YDR253C,none,none,none,,-0.09597465700000019,late_sustained_up,late,sustained,100.0,1.883728522000001
1769751_at,YOR285W,,YOR285W,none,none,none,,0.5859919800000011,late_sustained_up,late,sustained,100.0,1.26051176
1769756_at,KAP104,KAP104,YBR017C,none,none,none,,-0.18689741000000026,none,none,none,,-0.45840042000000025
1769758_at,RVB2,RVB2,YPL235W,none,none,none,,-0.31348106000000087,none,none,none,,-0.30963209999999997
1769759_at,YFL067W,,YFL067W,none,none,none,,-0.058672310000000394,late_sustained_down,late,sustained,140.0,-1.1119615279999997
1769760_at,PRP38,PRP38,YGR075C,none,none,none,,-0.011748138999999824,none,none,none,,0.7956350270000003
1769764_at,YOR223W,,YOR223W,none,none,none,,-0.08387321599999975,early_sustained_up,early,sustained,60.0,1.7918113160000004
1769765_at,RPL19A,RPL19A,YBR084C-A,none,none,none,,0.015032679999999132,late_sustained_down,late,sustained,100.0,-1.4429545399999988
1769766_at,PHO89,PHO89,YBR296C,none,none,none,,0.5490253410000001,none,none,none,,1.03297932
1769767_at,CSM2,CSM2,YIL132C,none,none,none,,0.39120895399999966,none,none,none,,-0.5614386539999998
1769770_at,TEM1,TEM1,YML064C,none,none,none,,-0.11569743699999968,none,none,none,,-0.5359121519999999
1769773_at,YDL176W,,YDL176W,none,none,none,,0.0614072590000001,none,none,none,,0.9930396790000007
1769774_at,YGL114W,,YGL114W,early_transient_up,early,transient,30.0,-0.20987140300000107,early_sustained_up,early,sustained,30.0,1.977997134999999
1769775_at,SOP4,SOP4,YJL192C,none,none,none,,-0.006639189999999573,none,none,none,,-0.3370991299999986
1769776_at,GPA1,GPA1,YHR005C,none,none,none,,-0.2403278800000006,none,none,none,,0.733440439999999
1769777_at,SPO19,SPO19,YPL130W,none,none,none,,0.1420943389999998,none,none,none,,-0.4744178250000002
1769778_at,YAE1,YAE1,YJR067C,none,none,none,,-0.159438132,early_sustained_down,early,sustained,60.0,-1.0108267269999995
1769779_at,ABP1,ABP1,YCR088W,none,none,none,,0.271335294,none,none,none,,0.29701387999999973
1769781_at,SHE9,SHE9,YDR393W,none,none,none,,0.27283619299999984,none,none,none,,0.06348091200000017
1769782_at,CBP3,CBP3,YPL215W,none,none,none,,-0.030459474000000597,none,none,none,,0.12263003099999992
1769783_at,SCW4,SCW4,YGR279C,none,none,none,,0.19217461000000036,none,none,none,,-0.11127347999999948
1769785_at,EFB1,EFB1,YAL003W,none,none,none,,-0.04392890999999999,late_sustained_down,late,sustained,100.0,-1.2991640600000007
1769786_at,YOR161C-C,,YOR161C-C,early_transient_up,early,transient,30.0,0.2477158100000003,early_sustained_up,early,sustained,30.0,2.9807407610000003
1769788_at,NSE5,NSE5,YML023C,none,none,none,,0.07067137599999995,none,none,none,,0.05247817799999943
1769791_at,CDC37,CDC37,YDR168W,none,none,none,,-0.039322309999999305,late_sustained_up,late,sustained,100.0,1.3148396200000008
1769792_at,DSD1,DSD1,YGL196W,none,none,none,,-0.13630350200000052,early_sustained_up,early,sustained,60.0,1.0717024599999991
1769793_at,CDC26,CDC26,YFR036W,none,none,none,,-0.2079479639999997,none,none,none,,-0.7905389000000005
1769795_at,AVT5,AVT5,YBL089W,none,none,none,,0.025045012999999727,none,none,none,,-0.44856798700000056
1769796_at,NDT80,NDT80,YHR124W,none,none,none,,0.3324572229999996,late_sustained_up,late,sustained,140.0,1.1833914649999997
1769798_at,YGL036W,,YGL036W,none,none,none,,0.2536290609999998,none,none,none,,0.387424652
1769799_at,LCB3,LCB3,YJL134W,none,none,none,,-0.015929799000000244,none,none,none,,0.3107939090000009
1769800_at,COX20,COX20,YDR231C,early_transient_up,early,transient,30.0,0.42824408299999916,early_sustained_up,early,sustained,60.0,2.0041386369999987
1769801_at,BZZ1,BZZ1,YHR114W,none,none,none,,0.07250265200000072,none,none,none,,0.6150184959999994
1769802_at,SPT5,SPT5,YML010W,none,none,none,,-0.3368141859999998,none,none,none,,-0.6122839940000002
1769803_s_at,CUP1-1 /// CUP1-2,CUP1-1 /// CUP1-2,YHR053C,none,none,none,,-0.41191474999999933,none,none,none,,0.20016086000000044
1769804_at,VPS73,VPS73,YGL104C,early_transient_up,early,transient,60.0,0.6289700499999995,early_sustained_up,early,sustained,60.0,2.303977241
1769805_at,ALD3,ALD3,YMR169C,early_sustained_up,early,sustained,30.0,1.7094471249999996,early_sustained_up,early,sustained,60.0,3.631310514000001
1769806_at,YMR226C,,YMR226C,none,none,none,,0.28208427000000036,none,none,none,,0.31116283000000067
1769808_at,EMI5,EMI5,YOL071W,early_transient_up,early,transient,60.0,0.6241434479999999,early_sustained_up,early,sustained,60.0,1.433894962
1769809_at,YDL012C,,YDL012C,none,none,none,,-0.4189075899999999,none,none,none,,-0.7949255380000011
1769810_at,EBS1,EBS1,YDR206W,none,none,none,,-0.1855694200000002,none,none,none,,-0.04607144400000074
1769812_at,CTF8,CTF8,YHR191C,none,none,none,,-0.2282146270000016,none,none,none,,0.5045338610000005
1769813_at,SCD5,SCD5,YOR329C,none,none,none,,0.03208911800000003,late_sustained_up,late,sustained,100.0,1.464562712000001
1769818_at,PLB3,PLB3,YOL011W,none,none,none,,-0.3506975539999999,late_sustained_down,late,sustained,100.0,-1.4302056279999995
1769819_at,SNF8,SNF8,YPL002C,none,none,none,,0.018147640000000465,none,none,none,,0.7028117680000001
1769823_at,BCK2,BCK2,YER167W,none,none,none,,0.14284547099999934,none,none,none,,-0.09952320799999903
1769828_at,MST1,MST1,YKL194C,none,none,none,,0.5139681750000005,none,none,none,,-0.0718579039999998
1769829_at,RPS18A,RPS18A,YDR450W,none,none,none,,-0.03422643000000036,late_sustained_down,late,sustained,140.0,-1.5570522899999997
1769832_at,YNR062C,,YNR062C,none,none,none,,-0.07404183700000022,none,none,none,,-0.10919142200000032
1769833_at,OPI1,OPI1,YHL020C,none,none,none,,-0.38097872700000046,none,none,none,,-0.11725124200000003
1769834_at,HST3,HST3,YOR025W,none,none,none,,-0.6144080469999995,early_sustained_down,early,sustained,60.0,-2.1899480219999994
1769837_at,TOS3,TOS3,YGL179C,none,none,none,,0.31570009200000015,none,none,none,,0.305482896
1769844_at,FMP32,FMP32,YFL046W,none,none,none,,-0.20706946800000026,none,none,none,,-0.4745556219999987
1769845_at,GUT1,GUT1,YHL032C,none,none,none,,0.08658316899999985,none,none,none,,0.9307140059999996
1769848_at,TGL1,TGL1,YKL140W,none,none,none,,-0.05080732100000063,none,none,none,,0.37640439000000114
1769850_at,HHO1,HHO1,YPL127C,none,none,none,,-0.09000746400000104,none,none,none,,-1.0249704399999988
1769851_at,TRP3,TRP3,YKL211C,none,none,none,,-0.34438472000000075,none,none,none,,-0.6294450499999993
1769852_at,MAK5,MAK5,YBR142W,early_transient_down,early,transient,30.0,-0.3946140059999994,early_sustained_down,early,sustained,60.0,-1.769172553999999
1769853_at,PCA1,PCA1,YBR295W,none,none,none,,-0.04165577499999884,none,none,none,,0.4775489789999998
1769854_at,CRF1,CRF1,YDR223W,none,none,none,,0.14602657500000005,late_sustained_up,late,sustained,140.0,1.308121092
1769857_at,MDH1,MDH1,YKL085W,late_partial_decline_up,late,partial_decline,100.0,0.9111153600000002,late_sustained_up,late,sustained,100.0,1.7814584600000014
1769858_at,RPL15A,RPL15A,YLR029C,none,none,none,,-0.04421428000000027,none,none,none,,-0.45331083999999855
1769860_at,HTL1,HTL1,YCR020W-B,none,none,none,,0.10723323299999965,none,none,none,,1.2634347080000001
1769863_at,RRN7,RRN7,YJL025W,early_transient_down,early,transient,30.0,-0.07630461099999941,early_sustained_down,early,sustained,30.0,-1.542743938
1769865_at,CSM3,CSM3,YMR048W,none,none,none,,-0.010768351999999481,none,none,none,,-0.7845060189999993
1769866_at,MRPL15,MRPL15,YLR312W-A,none,none,none,,0.05778994699999984,none,none,none,,-0.29371634700000016
1769868_at,RPM2,RPM2,YML091C,early_transient_up,early,transient,30.0,0.38858871899999947,early_sustained_up,early,sustained,30.0,1.2596290339999996
1769870_at,ECM38,ECM38,YLR299W,early_transient_up,early,transient,30.0,0.24312378499999987,early_sustained_up,early,sustained,60.0,1.6333129979999992
1769871_at,ECM16,ECM16,YMR128W,early_transient_down,early,transient,30.0,-0.38048658099999955,early_sustained_down,early,sustained,60.0,-2.660736934
1769874_at,NCA2,NCA2,YPR155C,none,none,none,,0.2010990699999997,early_sustained_up,early,sustained,60.0,2.118796250000001
1769875_at,VPS34,VPS34,YLR240W,none,none,none,,0.18503590200000097,late_sustained_up,late,sustained,100.0,1.3930882100000002
1769876_at,YOR338W,,YOR338W,none,none,none,,-0.14252558599999965,none,none,none,,1.4871131099999992
1769877_at,RPL34B,RPL34B,YIL052C,none,none,none,,-0.00756031000000057,late_sustained_down,late,sustained,100.0,-1.3777647300000009
1769880_at,YLR137W,,YLR137W,none,none,none,,0.29681390799999896,early_sustained_up,early,sustained,60.0,1.674813069999999
1769885_at,ELO1,ELO1,YJL196C,none,none,none,,0.4043562000000005,none,none,none,,-0.6336496399999998
1769887_at,NSG1,NSG1,YHR133C,none,none,none,,-0.11051984000000026,none,none,none,,-0.6991934499999992
1769888_at,SYC1,SYC1,YOR179C,none,none,none,,-0.12283444400000043,none,none,none,,0.06673014300000091
1769890_at,RRB1,RRB1,YMR131C,early_transient_down,early,transient,60.0,-0.30524620999999996,early_sustained_down,early,sustained,60.0,-2.82172102
1769891_at,POR1 /// POR2,POR1 /// POR2,YNL055C,none,none,none,,0.7586737699999997,none,none,none,,0.7493724900000007
1769892_at,MCM22,MCM22,YJR135C,none,none,none,,-0.5024749279999998,none,none,none,,-0.3846186230000006
1769895_at,MET18,MET18,YIL128W,none,none,none,,-0.029313302000000263,none,none,none,,-0.7281483529999999
1769900_at,ATG14,ATG14,YBR128C,none,none,none,,0.40581045899999957,early_sustained_up,early,sustained,30.0,3.572034468
1769901_at,CDC50,CDC50,YCR094W,none,none,none,,-0.15944510899999997,none,none,none,,0.048663788999999014
1769903_at,TUB4,TUB4,YLR212C,none,none,none,,-0.30773447699999856,none,none,none,,-0.08827781399999957
1769904_at,KIN28,KIN28,YDL108W,none,none,none,,-0.027916984000000866,none,none,none,,0.6710274279999986
1769905_at,DAN4,DAN4,YJR151C,none,none,none,,0.19865950199999993,none,none,none,,0.3294078779999996
1769906_at,CUE5,CUE5,YOR042W,none,none,none,,0.019071380000001525,late_sustained_up,late,sustained,100.0,1.2987973900000007
1769907_at,RTG2,RTG2,YGL252C,none,none,none,,-0.3108217479999986,none,none,none,,0.557328180999999
1769908_at,YPT6,YPT6,YLR262C,none,none,none,,-0.2698890900000013,none,none,none,,-0.394759573
1769913_s_at,THI11 /// THI12 /// THI13 /// THI5,THI11 /// THI12 /// THI13 /// THI5,YDL244W,late_sustained_up,late,sustained,100.0,1.569954664,early_sustained_up,early,sustained,60.0,2.270405447
1769914_at,RAD55,RAD55,YDR076W,none,none,none,,0.09391663899999969,none,none,none,,-0.4090736580000005
1769916_at,COF1,COF1,YLL050C,none,none,none,,0.10955142000000073,none,none,none,,0.12778793000000022
1769919_at,RPL5,RPL5,YPL131W,none,none,none,,-0.04387585999999999,none,none,none,,-0.6844081600000003
1769921_at,YMR221C,,YMR221C,none,none,none,,-0.072078470000001,none,none,none,,-0.8457430979999998
1769925_at,HPC2,HPC2,YBR215W,none,none,none,,-0.18822815199999887,none,none,none,,0.3855346500000003
1769927_at,SHG1,SHG1,YBR258C,none,none,none,,0.0937028720000006,none,none,none,,-0.10521548499999955
1769929_at,RPL22B,RPL22B,YFL034C-A,none,none,none,,0.2001020000000011,early_sustained_down,early,sustained,60.0,-2.2814191150000003
1769931_at,BET3,BET3,YKR068C,none,none,none,,-0.1566340799999999,none,none,none,,0.6053360800000007
1769932_at,BTT1,BTT1,YDR252W,none,none,none,,-0.09962012699999967,none,none,none,,0.21552878399999997
1769935_at,ISA1,ISA1,YLL027W,none,none,none,,-0.14720791000000055,none,none,none,,0.30228569999999877
1769936_at,DOA4,DOA4,YDR069C,early_transient_up,early,transient,30.0,0.30642970999999974,early_sustained_up,early,sustained,30.0,1.276001537
1769937_at,MIS1,MIS1,YBR084W,early_transient_down,early,transient,60.0,-0.3249337499999996,late_sustained_down,late,sustained,100.0,-2.7114972589999997
1769938_at,RMA1,RMA1,YKL132C,none,none,none,,-0.21151958599999965,none,none,none,,0.3225383939999995
1769942_at,RPB11,RPB11,YOL005C,none,none,none,,-0.4214554699999997,none,none,none,,-0.8123121500000003
1769943_at,ACO2,ACO2,YJL200C,none,none,none,,-0.12310475999999859,none,none,none,,-0.834105000000001
1769945_at,SRP40,SRP40,YKR092C,early_transient_down,early,transient,30.0,-0.21555741099999892,early_sustained_down,early,sustained,30.0,-3.6353370630000006
1769946_at,UTH1,UTH1,YKR042W,none,none,none,,0.27611040999999936,none,none,none,,-0.05146198999999996
1769948_at,RIT1,RIT1,YMR283C,none,none,none,,-0.24291762200000022,none,none,none,,0.25712008899999894
1769951_at,IML2,IML2,YJL082W,none,none,none,,0.4448016569999993,none,none,none,,0.4907197940000003
1769952_at,SFA1,SFA1,YDL168W,none,none,none,,-0.03995818999999834,late_sustained_up,late,sustained,140.0,1.261397709999999
1769954_at,GCN1,GCN1,YGL195W,none,none,none,,-0.138202849999999,late_sustained_down,late,sustained,140.0,-1.4094633230000007
1769955_at,CTT1,CTT1,YGR088W,early_sustained_up,early,sustained,30.0,1.2641772100000006,early_sustained_up,early,sustained,30.0,1.9894849169999995
1769958_at,GID8,GID8,YMR135C,early_partial_decline_up,early,partial_decline,30.0,0.7629913349999997,early_sustained_up,early,sustained,60.0,3.057996952
1769959_at,NDE2,NDE2,YDL085W,early_sustained_up,early,sustained,60.0,1.464051274,late_sustained_up,late,sustained,100.0,2.3149372369999996
1769961_at,PHO13,PHO13,YDL236W,none,none,none,,0.023836429999999353,none,none,none,,-1.129895959999999
1769962_at,EXG1,EXG1,YLR300W,none,none,none,,-0.07200597000000108,late_sustained_down,late,sustained,100.0,-2.768808862
1769967_at,RBK1,RBK1,YCR036W,none,none,none,,0.16034969000000032,none,none,none,,1.0415189499999986
1769968_at,GDB1,GDB1,YPR184W,early_sustained_up,early,sustained,60.0,1.1864911300000003,late_sustained_up,late,sustained,100.0,1.3476937689999993
1769972_at,INM1,INM1,YHR046C,none,none,none,,0.16521620099999978,early_sustained_down,early,sustained,30.0,-1.1961888589999994
1769973_at,CLB1,CLB1,YGR108W,none,none,none,,0.17897780299999866,early_sustained_down,early,sustained,60.0,-2.552281119
1769977_at,ATP4,ATP4,YPL078C,none,none,none,,0.2168884000000002,none,none,none,,0.5186054500000008
1769978_at,RXT2,RXT2,YBR095C,none,none,none,,-0.14304876400000133,none,none,none,,0.6357394900000006
1769979_at,STE50,STE50,YCL032W,none,none,none,,0.06095654599999989,none,none,none,,0.8945349490000005
1769981_at,APL2,APL2,YKL135C,none,none,none,,-0.13433780599999956,none,none,none,,1.083653753
1769982_at,ECM8,ECM8,YBR076W,none,none,none,,0.33334448000000005,none,none,none,,-0.4908057380000006
1769986_at,HBT1,HBT1,YDL223C,early_sustained_up,early,sustained,60.0,1.0084810529999997,late_sustained_up,late,sustained,100.0,1.6576610880000002
1769988_at,DSE4,DSE4,YNR067C,none,none,none,,-0.7166021629999992,late_sustained_down,late,sustained,100.0,-3.063950665
1769992_at,PRP16,PRP16,YKR086W,none,none,none,,-0.1561796959999997,none,none,none,,-0.37755154999999974
1769993_at,PCH2,PCH2,YBR186W,none,none,none,,0.21766807300000002,late_sustained_up,late,sustained,100.0,1.628874154
1769994_at,SRB5,SRB5,YGR104C,none,none,none,,-0.2587257480000007,late_sustained_up,late,sustained,100.0,1.1678536780000002
1769997_at,SEO1,SEO1,YAL067C,none,none,none,,0.1373695800000001,none,none,none,,0.25140423000000034
1769998_at,YLR346C,,YLR346C,late_sustained_down,late,sustained,100.0,-1.356315550999999,early_sustained_up,early,sustained,30.0,2.0118698139999998
1770001_at,EMI2,EMI2,YDR516C,early_sustained_up,early,sustained,30.0,1.6996829910000013,early_sustained_up,early,sustained,60.0,2.9875381159999996
1770003_at,YDR239C,,YDR239C,none,none,none,,-0.1611520629999994,late_sustained_up,late,sustained,140.0,1.1556944530000006
1770008_at,FAF1,FAF1,YIL019W,early_transient_down,early,transient,30.0,-0.6192084060000003,early_sustained_down,early,sustained,60.0,-2.462580280000001
1770009_at,MGR3,MGR3,YMR115W,none,none,none,,-0.17549141699999993,early_sustained_up,early,sustained,60.0,2.110334053999999
1770010_at,YDL173W,,YDL173W,none,none,none,,-0.0970929199999997,late_sustained_down,late,sustained,100.0,-1.382737861999999
1770011_at,RIB2,RIB2,YOL066C,none,none,none,,-0.3198597459999988,none,none,none,,-0.020058816999998896
1770012_at,PDI1,PDI1,YCL043C,none,none,none,,-0.009485740000000575,none,none,none,,0.49804288000000163
1770013_at,YFL052W,,YFL052W,none,none,none,,0.8784022480000004,none,none,none,,0.8758925880000001
1770014_at,VMA8,VMA8,YEL051W,none,none,none,,-0.030172800000000777,none,none,none,,-0.38799653000000056
1770015_at,YOR011W-A,,YOR011W-A,none,none,none,,0.2949359450000002,none,none,none,,-0.07431921699999977
1770016_at,RIA1,RIA1,YNL163C,none,none,none,,-0.22318657200000125,none,none,none,,-0.3160374570000002
1770017_at,PMC1,PMC1,YGL006W,none,none,none,,0.26794085199999884,none,none,none,,0.6262313549999998
1770020_at,NCS6,NCS6,YGL211W,none,none,none,,-0.42829199100000004,early_sustained_down,early,sustained,60.0,-1.2430644599999994
1770023_at,PSA1,PSA1,YDL055C,none,none,none,,-0.17134148999999965,late_sustained_down,late,sustained,140.0,-1.7585622499999989
1770026_at,PEP1,PEP1,YBL017C,none,none,none,,-0.04119281000000008,none,none,none,,-0.20014613000000026
1770027_at,PGC1,PGC1,YPL206C,none,none,none,,0.1348092800000007,none,none,none,,0.7190242799999993
1770032_at,EEB1,EEB1,YPL095C,none,none,none,,-0.03702954899999966,none,none,none,,0.9484221670000004
1770034_at,MRPL37,MRPL37,YBR268W,none,none,none,,0.14646310000000007,none,none,none,,-0.09291926700000097
1770035_at,GUP1,GUP1,YGL084C,none,none,none,,0.014344550000000567,none,none,none,,0.05809630500000118
1770036_at,MSH2,MSH2,YOL090W,none,none,none,,0.10706090200000062,none,none,none,,0.021609956000000707
1770037_at,SHE10,SHE10,YGL228W,none,none,none,,-0.1480342400000012,none,none,none,,-0.6346173400000001
1770039_at,FRE6,FRE6,YLL051C,none,none,none,,-0.05574532600000026,none,none,none,,-0.020245627999999627
1770040_at,YLL014W,,YLL014W,none,none,none,,0.02696090999999967,none,none,none,,-0.2637807300000006
1770043_at,NMD3,NMD3,YHR170W,early_transient_down,early,transient,30.0,-0.42098860000000116,early_sustained_down,early,sustained,60.0,-2.244262236000001
1770044_at,TUB3,TUB3,YML124C,none,none,none,,-0.08850385999999943,none,none,none,,-1.260544920000001
1770047_at,RRP3,RRP3,YHR065C,none,none,none,,-0.39757520000000035,none,none,none,,-0.6369106710000008
1770048_at,YOR062C,,YOR062C,none,none,none,,0.42343816300000015,early_sustained_up,early,sustained,60.0,2.0113000140000006
1770049_at,PUP1,PUP1,YOR157C,none,none,none,,-0.2533162400000002,late_sustained_up,late,sustained,100.0,1.0171058300000002
1770050_at,YOL036W,,YOL036W,none,none,none,,-0.0769650249999998,none,none,none,,-0.49052310299999924
1770054_at,YPL067C,,YPL067C,none,none,none,,0.1893001569999999,none,none,none,,-0.5083066189999998
1770055_at,FKS3,FKS3,YMR306W,early_transient_up,early,transient,30.0,0.7576703929999997,none,none,none,,0.6010091099999997
1770056_at,CTR9,CTR9,YOL145C,none,none,none,,-0.3200449420000009,none,none,none,,0.1647640980000009
1770058_at,YOL098C,,YOL098C,none,none,none,,-0.15969747000000112,none,none,none,,0.89163456
1770059_at,COS9,COS9,YKL219W,none,none,none,,0.21741616299999933,none,none,none,,-0.170747694000001
1770062_at,PBP1,PBP1,YGR178C,none,none,none,,0.13691516999999997,none,none,none,,0.5335601299999997
1770063_at,DIS3,DIS3,YOL021C,none,none,none,,-0.4569130899999987,none,none,none,,-0.6201994099999997
1770065_at,IPP1,IPP1,YBR011C,none,none,none,,-0.039612810000001275,none,none,none,,0.029065609999999964
1770067_at,HIR3,HIR3,YJR140C,none,none,none,,-0.08573789400000109,none,none,none,,-0.6854888480000003
1770071_at,THI4,THI4,YGR144W,none,none,none,,0.6090768180000001,none,none,none,,0.5973514309999999
1770072_at,PLB1,PLB1,YMR008C,none,none,none,,0.0865649899999994,none,none,none,,-0.5380144500000004
1770073_s_at,HSP32 /// HSP33 /// SNO4,HSP32 /// HSP33 /// SNO4,YMR322C,early_sustained_up,early,sustained,60.0,2.148409624,late_sustained_up,late,sustained,100.0,2.47585679
1770074_at,YBR141C,,YBR141C,early_transient_down,early,transient,30.0,-0.5837819920000005,early_sustained_down,early,sustained,60.0,-1.1073543160000003
1770075_at,MRS3,MRS3,YJL133W,none,none,none,,-0.037478022000000166,none,none,none,,-0.8901237819999999
1770079_at,YNR061C,,YNR061C,none,none,none,,0.031546749999998625,none,none,none,,-0.18912423999999994
1770080_at,PET100,PET100,YDR079W,none,none,none,,0.35357574000000014,none,none,none,,0.39437977199999885
1770082_at,GUK1,GUK1,YDR454C,none,none,none,,-0.11547876999999929,none,none,none,,-0.6738158100000007
1770084_at,FAA3,FAA3,YIL009W,none,none,none,,-0.5902446959999992,early_sustained_down,early,sustained,60.0,-2.000163614999999
1770087_at,FUM1,FUM1,YPL262W,none,none,none,,0.3366648699999999,none,none,none,,-0.015785169999999127
1770088_at,YIL166C,,YIL166C,none,none,none,,0.1994081509999992,none,none,none,,0.12340156999999952
1770089_at,IRC5,IRC5,YFR038W,none,none,none,,0.053638922999999394,none,none,none,,0.07773977000000087
1770092_at,YDR266C,,YDR266C,none,none,none,,-0.16652191000000016,none,none,none,,-0.8905537779999992
1770093_at,YLR001C,,YLR001C,none,none,none,,0.2458401520000013,none,none,none,,0.5017028919999991
1770095_at,YER186C,,YER186C,none,none,none,,0.07218349500000087,none,none,none,,0.0922940479999994
1770098_at,PGA3,PGA3,YML125C,none,none,none,,-0.383002359999999,none,none,none,,0.40779717000000026
1770099_at,RPT6,RPT6,YGL048C,none,none,none,,-0.33927523000000015,none,none,none,,0.9690963999999997
1770101_at,YBR028C,,YBR028C,none,none,none,,-0.16201485299999874,none,none,none,,-0.955286329999999
1770102_at,ORC6,ORC6,YHR118C,none,none,none,,-0.3267174180000003,none,none,none,,1.0451180359999999
1770106_at,SLX9,SLX9,YGR081C,early_transient_down,early,transient,30.0,-0.4980525319999991,early_sustained_down,early,sustained,60.0,-2.0086562320000008
1770108_at,YKL047W,,YKL047W,none,none,none,,-0.18455428500000082,none,none,none,,0.6610268999999995
1770109_at,RPL14B,RPL14B,YHL001W,none,none,none,,-0.006640259999999287,early_sustained_down,early,sustained,60.0,-1.6659752699999988
1770112_at,DOT1,DOT1,YDR440W,none,none,none,,-0.13675950199999853,early_sustained_down,early,sustained,60.0,-1.5591038290000006
1770113_at,SEC21,SEC21,YNL287W,none,none,none,,-0.0947909100000004,none,none,none,,-0.5248623600000002
1770114_at,TFB3,TFB3,YDR460W,none,none,none,,-0.2210862640000002,none,none,none,,0.9161116800000002
1770115_at,SPH1,SPH1,YLR313C,none,none,none,,0.2776660609999997,none,none,none,,0.27380548000000005
1770116_at,LCB2,LCB2,YDR062W,none,none,none,,-0.12808584999999972,none,none,none,,-0.9707787000000003
1770118_at,GAC1,GAC1,YOR178C,early_partial_decline_up,early,partial_decline,60.0,0.8637345810000001,none,none,none,,0.12361619099999999
1770120_at,YJL016W,,YJL016W,none,none,none,,0.6330027879999989,late_sustained_up,late,sustained,100.0,1.523033473
1770122_at,RFM1,RFM1,YOR279C,none,none,none,,-0.1604170749999998,late_sustained_up,late,sustained,100.0,1.0467968869999993
1770123_at,YJL218W,,YJL218W,late_sustained_up,late,sustained,100.0,1.5033764519999995,none,none,none,,-0.4780708569999996
1770125_at,YDL218W,,YDL218W,early_sustained_up,early,sustained,30.0,2.889765422,early_sustained_up,early,sustained,30.0,3.659394389
1770127_at,YGR071C,,YGR071C,none,none,none,,-0.09741942800000025,none,none,none,,-0.1291301649999994
1770128_at,HAP1,HAP1,YLR256W,none,none,none,,-0.5472924210000008,none,none,none,,-0.1587153249999993
1770129_at,SIW14,SIW14,YNL032W,none,none,none,,-0.058111862000000514,none,none,none,,0.3403783839999992
1770132_at,YJR100C,,YJR100C,none,none,none,,0.2740672169999989,none,none,none,,0.8581279990000006
1770133_at,SWI4,SWI4,YER111C,none,none,none,,0.25627404700000067,none,none,none,,-0.2671037439999999
1770134_at,YBL095W,,YBL095W,none,none,none,,0.11631627499999997,none,none,none,,0.09166044599999967
1770136_at,RPS5,RPS5,YJR123W,none,none,none,,-0.011587840000000682,none,none,none,,-0.8287575
1770137_at,YML083C,,YML083C,none,none,none,,-0.22954777599999998,none,none,none,,0.46872286500000016
1770139_at,TCB3,TCB3,YML072C,none,none,none,,-0.05302581000000117,none,none,none,,-0.30118460999999996
1770140_x_at,YBL108C-A,,YBL108C-A,none,none,none,,0.17318216500000005,none,none,none,,-0.5813946319999985
1770142_at,URA3,URA3,YEL021W,none,none,none,,0.34515283799999974,none,none,none,,-0.522678977
1770144_at,GAS2,GAS2,YLR343W,none,none,none,,0.2725131560000005,none,none,none,,0.2576492899999998
1770145_at,QCR9,QCR9,YGR183C,none,none,none,,0.6106173599999991,none,none,none,,-0.7037346499999995
1770147_at,DBP8,DBP8,YHR169W,early_transient_down,early,transient,30.0,-0.516516395,early_sustained_down,early,sustained,60.0,-1.504600324
1770149_at,SSL2,SSL2,YIL143C,none,none,none,,-0.13952394399999868,early_sustained_up,early,sustained,60.0,1.638570039000001
1770150_at,YAF9,YAF9,YNL107W,none,none,none,,-0.018159620999998793,none,none,none,,1.0500493740000003
1770154_at,CAC2,CAC2,YML102W,none,none,none,,-0.11760324399999966,none,none,none,,1.2441649609999992
1770155_at,RPS25A,RPS25A,YGR027C,none,none,none,,-0.1227355199999991,none,none,none,,-0.9308367400000002
1770156_at,CRP1,CRP1,YHR146W,none,none,none,,-0.2008366800000001,none,none,none,,0.8814604799999994
1770157_at,BCP1,BCP1,YDR361C,early_transient_down,early,transient,60.0,-0.43553788000000004,early_sustained_down,early,sustained,60.0,-1.4578984039999998
1770159_at,EPS1,EPS1,YIL005W,none,none,none,,0.01213309799999962,none,none,none,,-0.002881163999999714
1770162_x_at,DAN3,DAN3,YBR301W,none,none,none,,0.5942096220000002,none,none,none,,0.8662896279999996
1770166_at,YHR097C,,YHR097C,early_transient_up,early,transient,30.0,0.8595736649999992,early_sustained_up,early,sustained,30.0,1.8797076519999996
1770167_at,HXK2,HXK2,YGL253W,none,none,none,,0.10891106999999955,none,none,none,,-0.5785433100000006
1770168_s_at,YOR390W,,YOR390W,none,none,none,,-0.5255426280000002,early_sustained_down,early,sustained,60.0,-1.3589667089999997
1770170_at,RAD2,RAD2,YGR258C,none,none,none,,-0.020469921000000113,early_sustained_up,early,sustained,60.0,2.5296407190000005
1770173_at,SSB1,SSB1,YDL229W,none,none,none,,-0.02303424999999848,late_sustained_down,late,sustained,100.0,-2.3850782000000006
1770178_at,YDL119C,,YDL119C,none,none,none,,0.19809394099999977,none,none,none,,0.16115212999999962
1770179_at,PRM10,PRM10,YJL108C,none,none,none,,1.1156510810000002,late_sustained_down,late,sustained,100.0,-1.2330175040000002
1770182_at,REC104,REC104,YHR157W,none,none,none,,0.7276846890000002,none,none,none,,0.7364122819999999
1770183_at,YJL193W,,YJL193W,none,none,none,,-0.17169854400000162,late_sustained_down,late,sustained,100.0,-1.082808600999999
1770184_at,CLB3,CLB3,YDL155W,none,none,none,,-0.24408430599999953,late_sustained_down,late,sustained,100.0,-1.376752172999999
1770189_at,YHR007C-A,,YHR007C-A,early_transient_up,early,transient,30.0,0.3082979479999999,early_sustained_up,early,sustained,30.0,1.821772674
1770191_at,MAG1,MAG1,YER142C,early_transient_up,early,transient,30.0,0.20371913500000005,early_sustained_up,early,sustained,30.0,3.234888046
1770193_at,SGS1,SGS1,YMR190C,none,none,none,,-0.27737188600000096,none,none,none,,-0.5940388179999996
1770200_at,YTM1,YTM1,YOR272W,early_transient_down,early,transient,30.0,-0.4346404400000008,early_sustained_down,early,sustained,60.0,-1.7260815330000003
1770201_at,CPR2,CPR2,YHR057C,none,none,none,,0.05598009999999931,none,none,none,,0.66028588
1770202_at,SSA4,SSA4,YER103W,early_transient_up,early,transient,60.0,0.32418424599999884,late_sustained_up,late,sustained,100.0,3.0828551070000003
1770203_at,STP2,STP2,YHR006W,none,none,none,,0.091971534999999,late_sustained_up,late,sustained,140.0,1.0818469569999998
1770205_at,YVH1,YVH1,YIR026C,early_transient_down,early,transient,60.0,-0.4584132590000003,early_sustained_down,early,sustained,60.0,-2.239007537
1770207_at,MRP21,MRP21,YBL090W,none,none,none,,0.3131880819999999,none,none,none,,-0.13295254099999987
1770209_at,MAS2,MAS2,YHR024C,none,none,none,,-0.013441968000000415,none,none,none,,0.00877754800000119
1770210_at,TOM6,TOM6,YOR045W,none,none,none,,0.051823510000000184,none,none,none,,-0.9214208700000004
1770211_at,NPR2,NPR2,YEL062W,none,none,none,,-0.04711643399999943,late_sustained_up,late,sustained,100.0,1.3871833850000002
1770212_at,RIM20,RIM20,YOR275C,none,none,none,,0.02430176300000042,none,none,none,,0.8134304110000006
1770213_at,RRN3,RRN3,YKL125W,none,none,none,,-0.02615021999999989,none,none,none,,0.4343899139999987
1770216_at,APL5,APL5,YPL195W,none,none,none,,0.037488592000000764,late_sustained_up,late,sustained,140.0,1.22130078
1770217_at,TAF12,TAF12,YDR145W,none,none,none,,-0.30333997899999865,none,none,none,,0.7467574189999997
1770219_at,CBF2,CBF2,YGR140W,none,none,none,,-0.02166325399999991,none,none,none,,-0.4086684260000002
1770221_at,CDC8,CDC8,YJR057W,none,none,none,,0.00827157199999995,none,none,none,,-0.059630525999999406
1770226_at,YIL151C,,YIL151C,none,none,none,,-0.13998740600000126,none,none,none,,0.3822020730000002
1770227_at,YPL216W,,YPL216W,none,none,none,,0.28972404299999965,late_sustained_up,late,sustained,140.0,1.3735762720000002
1770228_at,BRR2,BRR2,YER172C,none,none,none,,-0.2199540829999993,none,none,none,,-0.6153948390000004
1770230_at,YGR204C-A,,YGR204C-A,none,none,none,,0.27603254700000024,none,none,none,,-0.22837981800000007
1770231_at,KTI12,KTI12,YKL110C,none,none,none,,-0.16364819699999877,none,none,none,,-0.6659585210000003
1770236_at,VBA1,VBA1,YMR088C,none,none,none,,0.1485394719999995,late_sustained_down,late,sustained,140.0,-1.5855621269999993
1770238_at,MPS1,MPS1,YDL028C,none,none,none,,-0.3955200200000011,none,none,none,,0.008889166999999532
1770239_at,SWT1,SWT1,YOR166C,none,none,none,,-0.043309926000000054,early_sustained_down,early,sustained,60.0,-1.3926739660000003
1770240_at,NCE101,NCE101,YJL205C,none,none,none,,0.4791600100000011,none,none,none,,-0.8079716650000002
1770243_at,IES3,IES3,YLR052W,none,none,none,,-0.2922172820000011,none,none,none,,-0.7028963259999994
1770245_at,BUD17,BUD17,YNR027W,none,none,none,,-0.08700506300000121,none,none,none,,-0.35145840700000086
1770248_at,YNL011C,,YNL011C,none,none,none,,0.24982284300000046,early_sustained_up,early,sustained,60.0,1.8172677190000002
1770249_at,LDB18,LDB18,YLL049W,none,none,none,,0.12643830000000023,none,none,none,,-0.30051488400000004
1770250_at,ATP2,ATP2,YJR121W,none,none,none,,0.32523339000000107,none,none,none,,0.19347655000000152
1770253_at,YDR539W,,YDR539W,none,none,none,,0.26284782899999914,none,none,none,,0.4653541230000009
1770256_at,YJR088C,,YJR088C,none,none,none,,-0.04843053000000097,none,none,none,,0.4620643900000001
1770257_at,YNL313C,,YNL313C,early_transient_down,early,transient,30.0,-0.25418336100000083,early_sustained_down,early,sustained,60.0,-1.6853420880000005
1770258_at,RPL17A,RPL17A,YKL180W,none,none,none,,-0.008651480000001044,late_sustained_down,late,sustained,100.0,-1.6153614199999993
1770259_at,PHO2,PHO2,YDL106C,none,none,none,,-0.1578750969999998,late_sustained_up,late,sustained,100.0,1.2396715510000007
1770261_at,SET6,SET6,YPL165C,none,none,none,,0.27100495199999974,none,none,none,,0.7761756919999998
1770263_at,PRR1,PRR1,YKL116C,none,none,none,,-0.3807311959999993,none,none,none,,-0.7274588319999999
1770267_at,ATM1,ATM1,YMR301C,none,none,none,,-0.23855655700000078,none,none,none,,-0.7271183520000015
1770269_at,ATP23,ATP23,YNR020C,none,none,none,,-0.0033368169999992148,none,none,none,,-0.28919769600000045
1770271_at,YER140W,,YER140W,none,none,none,,-0.4147782080000013,none,none,none,,-1.0295636440000004
1770276_at,RPC34,RPC34,YNR003C,none,none,none,,-0.2860561879999999,late_partial_decline_down,late,partial_decline,100.0,-0.824163553
1770277_at,MNL1,MNL1,YHR204W,none,none,none,,-0.054054844999999574,none,none,none,,-0.5812742560000004
1770279_at,LYS1,LYS1,YIR034C,none,none,none,,-0.012808570000000685,none,none,none,,0.6115550800000005
1770280_at,APM1,APM1,YPL259C,none,none,none,,-0.060220470999999165,none,none,none,,0.8950385470000004
1770281_at,ANP1,ANP1,YEL036C,none,none,none,,-0.07880504399999921,none,none,none,,-0.6880325779999996
1770284_at,RPL37A,RPL37A,YLR185W,none,none,none,,-0.0077250200000005265,late_sustained_down,late,sustained,140.0,-1.4334200300000006
1770288_at,THI2,THI2,YBR240C,none,none,none,,0.8636099929999999,none,none,none,,0.40444618099999996
1770289_at,PRP4,PRP4,YPR178W,none,none,none,,-0.4644285480000008,early_sustained_up,early,sustained,60.0,2.1843422100000005
1770290_at,PET111,PET111,YMR257C,none,none,none,,0.11930422900000082,none,none,none,,-0.8814725170000006
1770292_at,ERP4,ERP4,YOR016C,none,none,none,,0.21828552999999928,none,none,none,,-0.6778625799999993
1770294_at,YIH1,YIH1,YCR059C,none,none,none,,-0.0021278420000001574,early_partial_decline_down,early,partial_decline,60.0,-0.797641367999999
1770297_at,UTP14,UTP14,YML093W,early_transient_down,early,transient,30.0,-0.4689806100000009,early_sustained_down,early,sustained,60.0,-3.106321649999999
1770298_at,RPS9A,RPS9A,YPL081W,none,none,none,,0.045505190000000084,early_sustained_down,early,sustained,60.0,-1.442724695999999
1770300_at,CNM67,CNM67,YNL225C,none,none,none,,0.05000537100000013,none,none,none,,0.6701076399999994
1770302_at,RTC3,RTC3,YHR087W,early_sustained_up,early,sustained,30.0,2.993088987,early_sustained_up,early,sustained,30.0,6.340461194
1770303_at,SUL1,SUL1,YBR294W,none,none,none,,-0.10832152899999947,late_sustained_up,late,sustained,100.0,1.4499755460000001
1770307_at,PST1,PST1,YDR055W,none,none,none,,-0.2782486500000001,late_sustained_down,late,sustained,100.0,-3.848634667
1770308_at,YEN1,YEN1,YER041W,none,none,none,,-0.05431016200000016,none,none,none,,1.1201222260000003
1770311_at,RRF1,RRF1,YHR038W,none,none,none,,0.5876167779999992,none,none,none,,-0.6611997340000002
1770312_at,PNT1,PNT1,YOR266W,none,none,none,,-0.10719764300000012,none,none,none,,0.3692999289999994
1770313_at,CRT10,CRT10,YOL063C,none,none,none,,-0.0907732130000003,none,none,none,,0.7056135340000012
1770315_at,ALG12,ALG12,YNR030W,none,none,none,,0.034654238999999976,none,none,none,,-1.0399874760000003
1770317_at,TPO1,TPO1,YLL028W,none,none,none,,-0.04876632000000036,late_sustained_down,late,sustained,140.0,-1.1940090780000006
1770319_at,MET10,MET10,YFR030W,none,none,none,,0.03928903300000108,none,none,none,,0.899959968000001
1770321_at,MRS11,MRS11,YHR005C-A,none,none,none,,0.1371063500000016,none,none,none,,-0.7675758199999994
1770323_at,RPN11,RPN11,YFR004W,none,none,none,,-0.3010163299999995,none,none,none,,0.8081823099999994
1770326_at,PFA5,PFA5,YDR459C,none,none,none,,-0.00810043600000121,none,none,none,,0.325229349999999
1770332_at,YCR076C,,YCR076C,none,none,none,,0.14905133399999926,late_sustained_up,late,sustained,140.0,1.274707286
1770333_at,APL4,APL4,YPR029C,none,none,none,,0.028042614999998605,none,none,none,,0.1311027599999992
1770335_at,YMR087W,,YMR087W,none,none,none,,0.22376125599999952,early_sustained_up,early,sustained,60.0,2.6982248770000004
1770337_at,MPE1,MPE1,YKL059C,none,none,none,,-0.32631965800000007,early_sustained_up,early,sustained,60.0,1.4870744130000002
1770339_at,TEF4,TEF4,YKL081W,none,none,none,,-0.14207159999999952,late_sustained_down,late,sustained,140.0,-1.6769630099999997
1770340_at,YLL058W,,YLL058W,none,none,none,,-0.4716380140000007,late_sustained_up,late,sustained,100.0,1.0467400329999998
1770342_at,SEC8,SEC8,YPR055W,none,none,none,,-0.08583351899999947,none,none,none,,0.6519215430000003
1770343_s_at,SNZ2 /// SNZ3,SNZ2 /// SNZ3,YFL059W,early_sustained_up,early,sustained,30.0,1.0626238279999995,early_sustained_up,early,sustained,60.0,1.559782125
1770344_at,SWP1,SWP1,YMR149W,none,none,none,,-0.11306992000000093,none,none,none,,-0.34523706000000054
1770345_at,TIM23,TIM23,YNR017W,none,none,none,,0.13723720000000128,none,none,none,,-0.941196145000001
1770347_at,YCR007C,,YCR007C,none,none,none,,0.17898514700000057,late_sustained_up,late,sustained,100.0,1.5046556860000004
1770349_at,SWI5,SWI5,YDR146C,none,none,none,,-0.21351577999999982,late_sustained_down,late,sustained,100.0,-2.7516111
1770352_at,ARG3,ARG3,YJL088W,none,none,none,,-0.10505888999999868,early_sustained_up,early,sustained,30.0,1.1976487599999999
1770353_at,GIT1,GIT1,YCR098C,none,none,none,,0.36085950700000025,none,none,none,,0.9601826429999996
1770357_at,MCM21,MCM21,YDR318W,none,none,none,,0.18155902400000024,none,none,none,,0.22441487699999918
1770362_s_at,DOG1 /// DOG2,DOG1 /// DOG2,YHR043C,none,none,none,,0.6127607700000013,none,none,none,,0.330649017999999
1770363_at,TAH18,TAH18,YPR048W,none,none,none,,-0.25584743399999965,early_partial_decline_up,early,partial_decline,30.0,0.7049675909999991
1770364_at,ADP1,ADP1,YCR011C,none,none,none,,0.3756030499999987,late_sustained_up,late,sustained,100.0,1.3634410700000004
1770367_at,YFR035C,,YFR035C,none,none,none,,-0.058274007000000516,none,none,none,,-0.09112601400000031
1770372_at,VTA1,VTA1,YLR181C,none,none,none,,0.10237402199999934,none,none,none,,0.5389838729999994
1770374_at,PMT3,PMT3,YOR321W,none,none,none,,0.3383284849999999,none,none,none,,0.6714213620000002
1770376_at,CAF16,CAF16,YFL028C,none,none,none,,-0.30551756999999924,none,none,none,,-0.3774948499999997
1770378_at,PXA2,PXA2,YKL188C,none,none,none,,0.5076211200000005,early_sustained_up,early,sustained,60.0,1.566176564
1770379_at,YBR108W,,YBR108W,none,none,none,,0.04638715900000001,none,none,none,,0.812078992
1770381_at,MF(ALPHA)2,MF(ALPHA)2,YGL089C,none,none,none,,-0.07339016000000065,none,none,none,,0.050670689999998686
1770383_at,SPE3,SPE3,YPR069C,none,none,none,,0.024420810000000515,none,none,none,,-0.5995810400000003
1770384_at,YDR415C,,YDR415C,none,none,none,,-0.12514653500000072,none,none,none,,-0.4061313070000008
1770385_at,GDS1,GDS1,YOR355W,none,none,none,,0.2823063300000008,early_sustained_down,early,sustained,30.0,-2.061486103
1770388_at,PRP28,PRP28,YDR243C,none,none,none,,-0.5167343150000008,none,none,none,,-0.20243953899999934
1770393_at,YOR302W,,YOR302W,none,none,none,,0.7388784699999995,none,none,none,,1.03567636
1770394_at,SSK22,SSK22,YCR073C,none,none,none,,-0.0424579559999998,none,none,none,,-0.35813435199999955
1770395_at,SEN2,SEN2,YLR105C,none,none,none,,0.12757063499999965,none,none,none,,0.0035635400000000317
1770397_at,YDR262W,,YDR262W,none,none,none,,0.1803242369999989,late_sustained_up,late,sustained,140.0,1.712995245
1770399_at,ZEO1,ZEO1,YOL109W,none,none,none,,-0.09658890000000042,none,none,none,,-0.27017311
1770400_at,RCK2,RCK2,YLR248W,none,none,none,,0.09492076000000083,none,none,none,,0.8592539200000004
1770402_at,APA2,APA2,YDR530C,none,none,none,,0.4974218480000001,late_sustained_up,late,sustained,140.0,1.3389790670000004
1770404_at,YBR246W,,YBR246W,none,none,none,,-0.06416826799999953,none,none,none,,-0.2224748820000002
1770407_at,TRM2,TRM2,YKR056W,early_transient_down,early,transient,30.0,-0.417680786,early_partial_decline_down,early,partial_decline,60.0,-0.8565509569999996
1770409_at,YER137C,,YER137C,none,none,none,,0.06167580099999981,early_sustained_down,early,sustained,60.0,-1.5894810489999998
1770410_at,YGR210C,,YGR210C,none,none,none,,-0.19005825999999892,none,none,none,,-0.17924445899999952
1770412_at,YML007C-A,,YML007C-A,early_transient_up,early,transient,30.0,-0.22847761599999927,early_sustained_up,early,sustained,60.0,1.141749657
1770413_at,RPL24A,RPL24A,YGL031C,none,none,none,,0.021577559999998996,late_sustained_down,late,sustained,140.0,-1.7959969400000002
1770414_at,QCR8,QCR8,YJL166W,none,none,none,,0.49606980999999983,none,none,none,,0.6513191099999993
1770417_at,PEX6,PEX6,YNL329C,none,none,none,,-0.2334090540000009,none,none,none,,0.097498431
1770419_at,PRP22,PRP22,YER013W,none,none,none,,-0.14597642900000096,none,none,none,,-0.3046391169999989
1770423_at,ARF3,ARF3,YOR094W,none,none,none,,-0.22686392499999997,none,none,none,,-0.826264136999999
1770424_at,PDR1,PDR1,YGL013C,none,none,none,,-0.3020597509999998,late_sustained_up,late,sustained,100.0,1.8434558780000003
1770427_at,BIT2,BIT2,YBR270C,none,none,none,,-0.13546383400000028,late_sustained_up,late,sustained,100.0,1.6406045560000004
1770429_at,MSB4,MSB4,YOL112W,none,none,none,,-0.0692761019999999,none,none,none,,-0.35606898200000003
1770430_at,OSH7,OSH7,YHR001W,none,none,none,,0.22049738399999974,late_sustained_up,late,sustained,140.0,1.0061101319999999
1770431_at,TFA2,TFA2,YKR062W,none,none,none,,-0.2051553849999994,none,none,none,,0.31118374899999957
1770435_at,SWC3,SWC3,YAL011W,none,none,none,,-0.20821347800000023,none,none,none,,-0.5893525989999997
1770436_at,ERV41,ERV41,YML067C,none,none,none,,0.17446813000000105,none,none,none,,-0.32417303600000125
1770437_at,YPR015C,,YPR015C,none,none,none,,0.6024085829999999,early_sustained_up,early,sustained,60.0,2.8715694020000004
1770440_at,LYS12,LYS12,YIL094C,none,none,none,,0.023173729999999892,none,none,none,,-0.15566345000000048
1770442_at,BNR1,BNR1,YIL159W,none,none,none,,0.3012870570000006,none,none,none,,-0.5576763760000008
1770443_at,EXO70,EXO70,YJL085W,none,none,none,,-0.3571671979999991,late_sustained_up,late,sustained,100.0,1.078584395
1770447_s_at,YRF1-1 /// YRF1-2 /// YRF1-3 /// YRF1-4 /// YRF1-5 /// YRF1-6 /// YRF1-7,YRF1-1 /// YRF1-2 /// YRF1-3 /// YRF1-4 /// YRF1-5 /// YRF1-6 /// YRF1-7,YEL076C,none,none,none,,-0.46276970600000045,early_sustained_down,early,sustained,30.0,-3.0987035730000003
1770448_at,CDC21,CDC21,YOR074C,none,none,none,,0.36108624299999903,none,none,none,,0.21264338599999988
1770449_s_at,RPS8A /// RPS8B,RPS8A /// RPS8B,YBL072C,none,none,none,,0.05655657000000147,none,none,none,,-0.4635484899999991
1770450_at,YFR032C,,YFR032C,none,none,none,,-0.30944695099999997,none,none,none,,-0.09347736500000003
1770451_at,FAU1,FAU1,YER183C,none,none,none,,-0.2280166500000007,none,none,none,,-0.9823848240000004
1770452_at,YKL069W,,YKL069W,none,none,none,,-0.10321771999999996,late_sustained_down,late,sustained,100.0,-1.599802028000001
1770453_at,SPC34,SPC34,YKR037C,none,none,none,,-0.0018858329999993373,none,none,none,,0.48935125000000035
1770455_at,"ARG5,6","ARG5,6",YER069W,none,none,none,,-0.310916069000001,none,none,none,,0.49701905000000046
1770456_at,NTH1,NTH1,YDR001C,early_sustained_up,early,sustained,30.0,1.1154262619999997,early_sustained_up,early,sustained,60.0,2.742901080000001
1770458_at,HMS1,HMS1,YOR032C,none,none,none,,0.5208894890000004,none,none,none,,1.0695088459999997
1770459_at,COS10,COS10,YNR075W,none,none,none,,0.030702065999999917,none,none,none,,0.3448163130000004
1770460_at,MSY1,MSY1,YPL097W,none,none,none,,0.256630779,none,none,none,,0.03406020999999981
1770463_at,CDC23,CDC23,YHR166C,none,none,none,,-0.015665888000000017,late_sustained_up,late,sustained,100.0,1.6334879870000005
1770466_at,MRF1,MRF1,YGL143C,none,none,none,,0.25864711199999846,none,none,none,,-0.5331130099999992
1770478_at,VPS45,VPS45,YGL095C,none,none,none,,-0.0652047600000003,late_sustained_up,late,sustained,100.0,1.5610290169999992
1770480_at,GAP1,GAP1,YKR039W,early_transient_up,early,transient,60.0,-0.34611879499999887,none,none,none,,-0.1076026059999986
1770481_at,MCK1,MCK1,YNL307C,none,none,none,,-0.09355334999999876,none,none,none,,-0.37261173999999997
1770483_at,CAT8,CAT8,YMR280C,none,none,none,,0.463268899,none,none,none,,0.1065830529999996
1770485_at,RPA34,RPA34,YJL148W,early_transient_down,early,transient,30.0,-0.39598026,early_sustained_down,early,sustained,60.0,-2.387047753000001
1770487_at,YLR218C,,YLR218C,early_transient_up,early,transient,60.0,0.5521277519999988,none,none,none,,-0.0007869339999988512
1770488_at,KEL1,KEL1,YHR158C,none,none,none,,-0.2721135770000007,none,none,none,,-0.7130537779999999
1770489_at,GLN3,GLN3,YER040W,none,none,none,,-0.3934000890000009,none,none,none,,-0.3724448390000008
1770495_at,CPR7,CPR7,YJR032W,none,none,none,,-0.24914898699999988,none,none,none,,-0.6818421399999988
1770500_at,RPL19B,RPL19B,YBL027W,none,none,none,,-0.028904429999998982,late_sustained_down,late,sustained,100.0,-1.28123377
1770501_at,RPS8B,RPS8B,YER102W,none,none,none,,-0.06793743999999968,late_sustained_down,late,sustained,100.0,-1.6905950300000008
1770502_x_at,RPS26A,RPS26A,YGL189C,none,none,none,,-0.08211265999999995,none,none,none,,-0.9726872400000008
1770503_at,FYV5,FYV5,YCL058C,none,none,none,,0.06899773600000003,none,none,none,,0.2562918799999996
1770506_at,SUC2,SUC2,YIL162W,none,none,none,,0.3838921890000009,none,none,none,,0.3270777329999994
1770507_at,GCD14,GCD14,YJL125C,early_transient_down,early,transient,30.0,-0.23418464899999947,early_transient_down,early,transient,60.0,-0.6300632430000004
1770508_at,DMA2,DMA2,YNL116W,none,none,none,,-0.015993058999999477,late_sustained_up,late,sustained,140.0,1.2256556100000005
1770510_at,EST1,EST1,YLR233C,none,none,none,,-0.023221688999999657,none,none,none,,-0.10414711500000084
1770512_at,TRK2,TRK2,YKR050W,none,none,none,,0.039749753999999804,none,none,none,,-0.10548355000000065
1770513_at,SRL4,SRL4,YPL033C,none,none,none,,0.08760991499999982,none,none,none,,0.6937976899999998
1770514_at,TRM3,TRM3,YDL112W,none,none,none,,-0.3308743490000001,early_sustained_down,early,sustained,60.0,-1.3375379990000003
1770515_x_at,PAU4,PAU4,YLR461W,none,none,none,,-0.19345915700000038,none,none,none,,-0.24554533099999976
1770517_at,YPL034W,,YPL034W,none,none,none,,-0.06992313599999989,none,none,none,,0.7655294680000004
1770518_at,QRI1,QRI1,YDL103C,none,none,none,,0.06971682999999906,none,none,none,,0.7369492300000005
1770519_at,YHL018W,,YHL018W,none,none,none,,-0.5362491259999995,none,none,none,,-0.4602376830000008
1770527_at,RMD8,RMD8,YFR048W,none,none,none,,-0.2254664609999999,none,none,none,,-0.10679297800000143
1770529_at,OPI10,OPI10,YOL032W,early_transient_up,early,transient,30.0,0.07049251599999984,early_sustained_up,early,sustained,30.0,2.9839524090000005
1770532_at,MET17,MET17,YLR303W,none,none,none,,0.1871530099999994,none,none,none,,0.2914780599999993
1770534_at,LSB6,LSB6,YJL100W,none,none,none,,0.12647745399999977,none,none,none,,-0.15893549000000018
1770535_at,TAF2,TAF2,YCR042C,none,none,none,,-0.09253259800000002,none,none,none,,0.3154972779999987
1770536_at,ERG26,ERG26,YGL001C,none,none,none,,0.3167957099999992,late_sustained_down,late,sustained,100.0,-1.7112471200000012
1770538_at,ARR2,ARR2,YPR200C,early_sustained_up,early,sustained,30.0,1.036207718,early_sustained_up,early,sustained,30.0,2.5177701620000006
1770539_at,REH1,REH1,YLR387C,none,none,none,,-0.4193879230000004,early_sustained_up,early,sustained,30.0,2.3724619030000014
1770540_at,YJL068C,,YJL068C,late_partial_decline_up,late,partial_decline,100.0,0.8601754209999992,late_sustained_up,late,sustained,100.0,1.5697956820000005
1770541_at,YGR272C,,YGR272C,early_transient_down,early,transient,30.0,-0.45815834100000075,early_sustained_down,early,sustained,60.0,-2.5818385359999994
1770542_at,CIS3,CIS3,YJL158C,none,none,none,,-0.03391003000000126,late_sustained_down,late,sustained,140.0,-1.9116262909999993
1770543_at,YCR023C,,YCR023C,none,none,none,,-0.10082696899999988,none,none,none,,-0.5265326750000003
1770548_at,YMR279C,,YMR279C,none,none,none,,-0.057965440999999895,none,none,none,,0.19595185000000015
1770549_at,YDL057W,,YDL057W,early_partial_decline_up,early,partial_decline,60.0,0.8510382510000003,early_sustained_up,early,sustained,60.0,1.990552019
1770551_at,OCH1,OCH1,YGL038C,early_transient_up,early,transient,30.0,0.09963735500000048,none,none,none,,0.6556160749999993
1770554_at,NAB6,NAB6,YML117W,none,none,none,,0.011568135000000979,late_sustained_up,late,sustained,100.0,1.1811137380000005
1770556_at,ENT4,ENT4,YLL038C,none,none,none,,-0.43752513000000004,none,none,none,,-0.5107884609999997
1770558_at,NSE4,NSE4,YDL105W,none,none,none,,-0.05853684499999989,none,none,none,,0.4640676370000003
1770559_at,ATG12,ATG12,YBR217W,none,none,none,,-0.24522599299999914,none,none,none,,0.4851924580000002
1770562_at,THG1,THG1,YGR024C,none,none,none,,0.08296329999999941,none,none,none,,-0.07685284999999986
1770565_at,ARO1,ARO1,YDR127W,none,none,none,,-0.045177179999999595,none,none,none,,0.2230174999999992
1770566_at,CIN5,CIN5,YOR028C,early_transient_up,early,transient,30.0,0.007298898999998471,early_sustained_up,early,sustained,30.0,1.4239642870000004
1770567_at,NEJ1,NEJ1,YLR265C,none,none,none,,0.3528286940000003,none,none,none,,-0.46829639999999984
1770569_at,RPS21A,RPS21A,YKR057W,none,none,none,,-0.06045156999999968,none,none,none,,-0.8909421900000005
1770571_at,MVD1,MVD1,YNR043W,none,none,none,,-0.15049287000000078,early_sustained_down,early,sustained,60.0,-2.8920375860000007
1770572_at,BCH1,BCH1,YMR237W,none,none,none,,-0.14566465999999956,none,none,none,,0.7794071599999999
1770575_at,URH1,URH1,YDR400W,none,none,none,,0.32571061099999987,none,none,none,,-0.030443895999999526
1770576_at,PMA2,PMA2,YPL036W,none,none,none,,-0.19414336299999935,none,none,none,,-0.535894882
1770577_at,RPL11B,RPL11B,YGR085C,none,none,none,,-0.06935802000000102,late_sustained_down,late,sustained,100.0,-1.1805113400000007
1770578_at,PRE4,PRE4,YFR050C,none,none,none,,-0.3676895800000004,none,none,none,,0.7245770199999999
1770580_at,ADY2,ADY2,YCR010C,none,none,none,,0.3882852809999999,none,none,none,,0.8522620369999991
1770583_at,TRR1,TRR1,YDR353W,early_transient_up,early,transient,30.0,-0.3690965300000002,early_partial_decline_up,early,partial_decline,60.0,0.8076586099999989
1770584_at,CAT5,CAT5,YOR125C,none,none,none,,0.25429559400000024,none,none,none,,0.41505774799999884
1770587_at,YLR307C-A,,YLR307C-A,none,none,none,,0.6968002809999998,none,none,none,,0.05877717700000007
1770589_at,TMA16,TMA16,YOR252W,early_transient_down,early,transient,30.0,-0.49561663000000067,early_sustained_down,early,sustained,60.0,-1.6579861699999991
1770590_at,YGL108C,,YGL108C,none,none,none,,-0.19498950000000015,none,none,none,,0.6929794069999993
1770592_at,SIP4,SIP4,YJL089W,none,none,none,,0.9724053720000003,late_sustained_up,late,sustained,140.0,1.3617452319999996
1770593_at,YMR265C,,YMR265C,none,none,none,,-0.7347380459999995,none,none,none,,-0.05049743799999895
1770594_at,RPB7,RPB7,YDR404C,none,none,none,,-0.27580500999999913,none,none,none,,-0.397954219999999
1770597_at,YKL027W,,YKL027W,early_transient_down,early,transient,30.0,-0.1861297550000014,none,none,none,,-0.47479800400000016
1770599_at,MUD2,MUD2,YKL074C,none,none,none,,-0.10043668199999978,late_sustained_up,late,sustained,140.0,1.443245232999999
1770603_at,GUP2,GUP2,YPL189W,none,none,none,,0.8756523979999997,none,none,none,,0.5238646039999999
1770604_at,CYC8,CYC8,YBR112C,none,none,none,,-0.23512042399999977,early_sustained_down,early,sustained,60.0,-1.7103384839999993
1770607_at,SGD1,SGD1,YLR336C,early_transient_down,early,transient,30.0,-0.24328156799999867,early_partial_decline_down,early,partial_decline,60.0,-0.6998889439999996
1770610_at,POA1,POA1,YBR022W,none,none,none,,-0.001577109999999493,none,none,none,,-0.36909975000000017
1770611_at,MRPS5,MRPS5,YBR251W,none,none,none,,0.1221030549999984,none,none,none,,0.2812800630000005
1770612_at,RPL24B,RPL24B,YGR148C,none,none,none,,0.02561640999999959,late_sustained_down,late,sustained,100.0,-1.767214860000001
1770615_at,CTP1,CTP1,YBR291C,none,none,none,,-0.14535560000000025,none,none,none,,-0.4127281500000013
1770622_at,BUD14,BUD14,YAR014C,none,none,none,,-0.12918542500000108,none,none,none,,0.06051048700000017
1770623_at,ODC1,ODC1,YPL134C,none,none,none,,0.4776444650000009,none,none,none,,-0.0877521200000011
1770624_at,PAC10,PAC10,YGR078C,none,none,none,,-0.5037121569999989,none,none,none,,-1.1192212280000007
1770625_x_at,HXT17,HXT17,YNR072W,none,none,none,,0.045017207999999975,none,none,none,,0.7188424109999998
1770626_at,DBF2,DBF2,YGR092W,none,none,none,,-0.043737575999999834,none,none,none,,-1.0393172049999997
1770628_at,POM34,POM34,YLR018C,none,none,none,,-0.1298238559999998,none,none,none,,-1.0132584090000005
1770632_at,GCV3,GCV3,YAL044C,none,none,none,,0.4129776500000002,none,none,none,,0.8005180999999997
1770634_at,MOG1,MOG1,YJR074W,none,none,none,,0.023566277999998775,none,none,none,,-0.6897044860000001
1770635_at,CWH43,CWH43,YCR017C,none,none,none,,0.09493424000000061,none,none,none,,0.10668910999999959
1770636_at,DOC1,DOC1,YGL240W,none,none,none,,-0.690479099,none,none,none,,0.39843023199999994
1770637_at,UIP5,UIP5,YKR044W,early_transient_down,early,transient,60.0,-0.43658817200000044,early_sustained_down,early,sustained,60.0,-1.7927651229999997
1770639_at,YFR045W,,YFR045W,none,none,none,,0.38704294999999966,none,none,none,,0.4322279610000006
1770640_at,POL4,POL4,YCR014C,none,none,none,,0.041318859999999624,none,none,none,,-0.021280929000000448
1770645_at,DPB2,DPB2,YPR175W,none,none,none,,0.07514081399999917,none,none,none,,-0.46327394100000063
1770650_at,IRC4,IRC4,YDR540C,none,none,none,,0.811903408,none,none,none,,-0.2851739689999997
1770651_at,YBR296C-A,,YBR296C-A,none,none,none,,0.18672100700000005,none,none,none,,0.01423557200000003
1770653_at,RPS0A,RPS0A,YGR214W,none,none,none,,-0.05882696999999837,late_sustained_down,late,sustained,100.0,-2.431844699999999
1770656_at,YBR053C,,YBR053C,early_sustained_up,early,sustained,60.0,1.0180482659999992,early_sustained_up,early,sustained,60.0,1.9809567680000004
1770659_at,IRC15,IRC15,YPL017C,early_sustained_up,early,sustained,30.0,2.0769462599999997,early_sustained_up,early,sustained,60.0,4.466329059
1770660_at,NCB2,NCB2,YDR397C,none,none,none,,-0.004757500000000192,none,none,none,,-0.6635335389999995
1770662_at,TMA22,TMA22,YJR014W,none,none,none,,-0.2113052599999996,none,none,none,,0.08981125000000034
1770666_at,BCD1,BCD1,YHR040W,early_transient_down,early,transient,30.0,-0.39072907399999934,early_transient_down,early,transient,60.0,-0.5073880419999988
1770668_at,YJR079W,,YJR079W,none,none,none,,0.5658696520000004,none,none,none,,0.6404572969999998
1770671_at,YJL043W,,YJL043W,none,none,none,,0.37614410200000004,none,none,none,,-0.020171973000000065
1770672_at,YCK3,YCK3,YER123W,none,none,none,,-0.27746483099999963,none,none,none,,-0.6872849580000011
1770674_at,MTF2,MTF2,YDL044C,none,none,none,,-0.005685747999999435,none,none,none,,0.8277493260000011
1770677_at,BUD31,BUD31,YCR063W,none,none,none,,-0.15485777600000006,early_sustained_down,early,sustained,30.0,-1.091993822
1770680_at,SUA5,SUA5,YGL169W,early_transient_down,early,transient,30.0,-0.40761777399999843,early_sustained_down,early,sustained,60.0,-1.2612337359999994
1770682_at,HXT3,HXT3,YDR345C,none,none,none,,-0.052521569999999684,none,none,none,,0.059865399999999624
1770683_at,SLD5,SLD5,YDR489W,none,none,none,,-0.13412540300000053,none,none,none,,-0.085269598
1770684_at,SED5,SED5,YLR026C,none,none,none,,-0.5224415450000004,none,none,none,,-0.020809069999998542
1770685_at,YPP1,YPP1,YGR198W,none,none,none,,-0.22041251099999926,none,none,none,,0.4393869800000001
1770686_at,PKP1,PKP1,YIL042C,none,none,none,,-0.07614272799999977,none,none,none,,0.7666168010000005
1770687_at,GRX8,GRX8,YLR364W,none,none,none,,0.5244856799999997,none,none,none,,0.4295208930000012
1770690_at,SLM3,SLM3,YDL033C,none,none,none,,-0.23573761000000015,none,none,none,,-0.22004829000000026
1770692_at,PHO84,PHO84,YML123C,late_sustained_up,late,sustained,140.0,2.334823773,early_transient_down,early,transient,30.0,-0.5515111370000003
1770695_at,TRX3,TRX3,YCR083W,none,none,none,,0.7608053800000008,none,none,none,,0.6073612630000014
1770696_at,DIA4,DIA4,YHR011W,none,none,none,,0.4292739560000003,none,none,none,,0.11420852700000061
1770697_at,PTC5,PTC5,YOR090C,none,none,none,,-0.02252539999999925,late_sustained_up,late,sustained,140.0,1.1997031189999987
1770699_at,NUP42,NUP42,YDR192C,none,none,none,,-0.01179998900000001,none,none,none,,0.5619945880000001
1770700_at,THI21,THI21,YPL258C,none,none,none,,0.2573174639999998,none,none,none,,0.5260621940000005
1770701_at,RPB4,RPB4,YJL140W,none,none,none,,-0.30045523000000074,none,none,none,,0.3195453300000004
1770705_at,SYF1,SYF1,YDR416W,none,none,none,,-0.26235609499999946,none,none,none,,0.9383575629999994
1770706_at,ERV46,ERV46,YAL042W,none,none,none,,-0.13574327000000075,none,none,none,,-0.431836989999999
1770707_at,YGR205W,,YGR205W,early_sustained_up,early,sustained,60.0,1.2544187959999995,late_sustained_up,late,sustained,140.0,1.249381156
1770708_at,CBC2,CBC2,YPL178W,none,none,none,,-0.21187924999999908,none,none,none,,-0.3420339600000002
1770709_at,TMA20,TMA20,YER007C-A,none,none,none,,-0.11915622999999975,none,none,none,,-0.9835703799999997
1770710_at,IRC19,IRC19,YLL033W,none,none,none,,0.06417605200000054,late_sustained_up,late,sustained,140.0,1.3796764390000007
1770713_at,CNB1,CNB1,YKL190W,none,none,none,,-0.04104805999999961,none,none,none,,-0.5161768899999988
1770716_at,YBR197C,,YBR197C,none,none,none,,-0.21617687100000005,none,none,none,,0.4655119259999996
1770717_at,IOC4,IOC4,YMR044W,none,none,none,,-0.29506107599999964,none,none,none,,0.4337371310000009
1770718_at,SKI7,SKI7,YOR076C,none,none,none,,-0.13859452500000025,early_sustained_up,early,sustained,60.0,1.6352715040000003
1770720_at,YEH2,YEH2,YLR020C,none,none,none,,-0.11057838199999992,late_sustained_down,late,sustained,100.0,-1.2366722380000006
1770721_at,FCY1,FCY1,YPR062W,none,none,none,,-0.18635059999999903,late_sustained_down,late,sustained,140.0,-1.2579581500000003
1770725_at,CIN8,CIN8,YEL061C,none,none,none,,-0.08078860800000065,none,none,none,,-0.826746236
1770727_at,LCB5,LCB5,YLR260W,none,none,none,,-0.0928395989999995,none,none,none,,1.0788051099999993
1770730_at,NPT1,NPT1,YOR209C,none,none,none,,-0.20949171,none,none,none,,-0.46487703000000025
1770736_at,VPS33,VPS33,YLR396C,none,none,none,,-0.16194406299999997,late_sustained_up,late,sustained,100.0,1.4866788409999998
1770737_at,JNM1,JNM1,YMR294W,none,none,none,,-0.2833642000000003,none,none,none,,-0.22353631899999993
1770739_at,SEC10,SEC10,YLR166C,none,none,none,,-0.002990536000000432,none,none,none,,0.9297714859999999
1770740_at,AGE2,AGE2,YIL044C,none,none,none,,-0.23767200999999893,none,none,none,,0.8423540200000001
1770742_at,YSP3,YSP3,YOR003W,none,none,none,,0.7379123559999989,none,none,none,,-0.4117944539999989
1770743_at,BNI4,BNI4,YNL233W,none,none,none,,-0.0034244779999994535,none,none,none,,-0.06429422199999912
1770744_at,UGP1,UGP1,YKL035W,early_partial_decline_up,early,partial_decline,30.0,0.741735499999999,early_sustained_up,early,sustained,60.0,1.79692365
1770746_at,YGL057C,,YGL057C,none,none,none,,0.37204870100000065,none,none,none,,0.33889464700000005
1770747_at,PRS5,PRS5,YOL061W,none,none,none,,-0.37602951999999945,late_sustained_down,late,sustained,100.0,-1.0625138889999999
1770748_at,MDM35,MDM35,YKL053C-A,none,none,none,,0.33739437000000017,none,none,none,,-0.10960185000000067
1770749_at,DSE1,DSE1,YER124C,none,none,none,,-0.9645485459999996,none,none,none,,0.07006074599999934
1770750_at,PRS4,PRS4,YBL068W,none,none,none,,-0.19642323999999967,none,none,none,,-0.7038894599999992
1770751_at,YPL272C,,YPL272C,none,none,none,,-0.2420960239999994,none,none,none,,0.3063636240000003
1770753_at,BMH2,BMH2,YDR099W,none,none,none,,0.14725585000000052,none,none,none,,0.11114824000000034
1770754_at,ADH6,ADH6,YMR318C,none,none,none,,-0.19294195000000158,none,none,none,,0.3163891899999989
1770758_at,PEX14,PEX14,YGL153W,none,none,none,,-0.14973787499999958,early_partial_decline_up,early,partial_decline,60.0,0.894329342999999
1770759_at,TVP38,TVP38,YKR088C,none,none,none,,0.1981646399999999,none,none,none,,0.14223624999999984
1770760_at,YGR168C,,YGR168C,none,none,none,,0.18569754700000018,none,none,none,,0.6333648389999986
1770764_at,YDL199C,,YDL199C,early_transient_up,early,transient,30.0,0.7616102910000002,early_sustained_up,early,sustained,30.0,2.5912783500000005
1770765_at,PRI2,PRI2,YKL045W,none,none,none,,0.09397090800000107,late_sustained_up,late,sustained,140.0,1.215321457
1770766_at,EST3,EST3,YIL009C-A,none,none,none,,0.552300485,none,none,none,,-0.07252156399999876
1770767_at,AGX1,AGX1,YFL030W,early_sustained_up,early,sustained,30.0,1.1172414249999996,early_sustained_up,early,sustained,30.0,2.6303276440000003
1770768_at,RTR1,RTR1,YER139C,none,none,none,,0.008528093999998987,none,none,none,,0.5479750579999987
1770773_at,PUT3,PUT3,YKL015W,none,none,none,,-0.42254718800000113,none,none,none,,-0.15671127600000112
1770776_at,SBH2,SBH2,YER019C-A,none,none,none,,-0.11650958000000067,none,none,none,,-0.3921359599999992
1770777_at,RPO26,RPO26,YPR187W,none,none,none,,-0.17745165000000007,early_sustained_down,early,sustained,60.0,-1.9445043490000007
1770778_at,GID7,GID7,YCL039W,none,none,none,,0.3098932009999995,early_sustained_up,early,sustained,60.0,2.5398994320000003
1770780_at,SRO9,SRO9,YCL037C,none,none,none,,0.008760279999998843,early_sustained_down,early,sustained,30.0,-4.1284066820000005
1770783_at,SLS1,SLS1,YLR139C,none,none,none,,0.07827205199999998,none,none,none,,-0.39440022500000005
1770785_at,HPA2,HPA2,YPR193C,early_transient_up,early,transient,60.0,0.5496826029999999,none,none,none,,0.784749165
1770788_at,HSH49,HSH49,YOR319W,none,none,none,,-0.3345426860000007,none,none,none,,-0.5008577340000002
1770790_at,SKG6,SKG6,YHR149C,none,none,none,,0.053911406000000994,early_sustained_down,early,sustained,60.0,-1.3104660679999993
1770791_at,YIF1,YIF1,YNL263C,none,none,none,,-0.07921295999999955,none,none,none,,0.1639906
1770792_at,THI7,THI7,YLR237W,none,none,none,,0.6991141919999997,none,none,none,,-0.6619899659999984
1770793_at,FMP27,FMP27,YLR454W,none,none,none,,0.25607974000000056,none,none,none,,0.37484504999999935
1770795_at,YKL162C,,YKL162C,early_sustained_up,early,sustained,30.0,1.1106851720000002,early_sustained_up,early,sustained,60.0,2.808562878000001
1770797_at,TVP15,TVP15,YDR100W,none,none,none,,0.09521237000000049,none,none,none,,0.4693837900000002
1770799_at,TIM11,TIM11,YDR322C-A,none,none,none,,0.3051713500000002,none,none,none,,0.14669081000000084
1770802_at,PAN2,PAN2,YGL094C,none,none,none,,-0.09927938499999911,none,none,none,,-0.2903733510000013
1770806_at,YPL245W,,YPL245W,none,none,none,,-0.042592297000000556,early_sustained_down,early,sustained,60.0,-1.2764169180000007
1770808_at,BRL1,BRL1,YHR036W,none,none,none,,-0.5261062140000003,none,none,none,,-0.38283048100000006
1770809_at,YPR174C,,YPR174C,none,none,none,,0.02546418299999864,none,none,none,,0.7433946779999996
1770812_at,ZAP1,ZAP1,YJL056C,none,none,none,,0.0,none,none,none,,-0.4470796769999996
1770816_at,ORC1,ORC1,YML065W,none,none,none,,-0.08720477799999848,none,none,none,,-0.09120072300000004
1770817_at,AEP2,AEP2,YMR282C,none,none,none,,-0.03651438400000018,none,none,none,,-0.7523724380000001
1770818_at,PSK1,PSK1,YAL017W,none,none,none,,0.4262264059999996,late_sustained_up,late,sustained,100.0,1.4646925360000012
1770820_at,WRS1,WRS1,YOL097C,none,none,none,,-0.3008674100000004,late_sustained_down,late,sustained,100.0,-2.4223887069999996
1770821_at,OMA1,OMA1,YKR087C,none,none,none,,-0.09633619499999924,none,none,none,,-0.7151306319999993
1770824_at,RPA190,RPA190,YOR341W,early_transient_down,early,transient,60.0,-0.24534360999999905,early_sustained_down,early,sustained,60.0,-2.834194945
1770825_at,TAX4,TAX4,YJL083W,none,none,none,,0.056948215000000246,none,none,none,,-0.06889475300000036
1770828_at,DID4,DID4,YKL002W,none,none,none,,0.12838342999999952,none,none,none,,0.7900965299999996
1770829_at,YCR075W-A,,YCR075W-A,none,none,none,,-0.0669502039999994,none,none,none,,-0.5622271369999989
1770832_at,CDC40,CDC40,YDR364C,none,none,none,,-0.15796317900000112,none,none,none,,0.39473730099999926
1770834_at,MIF2,MIF2,YKL089W,none,none,none,,-0.0035754349999983503,none,none,none,,0.5243043709999995
1770835_at,ACF4,ACF4,YJR083C,none,none,none,,-0.2283084819999992,early_sustained_up,early,sustained,60.0,1.6129874830000004
1770836_at,CNA1,CNA1,YLR433C,none,none,none,,0.040806862000000166,none,none,none,,0.6397866020000009
1770837_at,YGR266W,,YGR266W,none,none,none,,0.14690023500000038,none,none,none,,0.7502517349999991
1770839_at,MED4,MED4,YOR174W,none,none,none,,-0.1925224020000016,none,none,none,,0.2513716639999988
1770841_at,ARP1,ARP1,YHR129C,none,none,none,,-0.09412919799999919,none,none,none,,0.6211958939999995
1770843_at,IRC10,IRC10,YOL015W,none,none,none,,0.0887116859999999,none,none,none,,0.4671401230000001
1770848_at,DPH2,DPH2,YKL191W,none,none,none,,-0.4749625030000004,early_sustained_down,early,sustained,60.0,-1.378694588
1770850_at,YHR214C-D,,YHR214C-D,none,none,none,,-0.1395637470000004,none,none,none,,0.11154319099999999
1770851_at,SIR1,SIR1,YKR101W,none,none,none,,0.18660281000000012,none,none,none,,0.8193687130000002
1770852_at,TSC11,TSC11,YER093C,none,none,none,,0.0717989569999995,none,none,none,,0.10361993199999997
1770854_at,TFC3,TFC3,YAL001C,none,none,none,,0.148367189,none,none,none,,0.6919575089999999
1770855_at,TPP1,TPP1,YMR156C,none,none,none,,0.16552947699999976,none,none,none,,0.9672792069999998
1770856_at,YDR090C,,YDR090C,none,none,none,,-0.21502317600000076,none,none,none,,-0.5963219960000004
1770858_at,QCR6,QCR6,YFR033C,none,none,none,,0.38477540000000054,none,none,none,,-0.9442422490000002
1770859_at,YGR287C,,YGR287C,early_partial_decline_up,early,partial_decline,60.0,0.8370336570000001,none,none,none,,1.0414388919999995
1770861_at,UTP10,UTP10,YJL109C,none,none,none,,-0.08321465899999936,early_sustained_down,early,sustained,60.0,-1.7533907569999991
1770862_at,HRR25,HRR25,YPL204W,none,none,none,,-0.17284423000000082,none,none,none,,0.14682218999999996
1770863_at,RGP1,RGP1,YDR137W,none,none,none,,0.1661700450000012,none,none,none,,0.9735585039999997
1770864_at,RAD53,RAD53,YPL153C,none,none,none,,0.1903990680000005,none,none,none,,0.3912734450000004
1770865_at,PEA2,PEA2,YER149C,none,none,none,,-0.18407966700000067,none,none,none,,-0.11934594899999951
1770867_at,YDL237W,,YDL237W,none,none,none,,0.2785116299999988,none,none,none,,-0.08713389999999954
1770868_at,SMD2,SMD2,YLR275W,none,none,none,,-0.24618868099999958,none,none,none,,-0.8930188139999995
1770871_at,CKS1,CKS1,YBR135W,none,none,none,,-0.11717001999999965,early_sustained_down,early,sustained,60.0,-1.4686843340000006
1770876_at,NOP14,NOP14,YDL148C,early_transient_down,early,transient,30.0,-0.56191076,early_sustained_down,early,sustained,60.0,-2.6211081929999995
1770878_at,ELG1,ELG1,YOR144C,none,none,none,,0.23396027899999972,early_sustained_down,early,sustained,60.0,-1.5285522910000005
1770879_at,YDR381C-A,,YDR381C-A,none,none,none,,0.7535924229999988,none,none,none,,-0.11346454000000072
1770882_at,RPL13B,RPL13B,YMR142C,none,none,none,,-0.08068188999999926,late_sustained_down,late,sustained,140.0,-1.1316964999999986
1770883_at,YOR228C,,YOR228C,none,none,none,,0.2595553690000001,early_sustained_up,early,sustained,60.0,1.441360499
1770884_s_at,SSB1 /// SSB2,SSB1 /// SSB2,YDL229W,none,none,none,,-0.05446854999999928,late_sustained_down,late,sustained,100.0,-1.4189611699999993
1770885_at,YDR387C,,YDR387C,none,none,none,,0.07876277599999959,late_sustained_up,late,sustained,140.0,1.0792894190000002
1770886_at,YLR030W,,YLR030W,none,none,none,,-0.01194400799999995,none,none,none,,1.278998154
1770887_at,YKL187C,,YKL187C,early_transient_up,early,transient,30.0,0.7303364989999999,early_sustained_up,early,sustained,60.0,1.3682429860000003
1770888_at,PTM1,PTM1,YKL039W,none,none,none,,0.27377266000000056,none,none,none,,0.6790097400000015
1770889_at,VPS13,VPS13,YLL040C,none,none,none,,0.32934309899999903,none,none,none,,0.2805338380000002
1770890_at,ERG6,ERG6,YML008C,none,none,none,,0.023813479999999387,none,none,none,,-1.2700449799999998
1770891_at,PUS5,PUS5,YLR165C,none,none,none,,0.15167449499999996,late_sustained_up,late,sustained,100.0,1.5837406449999998
1770892_at,YBR138C,,YBR138C,none,none,none,,-0.08524203199999913,none,none,none,,-0.1310641050000001
1770896_at,BEM3,BEM3,YPL115C,none,none,none,,-0.08009738800000044,none,none,none,,-0.7168239790000008
1770897_x_at,PAU5,PAU5,YFL020C,none,none,none,,0.5455547129999996,early_sustained_up,early,sustained,60.0,2.193495991
1770898_at,MDM10,MDM10,YAL010C,none,none,none,,-0.07956481599999954,none,none,none,,0.7759765979999997
1770899_at,SKO1,SKO1,YNL167C,none,none,none,,-0.17204093099999973,none,none,none,,0.16343862899999984
1770900_at,KIN82,KIN82,YCR091W,early_transient_up,early,transient,30.0,0.5151699380000005,early_sustained_up,early,sustained,60.0,1.7610618359999997
1770902_at,YKL037W,,YKL037W,none,none,none,,0.5243252759999999,none,none,none,,-0.04288266000000007
1770908_at,TAF11,TAF11,YML015C,none,none,none,,-0.09471078699999858,none,none,none,,0.32112548099999927
1770911_at,STS1,STS1,YIR011C,none,none,none,,-0.14086562899999855,early_sustained_up,early,sustained,60.0,2.1882540100000014
1770913_at,YGR240C-A,,YGR240C-A,none,none,none,,0.2266597509999997,none,none,none,,0.2877624179999998
1770916_at,SEC17,SEC17,YBL050W,none,none,none,,-0.08666271999999964,none,none,none,,0.5324886099999997
1770917_at,ECM29,ECM29,YHL030W,none,none,none,,-0.35010362200000067,early_sustained_up,early,sustained,60.0,1.9804680989999994
1770920_at,COA2,COA2,YPL189C-A,none,none,none,,0.753191524,early_sustained_down,early,sustained,30.0,-1.0515911399999993
1770922_at,LIP1,LIP1,YMR298W,none,none,none,,-0.04447805000000038,none,none,none,,0.8191722600000002
1770923_at,THI20,THI20,YOL055C,none,none,none,,0.43230521900000074,none,none,none,,0.5112510199999996
1770924_at,JLP2,JLP2,YMR132C,none,none,none,,-0.12812809200000075,none,none,none,,-0.04357862700000048
1770925_at,FSH1,FSH1,YHR049W,none,none,none,,-0.08118352000000151,late_sustained_down,late,sustained,100.0,-1.1378112199999997
1770927_at,MAD2,MAD2,YJL030W,none,none,none,,-0.020449146999999,early_sustained_up,early,sustained,60.0,1.5429199669999996
1770928_at,YCG1,YCG1,YDR325W,none,none,none,,0.014643753999999731,none,none,none,,-0.5239868510000001
1770933_at,BUL1,BUL1,YMR275C,none,none,none,,-0.14772372399999867,none,none,none,,0.8503360040000008
1770935_at,LAA1,LAA1,YJL207C,none,none,none,,-0.09163984299999939,none,none,none,,-0.2853097420000008
1770936_at,SEM1,SEM1,YDR363W-A,none,none,none,,-0.17159030000000008,none,none,none,,0.4832466900000014
1770938_at,ENA5,ENA5,YDR038C,none,none,none,,-0.24979420100000027,none,none,none,,-0.07373583800000016
1770941_at,ELM1,ELM1,YKL048C,none,none,none,,-0.3868563490000003,early_sustained_down,early,sustained,60.0,-1.1183593930000004
1770942_at,VPS16,VPS16,YPL045W,none,none,none,,-0.19806685900000076,none,none,none,,0.6574417520000004
1770943_at,RNT1,RNT1,YMR239C,early_transient_down,early,transient,30.0,-0.3489606900000002,early_sustained_down,early,sustained,60.0,-1.9940952359999997
1770945_at,NMD4,NMD4,YLR363C,none,none,none,,-0.15128099000000006,late_sustained_up,late,sustained,140.0,1.4289394189999989
1770947_at,ICL2,ICL2,YPR006C,none,none,none,,0.5922409899999987,none,none,none,,0.3257278180000007
1770948_at,RPL10,RPL10,YLR075W,none,none,none,,0.00531991000000076,none,none,none,,0.13642360000000053
1770949_at,MCM1,MCM1,YMR043W,none,none,none,,-0.20356611999999963,none,none,none,,-0.7778008749999987
1770952_at,ASI3,ASI3,YNL008C,none,none,none,,0.0834917879999999,late_sustained_up,late,sustained,100.0,1.6449381639999991
1770954_at,YLR363W-A,,YLR363W-A,early_transient_down,early,transient,30.0,-0.5950617900000008,early_sustained_down,early,sustained,60.0,-2.6942167749999992
1770957_at,YOR378W,,YOR378W,none,none,none,,0.030902452999999497,none,none,none,,0.3574326379999997
1770958_at,UBX7,UBX7,YBR273C,none,none,none,,-0.013644993999999855,early_sustained_up,early,sustained,60.0,1.6808513289999993
1770962_at,CDC19,CDC19,YAL038W,none,none,none,,0.0149416200000001,none,none,none,,0.04673430000000067
1770963_at,TRM5,TRM5,YHR070W,early_transient_down,early,transient,30.0,-0.5051647149999994,early_sustained_down,early,sustained,60.0,-1.307768533
1770964_at,HOS1,HOS1,YPR068C,none,none,none,,0.35965038400000005,none,none,none,,0.3841882569999999
1770966_at,YJR120W,,YJR120W,none,none,none,,0.20903781700000001,none,none,none,,-0.46584148999999986
1770967_at,YIL096C,,YIL096C,early_transient_down,early,transient,30.0,-0.24467385700000044,early_sustained_down,early,sustained,60.0,-2.6528944059999997
1770968_at,COX12,COX12,YLR038C,none,none,none,,0.30886175000000016,none,none,none,,-0.9346615699999994
1770971_at,RPS13,RPS13,YDR064W,none,none,none,,-0.024122419999999423,late_sustained_down,late,sustained,140.0,-1.0459581100000008
1770974_at,YNR004W,,YNR004W,none,none,none,,-0.0031369990000005288,none,none,none,,-0.17116594699999954
1770979_at,FLX1,FLX1,YIL134W,none,none,none,,0.055250457999999725,none,none,none,,-0.9705174580000007
1770981_at,QDR2,QDR2,YIL121W,none,none,none,,0.28748603100000025,late_sustained_down,late,sustained,100.0,-1.5625104300000006
1770987_at,SEC22,SEC22,YLR268W,none,none,none,,-0.217575364,none,none,none,,-0.933412649000001
1770988_at,HLJ1,HLJ1,YMR161W,none,none,none,,-0.37031135900000045,none,none,none,,-0.5325228749999997
1770990_at,YER064C,,YER064C,none,none,none,,0.11977844600000154,none,none,none,,0.11319844000000145
1770995_at,SLM4,SLM4,YBR077C,none,none,none,,-0.04900308999999936,none,none,none,,0.8586137799999989
1770996_at,CTR86,CTR86,YCR054C,none,none,none,,0.07216786099999961,none,none,none,,0.4738542250000011
1770998_at,YNR066C,,YNR066C,none,none,none,,0.4102877499999993,late_sustained_down,late,sustained,100.0,-1.0419361679999999
1771000_at,YIA6,YIA6,YIL006W,none,none,none,,0.045949418000000186,none,none,none,,-0.2733028209999997
1771002_at,NSE1,NSE1,YLR007W,none,none,none,,0.06049196600000073,none,none,none,,0.7133157509999997
1771004_at,RSM24,RSM24,YDR175C,none,none,none,,0.1051925770000004,none,none,none,,0.5413339130000008
1771005_at,CSI1,CSI1,YMR025W,none,none,none,,0.6363359869999998,none,none,none,,0.6478244229999994
1771006_at,BCS1,BCS1,YDR375C,none,none,none,,0.2981401049999999,none,none,none,,-0.4093936790000008
1771007_at,ECM32,ECM32,YER176W,none,none,none,,-0.33661204400000067,none,none,none,,-0.4107975650000011
1771009_at,YHR113W,,YHR113W,none,none,none,,0.033737190000000084,none,none,none,,0.34649894000000003
1771012_at,TSR1,TSR1,YDL060W,early_transient_down,early,transient,30.0,-0.3300291600000005,early_sustained_down,early,sustained,60.0,-2.4899278569999996
1771013_at,YLR271W,,YLR271W,none,none,none,,0.33434585199999933,late_sustained_up,late,sustained,100.0,1.145367071
1771015_at,HDA3,HDA3,YPR179C,none,none,none,,-0.40675473800000006,none,none,none,,1.160211586
1771019_at,SIA1,SIA1,YOR137C,none,none,none,,0.6374552480000002,none,none,none,,-0.3807912010000001
1771020_at,MRPL8,MRPL8,YJL063C,none,none,none,,-0.015150380999999769,none,none,none,,-0.39225688899999867
1771022_at,YBR056W,,YBR056W,early_sustained_up,early,sustained,30.0,1.3638458230000001,early_sustained_up,early,sustained,60.0,3.2500979450000003
1771023_at,HST4,HST4,YDR191W,none,none,none,,-0.007032289999999719,none,none,none,,-0.4642925509999998
1771027_at,TIF3,TIF3,YPR163C,none,none,none,,-0.33314661,early_sustained_down,early,sustained,60.0,-2.265350446000001
1771031_at,MPT5,MPT5,YGL178W,none,none,none,,0.08169839299999992,none,none,none,,0.6829610739999996
1771040_at,ATG26,ATG26,YLR189C,none,none,none,,0.34958422199999895,late_sustained_up,late,sustained,100.0,1.6639569309999995
1771041_at,YOR152C,,YOR152C,early_sustained_up,early,sustained,60.0,1.205130863,late_sustained_up,late,sustained,100.0,1.9396199930000009
1771042_at,UNG1,UNG1,YML021C,none,none,none,,-0.036213215000000076,none,none,none,,-0.7005660860000003
1771045_at,ALR2,ALR2,YFL050C,none,none,none,,-0.31084903600000047,none,none,none,,-0.17738650999999983
1771046_at,YNL295W,,YNL295W,none,none,none,,0.06488866699999996,none,none,none,,0.5132010269999991
1771051_at,LYS4,LYS4,YDR234W,none,none,none,,-0.024779859999998877,none,none,none,,-0.9315959899999999
1771052_at,FMP45,FMP45,YDL222C,early_sustained_up,early,sustained,60.0,1.094961348,early_sustained_up,early,sustained,60.0,3.163772123
1771055_at,RPL18B,RPL18B,YNL301C,none,none,none,,-0.015673220000000043,early_sustained_down,early,sustained,60.0,-3.410504756
1771057_at,RCE1,RCE1,YMR274C,none,none,none,,-0.3362861559999999,late_sustained_down,late,sustained,140.0,-1.362717602000001
1771061_at,MSK1,MSK1,YNL073W,none,none,none,,0.34086677800000054,none,none,none,,0.04400052699999968
1771064_at,RIF1,RIF1,YBR275C,none,none,none,,-0.23578069700000004,none,none,none,,-0.16154552900000052
1771065_at,YER093C-A,,YER093C-A,none,none,none,,0.4952289040000002,none,none,none,,0.44585731100000014
1771067_at,ABF1,ABF1,YKL112W,none,none,none,,0.08631813100000052,none,none,none,,-0.6287126090000008
1771068_at,PSO2,PSO2,YMR137C,none,none,none,,0.040423125000000226,late_sustained_up,late,sustained,100.0,1.7997823879999997
1771069_at,YLR063W,,YLR063W,early_transient_down,early,transient,30.0,-0.15368526500000002,early_transient_down,early,transient,60.0,-0.7009937619999995
1771070_at,YIR007W,,YIR007W,early_partial_decline_up,early,partial_decline,60.0,0.8968195029999997,early_sustained_up,early,sustained,60.0,2.331934251999999
1771072_at,ATG16,ATG16,YMR159C,none,none,none,,-0.0033810029999994384,none,none,none,,1.0998074830000002
1771073_at,DCG1,DCG1,YIR030C,early_transient_up,early,transient,30.0,0.8293867380000002,early_sustained_up,early,sustained,60.0,1.230526739
1771075_at,MRPL20,MRPL20,YKR085C,none,none,none,,0.10978109000000025,none,none,none,,-0.49543542500000015
1771076_at,MNP1,MNP1,YGL068W,none,none,none,,0.13280168999999908,none,none,none,,-0.7363454989999987
1771078_at,FRM2,FRM2,YCL026C-A,early_sustained_up,early,sustained,30.0,2.2551356499999997,early_sustained_up,early,sustained,30.0,2.905385987
1771079_at,HST1,HST1,YOL068C,none,none,none,,-0.22589583999999974,none,none,none,,1.0548211900000002
1771081_at,ADK2,ADK2,YER170W,none,none,none,,0.07035313699999968,early_partial_decline_up,early,partial_decline,60.0,0.6616830049999995
1771083_at,YPS5,YPS5,YGL259W,none,none,none,,0.21882689300000013,late_sustained_up,late,sustained,100.0,1.256737497
1771084_at,MCM10,MCM10,YIL150C,none,none,none,,-0.7070776270000003,none,none,none,,0.4758334919999996
1771085_at,RPL18A,RPL18A,YOL120C,none,none,none,,-0.022344790000000003,late_sustained_down,late,sustained,140.0,-1.3966150200000005
1771088_at,YUH1,YUH1,YJR099W,none,none,none,,0.10212877500000062,none,none,none,,0.8823734100000014
1771090_at,FRE2,FRE2,YKL220C,none,none,none,,0.055457056000000726,none,none,none,,0.02239979400000003
1771091_at,DAN1,DAN1,YJR150C,none,none,none,,-1.1225383829999998,early_sustained_down,early,sustained,60.0,-1.8891321609999996
1771095_at,RGR1,RGR1,YLR071C,none,none,none,,-0.24282276599999975,none,none,none,,-0.5533117580000013
1771100_at,FZF1,FZF1,YGL254W,none,none,none,,-0.4173790689999999,late_sustained_up,late,sustained,140.0,1.2641632420000004
1771101_at,KKQ8,KKQ8,YKL168C,none,none,none,,0.01619525300000113,none,none,none,,0.6889864889999995
1771103_at,COX6,COX6,YHR051W,none,none,none,,0.3858774599999997,none,none,none,,-1.1051660839999986
1771104_at,SPO22,SPO22,YIL073C,none,none,none,,-0.020776674999999578,none,none,none,,0.7451526629999998
1771106_at,TOS1,TOS1,YBR162C,none,none,none,,-0.3554143700000001,late_sustained_down,late,sustained,100.0,-1.6720673599999998
1771108_at,EPT1,EPT1,YHR123W,none,none,none,,-0.08909333700000133,none,none,none,,-0.4201084460000004
1771109_at,WSC4,WSC4,YHL028W,none,none,none,,-0.2120961690000005,none,none,none,,-0.8901775290000007
1771112_at,IST1,IST1,YNL265C,none,none,none,,-0.025995950000000434,early_sustained_up,early,sustained,60.0,1.4722781230000006
1771117_at,SNG1,SNG1,YGR197C,none,none,none,,-0.034431825000000416,early_sustained_up,early,sustained,30.0,1.147391047000001
1771119_at,CDC16,CDC16,YKL022C,none,none,none,,-0.1246114949999999,none,none,none,,0.813154462
1771120_at,SEC23,SEC23,YPR181C,none,none,none,,-0.07883279000000165,none,none,none,,-0.17623597000000046
1771125_at,PAD1,PAD1,YDR538W,none,none,none,,-0.2851937360000001,late_sustained_down,late,sustained,100.0,-1.7967612080000013
1771126_at,PUF6,PUF6,YDR496C,early_transient_down,early,transient,30.0,-0.5017571299999997,early_sustained_down,early,sustained,60.0,-2.5621380810000005
1771133_at,DBP10,DBP10,YDL031W,early_transient_down,early,transient,30.0,-0.5244704999999996,early_sustained_down,early,sustained,60.0,-2.841082553999999
1771135_at,CCT6,CCT6,YDR188W,none,none,none,,-0.42902154999999986,none,none,none,,-0.24753785999999955
1771137_at,VPS38,VPS38,YLR360W,none,none,none,,-0.01224821300000034,none,none,none,,0.14555367899999982
1771138_at,YBR219C,,YBR219C,none,none,none,,-0.07673504399999986,none,none,none,,0.2298511099999998
1771139_at,BET1,BET1,YIL004C,none,none,none,,-0.03565640599999931,late_sustained_down,late,sustained,100.0,-1.1332596200000005
1771140_at,MRPS28,MRPS28,YDR337W,none,none,none,,0.22441582599999954,none,none,none,,0.4474235360000005
1771141_at,YLH47,YLH47,YPR125W,none,none,none,,-0.25267937699999976,none,none,none,,0.3955854900000002
1771143_at,CYB2,CYB2,YML054C,none,none,none,,1.0238206310000004,late_sustained_up,late,sustained,100.0,1.2757849299999995
1771145_at,NOT3,NOT3,YIL038C,none,none,none,,-0.4037032820000004,none,none,none,,-0.524154072
1771147_at,SGM1,SGM1,YJR134C,none,none,none,,-0.21454645999999933,none,none,none,,-0.1090263260000004
1771148_at,YDR336W,,YDR336W,none,none,none,,-0.1666067870000001,late_sustained_up,late,sustained,100.0,1.4201658460000006
1771150_at,YPL107W,,YPL107W,none,none,none,,-0.05127528000000048,none,none,none,,-0.06376930200000075
1771151_at,GRS2,GRS2,YPR081C,none,none,none,,0.2050024300000004,early_sustained_up,early,sustained,60.0,1.4297112700000003
1771153_at,LAP4,LAP4,YKL103C,early_sustained_up,early,sustained,30.0,2.2782572310000013,early_sustained_up,early,sustained,30.0,5.026030195999999
1771154_at,DAL81,DAL81,YIR023W,none,none,none,,-0.3361824259999988,none,none,none,,-1.2428376639999996
1771157_at,YDR524C-B,,YDR524C-B,none,none,none,,-0.013853349999999764,none,none,none,,-0.2957906700000006
1771158_at,YLR342W-A,,YLR342W-A,none,none,none,,-0.051164669000000274,none,none,none,,-0.6086647329999995
1771159_at,NSA1,NSA1,YGL111W,none,none,none,,-0.3757717100000004,late_sustained_down,late,sustained,100.0,-1.3921135170000003
1771160_at,RSE1,RSE1,YML049C,none,none,none,,-0.25615973699999905,late_sustained_up,late,sustained,100.0,1.6272987160000003
1771162_at,JJJ2,JJJ2,YJL162C,none,none,none,,-0.3675969419999996,none,none,none,,0.05711480899999977
1771165_x_at,HXT13,HXT13,YEL069C,none,none,none,,0.25707495699999994,none,none,none,,0.13603673400000016
1771167_at,NBP35,NBP35,YGL091C,none,none,none,,-0.5836840649999999,early_sustained_up,early,sustained,30.0,2.023867806
1771169_at,YEF3,YEF3,YLR249W,none,none,none,,-0.0424226799999996,late_sustained_down,late,sustained,100.0,-1.3750939500000001
1771170_at,TAD3,TAD3,YLR316C,none,none,none,,-0.30524796200000104,none,none,none,,-0.4233987260000003
1771171_at,ERG7,ERG7,YHR072W,none,none,none,,0.12499324000000023,early_sustained_down,early,sustained,60.0,-1.8776799100000012
1771172_at,NMA1,NMA1,YLR328W,none,none,none,,-0.06687364999999978,none,none,none,,-0.4398440360000002
1771173_at,RPB9,RPB9,YGL070C,none,none,none,,-0.44049626699999855,early_sustained_down,early,sustained,60.0,-1.3761592710000006
1771176_at,CHS3,CHS3,YBR023C,none,none,none,,-0.006782799999999867,late_sustained_down,late,sustained,140.0,-1.5653831489999988
1771177_at,YLR224W,,YLR224W,none,none,none,,-0.17460845000000091,none,none,none,,0.12835924400000032
1771179_at,UTR4,UTR4,YEL038W,none,none,none,,-0.08414100000000069,none,none,none,,0.2864594999999994
1771183_at,ERG2,ERG2,YMR202W,none,none,none,,-0.0038022200000007444,late_sustained_down,late,sustained,100.0,-1.6253175199999994
1771184_at,VPS64,VPS64,YDR200C,none,none,none,,-0.009951996999999935,none,none,none,,0.4127576279999996
1771186_at,YFR016C,,YFR016C,none,none,none,,0.3291063470000015,none,none,none,,0.5166644439999999
1771187_at,VPS62,VPS62,YGR141W,none,none,none,,0.06756849499999973,none,none,none,,0.9710506029999983
1771188_at,YNL217W,,YNL217W,none,none,none,,-0.7080094900000002,early_partial_decline_down,early,partial_decline,60.0,-0.9377460099999997
1771189_at,DGR2,DGR2,YKL121W,none,none,none,,0.39664175800000034,early_sustained_up,early,sustained,60.0,1.5372642130000003
1771190_at,ATF2,ATF2,YGR177C,early_transient_down,early,transient,30.0,-0.29009703100000017,early_sustained_down,early,sustained,60.0,-3.1166262610000004
1771191_at,LSB5,LSB5,YCL034W,none,none,none,,-0.1935353599999985,early_sustained_up,early,sustained,60.0,1.8736187500000003
1771192_at,YAL067W-A,,YAL067W-A,none,none,none,,-0.07051730800000033,none,none,none,,-0.018606344000000163
1771193_at,TAT2,TAT2,YOL020W,none,none,none,,-0.09338531000000039,none,none,none,,-0.8166049689999983
1771195_at,NPP1,NPP1,YCR026C,none,none,none,,-0.020733506999999207,none,none,none,,0.34684090900000086
1771196_at,MEC1,MEC1,YBR136W,none,none,none,,-0.004526689000000417,none,none,none,,-0.25928360600000033
1771197_at,ISN1,ISN1,YOR155C,none,none,none,,0.25653297300000055,early_sustained_up,early,sustained,60.0,1.725729651
1771199_at,NAB2,NAB2,YGL122C,none,none,none,,-0.867080756,early_sustained_up,early,sustained,60.0,1.4913469799999994
1771200_at,HNT3,HNT3,YOR258W,none,none,none,,-0.020171115999999323,none,none,none,,0.685873086
1771202_at,TUL1,TUL1,YKL034W,none,none,none,,0.07524223399999919,none,none,none,,0.9243386509999993
1771204_at,YHR050W-A,,YHR050W-A,none,none,none,,0.46515715199999974,none,none,none,,0.27420232099999975
1771206_at,MCD4,MCD4,YKL165C,none,none,none,,0.27328155399999865,late_sustained_down,late,sustained,100.0,-1.7274624339999995
1771209_at,SRP21,SRP21,YKL122C,none,none,none,,-0.2028507899999994,none,none,none,,0.18166478999999924
1771211_at,DAN2,DAN2,YLR037C,none,none,none,,-0.05775971999999996,late_sustained_down,late,sustained,100.0,-1.2850670230000016
1771212_at,UBC12,UBC12,YLR306W,none,none,none,,0.03581639400000114,none,none,none,,0.07028108499999952
1771214_at,PYK2,PYK2,YOR347C,early_sustained_up,early,sustained,30.0,1.023802764000001,early_sustained_up,early,sustained,60.0,1.1264507220000013
1771215_at,MET22,MET22,YOL064C,none,none,none,,-0.19623345199999953,early_transient_up,early,transient,60.0,0.43065048999999966
1771217_at,PPN1,PPN1,YDR452W,none,none,none,,0.030235879999999327,none,none,none,,0.3095073500000005
1771218_at,YPS7,YPS7,YDR349C,none,none,none,,-0.13722997999999897,none,none,none,,-0.8869330859999991
1771219_at,FAB1,FAB1,YFR019W,none,none,none,,0.18103735400000076,none,none,none,,0.7366329099999991
1771220_at,TTI1,TTI1,YKL033W,none,none,none,,-0.12824757199999937,none,none,none,,-0.6647573009999999
1771222_at,TOS8,TOS8,YGL096W,early_transient_up,early,transient,30.0,0.2718695429999993,early_sustained_up,early,sustained,30.0,2.290661630999999
1771227_at,GBP2,GBP2,YCL011C,none,none,none,,-0.10170575999999976,none,none,none,,0.638506210000001
1771230_at,NSE3,NSE3,YDR288W,none,none,none,,-0.1365231929999995,none,none,none,,0.4727102480000003
1771231_at,TCO89,TCO89,YPL180W,none,none,none,,-0.24109427299999986,none,none,none,,0.5170001450000008
1771233_at,QRI7,QRI7,YDL104C,none,none,none,,-0.22528870000000012,none,none,none,,0.6948929890000004
1771234_at,CRM1,CRM1,YGR218W,none,none,none,,-0.1373043599999999,none,none,none,,0.24207833
1771236_at,CAX4,CAX4,YGR036C,none,none,none,,-0.1250648899999991,none,none,none,,-0.7872715470000005
1771240_at,YDR109C,,YDR109C,none,none,none,,-0.218746801,none,none,none,,0.8085916860000006
1771246_at,DUT1,DUT1,YBR252W,none,none,none,,-0.3283224899999997,early_sustained_down,early,sustained,60.0,-1.7372640560000008
1771249_at,APC11,APC11,YDL008W,none,none,none,,0.012654446000000874,none,none,none,,1.150624881999999
1771252_at,SCM3,SCM3,YDL139C,none,none,none,,-0.06764377199999938,late_sustained_up,late,sustained,100.0,1.729320842
1771253_at,YOR022C,,YOR022C,early_transient_up,early,transient,30.0,0.6177972279999997,early_sustained_up,early,sustained,60.0,1.7682860219999998
1771258_at,YPL066W,,YPL066W,none,none,none,,0.037524047999999866,none,none,none,,-0.3002789640000003
1771260_at,HAL1,HAL1,YPR005C,none,none,none,,0.6969729579999999,early_sustained_up,early,sustained,30.0,1.2086911699999998
1771261_at,YSP1,YSP1,YHR155W,none,none,none,,0.0498909610000009,none,none,none,,0.0855288019999989
1771262_at,PRP11,PRP11,YDL043C,none,none,none,,-0.4180843259999989,none,none,none,,-0.1411263060000003
1771265_at,FMP46,FMP46,YKR049C,late_partial_decline_up,late,partial_decline,100.0,0.9259159940000004,late_sustained_up,late,sustained,100.0,1.8130161350000016
1771266_at,ARB1,ARB1,YER036C,none,none,none,,-0.2724794399999997,early_sustained_down,early,sustained,60.0,-2.1501934359999986
1771269_at,CDC45,CDC45,YLR103C,none,none,none,,0.05452529599999956,none,none,none,,0.34586636399999904
1771271_at,YKR043C,,YKR043C,none,none,none,,-0.2780114099999995,none,none,none,,-0.568689710000001
1771272_at,SMX3,SMX3,YPR182W,none,none,none,,-0.5674698249999999,none,none,none,,-0.769578353
1771274_at,MEK1,MEK1,YOR351C,none,none,none,,0.07340360900000009,none,none,none,,-0.171460921
1771276_at,SUR1,SUR1,YPL057C,none,none,none,,0.45832321600000014,early_sustained_down,early,sustained,30.0,-1.1172946919999998
1771278_at,LCB4,LCB4,YOR171C,none,none,none,,-0.12208139200000012,none,none,none,,0.5297855509999998
1771279_at,SUP45,SUP45,YBR143C,none,none,none,,-0.23331680999999982,late_sustained_down,late,sustained,100.0,-1.6455293600000012
1771282_at,YRB1,YRB1,YDR002W,none,none,none,,-0.12031040999999831,none,none,none,,-0.18981976999999972
1771286_at,YDR541C,,YDR541C,none,none,none,,0.3991900889999993,none,none,none,,0.12426420800000049
1771287_at,ERG4,ERG4,YGL012W,none,none,none,,0.03975057000000071,none,none,none,,-0.7943538100000005
1771288_at,YGR053C,,YGR053C,early_partial_decline_up,early,partial_decline,30.0,0.9373470849999999,early_sustained_up,early,sustained,30.0,2.175757677
1771289_at,YDR531W,,YDR531W,none,none,none,,0.049000159999998516,late_sustained_up,late,sustained,100.0,1.0229200700000014
1771291_at,YAL037C-A,,YAL037C-A,none,none,none,,0.012141527999999902,none,none,none,,0.08850427999999999
1771292_at,HTB1,HTB1,YDR224C,none,none,none,,-0.14747032000000004,none,none,none,,-0.4167211599999998
1771293_at,CCA1,CCA1,YER168C,none,none,none,,-0.24702755999999937,none,none,none,,0.4779611399999997
1771296_at,YLR091W,,YLR091W,none,none,none,,-0.48437198999999964,none,none,none,,0.3006868149999997
1771299_at,MRP1,MRP1,YDR347W,none,none,none,,0.21316174000000032,none,none,none,,-0.022282419999999803
1771302_at,YOR246C,,YOR246C,none,none,none,,-0.18143695000000015,none,none,none,,-0.8413913340000008
1771304_at,UTP13,UTP13,YLR222C,early_transient_down,early,transient,30.0,-0.3376391699999992,early_sustained_down,early,sustained,60.0,-2.674601711
1771305_at,BGL2,BGL2,YGR282C,none,none,none,,0.10098655999999906,none,none,none,,-0.1857372599999998
1771310_at,YHM2,YHM2,YMR241W,none,none,none,,0.15584768999999987,early_sustained_down,early,sustained,60.0,-1.3612010300000001
1771312_at,ACE2,ACE2,YLR131C,none,none,none,,-0.16254981600000118,late_sustained_down,late,sustained,140.0,-1.289903261
1771313_at,HMG1,HMG1,YML075C,none,none,none,,0.18447699999999934,early_sustained_down,early,sustained,60.0,-3.3877562580000005
1771315_at,ERI1,ERI1,YPL096C-A,none,none,none,,0.011086150000000572,late_sustained_down,late,sustained,140.0,-1.128674061
1771317_at,TVP18,TVP18,YMR071C,none,none,none,,0.07210870000000114,none,none,none,,0.8465062799999998
1771319_at,ASR1,ASR1,YPR093C,none,none,none,,0.0025454179999986337,early_sustained_up,early,sustained,60.0,1.8004026269999986
1771320_at,NUG1,NUG1,YER006W,early_transient_down,early,transient,60.0,-0.3130508799999987,early_sustained_down,early,sustained,60.0,-2.2613472239999997
1771321_at,RSC6,RSC6,YCR052W,none,none,none,,-0.1645909010000004,none,none,none,,0.013805495999999806
1771323_at,PAU5,PAU5,YFL020C,none,none,none,,0.5804518519999995,late_sustained_up,late,sustained,100.0,1.3385872650000001
1771324_at,KRR1,KRR1,YCL059C,early_transient_down,early,transient,60.0,-0.42220527000000097,late_sustained_down,late,sustained,100.0,-2.1773836099999997
1771326_at,SPR1,SPR1,YOR190W,none,none,none,,0.42358061599999974,none,none,none,,0.7919273760000003
1771328_at,RPN10,RPN10,YHR200W,none,none,none,,-0.4294996400000013,none,none,none,,0.833226269999999
1771329_at,CDC31,CDC31,YOR257W,none,none,none,,-0.3647224169999994,none,none,none,,0.25727468200000025
1771330_at,PRP42,PRP42,YDR235W,none,none,none,,-0.1129319259999999,none,none,none,,0.7554109950000001
1771331_at,CSE1,CSE1,YGL238W,none,none,none,,-0.07065272999999905,none,none,none,,0.3247173700000001
1771334_at,KRE11,KRE11,YGR166W,none,none,none,,0.04161076100000116,none,none,none,,-0.1732412770000007
1771337_at,NPC2,NPC2,YDL046W,none,none,none,,0.12168455000000122,none,none,none,,0.34868869000000124
1771340_at,BOP2,BOP2,YLR267W,early_sustained_up,early,sustained,30.0,2.3249851169999998,early_sustained_up,early,sustained,30.0,5.877052752
1771341_at,ZPS1,ZPS1,YOL154W,none,none,none,,0.2126529510000008,late_sustained_down,late,sustained,140.0,-1.2635457559999992
1771344_at,FIT1,FIT1,YDR534C,none,none,none,,0.18206291700000055,none,none,none,,0.09317534900000002
1771346_at,TRP4,TRP4,YDR354W,none,none,none,,-0.3936137569999989,none,none,none,,-0.1050660600000004
1771348_at,YLR040C,,YLR040C,none,none,none,,-0.08397526999999982,late_sustained_down,late,sustained,140.0,-1.46651578
1771349_at,MSN2,MSN2,YMR037C,none,none,none,,-0.08075547199999988,none,none,none,,0.25857019100000045
1771353_at,GRS1,GRS1,YBR121C,none,none,none,,-0.1534898800000004,late_sustained_down,late,sustained,100.0,-1.8101363599999996
1771355_at,NBP1,NBP1,YLR457C,none,none,none,,-0.22459648600000026,none,none,none,,0.534256901
1771358_at,STB5,STB5,YHR178W,none,none,none,,-0.19297221700000033,none,none,none,,0.014043487000000354
1771359_at,IPI1,IPI1,YHR085W,early_transient_down,early,transient,30.0,-0.468094047000001,none,none,none,,-0.3783055409999996
1771363_at,RTA1,RTA1,YGR213C,early_transient_up,early,transient,30.0,0.21769681600000013,late_sustained_up,late,sustained,100.0,1.495591406
1771364_at,YHR140W,,YHR140W,early_sustained_up,early,sustained,60.0,1.3618174499999993,late_sustained_up,late,sustained,100.0,1.1627092470000004
1771367_at,RPP1,RPP1,YHR062C,early_transient_down,early,transient,30.0,-0.27426956799999935,late_partial_decline_down,late,partial_decline,100.0,-0.9378654589999993
1771372_at,RRP40,RRP40,YOL142W,none,none,none,,-0.3426310499999996,none,none,none,,-0.5803303700000004
1771373_at,SPS100,SPS100,YHR139C,early_partial_decline_up,early,partial_decline,30.0,0.9370504999999998,early_sustained_up,early,sustained,60.0,2.681649694
1771375_at,MOH1,MOH1,YBL049W,early_sustained_up,early,sustained,30.0,1.4039209899999996,early_sustained_up,early,sustained,60.0,2.6309878060000003
1771376_at,BNA5,BNA5,YLR231C,none,none,none,,0.8278898160000008,none,none,none,,-0.8254943970000008
1771378_at,STD1,STD1,YOR047C,none,none,none,,-0.20070412499999968,none,none,none,,-1.0436629659999994
1771382_at,YDR370C,,YDR370C,none,none,none,,-0.17955647099999972,none,none,none,,-0.8630854069999998
1771383_at,YTH1,YTH1,YPR107C,none,none,none,,-0.20943134200000024,early_sustained_up,early,sustained,60.0,2.0149470340000004
1771387_at,OSH6,OSH6,YKR003W,none,none,none,,0.42424743900000017,none,none,none,,0.5681092680000006
1771388_at,DIF1,DIF1,YLR437C,none,none,none,,-0.2963214090000008,early_sustained_down,early,sustained,60.0,-1.7143419469999994
1771389_at,SOG2,SOG2,YOR353C,none,none,none,,-0.23522459600000012,none,none,none,,0.27370024799999904
1771390_at,MCM5,MCM5,YLR274W,none,none,none,,-0.12410869599999863,none,none,none,,0.30008159700000014
1771391_at,PKH1,PKH1,YDR490C,none,none,none,,0.3623272550000003,late_sustained_up,late,sustained,100.0,1.1336937230000004
1771392_at,FRE1,FRE1,YLR214W,none,none,none,,0.6239709300000005,none,none,none,,0.6478765099999997
1771393_at,YFR039C,,YFR039C,none,none,none,,-0.33219209199999966,none,none,none,,0.10849069900000075
1771395_at,APD1,APD1,YBR151W,none,none,none,,0.10051448000000107,none,none,none,,0.38802746
1771396_at,BRX1,BRX1,YOL077C,none,none,none,,-0.2937140100000004,early_sustained_down,early,sustained,60.0,-2.7152120209999993
1771397_at,HEH2,HEH2,YDR458C,none,none,none,,-0.004339628000000317,none,none,none,,0.6397286069999994
1771399_at,VTC3,VTC3,YPL019C,none,none,none,,0.49471209799999905,none,none,none,,0.09811214199999974
1771401_at,TAZ1,TAZ1,YPR140W,none,none,none,,0.6574101189999997,none,none,none,,0.4521047410000012
1771402_at,SAM2,SAM2,YDR502C,none,none,none,,0.4719396299999996,none,none,none,,-1.8478419269999993
1771403_at,YKR104W,,YKR104W,none,none,none,,-0.5152679940000002,none,none,none,,0.37141106999999973
1771404_at,YDL025C,,YDL025C,early_transient_up,early,transient,30.0,0.12707762199999983,early_sustained_up,early,sustained,30.0,2.258671018000001
1771405_at,PAN5,PAN5,YHR063C,none,none,none,,0.04541339000000022,none,none,none,,0.08748038999999963
1771408_at,BPT1,BPT1,YLL015W,none,none,none,,0.09449513399999887,none,none,none,,0.9840946629999987
1771410_at,UBP11,UBP11,YKR098C,none,none,none,,0.30180090500000034,late_sustained_up,late,sustained,100.0,1.264755667000001
1771413_at,YOL155W-A,,YOL155W-A,none,none,none,,-0.1737191410000003,none,none,none,,-0.4485874619999999
1771415_at,YDR061W,,YDR061W,early_transient_up,early,transient,30.0,0.05643985300000054,early_sustained_up,early,sustained,60.0,1.066149144999999
1771416_at,YOR389W,,YOR389W,none,none,none,,0.5397864599999993,none,none,none,,0.5865591229999998
1771417_at,GDI1,GDI1,YER136W,none,none,none,,0.13042780000000143,none,none,none,,0.4497575099999995
1771419_at,SKS1,SKS1,YPL026C,early_sustained_up,early,sustained,60.0,1.0714938610000004,none,none,none,,1.0217155130000002
1771422_at,SIT4,SIT4,YDL047W,none,none,none,,-0.11589685399999894,none,none,none,,-1.0662013649999995
1771426_at,SFB2,SFB2,YNL049C,none,none,none,,-0.37554466200000114,none,none,none,,-0.11362453299999942
1771429_at,SEC13,SEC13,YLR208W,none,none,none,,-0.15893558999999868,none,none,none,,-0.7580310799999985
1771432_at,YGR149W,,YGR149W,early_partial_decline_up,early,partial_decline,60.0,0.8603257400000004,early_sustained_up,early,sustained,60.0,1.310121585000001
1771433_at,PRP46,PRP46,YPL151C,none,none,none,,-0.3107639839999994,none,none,none,,0.932930176000001
1771435_at,NRG1,NRG1,YDR043C,early_transient_up,early,transient,30.0,0.6012977370000003,early_sustained_up,early,sustained,30.0,2.5849527069999994
1771438_at,RFC1,RFC1,YOR217W,none,none,none,,-0.21702736399999978,none,none,none,,-0.32403916000000166
1771440_at,ROK1,ROK1,YGL171W,early_transient_down,early,transient,60.0,-0.37192362500000087,early_sustained_down,early,sustained,60.0,-2.2025212009999997
1771442_at,PSY3,PSY3,YLR376C,none,none,none,,0.13990289300000036,none,none,none,,-0.6071018439999998
1771443_at,ARG81,ARG81,YML099C,none,none,none,,-0.10898685500000038,none,none,none,,0.7386043100000004
1771444_at,RPG1,RPG1,YBR079C,none,none,none,,-0.4023796399999995,none,none,none,,-1.0659689200000013
1771446_at,RXT3,RXT3,YDL076C,none,none,none,,-0.21606297299999966,none,none,none,,0.23584741899999884
1771447_at,SEC65,SEC65,YML105C,none,none,none,,-0.2353637200000005,none,none,none,,-0.30844113999999934
1771449_at,CTF4,CTF4,YPR135W,none,none,none,,-0.058830111000000684,none,none,none,,-0.008182684000001217
1771450_at,NUR1,NUR1,YDL089W,none,none,none,,0.103502486,late_partial_decline_up,late,partial_decline,100.0,0.9988117709999997
1771451_at,DIA2,DIA2,YOR080W,none,none,none,,-0.05692897600000002,none,none,none,,0.0001191999999985427
1771458_at,SER2,SER2,YGR208W,none,none,none,,-0.34198596999999964,none,none,none,,-0.915043536999999
1771459_at,CCZ1,CCZ1,YBR131W,none,none,none,,-0.3504545889999999,none,none,none,,-0.1964145119999996
1771460_at,RSB1,RSB1,YOR049C,none,none,none,,-1.0259785029999997,late_sustained_down,late,sustained,140.0,-1.4908786990000005
1771461_at,MMM1,MMM1,YLL006W,none,none,none,,-0.09892863299999988,none,none,none,,0.23224216899999917
1771462_at,TOP3,TOP3,YLR234W,none,none,none,,0.37921980700000013,none,none,none,,0.8130015860000004
1771463_at,RPA135,RPA135,YPR010C,early_transient_down,early,transient,30.0,-0.32533968999999985,early_sustained_down,early,sustained,60.0,-3.3182352589999997
1771464_at,FUN12,FUN12,YAL035W,none,none,none,,-0.24401564000000064,none,none,none,,-0.18225658000000067
1771468_at,PKR1,PKR1,YMR123W,none,none,none,,-0.1509952600000002,none,none,none,,-0.5155640199999993
1771469_at,SRP101,SRP101,YDR292C,none,none,none,,-0.3541065200000002,none,none,none,,-0.057366800000000495
1771470_at,YMR010W,,YMR010W,none,none,none,,-0.10835961000000083,none,none,none,,-0.7874663520000009
1771472_at,RAM2,RAM2,YKL019W,none,none,none,,-0.20258792999999997,none,none,none,,0.06189797000000041
1771473_at,YOR238W,,YOR238W,none,none,none,,0.27242199300000003,none,none,none,,-0.4143813059999992
1771475_at,UBA2,UBA2,YDR390C,none,none,none,,-0.12368350199999867,none,none,none,,0.6810808169999998
1771479_at,ATX1,ATX1,YNL259C,none,none,none,,0.6777625309999991,none,none,none,,0.17016485399999937
1771489_at,GAS4,GAS4,YOL132W,none,none,none,,0.5082504199999995,none,none,none,,0.97285837
1771490_at,NSA2,NSA2,YER126C,none,none,none,,-0.2630179200000011,early_sustained_down,early,sustained,60.0,-2.418630095000001
1771492_at,RPS26A,RPS26A,YGL189C,none,none,none,,-0.09132683999999891,none,none,none,,-0.9033191600000006
1771493_at,NUP159,NUP159,YIL115C,none,none,none,,-0.010342828000000637,none,none,none,,0.055054600000000065
1771495_at,HLR1,HLR1,YDR528W,none,none,none,,-0.013359997000000234,early_sustained_down,early,sustained,30.0,-1.7486964060000005
1771497_at,RPS24B,RPS24B,YIL069C,none,none,none,,0.04489468000000052,early_sustained_down,early,sustained,60.0,-1.5099114399999998
1771498_at,AMS1,AMS1,YGL156W,early_sustained_up,early,sustained,60.0,1.432330726,late_sustained_up,late,sustained,100.0,2.141205714
1771499_at,CYB5,CYB5,YNL111C,early_transient_down,early,transient,30.0,0.3127443000000003,early_sustained_down,early,sustained,30.0,-5.447792029
1771500_at,CTF18,CTF18,YMR078C,none,none,none,,0.16824321600000047,none,none,none,,0.5336728980000007
1771501_at,DSS4,DSS4,YPR017C,none,none,none,,-0.2753061310000007,none,none,none,,-0.11166650899999908
1771502_at,RPL43A,RPL43A,YPR043W,none,none,none,,-0.026435790000000736,none,none,none,,-0.38491447
1771503_at,YAR035C-A,,YAR035C-A,none,none,none,,-0.17054189599999958,none,none,none,,-0.20495833400000008
1771505_at,YCR090C,,YCR090C,none,none,none,,-0.08941068499999894,none,none,none,,-1.037961825
1771507_at,INN1,INN1,YNL152W,none,none,none,,-0.332669812999999,none,none,none,,-0.25868039599999904
1771508_at,HUR1,HUR1,YGL168W,none,none,none,,-0.1320138239999995,none,none,none,,-0.06728094200000001
1771509_at,OLE1,OLE1,YGL055W,none,none,none,,0.41801373999999925,early_sustained_down,early,sustained,30.0,-3.4933071459999994
1771510_at,PSD2,PSD2,YGR170W,none,none,none,,-0.20666130600000088,none,none,none,,0.36189453599999943
1771512_at,MRPL44,MRPL44,YMR225C,none,none,none,,0.26925095,late_sustained_down,late,sustained,140.0,-1.4748311149999989
1771513_at,PTC2,PTC2,YER089C,none,none,none,,-0.40614167600000073,late_sustained_down,late,sustained,140.0,-1.508482777000001
1771514_at,CIN1,CIN1,YOR349W,none,none,none,,0.40244936499999984,early_sustained_up,early,sustained,60.0,2.677535917
1771515_at,YML131W,,YML131W,early_transient_up,early,transient,30.0,0.5250740700000005,early_sustained_up,early,sustained,30.0,2.580194670000001
1771518_at,NOP8,NOP8,YOL144W,early_transient_down,early,transient,30.0,-0.42112467700000167,early_sustained_down,early,sustained,60.0,-1.475721394999999
1771519_at,UIP3,UIP3,YAR027W,none,none,none,,0.5444494630000012,early_sustained_up,early,sustained,60.0,2.0835559009999987
1771520_at,PGA2,PGA2,YNL149C,none,none,none,,-0.246654809999999,none,none,none,,0.3950776499999993
1771521_at,KTR1,KTR1,YOR099W,none,none,none,,0.03702694000000051,none,none,none,,-0.6250222500000007
1771522_at,LIP2,LIP2,YLR239C,none,none,none,,0.16987056800000033,none,none,none,,0.4468234329999987
1771523_at,YDL160C-A,,YDL160C-A,none,none,none,,-0.44376693100000075,none,none,none,,-0.4485170899999993
1771525_at,CBK1,CBK1,YNL161W,none,none,none,,-0.1581271209999997,none,none,none,,0.5044929749999998
1771526_at,COX11,COX11,YPL132W,none,none,none,,0.35799647300000004,none,none,none,,-0.03476116200000057
1771527_at,DOT6,DOT6,YER088C,none,none,none,,0.319873556000001,none,none,none,,0.9713600649999989
1771529_at,ARO10,ARO10,YDR380W,none,none,none,,0.35846283699999937,early_sustained_up,early,sustained,60.0,1.0840607989999995
1771530_at,CDC39,CDC39,YCR093W,none,none,none,,-0.16649177500000079,late_sustained_down,late,sustained,100.0,-1.5100460150000004
1771531_at,YUR1,YUR1,YJL139C,none,none,none,,-0.09119619999999884,none,none,none,,0.7426961810000012
1771533_at,PRM9,PRM9,YAR031W,none,none,none,,-0.15502594400000014,none,none,none,,-0.700149033999999
1771534_at,RSA1,RSA1,YPL193W,early_transient_down,early,transient,30.0,-0.2832424610000004,early_sustained_down,early,sustained,60.0,-1.4746889840000001
1771536_at,AST2,AST2,YER101C,none,none,none,,0.5114403699999999,early_sustained_up,early,sustained,60.0,2.3932744920000006
1771539_at,ATG2,ATG2,YNL242W,none,none,none,,0.4191631649999996,late_sustained_up,late,sustained,100.0,1.333393344000001
1771540_at,TOM70,TOM70,YNL121C,none,none,none,,-0.05338865000000048,none,none,none,,-0.5310173299999992
1771542_at,RPC19,RPC19,YNL113W,none,none,none,,-0.30272487999999953,early_sustained_down,early,sustained,60.0,-2.240948123000001
1771544_at,SXM1,SXM1,YDR395W,none,none,none,,-0.13990792999999968,none,none,none,,-0.8202297349999998
1771546_at,MVP1,MVP1,YMR004W,none,none,none,,-0.16784942099999967,early_sustained_up,early,sustained,60.0,2.360507202999999
1771549_at,SSK2,SSK2,YNR031C,none,none,none,,-0.00983293300000021,none,none,none,,-0.7941897420000004
1771550_at,YAL064W-B,,YAL064W-B,none,none,none,,-0.14287151200000014,early_sustained_down,early,sustained,60.0,-1.3059778860000004
1771551_at,URC2,URC2,YDR520C,none,none,none,,-0.09069512499999988,none,none,none,,-0.23188140100000076
1771552_at,RAD9,RAD9,YDR217C,none,none,none,,-0.00583422500000097,none,none,none,,-0.6592249920000004
1771554_at,NDJ1,NDJ1,YOL104C,none,none,none,,-0.6624013429999995,none,none,none,,-0.7476137620000003
1771557_at,DAL7,DAL7,YIR031C,early_transient_up,early,transient,30.0,-0.27217803099999927,none,none,none,,0.32566709999999954
1771559_at,YHR122W,,YHR122W,none,none,none,,-0.2749499669999995,none,none,none,,0.5720917389999993
1771561_at,YPL141C,,YPL141C,none,none,none,,-0.20941978900000002,early_sustained_down,early,sustained,60.0,-2.3357841130000008
1771562_at,OCA6,OCA6,YDR067C,none,none,none,,-0.12062896800000011,early_sustained_up,early,sustained,60.0,1.6078112420000004
1771565_at,ATC1,ATC1,YDR184C,early_transient_down,early,transient,30.0,-0.20207993400000035,early_sustained_down,early,sustained,30.0,-2.2561147800000008
1771566_at,ERP1,ERP1,YAR002C-A,none,none,none,,0.03277935999999926,none,none,none,,-0.21780403999999898
1771567_at,AGE1,AGE1,YDR524C,none,none,none,,-0.07748139599999959,none,none,none,,-0.7274711929999995
1771568_at,UBP13,UBP13,YBL067C,none,none,none,,-0.06984348800000006,late_sustained_down,late,sustained,140.0,-1.1983611070000002
1771569_at,BNA7,BNA7,YDR428C,none,none,none,,-0.20359607900000043,late_sustained_down,late,sustained,100.0,-1.4861935599999994
1771574_at,UPC2,UPC2,YDR213W,none,none,none,,-0.34098483499999954,none,none,none,,0.26747644000000026
1771575_at,NNF2,NNF2,YGR089W,none,none,none,,-0.30583141299999994,none,none,none,,1.2032719319999998
1771577_at,MNN2,MNN2,YBR015C,none,none,none,,0.16661779999999915,late_partial_decline_down,late,partial_decline,100.0,-0.9816491099999993
1771578_at,EHD3,EHD3,YDR036C,early_transient_up,early,transient,30.0,0.10883792399999948,none,none,none,,0.6023594699999997
1771579_at,RPL25,RPL25,YOL127W,none,none,none,,0.04458433000000106,none,none,none,,-0.8796782000000007
1771580_at,YKL161C,,YKL161C,none,none,none,,0.3590759110000006,none,none,none,,-0.8900855580000009
1771585_at,SLG1,SLG1,YOR008C,none,none,none,,-0.004939000000000249,none,none,none,,-0.5342635100000006
1771588_at,SPT21,SPT21,YMR179W,none,none,none,,-0.020706548999999796,none,none,none,,-0.057480724999999566
1771591_at,SUR2,SUR2,YDR297W,none,none,none,,-0.26489703900000094,early_sustained_down,early,sustained,60.0,-2.111007444
1771596_at,MBF1,MBF1,YOR298C-A,none,none,none,,0.06732329999999997,late_sustained_up,late,sustained,140.0,1.1791818000000003
1771598_at,CKA2,CKA2,YOR061W,none,none,none,,-0.16537839999999981,none,none,none,,-1.05789446
1771599_at,HOS4,HOS4,YIL112W,none,none,none,,-0.3086899229999993,none,none,none,,0.6581949940000005
1771602_at,NUP49,NUP49,YGL172W,none,none,none,,-0.32510183000000126,none,none,none,,0.31818129000000006
1771609_at,HIS2,HIS2,YFR025C,none,none,none,,-0.0724956179999996,none,none,none,,0.4264583049999988
1771611_at,DJP1,DJP1,YIR004W,none,none,none,,-0.11891847599999927,none,none,none,,-0.692045061
1771612_at,SPP1,SPP1,YPL138C,none,none,none,,-0.23423192500000045,late_sustained_up,late,sustained,140.0,1.1667547959999993
1771614_at,YDR306C,,YDR306C,none,none,none,,0.049731432999999825,early_sustained_up,early,sustained,60.0,1.5410837550000007
1771615_at,YKL183C-A,,YKL183C-A,none,none,none,,0.0941980499999997,none,none,none,,0.27279764300000053
1771619_at,ALG13,ALG13,YGL047W,early_transient_up,early,transient,60.0,0.1794229250000008,early_sustained_up,early,sustained,60.0,2.103377964
1771620_at,ORC4,ORC4,YPR162C,none,none,none,,-0.22615459700000073,late_sustained_up,late,sustained,140.0,1.2761781219999992
1771624_at,TSA2,TSA2,YDR453C,early_sustained_up,early,sustained,30.0,6.848747244,early_sustained_up,early,sustained,30.0,6.406796138000001
1771626_at,RPF2,RPF2,YKR081C,early_transient_down,early,transient,60.0,-0.47138062999999875,early_sustained_down,early,sustained,60.0,-2.6801015140000004
1771627_at,COS6,COS6,YGR295C,none,none,none,,0.5833092989999997,none,none,none,,0.8118481759999998
1771629_at,SAS5,SAS5,YOR213C,none,none,none,,-0.27024013800000013,none,none,none,,-0.2290534520000005
1771630_at,GLO2,GLO2,YDR272W,none,none,none,,0.25421927999999916,none,none,none,,0.6963939299999993
1771632_at,DON1,DON1,YDR273W,none,none,none,,0.42306715299999986,early_sustained_up,early,sustained,60.0,2.701948067
1771633_at,QCR2,QCR2,YPR191W,none,none,none,,0.4580578099999997,none,none,none,,-0.42317439999999884
1771634_at,TAH11,TAH11,YJR046W,none,none,none,,-0.488756897,none,none,none,,0.24935162400000088
1771636_at,VID27,VID27,YNL212W,none,none,none,,-0.45609497599999926,none,none,none,,0.21685374599999996
1771638_at,MRPL7,MRPL7,YDR237W,none,none,none,,0.2411514789999991,none,none,none,,-0.7729417610000002
1771639_at,VIP1,VIP1,YLR410W,none,none,none,,0.06856630000000052,none,none,none,,0.6138868600000009
1771643_at,HSV2,HSV2,YGR223C,none,none,none,,-0.270543678000001,early_sustained_up,early,sustained,30.0,2.521174909999999
1771644_at,HRT1,HRT1,YOL133W,none,none,none,,0.0033764000000005012,none,none,none,,1.0290113900000009
1771645_at,SUE1,SUE1,YPR151C,early_sustained_up,early,sustained,60.0,1.5247023210000004,none,none,none,,-0.2653510539999999
1771648_at,RAD52,RAD52,YML032C,none,none,none,,-0.493789679999999,none,none,none,,0.5841166930000004
1771649_at,YGL242C,,YGL242C,none,none,none,,0.24771909999999941,none,none,none,,0.11760561000000003
1771650_at,REI1,REI1,YBR267W,early_transient_down,early,transient,30.0,-0.43594916400000017,early_sustained_down,early,sustained,30.0,-1.3877559010000002
1771651_at,UBC6,UBC6,YER100W,none,none,none,,-0.1377693829999984,none,none,none,,0.6534043310000008
1771652_at,YML096W,,YML096W,early_transient_down,early,transient,30.0,-0.25469950899999994,early_sustained_down,early,sustained,60.0,-1.3907763050000002
1771655_at,SIR4,SIR4,YDR227W,none,none,none,,-0.2962743939999992,none,none,none,,0.2166190169999993
1771657_at,SNA2,SNA2,YDR525W-A,none,none,none,,0.4835037999999994,none,none,none,,0.4801114999999996
1771658_at,NIP1,NIP1,YMR309C,none,none,none,,-0.12406152000000148,early_sustained_down,early,sustained,60.0,-2.6662682450000013
1771664_at,YMR315W,,YMR315W,early_partial_decline_up,early,partial_decline,60.0,0.7876281299999999,none,none,none,,0.19206969999999934
1771670_at,YDR506C,,YDR506C,none,none,none,,0.3437349679999997,none,none,none,,0.4397759350000001
1771671_at,YDL159W-A,,YDL159W-A,none,none,none,,-0.10404617499999969,none,none,none,,0.32809589299999997
1771675_at,NIC96,NIC96,YFR002W,none,none,none,,-0.25000474900000036,none,none,none,,0.0820990100000003
1771677_at,VMA22,VMA22,YHR060W,none,none,none,,-0.12290126999999984,none,none,none,,-0.6276772790000003
1771678_at,YDL133W,,YDL133W,none,none,none,,-0.010630323999999192,none,none,none,,0.2808112359999999
1771679_at,ICE2,ICE2,YIL090W,none,none,none,,0.016675919999999067,none,none,none,,-0.7955818350000001
1771682_at,TYE7,TYE7,YOR344C,none,none,none,,-0.6049559149999997,early_transient_down,early,transient,30.0,-0.6013073529999993
1771685_at,FMP25,FMP25,YLR077W,none,none,none,,0.26871919599999927,none,none,none,,0.04114126600000034
1771686_at,PAN1,PAN1,YIR006C,none,none,none,,0.1386648459999993,none,none,none,,0.50279162
1771687_at,ADE3,ADE3,YGR204W,none,none,none,,0.1847645799999995,none,none,none,,-0.49235277999999916
1771691_at,YHL048C-A,,YHL048C-A,none,none,none,,0.03431963199999988,none,none,none,,-0.0813248390000001
1771692_at,PDC6,PDC6,YGR087C,none,none,none,,0.38064250499999996,none,none,none,,-0.00406421899999998
1771693_at,SHU1,SHU1,YHL006C,none,none,none,,-0.09752263600000077,none,none,none,,0.18105647800000035
1771695_at,CIT3,CIT3,YPR001W,late_sustained_up,late,sustained,140.0,1.0300833589999998,early_sustained_up,early,sustained,60.0,1.8602549060000007
1771696_at,SPT20,SPT20,YOL148C,none,none,none,,-0.3102549139999997,none,none,none,,-0.04658164599999992
1771700_at,FPK1,FPK1,YNR047W,none,none,none,,-0.1447330769999997,none,none,none,,-0.3386095959999995
1771702_at,DAL5,DAL5,YJR152W,none,none,none,,-0.005336298999999656,none,none,none,,-0.004521221000000075
1771703_at,LYS20,LYS20,YDL182W,none,none,none,,0.0456002299999998,none,none,none,,0.6017255600000002
1771705_at,SPI1,SPI1,YER150W,early_sustained_up,early,sustained,30.0,1.706035635,early_sustained_up,early,sustained,30.0,4.165441340999999
1771706_at,RPB5,RPB5,YBR154C,none,none,none,,-0.4214256600000006,early_sustained_down,early,sustained,60.0,-3.0864804109999984
1771708_at,PDC2,PDC2,YDR081C,none,none,none,,-0.2148015619999999,none,none,none,,0.18432812300000023
1771710_at,RRP8,RRP8,YDR083W,early_transient_down,early,transient,30.0,-0.5286282950000007,early_sustained_down,early,sustained,60.0,-2.3059077869999998
1771711_at,SEN34,SEN34,YAR008W,none,none,none,,-0.013607067000000583,none,none,none,,-0.11909433699999994
1771712_at,YER066W,,YER066W,none,none,none,,0.3264796970000008,none,none,none,,1.3368841259999993
1771713_at,POP4,POP4,YBR257W,none,none,none,,-0.504293273,none,none,none,,-0.05153200700000049
1771714_at,CDC55,CDC55,YGL190C,none,none,none,,0.06430059000000021,none,none,none,,0.6004354949999993
1771716_s_at,AAD16 /// AAD4,AAD16 /// AAD4,YDL243C,early_transient_up,early,transient,30.0,0.6682735260000001,early_sustained_up,early,sustained,30.0,3.6425293509999985
1771719_at,CTL1,CTL1,YMR180C,none,none,none,,0.14855382699999886,none,none,none,,1.164787798999999
1771722_at,PTP1,PTP1,YDL230W,none,none,none,,0.17682810500000024,early_sustained_up,early,sustained,60.0,1.4379412699999996
1771724_at,FLC2,FLC2,YAL053W,none,none,none,,0.07498684000000111,none,none,none,,-0.84946491
1771725_at,YLR243W,,YLR243W,none,none,none,,-0.30943577000000033,none,none,none,,0.08764987999999896
1771726_at,SPC1,SPC1,YJR010C-A,none,none,none,,0.25958314700000074,early_transient_down,early,transient,60.0,-0.6062408330000011
1771729_at,YDR186C,,YDR186C,none,none,none,,-0.01794949800000012,none,none,none,,0.4804017869999999
1771731_at,ECM30,ECM30,YLR436C,none,none,none,,0.07215077199999964,none,none,none,,-0.24768301199999954
1771733_at,MRP13,MRP13,YGR084C,none,none,none,,-0.10296748900000097,none,none,none,,-0.7020000979999992
1771734_at,CCE1,CCE1,YKL011C,none,none,none,,0.24509900299999998,late_sustained_up,late,sustained,140.0,1.3080464099999993
1771735_at,PMP1,PMP1,YCR024C-A,none,none,none,,0.08740848000000057,none,none,none,,-0.6854053899999997
1771736_at,PMT1,PMT1,YDL095W,none,none,none,,0.04713220000000007,none,none,none,,-0.92703487
1771737_at,GIM3,GIM3,YNL153C,none,none,none,,-0.40983276000000046,none,none,none,,-0.9662049499999998
1771738_at,ALP1,ALP1,YNL270C,late_sustained_up,late,sustained,140.0,1.5520143070000003,none,none,none,,-0.5845270080000002
1771743_at,NUC1,NUC1,YJL208C,none,none,none,,-0.18497027000000088,early_sustained_down,early,sustained,60.0,-1.7437865170000002
1771744_at,MRS4,MRS4,YKR052C,early_transient_up,early,transient,30.0,-0.22687175500000123,early_sustained_up,early,sustained,30.0,1.871131570000001
1771745_at,VTC2,VTC2,YFL004W,none,none,none,,-0.2618154499999985,none,none,none,,-0.3012405499999993
1771748_at,NAR1,NAR1,YNL240C,none,none,none,,-0.10832993400000035,early_sustained_up,early,sustained,60.0,1.2885254680000013
1771751_at,SWD3,SWD3,YBR175W,none,none,none,,-0.4025539680000012,none,none,none,,1.072961617999999
1771752_at,FUS1,FUS1,YCL027W,none,none,none,,-0.7086892569999996,none,none,none,,-0.31340893099999967
1771757_at,YAT2,YAT2,YER024W,none,none,none,,-0.09914131000000026,none,none,none,,0.5926417810000002
1771758_at,OCA4,OCA4,YCR095C,none,none,none,,-0.28291501800000063,late_sustained_up,late,sustained,100.0,1.4952916379999994
1771762_at,YMR187C,,YMR187C,none,none,none,,0.17722901099999966,none,none,none,,1.0517945830000004
1771763_at,YER163C,,YER163C,none,none,none,,0.04369289999999992,none,none,none,,0.03279341000000002
1771764_at,RAS1,RAS1,YOR101W,early_transient_down,early,transient,30.0,-0.2864451500000005,early_sustained_down,early,sustained,60.0,-1.4177874179999996
1771766_at,MAP1,MAP1,YLR244C,none,none,none,,-0.11479019000000079,none,none,none,,-0.9463649700000012
1771772_at,ABC1,ABC1,YGL119W,none,none,none,,-0.07056151400000132,late_sustained_up,late,sustained,140.0,1.140630525999999
1771773_at,RSM19,RSM19,YNR037C,none,none,none,,0.12173967000000019,none,none,none,,-1.0821625459999993
1771775_at,YOL047C,,YOL047C,none,none,none,,0.37871223000000054,none,none,none,,-0.578908749
1771776_at,CCL1,CCL1,YPR025C,none,none,none,,-0.21331764700000022,none,none,none,,0.43451539999999866
1771778_at,PMT4,PMT4,YJR143C,none,none,none,,-0.13128313999999897,late_sustained_down,late,sustained,100.0,-1.6487907869999994
1771781_at,DPH5,DPH5,YLR172C,none,none,none,,-0.17554623000000014,late_partial_decline_down,late,partial_decline,100.0,-0.9636974900000013
1771782_at,STF1,STF1,YDL130W-A,early_sustained_up,early,sustained,60.0,1.6960572460000005,early_sustained_up,early,sustained,60.0,1.8141679540000002
1771787_at,UBS1,UBS1,YBR165W,none,none,none,,-0.06378372799999976,none,none,none,,0.40390971599999936
1771788_at,ERP2,ERP2,YAL007C,none,none,none,,-0.05179539000000055,none,none,none,,-0.6592573000000002
1771789_at,ZPR1,ZPR1,YGR211W,none,none,none,,-0.43370752000000046,early_transient_down,early,transient,60.0,-0.5138174400000004
1771791_s_at,YBL101W-A,,YBL101W-A,none,none,none,,0.2203743290000002,early_sustained_down,early,sustained,30.0,-2.9436095249999994
1771792_at,YPS1,YPS1,YLR120C,none,none,none,,0.14329300200000006,none,none,none,,0.16078077899999954
1771794_at,ECM10,ECM10,YEL030W,none,none,none,,-0.20385167899999956,none,none,none,,0.5297266470000004
1771795_at,COP1,COP1,YDL145C,none,none,none,,-0.15923341999999963,none,none,none,,-0.8969346700000003
1771799_at,SAC3,SAC3,YDR159W,none,none,none,,-0.09138323200000009,none,none,none,,-0.6520291289999998
1771800_at,YPL260W,,YPL260W,none,none,none,,0.16145056000000046,none,none,none,,0.54677504
1771801_at,YLR356W,,YLR356W,early_partial_decline_up,early,partial_decline,60.0,0.6671341539999993,early_sustained_up,early,sustained,60.0,1.9249540290000002
1771802_at,GIP2,GIP2,YER054C,early_sustained_up,early,sustained,30.0,1.4972100659999996,early_sustained_up,early,sustained,30.0,3.798345852
1771803_at,MSS1,MSS1,YMR023C,none,none,none,,0.3008430439999996,none,none,none,,0.6159000670000001
1771804_at,YOL022C,,YOL022C,none,none,none,,-0.2589116649999994,late_sustained_down,late,sustained,100.0,-1.0217198180000011
1771805_at,TPO5,TPO5,YKL174C,none,none,none,,-0.08367135099999956,none,none,none,,-0.6495528680000007
1771806_at,YDR374C,,YDR374C,none,none,none,,-0.3349820280000002,none,none,none,,0.8700666370000003
1771809_at,YJL052C-A,,YJL052C-A,none,none,none,,-0.22930225299999973,none,none,none,,-0.41786898400000005
1771810_at,YLR049C,,YLR049C,none,none,none,,-0.13912200800000107,none,none,none,,-1.5842225169999997
1771812_at,SAP30,SAP30,YMR263W,none,none,none,,-0.5136679000000006,none,none,none,,0.46181219500000026
1771813_at,YNL045W,,YNL045W,none,none,none,,0.493503389999999,none,none,none,,0.48237549999999985
1771814_at,HTD2,HTD2,YHR067W,none,none,none,,0.5844223309999999,late_sustained_up,late,sustained,100.0,1.0735731880000001
1771816_at,MRI1,MRI1,YPR118W,none,none,none,,-0.11866002000000009,none,none,none,,0.17058315999999962
1771817_at,PSD1,PSD1,YNL169C,none,none,none,,-0.029447261999999697,none,none,none,,-0.8193765639999988
1771819_at,PWP2,PWP2,YCR057C,early_transient_down,early,transient,30.0,-0.4298424529999991,early_sustained_down,early,sustained,60.0,-2.1998067750000008
1771820_at,RPC10,RPC10,YHR143W-A,none,none,none,,-0.08638715999999924,early_sustained_down,early,sustained,60.0,-1.524068197
1771822_at,YML6,YML6,YML025C,none,none,none,,0.2427406740000002,none,none,none,,-0.10553744599999959
1771824_at,ICY2,ICY2,YPL250C,none,none,none,,-0.4602394710000013,early_sustained_up,early,sustained,30.0,1.9160672069999993
1771826_at,NTG2,NTG2,YOL043C,none,none,none,,-0.15940315699999985,none,none,none,,0.8546631819999995
1771827_at,ADD66,ADD66,YKL206C,none,none,none,,-0.1769533120000002,early_sustained_up,early,sustained,60.0,1.9998170490000007
1771828_at,ECM15,ECM15,YBL001C,none,none,none,,0.559481850000001,none,none,none,,0.5857542300000009
1771829_at,PUP2,PUP2,YGR253C,none,none,none,,-0.3345430900000004,none,none,none,,0.551841790000001
1771830_at,GCD7,GCD7,YLR291C,none,none,none,,0.09025771500000168,none,none,none,,-0.743340632999999
1771831_at,SEN1,SEN1,YLR430W,none,none,none,,0.00803521299999943,none,none,none,,0.15362198199999888
1771832_at,RPL12A,RPL12A,YEL054C,none,none,none,,-0.015504700000001037,early_sustained_down,early,sustained,60.0,-2.0689673099999997
1771833_at,YOL038C-A,,YOL038C-A,none,none,none,,-0.3588845860000003,none,none,none,,0.6732603829999997
1771835_at,YIL091C,,YIL091C,early_transient_down,early,transient,30.0,-0.299702503999999,early_sustained_down,early,sustained,60.0,-1.5700675059999991
1771836_at,LSM5,LSM5,YER146W,none,none,none,,-0.13001981999999934,late_sustained_down,late,sustained,140.0,-1.0743482999999987
1771837_at,MTR2,MTR2,YKL186C,none,none,none,,-0.17674460000000103,none,none,none,,-0.7740862469999996
1771840_at,YEL047C,,YEL047C,late_sustained_up,late,sustained,140.0,1.0382180000000005,late_sustained_up,late,sustained,100.0,1.86384683
1771841_at,APS3,APS3,YJL024C,none,none,none,,-0.1255043209999993,none,none,none,,0.555098061999999
1771842_at,CMP2,CMP2,YML057W,none,none,none,,0.22675739100000136,late_sustained_up,late,sustained,100.0,1.0912824810000004
1771843_at,GCR2,GCR2,YNL199C,none,none,none,,-0.2178911570000004,none,none,none,,0.38581355100000003
1771849_at,ATP20,ATP20,YPR020W,none,none,none,,0.20892536000000028,none,none,none,,-0.3160694900000003
1771851_at,SVP26,SVP26,YHR181W,none,none,none,,-0.005318980000000195,none,none,none,,0.09260948999999918
1771853_at,YGL041C-B,,YGL041C-B,none,none,none,,0.13702023000000008,none,none,none,,0.6724914949999996
1771855_at,MRPL17,MRPL17,YNL252C,none,none,none,,0.26607180500000105,none,none,none,,0.10572341299999977
1771857_at,SAC6,SAC6,YDR129C,none,none,none,,0.0852586199999994,none,none,none,,0.8606357899999999
1771859_at,KOG1,KOG1,YHR186C,none,none,none,,-0.10645467500000017,none,none,none,,-0.5097872769999992
1771860_at,SSA1,SSA1,YAL005C,none,none,none,,0.44933132000000064,late_sustained_up,late,sustained,100.0,1.202927149999999
1771862_at,NUP145,NUP145,YGL092W,none,none,none,,-0.09159810899999954,none,none,none,,-0.5619661489999999
1771863_at,GNA1,GNA1,YFL017C,none,none,none,,0.0277926000000015,none,none,none,,-1.0699438060000013
1771868_at,YOR385W,,YOR385W,none,none,none,,-0.13257752899999886,late_sustained_up,late,sustained,140.0,1.0927068689999988
1771870_at,YGL085W,,YGL085W,none,none,none,,-0.021957773000000458,none,none,none,,0.5193122169999995
1771871_at,MYO4,MYO4,YAL029C,none,none,none,,0.030318700000000476,none,none,none,,-0.6676951030000016
1771880_at,DBR1,DBR1,YKL149C,none,none,none,,-0.20360221799999945,none,none,none,,-0.4153516479999997
1771881_at,LOC1,LOC1,YFR001W,none,none,none,,-0.42296537,none,none,none,,-0.8498175919999991
1771884_at,PUS2,PUS2,YGL063W,none,none,none,,-0.2968715150000003,none,none,none,,-1.1395152240000002
1771886_at,YBR016W,,YBR016W,none,none,none,,-0.12120214999999845,late_sustained_up,late,sustained,100.0,1.4157072500000005
1771887_at,STO1,STO1,YMR125W,none,none,none,,-0.20284696000000046,none,none,none,,-0.7883076290000002
1771892_at,FPR2,FPR2,YDR519W,none,none,none,,0.04179281999999951,none,none,none,,-0.6611883999999986
1771893_at,NRD1,NRD1,YNL251C,none,none,none,,-0.12767528200000022,none,none,none,,0.8678382599999992
1771894_at,YJL131C,,YJL131C,none,none,none,,0.13372198100000077,none,none,none,,0.6072555749999999
1771896_at,SSU1,SSU1,YPL092W,none,none,none,,0.7922548599999999,early_sustained_up,early,sustained,30.0,3.0124220790000003
1771897_at,RHO1,RHO1,YPR165W,none,none,none,,-0.02578141000000045,none,none,none,,-0.04064929000000106
1771900_at,SMC1,SMC1,YFL008W,none,none,none,,-0.05450036500000088,none,none,none,,0.41746794800000053
1771901_at,LOS1,LOS1,YKL205W,none,none,none,,-0.06861931100000085,none,none,none,,-1.0346835950000006
1771902_at,SGF73,SGF73,YGL066W,none,none,none,,-0.18493160500000094,none,none,none,,0.3356348769999986
1771904_at,YGL235W,,YGL235W,none,none,none,,0.10662751199999976,none,none,none,,-0.025645201999999756
1771906_at,RPS18B,RPS18B,YML026C,none,none,none,,-0.03503938000000062,late_sustained_down,late,sustained,100.0,-2.367384489999999
1771908_at,YGP1,YGP1,YNL160W,early_sustained_up,early,sustained,30.0,1.2809387700000006,early_sustained_up,early,sustained,60.0,1.883598769999999
1771910_at,DBF4,DBF4,YDR052C,none,none,none,,-0.31724134999999887,none,none,none,,-0.9719634900000003
1771911_at,RPL20A,RPL20A,YMR242C,none,none,none,,-0.038827380000000744,late_sustained_down,late,sustained,100.0,-1.7070580499999988
1771914_at,STB6,STB6,YKL072W,early_transient_down,early,transient,30.0,-0.7611047390000003,none,none,none,,0.3039016840000004
1771915_at,PYC1,PYC1,YGL062W,early_sustained_up,early,sustained,60.0,1.8835733800000014,early_sustained_up,early,sustained,60.0,2.0714887199999996
1771916_at,VBA2,VBA2,YBR293W,none,none,none,,-0.14591566900000075,none,none,none,,0.5730217349999993
1771920_at,ASC1,ASC1,YMR116C,none,none,none,,0.006144080000000329,late_sustained_down,late,sustained,140.0,-1.2963421000000004
1771921_at,DOP1,DOP1,YDR141C,none,none,none,,0.05811028699999987,none,none,none,,0.5536648530000008
1771925_at,TPK1,TPK1,YJL164C,early_sustained_up,early,sustained,30.0,1.7572437589999996,early_sustained_up,early,sustained,30.0,2.856199083
1771926_at,FKH2,FKH2,YNL068C,none,none,none,,0.10413266399999976,none,none,none,,-0.27315431999999884
1771929_at,NTR2,NTR2,YKR022C,none,none,none,,-0.15661710899999903,none,none,none,,0.5126142000000016
1771930_at,QRI5,QRI5,YLR204W,none,none,none,,-0.03950066500000027,none,none,none,,0.25221507399999865
1771931_at,KAR3,KAR3,YPR141C,none,none,none,,-0.2197846220000006,none,none,none,,-0.536980067
1771934_at,YOR365C,,YOR365C,none,none,none,,0.35275171299999997,none,none,none,,0.3635777079999998
1771935_at,EKI1,EKI1,YDR147W,none,none,none,,-0.3680539359999999,none,none,none,,0.44175813899999916
1771937_at,CWC24,CWC24,YLR323C,none,none,none,,-0.2527512200000004,none,none,none,,-0.018136756999998838
1771940_at,PEX21,PEX21,YGR239C,none,none,none,,0.03148680500000012,none,none,none,,1.0453091800000003
1771943_at,ALD5,ALD5,YER073W,early_sustained_down,early,sustained,60.0,-1.0753545100000004,none,none,none,,0.4429088399999994
1771944_at,PDR11,PDR11,YIL013C,none,none,none,,0.1383869320000004,none,none,none,,0.7884578710000003
1771948_at,SNU66,SNU66,YOR308C,none,none,none,,-0.172357914,none,none,none,,0.0381389969999999
1771949_at,YMR196W,,YMR196W,early_sustained_up,early,sustained,30.0,2.0921691989999998,early_sustained_up,early,sustained,60.0,4.276530868
1771951_at,YJL144W,,YJL144W,early_transient_up,early,transient,30.0,0.834278189,early_sustained_up,early,sustained,30.0,5.1445920670000005
1771952_at,MTC1,MTC1,YJL123C,none,none,none,,-0.00747728999999886,late_sustained_up,late,sustained,140.0,1.1694631600000012
1771954_at,PKC1,PKC1,YBL105C,none,none,none,,-0.26460329699999985,none,none,none,,0.19907304300000028
1771955_at,YSA1,YSA1,YBR111C,none,none,none,,0.3451765600000005,none,none,none,,0.6627391400000011
1771956_at,APT1,APT1,YML022W,none,none,none,,-0.28767144000000044,early_sustained_down,early,sustained,60.0,-1.876757533000001
1771957_at,YGR031W,,YGR031W,none,none,none,,0.1320694910000011,none,none,none,,0.9577115080000009
1771958_at,SSH4,SSH4,YKL124W,none,none,none,,0.13681686899999956,early_sustained_up,early,sustained,60.0,1.427638695999999
1771959_at,NSP1,NSP1,YJL041W,none,none,none,,-0.1298263500000001,none,none,none,,0.3064263399999998
1771960_at,YDL109C,,YDL109C,none,none,none,,0.03591185199999991,none,none,none,,-0.2561609469999997
1771961_at,DBF20,DBF20,YPR111W,none,none,none,,-0.22641584999999953,late_sustained_up,late,sustained,100.0,1.1891683119999996
1771962_at,ARO7,ARO7,YPR060C,none,none,none,,-0.14792976000000024,none,none,none,,0.15258442999999922
1771963_at,CRG1,CRG1,YHR209W,early_partial_decline_up,early,partial_decline,60.0,0.8549758829999998,early_sustained_up,early,sustained,60.0,1.8055327620000003
1771966_at,CNE1,CNE1,YAL058W,none,none,none,,0.04973847199999959,none,none,none,,-0.4131505550000014
1771967_at,YMR242W-A,,YMR242W-A,none,none,none,,0.16597591599999983,none,none,none,,-0.5569204160000001
1771972_at,PTH1,PTH1,YHR189W,none,none,none,,-0.35054010300000016,none,none,none,,0.0448157939999998
1771973_at,SQT1,SQT1,YIR012W,none,none,none,,-0.4337758400000009,early_sustained_down,early,sustained,60.0,-1.6654767760000002
1771975_at,BUB2,BUB2,YMR055C,none,none,none,,0.0007814440000002421,none,none,none,,0.5025119650000001
1771976_at,STB1,STB1,YNL309W,none,none,none,,-0.011103976999999432,late_sustained_up,late,sustained,100.0,1.1820991349999987
1771977_at,YBR085C-A,,YBR085C-A,early_sustained_up,early,sustained,30.0,1.3677808429999985,early_sustained_up,early,sustained,60.0,3.20641451
1771978_at,GCN5,GCN5,YGR252W,none,none,none,,-0.37809515799999893,none,none,none,,-0.3563997109999999
1771980_at,HOT13,HOT13,YKL084W,none,none,none,,0.2902640590000001,none,none,none,,-0.6032926190000012
1771981_at,CUE3,CUE3,YGL110C,none,none,none,,-0.1589248949999984,none,none,none,,0.9518740819999998
1771982_at,ALD2,ALD2,YMR170C,none,none,none,,0.6709305180000005,late_sustained_up,late,sustained,100.0,1.6305811319999997
1771986_at,YGR201C,,YGR201C,none,none,none,,0.9124887820000005,late_sustained_up,late,sustained,140.0,1.559477009
1771988_at,SAE2,SAE2,YGL175C,none,none,none,,-0.07344480899999972,early_sustained_down,early,sustained,30.0,-1.5817210849999999
1771990_at,YDR379C-A,,YDR379C-A,early_sustained_up,early,sustained,60.0,1.0131455999999996,none,none,none,,0.39073494599999936
1771992_at,NOP4,NOP4,YPL043W,early_transient_down,early,transient,30.0,-0.6275919600000002,early_sustained_down,early,sustained,60.0,-2.733094959999999
1771993_at,PIN4,PIN4,YBL051C,none,none,none,,-0.16612547000000077,none,none,none,,0.2337938390000005
1771997_at,YGL185C,,YGL185C,none,none,none,,-0.09021881099999973,late_sustained_up,late,sustained,100.0,1.1654840459999996
1771999_at,YOL053W,,YOL053W,none,none,none,,0.423508377000001,early_partial_decline_up,early,partial_decline,60.0,0.9598159339999999
1772001_at,KRE5,KRE5,YOR336W,none,none,none,,-0.10141748700000086,none,none,none,,0.10654571800000134
1772003_at,LYS9,LYS9,YNR050C,none,none,none,,0.07872495999999884,none,none,none,,0.1219289400000001
1772005_at,ECM21,ECM21,YBL101C,none,none,none,,0.3946919960000006,early_sustained_up,early,sustained,60.0,2.135400315
1772006_at,NKP1,NKP1,YDR383C,none,none,none,,-0.18033958400000039,early_sustained_up,early,sustained,60.0,1.0595584500000008
1772007_at,YIL029C,,YIL029C,none,none,none,,0.4981570600000005,late_sustained_up,late,sustained,100.0,1.4924700270000004
1772009_at,DCS1,DCS1,YLR270W,early_sustained_up,early,sustained,60.0,1.1511509960000001,early_sustained_up,early,sustained,60.0,1.980369542
1772010_at,PGK1,PGK1,YCR012W,none,none,none,,0.04108693000000052,none,none,none,,0.07157003999999922
1772015_at,SVF1,SVF1,YDR346C,none,none,none,,-0.33990149999999986,late_sustained_down,late,sustained,100.0,-1.1188934360000005
1772016_at,MAM33,MAM33,YIL070C,none,none,none,,0.4578952460000014,none,none,none,,-0.7472138019999992
1772017_at,YDR246W-A,,YDR246W-A,none,none,none,,0.09362982599999992,early_sustained_up,early,sustained,60.0,1.6852117890000002
1772019_at,BNA1,BNA1,YJR025C,none,none,none,,0.6881341999999986,none,none,none,,-0.1760755800000009
1772020_at,TOF2,TOF2,YKR010C,none,none,none,,-0.18527702599999962,none,none,none,,-0.8582452620000005
1772022_at,STM1,STM1,YLR150W,none,none,none,,0.0010278199999991244,none,none,none,,-1.18056028
1772023_at,YKL091C,,YKL091C,early_transient_up,early,transient,30.0,0.6263625420000007,early_sustained_up,early,sustained,60.0,2.3824247229999997
1772025_at,RPB2,RPB2,YOR151C,none,none,none,,-0.15983585999999939,none,none,none,,-0.4738178299999998
1772027_at,YKR016W,,YKR016W,none,none,none,,0.15756707999999975,none,none,none,,-0.08524214000000008
1772029_at,RCO1,RCO1,YMR075W,none,none,none,,-0.2151727870000002,none,none,none,,-0.83997717
1772030_at,ASH1,ASH1,YKL185W,none,none,none,,-0.4418234940000012,late_sustained_down,late,sustained,100.0,-2.3030370500000004
1772031_at,SSC1,SSC1,YJR045C,none,none,none,,0.1935345400000017,none,none,none,,-0.18474674999999863
1772032_at,DSN1,DSN1,YIR010W,none,none,none,,-0.24615823800000047,none,none,none,,-0.7877553860000006
1772033_at,ADE2,ADE2,YOR128C,none,none,none,,0.11948059999999927,none,none,none,,1.2079910500000004
1772035_at,LSM8,LSM8,YJR022W,none,none,none,,-0.2938560139999993,none,none,none,,-0.495515449
1772041_at,NPL3,NPL3,YDR432W,none,none,none,,-0.3630659200000004,none,none,none,,-0.10393640000000026
1772043_at,YPD1,YPD1,YDL235C,none,none,none,,-0.08524549000000015,late_sustained_down,late,sustained,140.0,-1.4312380450000006
1772045_at,PHO81,PHO81,YGR233C,none,none,none,,0.26163495700000006,none,none,none,,-0.025651147000001373
1772047_at,AVT4,AVT4,YNL101W,none,none,none,,-0.13925976099999993,none,none,none,,-0.25348669899999976
1772048_at,VRP1,VRP1,YLR337C,none,none,none,,0.11725815399999995,none,none,none,,0.44175699
1772049_s_at,YDR261C-D,,YDR261C-D,none,none,none,,0.2172325819999994,none,none,none,,-0.7535155850000006
1772051_at,GLC3,GLC3,YEL011W,early_sustained_up,early,sustained,30.0,1.2681974569999994,early_sustained_up,early,sustained,30.0,3.696005093
1772052_at,SFH1,SFH1,YLR321C,none,none,none,,-0.39429377399999943,none,none,none,,-0.9113807669999989
1772054_at,BNA2,BNA2,YJR078W,late_sustained_up,late,sustained,100.0,1.2628152889999997,none,none,none,,0.954765074
1772055_at,VHS1,VHS1,YDR247W,early_transient_up,early,transient,30.0,-0.11126657299999998,none,none,none,,-0.403554089
1772057_s_at,COS5 /// COS7,COS5 /// COS7,YDL248W,none,none,none,,0.29333764000000073,none,none,none,,-0.2268741900000002
1772060_at,SMX2,SMX2,YFL017W-A,none,none,none,,-0.29226218900000056,none,none,none,,-0.6843049269999995
1772062_s_at,DDI2 /// DDI3,DDI2 /// DDI3,YFL061W,early_sustained_up,early,sustained,60.0,1.2133777869999998,early_sustained_up,early,sustained,30.0,7.6785637200000005
1772064_at,MDM30,MDM30,YLR368W,none,none,none,,-0.19274459599999894,none,none,none,,0.5868520979999996
1772065_at,RPL12B,RPL12B,YDR418W,none,none,none,,-0.052925930000000676,late_sustained_down,late,sustained,100.0,-1.3160875399999998
1772066_at,YHL042W,,YHL042W,none,none,none,,0.695457792,none,none,none,,0.8540852279999998
1772068_at,IML1,IML1,YJR138W,none,none,none,,0.04846451099999971,late_sustained_up,late,sustained,140.0,1.1016770769999988
1772070_at,VAC17,VAC17,YCL063W,early_partial_decline_down,early,partial_decline,30.0,-0.7588680500000002,early_sustained_down,early,sustained,60.0,-1.8033530879999997
1772073_at,OXR1,OXR1,YPL196W,early_transient_up,early,transient,30.0,0.4608186760000006,early_sustained_up,early,sustained,60.0,3.353110324000001
1772075_at,HIT1,HIT1,YJR055W,none,none,none,,-0.2787308160000004,none,none,none,,0.3582683019999999
1772076_at,LIF1,LIF1,YGL090W,none,none,none,,-0.3909895790000002,none,none,none,,0.3275861840000003
1772079_at,PML1,PML1,YLR016C,none,none,none,,-0.31450690199999976,none,none,none,,1.081935089
1772084_at,FUS3,FUS3,YBL016W,none,none,none,,-0.29180614899999924,none,none,none,,0.34921290800000016
1772087_at,MTC4,MTC4,YBR255W,none,none,none,,-0.07581713099999998,early_sustained_up,early,sustained,60.0,1.7213070179999992
1772089_at,VPS8,VPS8,YAL002W,none,none,none,,0.28686871599999986,none,none,none,,0.9902804439999997
1772091_at,PSP1,PSP1,YDR505C,none,none,none,,0.29422971500000017,none,none,none,,0.79771283
1772092_at,SMD3,SMD3,YLR147C,none,none,none,,-0.22235212000000004,none,none,none,,-0.17274119999999904
1772095_at,MNI1,MNI1,YIL110W,none,none,none,,-0.33695189300000017,early_sustained_down,early,sustained,60.0,-1.4779707470000005
1772098_at,TAF4,TAF4,YMR005W,none,none,none,,-0.39028677700000003,none,none,none,,0.13675178000000088
1772100_at,TAF1,TAF1,YGR274C,none,none,none,,-0.3614057129999999,none,none,none,,0.057449319999999915
1772101_at,OGG1,OGG1,YML060W,early_transient_down,early,transient,30.0,0.06087596599999934,late_partial_decline_down,late,partial_decline,100.0,-0.9223286789999996
1772103_at,YIL083C,,YIL083C,none,none,none,,0.33459112999999974,none,none,none,,0.04814702000000004
1772104_at,YMR1,YMR1,YJR110W,none,none,none,,-0.13209135299999986,none,none,none,,0.660976389
1772105_at,BNI5,BNI5,YNL166C,none,none,none,,-0.23384616499999922,none,none,none,,-0.8031814990000008
1772112_at,MSP1,MSP1,YGR028W,none,none,none,,0.5221823150000002,early_sustained_up,early,sustained,60.0,1.6279964520000005
1772114_at,SMY2,SMY2,YBR172C,none,none,none,,-0.07575387800000044,early_sustained_down,early,sustained,30.0,-1.3103917240000005
1772116_at,CRN1,CRN1,YLR429W,none,none,none,,-0.19442315000000043,none,none,none,,-0.2402861000000005
1772120_at,ADH3,ADH3,YMR083W,none,none,none,,0.14220300999999935,none,none,none,,0.36331211000000074
1772121_at,SPT15,SPT15,YER148W,none,none,none,,-0.2592454499999999,none,none,none,,-0.48829667000000043
1772122_s_at,YRF1-1 /// YRF1-2 /// YRF1-3 /// YRF1-5 /// YRF1-6 /// YRF1-7,YRF1-1 /// YRF1-2 /// YRF1-3 /// YRF1-5 /// YRF1-6 /// YRF1-7,YFL064C,none,none,none,,0.150374813,early_sustained_down,early,sustained,60.0,-1.2980614180000005
1772126_at,FIG1,FIG1,YBR040W,none,none,none,,-0.8362645989999997,none,none,none,,-1.5617347099999996
1772130_at,CPR1,CPR1,YDR155C,none,none,none,,0.024641490000000488,none,none,none,,0.30413979999999974
1772131_s_at,YNL033W,,YNL033W,none,none,none,,-0.4280070619999998,none,none,none,,-0.268776828
1772133_at,PEX5,PEX5,YDR244W,none,none,none,,-0.04827741799999963,early_sustained_up,early,sustained,60.0,1.4527595570000003
1772134_at,STE3,STE3,YKL178C,none,none,none,,0.09538447999999988,none,none,none,,-0.03673888000000147
1772137_at,TIM21,TIM21,YGR033C,none,none,none,,0.07239392199999983,none,none,none,,0.49064323200000004
1772138_s_at,YBL101W-B,,YBL101W-B,none,none,none,,0.1901995999999997,none,none,none,,-0.28071009000000124
1772139_at,SLT2,SLT2,YHR030C,none,none,none,,0.029094010000001447,early_partial_decline_up,early,partial_decline,60.0,0.7397524400000002
1772142_at,YGR026W,,YGR026W,none,none,none,,0.2365506599999989,none,none,none,,0.2603554500000005
1772145_at,ROM2,ROM2,YLR371W,none,none,none,,-0.1342407529999985,none,none,none,,-0.24980909299999965
1772146_at,YDR352W,,YDR352W,none,none,none,,-0.28905491500000124,none,none,none,,-0.7297654529999988
1772147_at,AIR2,AIR2,YDL175C,none,none,none,,-0.13588985999999892,none,none,none,,-0.5860110459999994
1772148_at,SPO14,SPO14,YKR031C,none,none,none,,-0.010773441999999633,none,none,none,,0.08706757200000048
1772156_s_at,RPS23A /// RPS23B,RPS23A /// RPS23B,YGR118W,none,none,none,,-0.03119971000000099,none,none,none,,-0.43615726999999893
1772162_at,YGR015C,,YGR015C,none,none,none,,-0.09479331699999971,none,none,none,,0.45337293500000087
1772164_at,RRN6,RRN6,YBL014C,none,none,none,,-0.25427936500000037,early_sustained_down,early,sustained,60.0,-1.166007146
1772165_at,SGO1,SGO1,YOR073W,none,none,none,,-0.07658182199999963,early_sustained_down,early,sustained,60.0,-1.710918574
1772166_at,PEP7,PEP7,YDR323C,none,none,none,,-0.34689333000000033,late_sustained_up,late,sustained,140.0,1.1291002849999998
1772167_at,YKL018C-A,,YKL018C-A,none,none,none,,0.04023950200000037,none,none,none,,0.08223907600000047
1772170_at,CCH1,CCH1,YGR217W,none,none,none,,0.07044796299999945,late_sustained_down,late,sustained,100.0,-1.5432222840000005
1772171_at,YLR152C,,YLR152C,early_transient_up,early,transient,30.0,0.4012700500000008,early_sustained_up,early,sustained,60.0,1.0750260749999994
1772172_at,MPP10,MPP10,YJR002W,early_transient_down,early,transient,60.0,-0.40635233999999976,early_sustained_down,early,sustained,60.0,-2.0724865669999994
1772174_at,RRP14,RRP14,YKL082C,early_transient_down,early,transient,30.0,-0.5730702649999984,early_sustained_down,early,sustained,60.0,-2.7292133410000003
1772181_at,YKL133C,,YKL133C,early_partial_decline_up,early,partial_decline,60.0,0.7026051319999995,early_sustained_up,early,sustained,60.0,2.17227136
1772183_at,YML030W,,YML030W,none,none,none,,0.5524804450000005,none,none,none,,0.4703919780000003
1772185_at,COG5,COG5,YNL051W,none,none,none,,0.012582345999998523,early_sustained_up,early,sustained,60.0,1.5469931390000013
1772186_at,NUP157,NUP157,YER105C,none,none,none,,-0.20600496700000015,none,none,none,,-0.3370497369999992
1772188_at,YOR059C,,YOR059C,none,none,none,,-0.2244258840000004,early_sustained_up,early,sustained,60.0,2.541118899999999
1772190_at,CWC23,CWC23,YGL128C,none,none,none,,-0.10334019600000044,late_sustained_up,late,sustained,100.0,1.504198476000001
1772192_at,DRE2,DRE2,YKR071C,none,none,none,,-0.7579199249999995,early_sustained_up,early,sustained,30.0,1.043698998
1772193_at,YLR297W,,YLR297W,early_transient_up,early,transient,30.0,0.5139776520000003,early_sustained_up,early,sustained,30.0,3.472954123
1772195_at,JIP5,JIP5,YPR169W,none,none,none,,-0.32903705000000016,none,none,none,,-0.04932389000000015
1772196_at,HSP60,HSP60,YLR259C,none,none,none,,-0.01727808000000053,none,none,none,,0.0832866499999998
1772198_at,YCR102C,,YCR102C,early_transient_up,early,transient,30.0,0.4473869509999995,early_sustained_up,early,sustained,30.0,2.098281525000001
1772199_at,BIO3,BIO3,YNR058W,none,none,none,,0.2026109749999998,none,none,none,,0.23155428599999972
1772201_at,NUP1,NUP1,YOR098C,none,none,none,,-0.2564203779999996,none,none,none,,-0.7538389909999994
1772202_at,SDH1,SDH1,YKL148C,early_partial_decline_up,early,partial_decline,60.0,0.8383368830000002,none,none,none,,0.2917519190000011
1772203_at,BUD27,BUD27,YFL023W,early_transient_down,early,transient,30.0,-0.46509377900000004,early_sustained_down,early,sustained,60.0,-1.0253665089999995
1772204_at,PDA1,PDA1,YER178W,none,none,none,,0.10890801000000039,none,none,none,,0.20889610000000047
1772205_at,BUD6,BUD6,YLR319C,none,none,none,,-0.3331043929999993,none,none,none,,0.07042206800000095
1772207_at,APL3,APL3,YBL037W,none,none,none,,0.14825188499999964,none,none,none,,-0.1333089239999996
1772208_at,RPS11B,RPS11B,YBR048W,none,none,none,,-0.07598091000000018,late_sustained_down,late,sustained,100.0,-2.1696259500000004
1772209_at,SHQ1,SHQ1,YIL104C,early_transient_down,early,transient,30.0,-0.3031270999999993,none,none,none,,-0.037082219000000194
1772212_at,VPH2,VPH2,YKL119C,none,none,none,,-0.022569417999999786,none,none,none,,-0.10476302700000062
1772214_at,YGL015C,,YGL015C,none,none,none,,0.11390759099999981,none,none,none,,0.4399350289999999
1772218_at,RIM9,RIM9,YMR063W,none,none,none,,-0.3237813919999999,early_sustained_down,early,sustained,30.0,-1.5532836270000008
1772220_at,SDH4,SDH4,YDR178W,none,none,none,,0.6732285299999994,none,none,none,,0.6298181400000011
1772222_at,ERG12,ERG12,YMR208W,none,none,none,,0.12652298000000073,late_sustained_down,late,sustained,140.0,-1.3105766289999998
1772223_at,IDP1,IDP1,YDL066W,none,none,none,,0.30964524000000004,none,none,none,,-0.03827946000000004
1772224_at,RAV2,RAV2,YDR202C,none,none,none,,0.15097142900000016,early_sustained_up,early,sustained,60.0,1.942325661
1772225_at,PUS1,PUS1,YPL212C,none,none,none,,-0.46661536800000114,late_sustained_down,late,sustained,140.0,-1.076510184
1772226_at,DRS2,DRS2,YAL026C,none,none,none,,-0.2575953889999987,none,none,none,,-1.2919243510000005
1772227_at,GLG2,GLG2,YJL137C,none,none,none,,0.9720033969999999,late_sustained_up,late,sustained,100.0,1.2256361829999998
1772228_at,YJR039W,,YJR039W,none,none,none,,0.41749505299999967,early_sustained_up,early,sustained,60.0,2.2438229769999998
1772229_at,PIR3,PIR3,YKL163W,early_sustained_up,early,sustained,30.0,2.470184797,late_transient_up,late,transient,100.0,0.38623997399999954
1772231_at,PPX1,PPX1,YHR201C,none,none,none,,-0.32124662000000015,none,none,none,,0.7121730900000003
1772232_at,YLR179C,,YLR179C,none,none,none,,-0.12140846000000138,none,none,none,,-1.0989422099999988
1772233_at,MRM2,MRM2,YGL136C,none,none,none,,0.24649904600000028,none,none,none,,0.7831023289999992
1772234_at,NAS6,NAS6,YGR232W,none,none,none,,-0.09999857000000034,none,none,none,,0.27277282000000014
1772238_at,NPP2,NPP2,YEL016C,none,none,none,,-0.1353300269999993,none,none,none,,-0.2797129510000005
1772239_at,RLP7,RLP7,YNL002C,early_transient_down,early,transient,60.0,-0.44385765,early_sustained_down,early,sustained,60.0,-1.8191037130000005
1772240_at,YLR422W,,YLR422W,none,none,none,,0.15911772099999943,none,none,none,,-0.09832340799999884
1772241_at,MNT3,MNT3,YIL014W,none,none,none,,-0.035125399,none,none,none,,-0.24182624600000047
1772243_at,SEC4,SEC4,YFL005W,none,none,none,,-0.0819996500000002,none,none,none,,-0.34251191999999975
1772247_at,AXL1,AXL1,YPR122W,none,none,none,,0.054039175999999856,none,none,none,,0.3040832769999984
1772248_at,VRG4,VRG4,YGL225W,none,none,none,,-0.024717259999999186,late_sustained_down,late,sustained,100.0,-1.3340185599999987
1772249_at,ILM1,ILM1,YJR118C,none,none,none,,0.012136990000000125,none,none,none,,-0.531603156000001
1772250_at,ERV25,ERV25,YML012W,none,none,none,,0.011139399999999355,none,none,none,,-0.33500358999999946
1772251_at,RPL39,RPL39,YJL189W,none,none,none,,-0.03230288999999864,none,none,none,,-0.8389429800000006
1772252_at,YOR019W,,YOR019W,none,none,none,,-0.004313859999999892,late_sustained_up,late,sustained,100.0,2.4672106340000006
1772253_at,CLP1,CLP1,YOR250C,none,none,none,,0.14515779000000073,early_sustained_up,early,sustained,60.0,1.6078812809999992
1772255_at,YNK1,YNK1,YKL067W,none,none,none,,0.6513674199999997,none,none,none,,1.0538971700000008
1772258_at,YMR244C-A,,YMR244C-A,none,none,none,,0.45981719099999907,none,none,none,,0.8727492699999999
1772259_at,HYR1,HYR1,YIR037W,none,none,none,,0.5384501200000003,none,none,none,,1.1166557099999999
1772260_at,ASM4,ASM4,YDL088C,none,none,none,,-0.1113546360000015,none,none,none,,0.5938440429999989
1772261_at,HYP2,HYP2,YEL034W,none,none,none,,0.03168278000000058,none,none,none,,-0.34290112999999955
1772263_at,GPI1,GPI1,YGR216C,none,none,none,,0.1322099889999997,none,none,none,,-0.19746516700000072
1772264_at,RLP24,RLP24,YLR009W,early_transient_down,early,transient,60.0,-0.39022118000000106,early_sustained_down,early,sustained,60.0,-3.264766444000001
1772268_at,YPR091C,,YPR091C,none,none,none,,0.10002903399999852,none,none,none,,0.25301677000000034
1772275_at,JJJ3,JJJ3,YJR097W,early_transient_down,early,transient,30.0,-0.3120753549999993,early_sustained_down,early,sustained,30.0,-1.9521477820000008
1772278_at,ZIP1,ZIP1,YDR285W,none,none,none,,-0.0845530710000002,none,none,none,,1.1617668419999996
1772279_at,HOR7,HOR7,YMR251W-A,none,none,none,,0.5701582099999989,none,none,none,,0.7821696400000011
1772281_at,YAP3,YAP3,YHL009C,none,none,none,,-0.10909036800000038,none,none,none,,0.307461988
1772282_at,BMH1,BMH1,YER177W,none,none,none,,0.0035845400000003025,none,none,none,,0.5483168999999997
1772283_at,CEM1,CEM1,YER061C,none,none,none,,-0.2281000880000006,none,none,none,,0.9553282359999997
1772284_at,YLR225C,,YLR225C,none,none,none,,-0.15175072399999934,early_sustained_up,early,sustained,60.0,1.8823359570000004
1772287_at,ARG4,ARG4,YHR018C,none,none,none,,-0.31676567000000055,early_partial_decline_up,early,partial_decline,30.0,0.9142706599999997
1772288_at,HIR2,HIR2,YOR038C,none,none,none,,-0.15963102199999923,none,none,none,,0.6759538620000001
1772289_at,SET5,SET5,YHR207C,none,none,none,,-0.24964915899999873,none,none,none,,0.48680170200000106
1772292_at,YFL054C,,YFL054C,early_transient_up,early,transient,30.0,0.818605732,late_sustained_up,late,sustained,100.0,1.9154080349999987
1772294_at,RPS29A,RPS29A,YLR388W,none,none,none,,-0.058908110000000846,late_sustained_down,late,sustained,100.0,-1.8440749500000013
1772298_at,YGL160W,,YGL160W,none,none,none,,0.18162430299999954,none,none,none,,-0.6279532210000003
1772307_at,PPZ1,PPZ1,YML016C,none,none,none,,0.154382966,none,none,none,,0.10610817999999966
1772308_at,YAL016C-B,,YAL016C-B,none,none,none,,0.6492427479999998,early_sustained_up,early,sustained,60.0,1.7103302070000002
1772310_at,HRD3,HRD3,YLR207W,none,none,none,,-0.28327904500000045,none,none,none,,-0.18834195800000053
1772312_at,YLR415C,,YLR415C,none,none,none,,0.013838811000000284,none,none,none,,-0.09968575900000021
1772313_at,SBE22,SBE22,YHR103W,none,none,none,,-0.05641799200000008,none,none,none,,-0.4306609290000001
1772317_at,MES1,MES1,YGR264C,none,none,none,,-0.23075974999999893,late_sustained_down,late,sustained,100.0,-1.928913660000001
1772320_at,CAM1,CAM1,YPL048W,none,none,none,,0.44586455999999863,none,none,none,,0.41832680999999994
1772321_at,TLG2,TLG2,YOL018C,none,none,none,,-0.40799466600000045,late_sustained_up,late,sustained,100.0,1.594053927000001
1772326_at,PEX32,PEX32,YBR168W,none,none,none,,0.09426551999999866,none,none,none,,-0.2157992430000002
1772327_at,PTK2,PTK2,YJR059W,early_transient_up,early,transient,30.0,0.6565565859999998,early_sustained_up,early,sustained,30.0,1.4298300309999998
1772328_at,YBL039W-A,,YBL039W-A,early_partial_decline_up,early,partial_decline,60.0,0.8084874089999996,early_sustained_up,early,sustained,60.0,1.6442962479999998
1772330_at,ERD1,ERD1,YDR414C,none,none,none,,-0.13359245100000017,late_sustained_down,late,sustained,100.0,-1.1995122450000002
1772331_at,BIM1,BIM1,YER016W,none,none,none,,-0.33630064400000137,none,none,none,,0.45335523699999847
1772333_at,KEL3,KEL3,YPL263C,none,none,none,,-0.26092534399999856,early_sustained_down,early,sustained,60.0,-1.4211266459999994
1772336_at,ERG3,ERG3,YLR056W,none,none,none,,-0.0709356200000002,early_sustained_down,early,sustained,60.0,-2.672188747
1772338_at,DAK1,DAK1,YML070W,none,none,none,,0.6382840999999999,late_sustained_up,late,sustained,140.0,1.2095699899999985
1772341_at,UGO1,UGO1,YDR470C,none,none,none,,0.18312308500000007,early_partial_decline_up,early,partial_decline,60.0,0.6924622920000001
1772342_at,MGT1,MGT1,YDL200C,none,none,none,,0.12393458400000057,none,none,none,,0.6772959590000003
1772343_at,SAP4,SAP4,YGL229C,early_transient_up,early,transient,60.0,0.6257092210000001,none,none,none,,0.7473316630000006
1772344_at,ERF2,ERF2,YLR246W,none,none,none,,-0.05182701300000048,none,none,none,,0.14078642800000019
1772346_at,TDP1,TDP1,YBR223C,none,none,none,,-0.008781235999999915,none,none,none,,0.5786982060000003
1772347_at,CCC2,CCC2,YDR270W,none,none,none,,0.3375115320000006,none,none,none,,-0.06703756900000002
1772348_at,YBR235W,,YBR235W,none,none,none,,-0.4114346849999997,none,none,none,,-0.4065558969999987
1772349_at,IPI3,IPI3,YNL182C,early_transient_down,early,transient,30.0,-0.534742863,early_sustained_down,early,sustained,60.0,-2.1029087210000004
1772350_at,ERG1,ERG1,YGR175C,none,none,none,,-0.15731121999999864,early_sustained_down,early,sustained,30.0,-3.1014354960000006
1772352_at,GCN3,GCN3,YKR026C,none,none,none,,-0.20168129999999884,none,none,none,,-0.2963727899999995
1772356_at,YAL064C-A,,YAL064C-A,none,none,none,,-0.2567326030000001,none,none,none,,0.09326022200000006
1772358_at,YKL070W,,YKL070W,early_transient_up,early,transient,30.0,-0.03946781299999991,early_sustained_up,early,sustained,30.0,4.4733476350000005
1772361_at,YHR126C,,YHR126C,early_transient_up,early,transient,30.0,0.07065501299999966,none,none,none,,0.4257720919999999
1772362_at,HOC1,HOC1,YJR075W,none,none,none,,-0.13904607999999996,none,none,none,,-0.21088489000000088
1772365_at,YLR108C,,YLR108C,early_transient_up,early,transient,30.0,0.29612589999999983,early_sustained_up,early,sustained,30.0,2.814027382999999
1772366_at,RPS1B,RPS1B,YML063W,none,none,none,,-0.02638261999999969,late_sustained_down,late,sustained,140.0,-1.1507902300000001
1772367_at,NPL6,NPL6,YMR091C,none,none,none,,-0.39158909799999897,none,none,none,,0.08781063099999997
1772369_at,UBP12,UBP12,YJL197W,none,none,none,,-0.030676888999998653,none,none,none,,-0.8636981959999996
1772371_at,UBX6,UBX6,YJL048C,early_transient_up,early,transient,30.0,0.411261262,early_partial_decline_up,early,partial_decline,30.0,0.9640150180000013
1772372_at,PUB1,PUB1,YNL016W,none,none,none,,-0.17035668000000115,late_sustained_down,late,sustained,100.0,-1.7302513800000003
1772373_at,UBI4,UBI4,YLL039C,early_transient_up,early,transient,60.0,0.5276010899999992,early_sustained_up,early,sustained,60.0,1.8417596599999992
1772374_at,YJR054W,,YJR054W,none,none,none,,-0.34174201500000123,late_sustained_down,late,sustained,100.0,-1.554488879
1772375_at,ARG8,ARG8,YOL140W,none,none,none,,-0.5490925109999996,none,none,none,,-0.6826201940000001
1772376_at,ARL3,ARL3,YPL051W,none,none,none,,-0.41748934800000015,none,none,none,,-0.40960484800000074
1772377_at,MEI5,MEI5,YPL121C,none,none,none,,-0.30337043099999983,none,none,none,,0.2386217209999999
1772384_at,PCM1,PCM1,YEL058W,none,none,none,,0.03700671,none,none,none,,-0.6496079699999999
1772386_at,NTG1,NTG1,YAL015C,early_transient_up,early,transient,30.0,0.09170749200000028,early_sustained_up,early,sustained,60.0,1.5818069989999994
1772391_at,YIL057C,,YIL057C,none,none,none,,0.15198165699999988,none,none,none,,0.07763819100000013
1772392_at,GCD6,GCD6,YDR211W,none,none,none,,-0.16853093299999955,none,none,none,,0.14306036099999986
1772393_at,YLR154W-E,,YLR154W-E,none,none,none,,-0.28253084400000006,late_sustained_down,late,sustained,100.0,-1.4039781379999994
1772394_at,NGL3,NGL3,YML118W,early_sustained_up,early,sustained,30.0,1.1022051310000007,early_sustained_up,early,sustained,60.0,2.46320418
1772396_at,VPS15,VPS15,YBR097W,none,none,none,,0.05362886099999997,late_sustained_up,late,sustained,140.0,1.2172958719999993
1772398_at,FBA1,FBA1,YKL060C,none,none,none,,0.03412029000000061,none,none,none,,0.0598933499999994
1772399_at,SHR5,SHR5,YOL110W,early_transient_up,early,transient,30.0,0.06355447699999939,late_sustained_up,late,sustained,100.0,1.141761432
1772400_at,SEC14,SEC14,YMR079W,none,none,none,,-0.10824747999999929,late_sustained_down,late,sustained,100.0,-1.5734910469999992
1772401_at,VPS72,VPS72,YDR485C,none,none,none,,-0.11225952099999859,none,none,none,,0.763601186999999
1772405_at,FRA1,FRA1,YLL029W,none,none,none,,0.19973509999999983,early_sustained_up,early,sustained,60.0,1.615540338999999
1772407_at,YIP3,YIP3,YNL044W,none,none,none,,-0.24347987999999887,late_sustained_down,late,sustained,100.0,-2.055307583000001
1772408_at,LTP1,LTP1,YPR073C,none,none,none,,0.13010384999999935,none,none,none,,0.2389053900000011
1772410_at,GIP4,GIP4,YAL031C,none,none,none,,-0.22819564699999972,none,none,none,,0.7377069380000005
1772412_at,PMT2,PMT2,YAL023C,none,none,none,,-0.01464862999999994,late_sustained_down,late,sustained,140.0,-1.6207202790000004
1772414_at,YHC1,YHC1,YLR298C,none,none,none,,-0.20649270000000008,none,none,none,,0.2933158220000003
1772416_at,MNT2,MNT2,YGL257C,none,none,none,,-0.23000045699999916,none,none,none,,-0.6473567830000011
1772418_at,CAP2,CAP2,YIL034C,none,none,none,,0.3920606280000012,early_sustained_up,early,sustained,60.0,1.6236400800000013
1772420_at,SLX1,SLX1,YBR228W,none,none,none,,-0.45943096299999997,none,none,none,,0.5581519589999999
1772421_at,GRX1,GRX1,YCL035C,none,none,none,,0.3723198399999994,late_sustained_up,late,sustained,140.0,1.12911201
1772426_at,YEL020C,,YEL020C,none,none,none,,0.08735485100000062,late_sustained_up,late,sustained,100.0,1.263990131999999
1772433_x_at,RPS29A,RPS29A,YLR388W,none,none,none,,-0.09440507999999959,late_sustained_down,late,sustained,100.0,-1.7939152499999995
1772438_at,TOP1,TOP1,YOL006C,none,none,none,,0.0001698739999991261,none,none,none,,-0.32615830700000004
1772442_at,CBF5,CBF5,YLR175W,none,none,none,,-0.4106974600000015,early_sustained_down,early,sustained,60.0,-2.1829481049999995
1772443_at,PEP12,PEP12,YOR036W,none,none,none,,0.08310672200000013,early_sustained_up,early,sustained,60.0,1.9730633710000003
1772446_at,RBS1,RBS1,YDL189W,none,none,none,,-0.05273681699999955,none,none,none,,-0.41939758500000046
1772447_at,SYM1,SYM1,YLR251W,early_sustained_up,early,sustained,30.0,2.281771366000001,early_sustained_up,early,sustained,30.0,4.37883793
1772448_at,FLC1,FLC1,YPL221W,none,none,none,,0.3569265660000003,none,none,none,,-0.884986198
1772452_at,VHS3,VHS3,YOR054C,none,none,none,,0.3409355740000004,early_sustained_up,early,sustained,60.0,1.215274073999999
1772456_at,IRC24,IRC24,YIR036C,none,none,none,,0.427975223999999,late_sustained_up,late,sustained,100.0,2.1122621510000013
1772457_at,SRP1,SRP1,YNL189W,none,none,none,,-0.015783360000000357,none,none,none,,0.10036091999999996
1772459_at,INH1,INH1,YDL181W,late_sustained_up,late,sustained,100.0,1.3897250309999993,early_sustained_down,early,sustained,30.0,-1.27007607
1772460_at,YJR111C,,YJR111C,none,none,none,,-0.5304351559999994,early_transient_up,early,transient,30.0,0.5811295829999992
1772463_at,NUP170,NUP170,YBL079W,none,none,none,,-0.15019591299999924,none,none,none,,-0.3234605419999994
1772464_at,SHE4,SHE4,YOR035C,none,none,none,,-0.13871025899999978,none,none,none,,0.7078246630000002
1772465_at,SQS1,SQS1,YNL224C,none,none,none,,0.009841903999999957,late_sustained_up,late,sustained,100.0,1.3054041060000001
1772467_s_at,RSC30,RSC30,YHR054C,none,none,none,,0.13460430100000043,none,none,none,,0.019026685999999238
1772468_at,RPL40B,RPL40B,YKR094C,none,none,none,,-0.03210308000000062,late_sustained_down,late,sustained,100.0,-1.8719397000000004
1772470_at,ALG2,ALG2,YGL065C,none,none,none,,-0.11629244799999938,none,none,none,,-0.4105479850000009
1772473_at,YPR109W,,YPR109W,none,none,none,,-0.0001968809999990384,none,none,none,,0.7451689739999985
1772475_at,PMT5,PMT5,YDL093W,none,none,none,,0.09299857700000125,none,none,none,,-1.2209505640000007
1772477_at,YJR124C,,YJR124C,none,none,none,,-0.12125269300000063,early_sustained_down,early,sustained,60.0,-1.2127527089999992
1772483_at,SHS1,SHS1,YDL225W,none,none,none,,-0.3519128490000014,none,none,none,,-0.18543542500000143
1772484_at,ARV1,ARV1,YLR242C,none,none,none,,-0.12439838799999947,none,none,none,,-0.05576846900000021
1772485_at,SLK19,SLK19,YOR195W,none,none,none,,0.030948397000000405,none,none,none,,-1.0942808769999992
1772487_at,PEP3,PEP3,YLR148W,none,none,none,,-0.035528639000000695,none,none,none,,1.0522826280000004
1772491_at,BFA1,BFA1,YJR053W,none,none,none,,-0.4934475660000004,early_sustained_down,early,sustained,30.0,-1.880515527
1772496_at,ANT1,ANT1,YPR128C,none,none,none,,-0.15266592699999926,none,none,none,,-0.27556203199999985
1772497_at,EXO84,EXO84,YBR102C,none,none,none,,-0.19078876099999942,none,none,none,,0.7235682480000012
1772499_at,VAM6,VAM6,YDL077C,none,none,none,,0.10599829400000083,none,none,none,,0.9588220560000007
1772500_at,PMP3,PMP3,YDR276C,none,none,none,,0.01613648999999917,none,none,none,,0.030126270000000233
1772505_at,YGL101W,,YGL101W,none,none,none,,-0.37270861800000077,early_sustained_down,early,sustained,60.0,-3.0722247670000007
1772508_at,NOP7,NOP7,YGR103W,early_transient_down,early,transient,60.0,-0.5841643699999999,early_sustained_down,early,sustained,60.0,-3.2157665589999995
1772509_at,YEL007W,,YEL007W,none,none,none,,0.24824696800000012,none,none,none,,-0.027428157999999314
1772510_at,TFP1,TFP1,YDL185W,none,none,none,,0.2196998299999997,none,none,none,,-0.032124570000000574
1772511_at,SNZ1,SNZ1,YMR096W,early_sustained_up,early,sustained,60.0,1.8912359330000008,late_sustained_up,late,sustained,100.0,2.4606988150000006
1772512_at,PEX4,PEX4,YGR133W,none,none,none,,-0.053470858999999926,none,none,none,,0.17896116299999942
1772514_at,SCP160,SCP160,YJL080C,none,none,none,,-0.1307840200000001,late_sustained_down,late,sustained,100.0,-2.1835861019999996
1772516_at,GIS1,GIS1,YDR096W,early_transient_up,early,transient,30.0,0.3722538499999999,none,none,none,,0.3566201410000005
1772517_at,MSN4,MSN4,YKL062W,early_transient_up,early,transient,60.0,0.5919986850000001,early_sustained_up,early,sustained,60.0,1.0052923620000005
1772521_at,FKS1,FKS1,YLR342W,none,none,none,,0.06989519999999949,none,none,none,,-0.9420008199999987
1772524_at,YML108W,,YML108W,early_transient_down,early,transient,30.0,-0.2410628980000009,early_sustained_down,early,sustained,60.0,-1.2279478069999996
1772528_at,YAL064W,,YAL064W,none,none,none,,-0.08139559299999988,none,none,none,,0.28188578899999994
1772529_at,LDB16,LDB16,YCL005W,none,none,none,,-0.04500318899999911,none,none,none,,-0.23938372600000157
1772533_at,TBF1,TBF1,YPL128C,none,none,none,,-0.3977208739999991,none,none,none,,-0.9389940700000006
1772534_s_at,YAR066W,,YAR066W,none,none,none,,-0.6411831169999997,none,none,none,,-0.37129252000000035
1772536_at,ECM34,ECM34,YHL043W,none,none,none,,-0.20592113599999973,none,none,none,,0.5986352419999998
1772540_at,MIG3,MIG3,YER028C,none,none,none,,-0.009760286999999757,late_sustained_up,late,sustained,100.0,1.1525400350000004
1772541_at,RML2,RML2,YEL050C,none,none,none,,0.3511478850000014,none,none,none,,-0.2726017390000006
1772545_at,TFB5,TFB5,YDR079C-A,none,none,none,,0.15130103799999972,none,none,none,,-0.5271352450000002
1772547_at,RRP17,RRP17,YDR412W,early_transient_down,early,transient,60.0,-0.6176404429999991,early_sustained_down,early,sustained,60.0,-1.4015567200000003
1772548_at,YER085C,,YER085C,none,none,none,,0.2655947059999999,none,none,none,,0.004712247999999697
1772549_at,GDH3,GDH3,YAL062W,none,none,none,,0.8293120829999996,late_sustained_up,late,sustained,100.0,1.3282240949999995
1772550_x_at,RPS10B,RPS10B,YMR230W,none,none,none,,-0.16991087999999976,early_sustained_down,early,sustained,60.0,-1.866830942
1772552_at,UBC9,UBC9,YDL064W,none,none,none,,-0.05699022900000017,late_sustained_down,late,sustained,140.0,-1.2866882210000004
1772554_at,GAL10,GAL10,YBR019C,none,none,none,,-0.041653895000000496,none,none,none,,0.7609223800000002
1772556_at,PIR1,PIR1,YKL164C,none,none,none,,-0.31574764000000144,late_sustained_down,late,sustained,100.0,-4.543849880000001
1772558_at,TIP1,TIP1,YBR067C,none,none,none,,0.0017174999999998164,none,none,none,,-0.7327020299999987
1772560_at,RFC2,RFC2,YJR068W,none,none,none,,-0.16175674999999856,none,none,none,,-0.3971946499999994
1772562_at,HOM3,HOM3,YER052C,none,none,none,,-0.3003366000000014,none,none,none,,-0.26751396999999955
1772563_at,SLM2,SLM2,YNL047C,none,none,none,,-0.23936789699999927,none,none,none,,-0.01723843399999936
1772565_at,PBA1,PBA1,YLR199C,none,none,none,,-0.03505656300000126,early_sustained_up,early,sustained,60.0,1.5754722300000008
1772566_at,IME1,IME1,YJR094C,none,none,none,,-0.30525282099999984,none,none,none,,-0.8073549560000002
1772567_at,YGR117C,,YGR117C,none,none,none,,0.1335561770000009,none,none,none,,0.7563063860000003
1772570_at,DAD2,DAD2,YKR083C,none,none,none,,-0.41547163799999964,none,none,none,,-0.48482244300000055
1772572_at,VMA4,VMA4,YOR332W,none,none,none,,0.03246598999999861,none,none,none,,0.21950376000000027
1772573_at,YBR096W,,YBR096W,none,none,none,,0.13735935000000055,none,none,none,,-0.04048519999999911
1772574_at,SPG3,SPG3,YDR504C,none,none,none,,0.36765457800000156,none,none,none,,1.038086797
1772576_x_at,PAU7,PAU7,YAR020C,none,none,none,,0.281030608,none,none,none,,0.9149625070000003
1772579_at,LSM12,LSM12,YHR121W,none,none,none,,-0.10104242000000063,none,none,none,,0.232104249999999
1772580_at,CAD1 /// DYN2,CAD1 /// DYN2,YDR424C,none,none,none,,0.011875299999999811,none,none,none,,-0.8392034660000007
1772581_at,YGR001C,,YGR001C,none,none,none,,-0.18276593999999946,none,none,none,,-0.8304101510000006
1772583_s_at,NHP6B,NHP6B,YBR089C-A,none,none,none,,-0.11569918000000001,none,none,none,,-0.45684774999999966
1772586_at,RAD28,RAD28,YDR030C,none,none,none,,-0.016983122000000073,late_sustained_up,late,sustained,100.0,2.2609834310000005
1772589_at,ART5,ART5,YGR068C,none,none,none,,0.038799624000000144,none,none,none,,0.07746040700000023
1772590_at,DNF1,DNF1,YER166W,none,none,none,,-0.08926579899999965,none,none,none,,-0.22228750399999875
1772594_at,TCB2,TCB2,YNL087W,late_partial_decline_down,late,partial_decline,100.0,-0.8191804700000009,none,none,none,,-0.9228230199999992
1772597_at,YCR101C,,YCR101C,none,none,none,,0.29034159400000004,none,none,none,,0.22316645899999976
1772603_at,UBX4,UBX4,YMR067C,none,none,none,,-0.2519334709999992,early_sustained_up,early,sustained,60.0,1.8086992389999992
1772605_at,CBS1,CBS1,YDL069C,none,none,none,,-0.14325778300000014,none,none,none,,-0.05522765899999982
1772606_at,MRS6,MRS6,YOR370C,none,none,none,,-0.11950644500000074,none,none,none,,-0.7609591649999992
1772608_at,PRM3,PRM3,YPL192C,late_sustained_down,late,sustained,140.0,-1.194470291,none,none,none,,-1.0410449319999993
1772609_at,YKR041W,,YKR041W,none,none,none,,0.14457632300000034,none,none,none,,-0.22841867699999963
1772610_at,PBY1,PBY1,YBR094W,none,none,none,,0.17938712499999987,none,none,none,,0.6515818490000012
1772611_at,FLD1,FLD1,YLR404W,none,none,none,,-0.08863868799999963,none,none,none,,-0.8629976570000011
1772612_at,BUB1,BUB1,YGR188C,none,none,none,,0.031823709999999394,none,none,none,,-0.4189114070000004
1772613_at,YLR253W,,YLR253W,none,none,none,,-0.16642782800000155,none,none,none,,-0.10399707100000022
1772615_at,ASN1,ASN1,YPR145W,none,none,none,,-0.25887061000000067,none,none,none,,0.03161938999999947
1772617_at,GPI16,GPI16,YHR188C,none,none,none,,0.07118792000000163,none,none,none,,-0.3983032590000004
1772618_at,NIT3,NIT3,YLR351C,none,none,none,,-0.00828783000000044,none,none,none,,-0.13920451999999983
1772620_at,BRO1,BRO1,YPL084W,none,none,none,,-0.05923212999999983,late_partial_decline_up,late,partial_decline,100.0,0.8006310289999998
1772621_at,MRP20,MRP20,YDR405W,none,none,none,,0.0761787260000002,none,none,none,,0.4169105639999984
1772622_at,SIT1,SIT1,YEL065W,none,none,none,,0.19013537000000014,none,none,none,,0.1731865699999986
1772624_at,MRP7,MRP7,YNL005C,none,none,none,,0.11175216600000049,none,none,none,,0.22243047000000082
1772625_at,GLY1,GLY1,YEL046C,none,none,none,,-0.19588315000000023,none,none,none,,0.14422414999999944
1772626_at,YJR149W,,YJR149W,none,none,none,,0.45118261699999973,early_sustained_up,early,sustained,60.0,1.4520867370000001
1772627_at,CLB4,CLB4,YLR210W,none,none,none,,-0.2753347760000011,none,none,none,,-1.1225458489999998
1772631_at,YLR073C,,YLR073C,early_transient_down,early,transient,30.0,-0.3846140459999994,early_sustained_down,early,sustained,30.0,-3.116540733
1772632_at,TIF35,TIF35,YDR429C,none,none,none,,-0.2661378799999987,none,none,none,,-0.5041813700000013
1772635_at,DAL82,DAL82,YNL314W,none,none,none,,0.01601938299999972,none,none,none,,0.4327890320000005
1772637_at,GVP36,GVP36,YIL041W,none,none,none,,0.07125768999999949,none,none,none,,0.036441569999999146
1772638_at,RPL26A,RPL26A,YLR344W,none,none,none,,-0.024468180000001283,late_sustained_down,late,sustained,100.0,-2.0778614300000005
1772640_at,YJR112W-A,,YJR112W-A,none,none,none,,0.17052279299999995,none,none,none,,0.8127661660000012
1772642_at,YLR312C,,YLR312C,early_sustained_up,early,sustained,30.0,2.036970234,early_sustained_up,early,sustained,30.0,4.106670296
1772643_at,VMA10,VMA10,YHR039C-A,none,none,none,,-0.004592849999999871,none,none,none,,-0.08191022000000103
1772646_at,GTT3,GTT3,YEL017W,none,none,none,,-0.15413293199999956,none,none,none,,-0.38398461500000103
1772647_at,YDR018C,,YDR018C,early_sustained_up,early,sustained,60.0,1.5413131579999995,late_sustained_up,late,sustained,100.0,1.2534071039999999
1772648_at,MET30,MET30,YIL046W,none,none,none,,-0.1183716540000006,none,none,none,,0.24397494199999947
1772651_at,YDR222W,,YDR222W,none,none,none,,0.5124893850000003,none,none,none,,-0.7468230020000002
1772654_at,ALG3,ALG3,YBL082C,none,none,none,,-0.03898312000000104,none,none,none,,-0.8462152199999995
1772658_at,HSP10,HSP10,YOR020C,none,none,none,,-0.13001369999999923,none,none,none,,-0.30163626000000043
1772665_at,KAP120,KAP120,YPL125W,none,none,none,,-0.035163620000000506,none,none,none,,0.019605470000000125
1772670_at,VID28,VID28,YIL017C,early_transient_up,early,transient,30.0,0.5475736329999998,early_sustained_up,early,sustained,30.0,2.4686074509999996
1772671_at,MRP2,MRP2,YPR166C,none,none,none,,0.2635927960000011,none,none,none,,-0.8670459140000002
1772672_at,PHO88,PHO88,YBR106W,none,none,none,,-0.07471533000000008,none,none,none,,-0.08524493
1772674_at,LPD1,LPD1,YFL018C,none,none,none,,0.12867381000000044,none,none,none,,0.05453117999999968
1772675_at,ISW1,ISW1,YBR245C,none,none,none,,-0.31327160999999926,none,none,none,,-0.0669800349999985
1772676_at,GAR1,GAR1,YHR089C,none,none,none,,-0.2921913800000002,early_sustained_down,early,sustained,60.0,-2.201321759999999
1772677_at,APE3,APE3,YBR286W,none,none,none,,0.32385273999999953,none,none,none,,0.78797009
1772681_s_at,PAU21 /// PAU22,PAU21 /// PAU22,YOR394W,none,none,none,,0.20044763799999998,none,none,none,,0.2101992070000005
1772682_at,CDC4,CDC4,YFL009W,none,none,none,,-0.04805495999999998,none,none,none,,-0.05108581400000034
1772684_at,VPS35,VPS35,YJL154C,none,none,none,,0.11423923999999985,none,none,none,,0.7045837950000013
1772686_at,RRI2,RRI2,YOL117W,none,none,none,,0.2123803310000003,late_sustained_up,late,sustained,140.0,1.0600168820000002
1772687_at,SLM1,SLM1,YIL105C,none,none,none,,-0.011372520000000108,none,none,none,,0.4644799009999989
1772689_at,PBI2,PBI2,YNL015W,late_partial_decline_up,late,partial_decline,100.0,0.8932535599999998,none,none,none,,0.5492261050000007
1772690_at,PIB2,PIB2,YGL023C,none,none,none,,-0.20541265600000003,none,none,none,,-0.21145406399999978
1772692_at,YJL163C,,YJL163C,early_sustained_up,early,sustained,30.0,1.310812436,early_sustained_up,early,sustained,30.0,3.2559908690000006
1772693_at,SWI1,SWI1,YPL016W,none,none,none,,-0.04891369999999995,late_sustained_down,late,sustained,140.0,-1.5659161150000003
1772694_at,GPT2,GPT2,YKR067W,early_transient_up,early,transient,30.0,0.5129680860000008,early_sustained_up,early,sustained,30.0,1.224949509
1772696_at,SSS1,SSS1,YDR086C,none,none,none,,-0.07400039000000014,none,none,none,,-0.6774459999999998
1772697_at,SDS22,SDS22,YKL193C,none,none,none,,0.0978549779999991,early_partial_decline_up,early,partial_decline,60.0,0.8740185509999989
1772699_at,FRE7,FRE7,YOL152W,late_sustained_up,late,sustained,100.0,2.020877766,none,none,none,,-1.0601508410000005
1772700_at,APA1,APA1,YCL050C,none,none,none,,-0.19124938000000036,none,none,none,,-0.08268692000000044
1772701_at,TPN1,TPN1,YGL186C,none,none,none,,0.1990276719999997,none,none,none,,1.1031016470000008
1772703_at,TAF13,TAF13,YML098W,none,none,none,,-0.28268814299999967,none,none,none,,-0.5092182360000006
1772706_at,FAP1,FAP1,YNL023C,none,none,none,,-0.31688279900000005,none,none,none,,0.3897622339999991
1772709_at,HSK3,HSK3,YKL138C-A,none,none,none,,0.047244864000001385,none,none,none,,0.29814846799999906
1772710_at,THP2,THP2,YHR167W,early_partial_decline_down,early,partial_decline,30.0,-0.7111790310000004,none,none,none,,-0.19141401399999936
1772712_at,AXL2,AXL2,YIL140W,none,none,none,,0.14682396500000117,late_sustained_down,late,sustained,100.0,-2.346015223
1772716_at,YNL108C,,YNL108C,none,none,none,,-0.05481226500000069,none,none,none,,-0.8871038129999995
1772718_at,VMA5,VMA5,YKL080W,none,none,none,,-0.039410780000000756,none,none,none,,-0.1512677
1772719_at,AFG2,AFG2,YLR397C,none,none,none,,-0.4409458529999988,none,none,none,,-0.7244913659999987
1772720_at,IFM1,IFM1,YOL023W,none,none,none,,0.1417788600000005,none,none,none,,-0.5440056289999999
1772723_at,GCD10,GCD10,YNL062C,early_transient_down,early,transient,30.0,-0.3149016499999995,early_sustained_down,early,sustained,60.0,-1.6317361750000003
1772726_at,VMR1,VMR1,YHL035C,late_sustained_up,late,sustained,140.0,1.1104914590000003,none,none,none,,0.601453094
1772729_at,SRO7,SRO7,YPR032W,none,none,none,,-0.17865128599999913,none,none,none,,0.546592780000001
1772730_at,CRR1,CRR1,YLR213C,none,none,none,,0.7819780600000001,none,none,none,,-0.23351720000000054
1772731_at,MRE11,MRE11,YMR224C,none,none,none,,0.15404606899999962,none,none,none,,0.42617124300000064
1772733_at,MSS11,MSS11,YMR164C,none,none,none,,0.3941154600000001,none,none,none,,0.1168990790000004
1772734_at,RPL9B,RPL9B,YNL067W,none,none,none,,0.05264803000000029,early_sustained_down,early,sustained,60.0,-1.43852534
1772736_at,CDD1,CDD1,YLR245C,none,none,none,,-0.3007955130000006,none,none,none,,-1.004622028
1772737_s_at,YRF1-1 /// YRF1-2 /// YRF1-3 /// YRF1-4 /// YRF1-5 /// YRF1-6 /// YRF1-7 /// YRF1-8,YRF1-1 /// YRF1-2 /// YRF1-3 /// YRF1-4 /// YRF1-5 /// YRF1-6 /// YRF1-7 /// YRF1-8,YBL111C,none,none,none,,-0.12058374800000049,early_sustained_down,early,sustained,30.0,-2.229891404999999
1772738_at,FMO1,FMO1,YHR176W,none,none,none,,0.46756194800000017,none,none,none,,1.0821795720000011
1772741_at,ADA2,ADA2,YDR448W,none,none,none,,-0.25386575499999964,none,none,none,,0.09867987999999972
1772742_at,RPS0B,RPS0B,YLR048W,none,none,none,,0.10732536999999986,late_sustained_down,late,sustained,100.0,-1.8827044400000013
1772743_at,XRS2,XRS2,YDR369C,none,none,none,,-0.05908168000000025,late_sustained_up,late,sustained,100.0,1.8081730480000004
1772744_at,YCL045C,,YCL045C,none,none,none,,-0.1797486700000004,none,none,none,,-0.6365891299999991
1772748_at,TMA7,TMA7,YLR262C-A,none,none,none,,-0.056552990000000136,late_partial_decline_down,late,partial_decline,100.0,-0.682374359999999
1772749_at,YPR084W,,YPR084W,none,none,none,,-0.022754955999999993,none,none,none,,0.7287293010000004
1772750_at,SUA7,SUA7,YPR086W,none,none,none,,-0.03333884999999981,none,none,none,,0.7834708599999995
1772751_at,YBL008W-A,,YBL008W-A,none,none,none,,0.08025301900000059,none,none,none,,-0.5869901110000004
1772752_at,SMF2,SMF2,YHR050W,none,none,none,,0.0652319960000014,none,none,none,,-0.4158821709999998
1772753_at,WHI5,WHI5,YOR083W,none,none,none,,-0.1541498480000003,none,none,none,,-1.0721507489999995
1772755_at,MCH1,MCH1,YDL054C,none,none,none,,-0.07984655699999976,none,none,none,,0.8625371699999995
1772756_at,YGR146C,,YGR146C,none,none,none,,0.4460949620000001,late_sustained_up,late,sustained,140.0,1.5329335620000002
1772763_at,RMR1,RMR1,YGL250W,none,none,none,,0.055740327000000534,early_sustained_up,early,sustained,60.0,2.2977396430000008
1772766_at,YJL136W-A,,YJL136W-A,none,none,none,,-0.22082500100000013,none,none,none,,-0.24960878600000003
1772772_at,AVT3,AVT3,YKL146W,none,none,none,,-0.03219737000000045,late_sustained_up,late,sustained,100.0,1.4235338200000012
1772774_at,ALR1,ALR1,YOL130W,none,none,none,,-0.17994422399999976,none,none,none,,-0.42437204699999853
1772778_at,ATG8,ATG8,YBL078C,early_transient_up,early,transient,30.0,0.5152401699999984,early_sustained_up,early,sustained,60.0,2.178132014000001
1772779_at,BUR2,BUR2,YLR226W,none,none,none,,-0.13470833899999946,none,none,none,,0.3923702060000007
1772780_at,MRPS18,MRPS18,YNL306W,none,none,none,,0.17361089000000085,none,none,none,,0.12700583999999893
1772781_at,NOB1,NOB1,YOR056C,early_transient_down,early,transient,30.0,-0.47816360000000024,late_partial_decline_down,late,partial_decline,100.0,-0.8496636280000001
1772783_at,NNT1,NNT1,YLR285W,none,none,none,,-0.13133010800000022,late_sustained_down,late,sustained,100.0,-1.433458279
1772785_at,PHM8,PHM8,YER037W,early_sustained_up,early,sustained,30.0,2.534669235,early_sustained_up,early,sustained,30.0,3.789183413
1772786_at,YBR262C,,YBR262C,none,none,none,,0.2878627799999993,none,none,none,,0.3224595689999994
1772790_at,DAP1,DAP1,YPL170W,none,none,none,,0.2373105399999993,late_sustained_down,late,sustained,140.0,-1.2742378930000005
1772791_at,CCP1,CCP1,YKR066C,early_transient_up,early,transient,30.0,0.2003329100000002,early_sustained_up,early,sustained,30.0,1.887853139999999
1772792_at,SNF1,SNF1,YDR477W,none,none,none,,0.07381961399999959,none,none,none,,0.07357361900000114
1772793_at,HCM1,HCM1,YCR065W,none,none,none,,0.048752215000000376,early_sustained_down,early,sustained,60.0,-1.4932731110000006
1772795_at,TIM8,TIM8,YJR135W-A,none,none,none,,0.0633250899999993,none,none,none,,-0.7566923729999999
1772796_at,SEN54,SEN54,YPL083C,none,none,none,,-0.3766962669999998,none,none,none,,-0.3240697939999997
1772797_at,RTT106,RTT106,YNL206C,none,none,none,,-0.19072760999999971,none,none,none,,-0.6032511899999999
1772802_at,ORC3,ORC3,YLL004W,none,none,none,,-0.33869548699999896,none,none,none,,0.25538296200000055
1772804_at,CUE4,CUE4,YML101C,none,none,none,,-0.07491401999999958,none,none,none,,-0.23365831999999997
1772805_at,UTP22,UTP22,YGR090W,none,none,none,,-0.1285322279999992,early_sustained_down,early,sustained,60.0,-2.4049400200000006
1772806_at,RTC1,RTC1,YOL138C,none,none,none,,0.07122966299999867,none,none,none,,0.4764272060000003
1772807_at,YOR381W-A,,YOR381W-A,none,none,none,,0.28664287899999996,none,none,none,,0.6927961700000003
1772809_at,SSM4,SSM4,YIL030C,none,none,none,,-0.21547521000000103,none,none,none,,0.5944938499999992
1772810_at,PXL1,PXL1,YKR090W,none,none,none,,-0.16071909099999981,none,none,none,,-0.8510307450000001
1772812_at,NCR1,NCR1,YPL006W,none,none,none,,0.39167993000000045,none,none,none,,0.10479038999999979
1772813_at,HPF1,HPF1,YOL155C,none,none,none,,-1.3967878599999999,none,none,none,,0.19708456500000082
1772816_at,LCD1,LCD1,YDR499W,none,none,none,,-0.10679977500000071,none,none,none,,0.3615817329999995
1772817_at,NSR1,NSR1,YGR159C,early_transient_down,early,transient,30.0,-0.38584282999999964,early_sustained_down,early,sustained,60.0,-4.205123799
1772819_at,SNT2,SNT2,YGL131C,none,none,none,,-0.09149144399999987,none,none,none,,-0.24645531999999992
1772820_at,IES1,IES1,YFL013C,none,none,none,,-0.2581930949999993,late_sustained_up,late,sustained,100.0,1.4069926240000008
1772821_at,STU1,STU1,YBL034C,none,none,none,,-0.2690128180000002,late_sustained_down,late,sustained,140.0,-1.3091787530000003
1772824_at,STB3,STB3,YDR169C,none,none,none,,-0.15665321600000048,none,none,none,,0.4939957149999987
1772826_at,LAS1,LAS1,YKR063C,none,none,none,,-0.28592942000000043,none,none,none,,0.29196069800000046
1772827_at,TRM8,TRM8,YDL201W,early_transient_down,early,transient,60.0,-0.37728379499999853,early_sustained_down,early,sustained,60.0,-2.0733144669999994
1772828_at,BUD22,BUD22,YMR014W,early_transient_down,early,transient,30.0,-0.5544396420000002,early_sustained_down,early,sustained,60.0,-1.0276540170000006
1772830_at,PMT6,PMT6,YGR199W,none,none,none,,-0.06479789499999988,none,none,none,,-0.3736020050000004
1772831_at,ROG3,ROG3,YFR022W,none,none,none,,0.41233898700000005,late_sustained_up,late,sustained,100.0,1.0822545260000007
1772832_at,GCN20,GCN20,YFR009W,none,none,none,,-0.27569877,none,none,none,,0.40214894999999906
1772833_at,MGA2,MGA2,YIR033W,none,none,none,,0.257525888,none,none,none,,-0.20944512600000031
1772837_at,UMP1,UMP1,YBR173C,none,none,none,,-0.2860484899999989,late_sustained_up,late,sustained,100.0,1.0446344300000003
1772838_at,GCY1,GCY1,YOR120W,early_sustained_up,early,sustained,30.0,2.113903124,early_sustained_up,early,sustained,30.0,4.640998742
1772839_at,IPK1,IPK1,YDR315C,none,none,none,,0.7542870969999997,none,none,none,,0.33283970000000007
1772846_at,TOR2,TOR2,YKL203C,none,none,none,,0.02085065999999891,none,none,none,,-0.46248437599999903
1772847_at,EBP2,EBP2,YKL172W,early_transient_down,early,transient,30.0,-0.6433519099999998,early_sustained_down,early,sustained,60.0,-3.082661067
1772848_at,FRT2,FRT2,YAL028W,early_transient_up,early,transient,60.0,0.6593149189999998,early_sustained_up,early,sustained,30.0,2.444158497
1772850_at,YJR008W,,YJR008W,early_partial_decline_up,early,partial_decline,30.0,0.8628630999999993,early_sustained_up,early,sustained,60.0,2.1495700550000008
1772852_at,EDS1,EDS1,YBR033W,none,none,none,,0.6099655730000002,late_sustained_up,late,sustained,100.0,1.814309398999999
1772853_at,FET4,FET4,YMR319C,none,none,none,,0.15415869699999973,none,none,none,,0.36297415399999977
1772854_at,ESC8,ESC8,YOL017W,none,none,none,,0.4168194760000006,late_sustained_up,late,sustained,100.0,1.6675250080000001
1772855_at,MPA43,MPA43,YNL249C,none,none,none,,-0.15381359900000025,none,none,none,,0.8227356910000001
1772856_at,EAP1,EAP1,YKL204W,none,none,none,,-0.21365427599999975,none,none,none,,0.5228365999999998
1772857_at,RPS8A,RPS8A,YBL072C,none,none,none,,-0.13420964999999896,late_sustained_down,late,sustained,100.0,-1.49119724
1772863_at,STB2,STB2,YMR053C,early_transient_up,early,transient,30.0,0.7197752149999994,early_sustained_up,early,sustained,30.0,3.114840804000001
1772864_at,SKG1,SKG1,YKR100C,none,none,none,,-0.05740001000000028,none,none,none,,0.3121429880000015
1772865_at,YGK3,YGK3,YOL128C,early_transient_down,early,transient,30.0,0.20822899399999972,early_partial_decline_down,early,partial_decline,30.0,-0.9777194119999999
1772868_at,SSN3,SSN3,YPL042C,none,none,none,,-0.1744085480000006,none,none,none,,-0.775380663
1772870_at,URK1,URK1,YNR012W,early_transient_down,early,transient,30.0,-0.24323930399999938,early_partial_decline_down,early,partial_decline,60.0,-0.8736606410000007
1772871_at,HRQ1,HRQ1,YDR291W,none,none,none,,-0.15035966599999995,none,none,none,,0.5072330679999997
1772873_at,MAL13,MAL13,YGR288W,none,none,none,,-0.19113856599999934,none,none,none,,0.1913437300000007
1772874_at,TIR2,TIR2,YOR010C,none,none,none,,-0.3548195070000002,none,none,none,,0.20517645500000015
1772875_at,RPL4B,RPL4B,YDR012W,none,none,none,,-0.05536758999999947,none,none,none,,-0.7868553600000006
1772876_at,STT3,STT3,YGL022W,none,none,none,,-0.14488118999999955,none,none,none,,-0.7507060699999997
1772880_at,SNO1,SNO1,YMR095C,early_sustained_up,early,sustained,30.0,2.87082149,early_sustained_up,early,sustained,60.0,2.4694024819999996
1772882_at,ACC1,ACC1,YNR016C,none,none,none,,0.5674223000000005,none,none,none,,-0.6607588399999997
1772883_at,FMT1,FMT1,YBL013W,none,none,none,,0.1525550309999999,none,none,none,,-0.2374125359999999
1772884_at,YPR013C,,YPR013C,none,none,none,,-0.7638507539999999,none,none,none,,0.7542385669999989
1772887_at,YIP4,YIP4,YGL198W,none,none,none,,0.09978144899999997,none,none,none,,0.7646112190000007
1772888_at,YBT1,YBT1,YLL048C,none,none,none,,-0.19750894999999957,none,none,none,,-0.9763705300000005
1772890_at,YNL190W,,YNL190W,none,none,none,,0.24799192000000048,none,none,none,,-0.46158206000000135
1772891_at,EAR1,EAR1,YMR171C,none,none,none,,0.0018598369999995867,none,none,none,,-0.07396625300000004
1772892_at,NCL1,NCL1,YBL024W,early_transient_down,early,transient,60.0,-0.28749652000000125,early_sustained_down,early,sustained,60.0,-1.9465559699999986
1772893_at,MPS3,MPS3,YJL019W,none,none,none,,-0.24758873700000006,early_sustained_down,early,sustained,60.0,-1.5341898939999998
1772894_at,BRN1,BRN1,YBL097W,none,none,none,,0.03562410600000021,none,none,none,,-0.1789981479999998
1772896_at,YJL055W,,YJL055W,none,none,none,,0.022819659999999686,none,none,none,,0.5916799099999999
1772901_at,YHR003C,,YHR003C,none,none,none,,-0.2787128689999996,none,none,none,,0.1701308699999995
1772902_at,YLL006W-A,,YLL006W-A,none,none,none,,-0.1904846779999998,none,none,none,,-0.3749886819999997
1772903_at,AKR2,AKR2,YOR034C,none,none,none,,0.05159299200000067,none,none,none,,-0.08790680399999928
1772907_at,SOL1,SOL1,YNR034W,early_transient_up,early,transient,30.0,0.664824703999999,late_sustained_up,late,sustained,100.0,1.0733174849999996
1772910_at,AQY2,AQY2,YLL052C,early_sustained_down,early,sustained,30.0,-3.1791453180000007,early_sustained_down,early,sustained,60.0,-1.7790204890000005
1772915_at,ACS1,ACS1,YAL054C,none,none,none,,0.5873853899999997,late_sustained_up,late,sustained,100.0,1.2893760790000002
1772916_at,BIO4,BIO4,YNR057C,none,none,none,,-0.2620661240000004,none,none,none,,-0.6683912880000005
1772919_at,LIN1,LIN1,YHR156C,none,none,none,,-0.360050395,none,none,none,,0.9183743159999995
1772920_at,FMN1,FMN1,YDR236C,none,none,none,,-0.22913352499999995,none,none,none,,0.1442385539999993
1772921_at,YLR352W,,YLR352W,none,none,none,,0.16991432800000084,late_partial_decline_up,late,partial_decline,100.0,0.9334227459999997
1772923_at,TMA64,TMA64,YDR117C,none,none,none,,-0.3054109320000009,none,none,none,,0.4664071740000004
1772925_at,PRP2,PRP2,YNR011C,none,none,none,,-0.3764648270000004,none,none,none,,0.5229077229999994
1772928_at,CHA4,CHA4,YLR098C,none,none,none,,0.11399824200000008,none,none,none,,0.6404209470000009
1772930_at,VPS74,VPS74,YDR372C,none,none,none,,0.025450709999999432,none,none,none,,0.11833603000000004
1772933_at,MDM32,MDM32,YOR147W,none,none,none,,-0.11761564800000102,none,none,none,,0.14118685099999873
1772934_at,FMP21,FMP21,YBR269C,early_transient_up,early,transient,60.0,0.6556956609999993,early_sustained_up,early,sustained,60.0,2.272622049999999
1772935_at,YHR199C-A,,YHR199C-A,none,none,none,,-0.09096323399999928,late_sustained_up,late,sustained,140.0,1.2741283939999999
1772939_at,GLN4,GLN4,YOR168W,none,none,none,,-0.20560170000000078,none,none,none,,-0.8254687
1772940_at,DOM34,DOM34,YNL001W,none,none,none,,-0.42364872199999937,none,none,none,,-0.07869784000000024
1772942_at,SAD1,SAD1,YFR005C,none,none,none,,0.05397789900000127,none,none,none,,-1.1484212990000007
1772944_at,YOR316C-A,,YOR316C-A,none,none,none,,-0.4827552119999998,none,none,none,,-0.5440222740000005
1772945_at,YBR230W-A,,YBR230W-A,none,none,none,,0.49776402,none,none,none,,-1.1574863569999998
1772946_at,AFG1,AFG1,YEL052W,none,none,none,,-0.15001238500000014,none,none,none,,0.6104537089999997
1772947_at,RPL20B,RPL20B,YOR312C,none,none,none,,-0.027087200000000422,late_sustained_down,late,sustained,100.0,-1.348707880000001
1772948_at,POL5,POL5,YEL055C,none,none,none,,-0.3749815749999996,late_sustained_down,late,sustained,100.0,-1.6965382160000004
1772949_at,YIL046W-A,,YIL046W-A,none,none,none,,-0.5593532690000007,none,none,none,,-0.6706806160000003
1772950_at,NOP6,NOP6,YDL213C,early_transient_down,early,transient,60.0,-0.4647279700000002,early_sustained_down,early,sustained,60.0,-2.3169659229999997
1772952_at,GPI14,GPI14,YJR013W,none,none,none,,-0.020600160000000756,none,none,none,,-0.16942637500000046
1772955_at,YBR062C,,YBR062C,none,none,none,,0.11465663999999975,early_sustained_up,early,sustained,60.0,1.7267162900000006
1772958_at,FMP48,FMP48,YGR052W,early_sustained_up,early,sustained,30.0,1.148779911,none,none,none,,1.5678018199999997
1772959_at,MET8,MET8,YBR213W,none,none,none,,-0.21352695500000074,early_sustained_down,early,sustained,60.0,-1.7171024199999998
1772962_at,FAR7,FAR7,YFR008W,none,none,none,,0.21531053800000066,early_sustained_up,early,sustained,60.0,2.0153596459999994
1772963_at,YRM1,YRM1,YOR172W,none,none,none,,-0.08232915700000021,none,none,none,,-0.9956807230000004
1772965_at,MSA2,MSA2,YKR077W,none,none,none,,0.23878673299999953,none,none,none,,0.4434193249999989
1772967_at,SPC110,SPC110,YDR356W,none,none,none,,-0.26254445600000054,none,none,none,,0.003050086999998314
1772968_at,SWE1,SWE1,YJL187C,none,none,none,,0.03638909500000054,late_sustained_down,late,sustained,100.0,-1.7355470039999998
1772969_at,YPL168W,,YPL168W,none,none,none,,0.03491155400000068,none,none,none,,0.6676470279999993
1772970_at,YPR045C,,YPR045C,none,none,none,,0.1501152550000011,none,none,none,,0.050905674999999206
1772972_at,ESC1,ESC1,YMR219W,none,none,none,,0.08905616600000066,none,none,none,,0.6372124249999995
1772973_at,YJL206C,,YJL206C,none,none,none,,0.4106993980000002,late_sustained_up,late,sustained,100.0,1.2434317899999998
1772974_at,IKS1,IKS1,YJL057C,early_transient_up,early,transient,30.0,0.37210113300000014,early_sustained_up,early,sustained,30.0,3.7141423
1772975_at,RPS3,RPS3,YNL178W,none,none,none,,-0.035390480000000224,none,none,none,,-0.45583882999999936
1772976_at,ARL1,ARL1,YBR164C,none,none,none,,-0.11961538000000083,none,none,none,,0.06154085000000009
1772977_at,RPN14,RPN14,YGL004C,none,none,none,,0.2228335760000011,late_sustained_up,late,sustained,140.0,1.165240519000001
1772978_at,CYM1,CYM1,YDR430C,none,none,none,,-0.09596196600000084,early_transient_up,early,transient,60.0,0.6403666930000007
1772981_at,RTT107,RTT107,YHR154W,none,none,none,,0.01880653799999976,late_sustained_down,late,sustained,100.0,-1.3804955439999995
1772983_at,YCR099C,,YCR099C,none,none,none,,-0.02804267300000074,none,none,none,,0.811895249
1772985_at,YBR239C,,YBR239C,none,none,none,,-0.10427761100000055,none,none,none,,-0.9909110460000008
1772986_at,MFB1,MFB1,YDR219C,none,none,none,,-0.19556646699999902,late_sustained_up,late,sustained,100.0,1.18277696
1772992_s_at,YPL278C,,YPL278C,none,none,none,,0.23487032999999968,none,none,none,,0.6894226469999998
1772995_at,IES4,IES4,YOR189W,none,none,none,,-0.48917598400000095,none,none,none,,-0.523656303000001
1772997_at,GRE2,GRE2,YOL151W,early_transient_up,early,transient,30.0,-0.6343854450000013,early_sustained_up,early,sustained,30.0,2.2796372299999987
1772998_at,SPO77,SPO77,YLR341W,none,none,none,,-0.19591945400000021,none,none,none,,-0.3126439240000001
1772999_at,PFK2,PFK2,YMR205C,none,none,none,,0.020985449999999517,none,none,none,,-1.01414179
1773001_at,YIL092W,,YIL092W,none,none,none,,-0.3343392119999997,none,none,none,,-0.8965799250000002
1773002_at,TAF9,TAF9,YMR236W,none,none,none,,-0.19125748000000087,none,none,none,,0.37378160000000094
1773003_at,PUF3,PUF3,YLL013C,none,none,none,,0.8580302980000001,none,none,none,,0.18153287500000026
1773010_at,AEP3,AEP3,YPL005W,none,none,none,,0.1534735490000001,none,none,none,,0.20448000399999966
1773015_at,FLO8,FLO8,YER109C,none,none,none,,-0.3204794970000009,none,none,none,,-0.7258379859999993
1773019_at,HHT1,HHT1,YBR010W,none,none,none,,-0.22508446999999876,none,none,none,,-0.03731190999999967
1773020_at,YIL108W,,YIL108W,none,none,none,,0.4680143799999996,early_sustained_up,early,sustained,60.0,1.2247069750000001
1773022_at,CDC73,CDC73,YLR418C,none,none,none,,-0.2115441639999993,none,none,none,,0.4880590199999997
1773023_at,EMI1,EMI1,YDR512C,none,none,none,,0.3171280129999996,none,none,none,,1.0105481800000007
1773028_at,RSM7,RSM7,YJR113C,none,none,none,,0.23878226799999958,none,none,none,,0.1146758719999994
1773030_at,BUD9,BUD9,YGR041W,none,none,none,,-0.7250265060000007,late_sustained_down,late,sustained,100.0,-2.860111966999999
1773034_at,ARE1,ARE1,YCR048W,none,none,none,,-0.3954178259999992,none,none,none,,-0.389104605
1773035_at,CCT8,CCT8,YJL008C,none,none,none,,-0.31759761,none,none,none,,0.5157056700000009
1773043_at,YPR071W,,YPR071W,none,none,none,,0.18768616699999896,none,none,none,,-0.8381335560000007
1773044_at,SPT8,SPT8,YLR055C,none,none,none,,-0.5369334830000003,late_sustained_down,late,sustained,140.0,-1.2000635699999993
1773046_at,SLZ1,SLZ1,YNL196C,none,none,none,,-0.1332825820000001,late_sustained_up,late,sustained,140.0,1.2698866260000004
1773047_at,YMR158C-A,,YMR158C-A,none,none,none,,0.23955182500000038,late_sustained_up,late,sustained,100.0,1.9207327990000005
1773050_at,CLG1,CLG1,YGL215W,none,none,none,,0.022310100000000332,none,none,none,,-0.10583167999999965
1773052_at,BUD16,BUD16,YEL029C,none,none,none,,-0.12851938000000018,none,none,none,,-0.4755139469999996
1773053_at,OXA1,OXA1,YER154W,none,none,none,,-0.051634027000000415,none,none,none,,-1.0010411989999994
1773055_at,COX9,COX9,YDL067C,none,none,none,,0.10314480999999986,none,none,none,,-0.4262199199999994
1773056_at,YOL019W,,YOL019W,none,none,none,,-0.46186325999999944,early_sustained_down,early,sustained,60.0,-3.1437181570000003
1773057_at,SMC6,SMC6,YLR383W,none,none,none,,0.08424499200000035,none,none,none,,0.05390146400000084
1773058_at,BCH2,BCH2,YKR027W,none,none,none,,-0.025834828000000698,none,none,none,,0.6006539439999994
1773059_at,MON1,MON1,YGL124C,none,none,none,,0.0740256859999997,late_sustained_up,late,sustained,140.0,1.0152856350000006
1773060_at,SPO73,SPO73,YER046W,none,none,none,,0.5708382839999997,none,none,none,,0.46226730500000013
1773061_s_at,HPF1,HPF1,YIL169C,late_sustained_down,late,sustained,140.0,-1.3564901369999998,none,none,none,,0.0004683810000010169
1773062_at,COQ1,COQ1,YBR003W,none,none,none,,0.2031633760000009,none,none,none,,-0.045107146999999514
1773063_at,UBP15,UBP15,YMR304W,early_partial_decline_up,early,partial_decline,60.0,0.7041172529999997,early_sustained_up,early,sustained,60.0,1.5147010649999988
1773065_at,YDR319C,,YDR319C,none,none,none,,-0.010260963000000345,none,none,none,,0.8151076219999993
1773066_at,CYK3,CYK3,YDL117W,none,none,none,,-0.1442797700000007,late_sustained_down,late,sustained,140.0,-1.2605340060000003
1773071_at,TPO3,TPO3,YPR156C,none,none,none,,0.45739859799999927,none,none,none,,0.533677816
1773073_at,MCH5,MCH5,YOR306C,early_transient_down,early,transient,30.0,-0.11540908999999999,early_sustained_down,early,sustained,60.0,-1.7457132229999992
1773075_at,YOR1,YOR1,YGR281W,none,none,none,,-0.14793206999999953,none,none,none,,-0.10198819000000015
1773078_at,BUD32,BUD32,YGR262C,none,none,none,,-0.31103854200000036,none,none,none,,0.037272741000000664
1773085_at,GLO4,GLO4,YOR040W,early_partial_decline_up,early,partial_decline,60.0,0.9539366950000003,late_sustained_up,late,sustained,100.0,1.6357620099999988
1773086_at,TRM82,TRM82,YDR165W,early_transient_down,early,transient,60.0,-0.387593540000001,early_sustained_down,early,sustained,60.0,-2.1381092600000002
1773088_at,RRP5,RRP5,YMR229C,early_transient_down,early,transient,60.0,-0.5167014299999995,early_sustained_down,early,sustained,60.0,-3.6513270270000007
1773089_at,FET3,FET3,YMR058W,none,none,none,,0.07581446999999919,late_sustained_down,late,sustained,100.0,-2.0687187189999996
1773091_at,RPL2B,RPL2B,YIL018W,none,none,none,,-0.029911450000000173,late_sustained_down,late,sustained,100.0,-1.5552289100000003
1773092_at,SYH1,SYH1,YPL105C,none,none,none,,-0.2803791089999983,none,none,none,,-0.10203418200000058
1773093_at,RKM1,RKM1,YPL208W,none,none,none,,-0.08759286100000097,none,none,none,,-0.018406530000000032
1773094_at,SPT7,SPT7,YBR081C,none,none,none,,-0.34283899300000087,none,none,none,,0.23891118000000056
1773096_at,GAL2,GAL2,YLR081W,none,none,none,,-0.16939565600000073,late_sustained_down,late,sustained,140.0,-1.1561445199999998
1773097_at,YPC1,YPC1,YBR183W,early_sustained_up,early,sustained,30.0,1.9698638339999999,none,none,none,,0.22208682700000004
1773099_at,KRE33,KRE33,YNL132W,early_transient_down,early,transient,60.0,-0.4991287599999996,early_sustained_down,early,sustained,60.0,-3.2164330449999996
1773101_at,THI6,THI6,YPL214C,none,none,none,,-0.05510663799999982,late_sustained_up,late,sustained,100.0,1.2698914719999994
1773102_at,SHE2,SHE2,YKL130C,none,none,none,,-0.023686062999999535,none,none,none,,0.31990421200000085
1773104_s_at,YBL005W-A,,YBL005W-A,none,none,none,,-0.12533676199999988,early_sustained_down,early,sustained,30.0,-2.589826383000001
1773105_at,ARC35,ARC35,YNR035C,none,none,none,,0.0014076400000000433,none,none,none,,0.87445883
1773106_at,VPS20,VPS20,YMR077C,none,none,none,,-0.04796977499999855,none,none,none,,0.9475932
1773107_at,TFP3,TFP3,YPL234C,none,none,none,,-0.00023859000000037156,none,none,none,,0.017223299999999497
1773109_at,DAL80,DAL80,YKR034W,none,none,none,,-0.14781970400000022,none,none,none,,-0.13825006399999973
1773110_at,CUE1,CUE1,YMR264W,none,none,none,,0.022200209999999387,none,none,none,,-0.028440299999999752
1773112_at,SVL3,SVL3,YPL032C,none,none,none,,-0.2824363569999999,early_partial_decline_down,early,partial_decline,60.0,-0.9841366850000011
1773117_at,PUT2,PUT2,YHR037W,none,none,none,,0.5225426510000002,none,none,none,,0.7760886930000002
1773118_at,DUS1,DUS1,YML080W,early_transient_down,early,transient,30.0,-0.5128767320000005,early_sustained_down,early,sustained,30.0,-2.042204883000001
1773120_at,RAD51,RAD51,YER095W,none,none,none,,0.6395598139999983,none,none,none,,0.7822351740000002
1773122_at,FPS1,FPS1,YLL043W,none,none,none,,-0.2969433610000003,none,none,none,,-0.41458843000000023
1773123_at,ALG7,ALG7,YBR243C,none,none,none,,-0.018626559999999515,none,none,none,,0.3345949219999991
1773124_at,YDR179W-A,,YDR179W-A,early_transient_down,early,transient,30.0,-0.004279430000000417,none,none,none,,-0.03100585099999975
1773125_at,YGR283C,,YGR283C,early_transient_down,early,transient,30.0,-0.2239371460000008,early_sustained_down,early,sustained,60.0,-1.3093063520000001
1773126_at,YNL146C-A,,YNL146C-A,none,none,none,,-0.26613308000000035,none,none,none,,0.005960949000000326
1773127_at,RRD2,RRD2,YPL152W,none,none,none,,0.3811008979999997,early_sustained_up,early,sustained,60.0,2.445673204
1773128_at,URE2,URE2,YNL229C,none,none,none,,-0.1913963919999997,none,none,none,,0.670897440000001
1773129_at,RTT109,RTT109,YLL002W,none,none,none,,-0.227102425,none,none,none,,0.012033527999999905
1773132_at,IAH1,IAH1,YOR126C,none,none,none,,0.11399491400000095,none,none,none,,0.25837082700000025
1773134_at,YTA12,YTA12,YMR089C,none,none,none,,-0.02234939000000047,none,none,none,,0.5607702299999993
1773135_at,LEE1,LEE1,YPL054W,none,none,none,,0.22756167200000021,late_sustained_up,late,sustained,100.0,1.26138583
1773136_at,YOR291W,,YOR291W,none,none,none,,0.19100266100000063,none,none,none,,0.2747648819999995
1773138_at,RPC82,RPC82,YPR190C,early_transient_down,early,transient,30.0,-0.31806326599999935,early_sustained_down,early,sustained,60.0,-1.4752902550000009
1773139_at,PRD1,PRD1,YCL057W,none,none,none,,-0.009690150000000841,none,none,none,,0.7704787400000015
1773140_s_at,ENA1 /// ENA2 /// ENA5,ENA1 /// ENA2 /// ENA5,YDR038C,none,none,none,,-0.19815776000000085,none,none,none,,-0.4176030700000002
1773141_at,ALG6,ALG6,YOR002W,none,none,none,,-0.04363099000000048,none,none,none,,-0.38465230000000084
1773143_at,LOH1,LOH1,YJL038C,none,none,none,,0.4341571780000004,none,none,none,,-0.03892723500000006
1773145_s_at,YGR109W-A,,YGR109W-A,none,none,none,,-0.09855131299999975,early_sustained_down,early,sustained,30.0,-2.461629191
1773147_at,MEF1,MEF1,YLR069C,none,none,none,,0.4874580430000002,late_sustained_down,late,sustained,140.0,-1.4231505519999992
1773148_at,CSE2,CSE2,YNR010W,none,none,none,,-0.4780609,none,none,none,,0.2569877310000006
1773150_at,MTQ1,MTQ1,YNL063W,none,none,none,,-0.07671447199999903,none,none,none,,1.184265195
1773151_at,ATP14,ATP14,YLR295C,none,none,none,,0.13387350999999903,none,none,none,,0.1157499099999999
1773153_at,LYS14,LYS14,YDR034C,none,none,none,,0.2368215599999992,none,none,none,,0.6209460279999988
1773154_at,RCL1,RCL1,YOL010W,early_transient_down,early,transient,30.0,-0.2491307900000006,early_sustained_down,early,sustained,60.0,-1.991808688999999
1773157_at,STE2,STE2,YFL026W,none,none,none,,-0.051120966000000045,none,none,none,,-0.13076780799999987
1773158_at,VTS1,VTS1,YOR359W,early_transient_down,early,transient,30.0,-0.39377947499999877,early_sustained_down,early,sustained,30.0,-2.3499060519999997
1773159_s_at,YDR261W-B,,YDR261W-B,none,none,none,,0.025663599999999676,none,none,none,,-0.2325746199999994
1773160_at,RAD50,RAD50,YNL250W,none,none,none,,-0.12041672700000028,late_sustained_up,late,sustained,140.0,1.3515583979999999
1773161_at,MRPL49,MRPL49,YJL096W,none,none,none,,0.2616465630000011,none,none,none,,-0.22005126999999902
1773162_at,PRY1,PRY1,YJL079C,early_partial_decline_up,early,partial_decline,60.0,0.9666318460000003,none,none,none,,0.44415187199999906
1773165_at,YDR367W,,YDR367W,none,none,none,,-0.034755790000000175,none,none,none,,-0.5312055120000014
1773166_at,YDR307W,,YDR307W,none,none,none,,0.22648708299999853,none,none,none,,0.4786715929999996
1773168_at,SUT1,SUT1,YGL162W,none,none,none,,-0.19112898299999959,late_sustained_down,late,sustained,100.0,-1.4140798759999997
1773170_at,HEM2,HEM2,YGL040C,none,none,none,,0.2706522800000002,none,none,none,,0.1549052599999996
1773171_at,MRPL40,MRPL40,YPL173W,none,none,none,,0.24250172999999897,none,none,none,,-0.193461632
1773172_at,LSM1,LSM1,YJL124C,none,none,none,,-0.17878669999999985,none,none,none,,-0.6852751599999998
1773173_at,RET2,RET2,YFR051C,none,none,none,,-0.04107372999999903,none,none,none,,-0.08753598000000018
1773176_at,DIE2,DIE2,YGR227W,none,none,none,,-0.11972595800000008,late_sustained_down,late,sustained,140.0,-1.490329527000001
1773177_at,SNL1,SNL1,YIL016W,none,none,none,,-0.30271938899999995,late_sustained_down,late,sustained,100.0,-1.2268161469999992
1773179_at,PRP6,PRP6,YBR055C,none,none,none,,-0.2655571210000005,none,none,none,,-0.26658210300000107
1773180_at,YBL107C,,YBL107C,none,none,none,,0.05426453399999964,none,none,none,,0.5122599450000003
1773181_at,CPR3,CPR3,YML078W,none,none,none,,0.3944062199999987,none,none,none,,0.23395533999999962
1773182_at,HRP1,HRP1,YOL123W,none,none,none,,0.007820989999999028,none,none,none,,0.7491461200000007
1773183_at,MUC1,MUC1,YIR019C,none,none,none,,-1.3239074669999997,late_sustained_down,late,sustained,100.0,-1.4630035679999995
1773187_at,YKU80,YKU80,YMR106C,none,none,none,,-0.19929913899999985,none,none,none,,-0.5370895819999992
1773191_at,UGA3,UGA3,YDL170W,none,none,none,,-0.7316437019999995,late_sustained_up,late,sustained,100.0,1.4375935369999997
1773194_at,TIM18,TIM18,YOR297C,none,none,none,,-0.03070647700000073,none,none,none,,-0.5377562690000008
1773195_at,YEL1,YEL1,YBL060W,none,none,none,,-0.22377993300000032,early_sustained_up,early,sustained,60.0,2.14808586
1773196_at,YKE2,YKE2,YLR200W,none,none,none,,-0.3048314000000012,none,none,none,,-1.0494327119999998
1773197_at,YDR034C-A,,YDR034C-A,none,none,none,,-0.9739513999999998,none,none,none,,1.206930351
1773198_at,YMR122W-A,,YMR122W-A,none,none,none,,0.19244682999999974,none,none,none,,-0.7509637799999993
1773203_at,HEM4,HEM4,YOR278W,none,none,none,,0.012040224999999793,none,none,none,,0.3528948339999989
1773204_at,SAW1,SAW1,YAL027W,none,none,none,,0.009222004999999811,late_partial_decline_up,late,partial_decline,100.0,0.958931681000001
1773206_at,YBR259W,,YBR259W,none,none,none,,-0.14788163800000032,none,none,none,,-0.08456853599999992
1773207_at,SUI1,SUI1,YNL244C,none,none,none,,0.0044785799999988996,none,none,none,,-0.5399315399999995
1773208_at,NMD2,NMD2,YHR077C,none,none,none,,-0.12611707299999964,none,none,none,,0.36926009000000093
1773209_at,ORC5,ORC5,YNL261W,none,none,none,,0.1533015380000009,late_partial_decline_up,late,partial_decline,100.0,0.9859621030000003
1773210_at,POP2,POP2,YNR052C,none,none,none,,-0.33105533200000004,none,none,none,,-0.6466461250000002
1773212_at,POP7,POP7,YBR167C,none,none,none,,-0.1707764730000001,none,none,none,,0.5106075039999993
1773214_at,TFG2,TFG2,YGR005C,none,none,none,,-0.2309312099999996,none,none,none,,0.5604670699999996
1773218_at,CHS6,CHS6,YJL099W,none,none,none,,0.3199074020000001,early_sustained_up,early,sustained,60.0,2.25493524
1773219_at,YRB30,YRB30,YGL164C,none,none,none,,-0.09516964500000036,early_partial_decline_up,early,partial_decline,60.0,0.8464932259999998
1773225_at,YOR292C,,YOR292C,none,none,none,,0.3491698320000003,early_sustained_up,early,sustained,60.0,2.6473118799999993
1773227_at,GPI19,GPI19,YDR437W,none,none,none,,-0.526253531,none,none,none,,-0.10247849499999973
1773228_at,MSF1,MSF1,YPR047W,early_partial_decline_up,early,partial_decline,60.0,0.7907145629999999,early_sustained_up,early,sustained,60.0,1.2968754679999996
1773229_at,HOT1,HOT1,YMR172W,none,none,none,,-0.22416716099999956,none,none,none,,0.2641626669999999
1773230_at,GPD2,GPD2,YOL059W,none,none,none,,-0.8146591910000005,early_sustained_down,early,sustained,60.0,-1.5296661020000002
1773231_at,HCA4,HCA4,YJL033W,early_transient_down,early,transient,30.0,-0.4838034820000008,early_sustained_down,early,sustained,60.0,-2.1029749099999995
1773233_at,VAM7,VAM7,YGL212W,none,none,none,,-0.3099311800000004,none,none,none,,-0.3302653769999999
1773234_at,YER079W,,YER079W,early_sustained_up,early,sustained,30.0,1.0763773509999996,early_sustained_up,early,sustained,30.0,3.029783427
1773235_at,YLR460C,,YLR460C,early_transient_up,early,transient,30.0,-0.6345961199999994,early_sustained_up,early,sustained,30.0,2.6593567090000008
1773240_at,SPO11,SPO11,YHL022C,none,none,none,,0.8387680139999998,none,none,none,,0.2962631120000001
1773241_at,ISC10,ISC10,YER180C,none,none,none,,0.20368676100000016,none,none,none,,0.7456440090000003
1773244_at,MPH1,MPH1,YIR002C,none,none,none,,-0.020584065000001317,none,none,none,,0.4295767700000006
1773250_at,OPY1,OPY1,YBR129C,none,none,none,,-0.3251297529999997,none,none,none,,0.5832934699999992
1773253_at,FIN1,FIN1,YDR130C,none,none,none,,-0.3201563569999992,none,none,none,,0.153105901
1773254_at,STE6,STE6,YKL209C,none,none,none,,-0.09026205499999929,late_sustained_up,late,sustained,100.0,1.297264061
1773255_at,STF2,STF2,YGR008C,early_sustained_up,early,sustained,30.0,2.218478307,early_sustained_up,early,sustained,30.0,3.4620542850000007
1773256_at,YMR144W,,YMR144W,none,none,none,,-0.001555055000000749,none,none,none,,-0.32022082299999965
1773257_at,QCR10,QCR10,YHR001W-A,late_sustained_up,late,sustained,140.0,1.0264631299999998,none,none,none,,-0.7210763409999998
1773258_at,MAK21,MAK21,YDR060W,early_transient_down,early,transient,30.0,-0.27079402999999935,early_sustained_down,early,sustained,60.0,-2.6135773889999996
1773261_at,AIR1,AIR1,YIL079C,early_transient_down,early,transient,30.0,-0.5461293440000006,early_sustained_down,early,sustained,60.0,-1.192703132
1773262_at,SIP5,SIP5,YMR140W,none,none,none,,0.18726330700000027,none,none,none,,0.9319917059999998
1773267_at,NUF2,NUF2,YOL069W,none,none,none,,-0.2641871259999995,none,none,none,,-0.2752271240000006
1773268_at,MRP51,MRP51,YPL118W,none,none,none,,0.13547830399999938,none,none,none,,0.4557684129999995
1773271_at,FRE5,FRE5,YOR384W,none,none,none,,0.393740969,none,none,none,,-0.06529351000000005
1773272_at,YDR341C,,YDR341C,none,none,none,,-0.06519605000000084,none,none,none,,-1.1920867499999996
1773273_at,ACH1,ACH1,YBL015W,none,none,none,,0.8911530340000002,none,none,none,,1.1915995079999995
1773275_at,SPT6,SPT6,YGR116W,none,none,none,,-0.3132621269999998,none,none,none,,-0.6362617159999999
1773276_at,TAF5,TAF5,YBR198C,none,none,none,,-0.22690188199999994,none,none,none,,0.6353511300000001
1773278_at,ARN1,ARN1,YHL040C,none,none,none,,0.5009743000000011,early_sustained_up,early,sustained,60.0,1.254063545000001
1773279_at,SAC1,SAC1,YKL212W,none,none,none,,-0.0505769299999983,late_sustained_down,late,sustained,140.0,-1.5374871069999987
1773280_at,PIP2,PIP2,YOR363C,none,none,none,,0.42730859100000007,none,none,none,,0.4563006139999999
1773281_at,RAD54,RAD54,YGL163C,none,none,none,,0.11057746899999987,early_sustained_up,early,sustained,60.0,2.5169957830000005
1773282_at,CCT3,CCT3,YJL014W,none,none,none,,-0.4581237799999993,none,none,none,,0.03726553999999993
1773283_at,GPR1,GPR1,YDL035C,none,none,none,,0.1809056249999994,none,none,none,,0.23045141399999913
1773284_at,SAG1,SAG1,YJR004C,none,none,none,,0.027899090000000015,none,none,none,,-0.5950281700000009
1773285_at,RHO2,RHO2,YNL090W,none,none,none,,-0.21344663000000175,none,none,none,,-0.9650604230000006
1773286_at,MSS18,MSS18,YPR134W,none,none,none,,0.023692688999999767,early_sustained_up,early,sustained,60.0,1.787005174
1773288_at,RPC40,RPC40,YPR110C,none,none,none,,-0.3347058700000005,early_sustained_down,early,sustained,60.0,-2.0497749260000013
1773290_at,PPR1,PPR1,YLR014C,early_transient_down,early,transient,30.0,0.002797577000000828,early_sustained_down,early,sustained,60.0,-1.5881519649999998
1773291_at,YHL012W,,YHL012W,none,none,none,,0.535491259,none,none,none,,0.8568724160000003
1773292_at,RPL26B,RPL26B,YGR034W,none,none,none,,-0.09690097000000009,late_sustained_down,late,sustained,100.0,-2.029879748000001
1773293_at,YHR214C-E,,YHR214C-E,none,none,none,,-0.19660462000000045,none,none,none,,-0.20299691000000042
1773295_at,INP52,INP52,YNL106C,none,none,none,,-0.29894705099999985,none,none,none,,-0.37060563999999996
1773300_at,SNU13,SNU13,YEL026W,none,none,none,,-0.08065728999999955,early_sustained_down,early,sustained,60.0,-2.545624310000001
1773302_at,ESS1,ESS1,YJR017C,none,none,none,,-0.02174815000000052,none,none,none,,0.11009416999999999
1773305_at,HMX1,HMX1,YLR205C,early_transient_up,early,transient,30.0,0.7095542589999999,early_sustained_down,early,sustained,60.0,-1.910072307
1773306_at,MSB3,MSB3,YNL293W,none,none,none,,0.3706218410000002,early_partial_decline_up,early,partial_decline,60.0,0.9677175299999998
1773307_at,URA6,URA6,YKL024C,none,none,none,,-0.25367064000000106,late_sustained_down,late,sustained,100.0,-1.8440195789999994
1773309_at,MED1,MED1,YPR070W,none,none,none,,-0.28448561699999964,none,none,none,,0.20016912700000056
1773311_at,PRE2,PRE2,YPR103W,none,none,none,,-0.08386460000000007,none,none,none,,0.8272001699999993
1773312_at,FMP30,FMP30,YPL103C,none,none,none,,0.312300445,none,none,none,,0.34508339300000124
1773314_at,TEL1,TEL1,YBL088C,none,none,none,,-0.13015614399999986,none,none,none,,-0.6123422619999994
1773315_at,AAD6,AAD6,YFL056C,early_transient_up,early,transient,30.0,-0.42950092999999967,early_sustained_up,early,sustained,30.0,5.3636001349999995
1773316_at,CAN1,CAN1,YEL063C,none,none,none,,-0.22938347000000014,none,none,none,,-0.042621110000000684
1773318_at,MUM2,MUM2,YBR057C,none,none,none,,-0.11082240700000057,none,none,none,,0.8307100819999995
1773321_at,FET5,FET5,YFL041W,none,none,none,,0.19625220799999887,none,none,none,,0.5728604879999999
1773327_at,PFA4,PFA4,YOL003C,none,none,none,,0.10283618699999941,none,none,none,,-0.1763149249999998
1773328_at,AUR1,AUR1,YKL004W,none,none,none,,-0.10754388000000148,early_sustained_down,early,sustained,60.0,-1.1363014099999997
1773329_at,OPI3,OPI3,YJR073C,late_sustained_up,late,sustained,100.0,1.1549484890000006,late_sustained_up,late,sustained,140.0,1.2972673110000006
1773332_at,SCO1,SCO1,YBR037C,none,none,none,,0.29242989299999955,early_partial_decline_up,early,partial_decline,60.0,0.8903791049999992
1773333_at,NET1,NET1,YJL076W,none,none,none,,-0.26332296999999905,late_sustained_down,late,sustained,100.0,-1.5965827810000004
1773337_at,DUG1,DUG1,YFR044C,none,none,none,,0.021442630000001017,none,none,none,,0.04279638999999946
1773339_at,YKR018C,,YKR018C,none,none,none,,0.26034793,late_sustained_up,late,sustained,140.0,1.3547793000000006
1773340_at,NOP12,NOP12,YOL041C,early_transient_down,early,transient,30.0,-0.25223253000000057,early_sustained_down,early,sustained,60.0,-1.695882567
1773341_at,YMR105W-A,,YMR105W-A,early_partial_decline_up,early,partial_decline,60.0,0.9618701590000001,early_sustained_up,early,sustained,60.0,1.0001335299999998
1773342_at,PCT1,PCT1,YGR202C,none,none,none,,-0.14999475299999965,none,none,none,,0.17180807799999975
1773343_at,UBA3,UBA3,YPR066W,none,none,none,,0.029174130999999548,none,none,none,,0.202692989
1773344_at,UBP5,UBP5,YER144C,none,none,none,,0.40061383699999986,none,none,none,,-0.061600689000000486
1773345_at,PST2,PST2,YDR032C,none,none,none,,0.6744606900000001,none,none,none,,1.0925328400000005
1773348_at,YBR137W,,YBR137W,early_transient_up,early,transient,30.0,0.34350247000000067,late_sustained_up,late,sustained,140.0,1.3732450289999996
1773349_at,ASF1,ASF1,YJL115W,none,none,none,,0.25960323500000015,none,none,none,,-0.13791995699999937
1773352_at,LPE10,LPE10,YPL060W,none,none,none,,0.07154905199999995,late_sustained_up,late,sustained,100.0,1.8010948229999997
1773353_at,PAB1,PAB1,YER165W,none,none,none,,0.026045740000000706,none,none,none,,-0.8731224900000001
1773354_at,MDM38,MDM38,YOL027C,none,none,none,,-0.10150935100000069,none,none,none,,-0.13715168000000055
1773355_at,YFR011C,,YFR011C,none,none,none,,0.1928113549999999,none,none,none,,-0.6864379849999995
1773356_at,MEP2,MEP2,YNL142W,none,none,none,,-0.5762677009999999,none,none,none,,-0.44709661499999953
1773359_at,YKL100C,,YKL100C,none,none,none,,0.39209447800000063,early_sustained_up,early,sustained,60.0,1.460704572000001
1773360_at,GYL1,GYL1,YMR192W,none,none,none,,0.41046252100000036,none,none,none,,0.8146199060000008
1773361_at,RMI1,RMI1,YPL024W,none,none,none,,0.8289609700000007,late_sustained_up,late,sustained,140.0,1.412307319
1773362_at,MRPL27,MRPL27,YBR282W,none,none,none,,0.16569248000000059,none,none,none,,-0.6566995359999996
1773363_x_at,YLL066W-B,,YLL066W-B,none,none,none,,-0.5731741929999998,none,none,none,,-0.108294055
1773369_at,ALO1,ALO1,YML086C,none,none,none,,-0.08139465999999906,none,none,none,,0.404075559999999
1773370_at,MNN4,MNN4,YKL201C,none,none,none,,0.035596057000000236,none,none,none,,0.36664322800000004
1773375_at,HAM1,HAM1,YJR069C,none,none,none,,-0.16607390000000066,late_sustained_down,late,sustained,100.0,-1.2562268440000004
1773376_at,REC114,REC114,YMR133W,none,none,none,,-0.5503982509999998,none,none,none,,-0.6211218300000003
1773377_at,PRM5,PRM5,YIL117C,none,none,none,,-0.3418286899999998,none,none,none,,0.5485879799999989
1773378_at,HPA3,HPA3,YEL066W,none,none,none,,0.2561279400000007,none,none,none,,-0.3352810600000016
1773379_at,YLL032C,,YLL032C,none,none,none,,-0.25930697300000016,none,none,none,,0.22349232600000057
1773382_at,YFR018C,,YFR018C,none,none,none,,0.20001541999999972,none,none,none,,0.027835590000000465
1773383_at,RPH1,RPH1,YER169W,none,none,none,,0.2394817309999997,none,none,none,,0.2724964560000007
1773385_at,PSF2,PSF2,YJL072C,none,none,none,,-0.38193706100000036,none,none,none,,0.18935657900000002
1773386_at,YML087C,,YML087C,none,none,none,,0.43226131499999987,none,none,none,,0.6345987790000001
1773389_at,NAM2,NAM2,YLR382C,none,none,none,,0.3659641709999999,none,none,none,,-0.7213134859999997
1773393_at,HSF1,HSF1,YGL073W,none,none,none,,-0.08447232800000037,early_sustained_up,early,sustained,60.0,2.4129833539999996
1773395_at,NIT1,NIT1,YIL164C,early_transient_up,early,transient,30.0,-0.04182239700000068,early_sustained_up,early,sustained,30.0,2.3814656349999996
1773397_at,UTP5,UTP5,YDR398W,early_transient_down,early,transient,30.0,-0.37384883999999907,early_sustained_down,early,sustained,60.0,-1.877987182
1773399_at,MCT1,MCT1,YOR221C,none,none,none,,-0.10868508999999982,early_partial_decline_up,early,partial_decline,60.0,0.7719538180000001
1773404_at,TFB4,TFB4,YPR056W,none,none,none,,-0.011977503999998973,none,none,none,,-0.5581976140000009
1773409_at,YPL077C,,YPL077C,none,none,none,,-0.10338793100000032,none,none,none,,0.45987420999999973
1773412_at,RFA1,RFA1,YAR007C,none,none,none,,0.0674903699999998,early_sustained_up,early,sustained,60.0,1.4907992399999994
1773413_at,NUM1,NUM1,YDR150W,none,none,none,,-0.13012020100000043,none,none,none,,-0.8744436770000004
1773415_at,YFR017C,,YFR017C,early_sustained_up,early,sustained,30.0,1.5864712970000001,early_sustained_up,early,sustained,30.0,4.42761928
1773420_at,YMR147W,,YMR147W,none,none,none,,-0.08226938199999978,none,none,none,,-1.141090223
1773423_at,FYV12,FYV12,YOR183W,none,none,none,,0.5848434620000003,none,none,none,,-0.19583446399999982
1773424_at,FMP10,FMP10,YER182W,none,none,none,,0.3802948920000002,none,none,none,,0.040240797999999245
1773425_at,HEM14,HEM14,YER014W,none,none,none,,0.12185791200000118,late_sustained_up,late,sustained,140.0,1.0310868170000003
1773426_at,CLA4,CLA4,YNL298W,none,none,none,,0.04426106200000035,none,none,none,,-1.0162461060000005
1773427_at,RPS22B,RPS22B,YLR367W,none,none,none,,-0.14590785999999945,late_sustained_down,late,sustained,100.0,-2.482944401000001
1773429_at,ARF2,ARF2,YDL137W,none,none,none,,0.02687575000000031,none,none,none,,0.0726179000000009
1773430_at,ARH1,ARH1,YDR376W,none,none,none,,0.06445845200000022,none,none,none,,0.7303739909999987
1773431_at,COX14,COX14,YML129C,none,none,none,,0.23573401999999888,none,none,none,,-0.20924617200000029
1773433_at,RTC6,RTC6,YPL183W-A,none,none,none,,0.21931070399999975,none,none,none,,-0.232775779999999
1773434_at,SSE1,SSE1,YPL106C,none,none,none,,-0.25708118000000013,none,none,none,,-0.03991174999999991
1773436_x_at,DAN2,DAN2,YLR037C,none,none,none,,0.16225055700000013,none,none,none,,0.23804686800000052
1773444_at,GSY1,GSY1,YFR015C,early_sustained_up,early,sustained,30.0,1.9097975589999994,early_sustained_up,early,sustained,30.0,3.9087539310000006
1773445_at,SAY1,SAY1,YGR263C,none,none,none,,0.32762272400000025,none,none,none,,-0.3587124469999994
1773449_at,AVT2,AVT2,YEL064C,none,none,none,,-0.08055771700000047,none,none,none,,-0.07292059300000009
1773450_at,GIS3,GIS3,YLR094C,none,none,none,,-0.3326822190000005,none,none,none,,-0.342097089000001
1773454_at,ATG7,ATG7,YHR171W,early_transient_up,early,transient,30.0,0.4072682030000001,early_sustained_up,early,sustained,30.0,2.033558824
1773457_at,GDH2,GDH2,YDL215C,early_transient_up,early,transient,60.0,0.5617859989999996,late_sustained_up,late,sustained,100.0,1.1656538899999997
1773459_at,ARX1,ARX1,YDR101C,early_transient_down,early,transient,30.0,-0.43167163999999936,early_sustained_down,early,sustained,60.0,-3.2955114629999995
1773460_at,RAD4,RAD4,YER162C,none,none,none,,0.0899595780000002,early_sustained_up,early,sustained,60.0,2.533107866999999
1773461_at,VAN1,VAN1,YML115C,none,none,none,,-0.085597688,none,none,none,,-0.6366214340000003
1773464_at,IRC23,IRC23,YOR044W,none,none,none,,0.3499481170000003,none,none,none,,-0.033871430999999674
1773465_at,CSF1,CSF1,YLR087C,none,none,none,,-0.10704640300000001,late_sustained_down,late,sustained,140.0,-1.312739907000001
1773469_at,YDL186W,,YDL186W,none,none,none,,-0.026170786000000223,none,none,none,,-0.07851805299999981
1773475_at,TCB1,TCB1,YOR086C,none,none,none,,0.2977561899999994,none,none,none,,0.4615737599999985
1773476_at,YMR185W,,YMR185W,none,none,none,,0.11019974499999918,none,none,none,,0.017013744999999858
1773477_at,JHD2,JHD2,YJR119C,none,none,none,,0.872400195,late_sustained_up,late,sustained,100.0,1.7783566300000002
1773479_at,ATG17,ATG17,YLR423C,none,none,none,,0.8985701739999996,early_sustained_up,early,sustained,60.0,1.540164838
1773480_at,ARC19,ARC19,YKL013C,none,none,none,,0.028882929999999973,none,none,none,,0.3934086499999996
1773482_at,GYP6,GYP6,YJL044C,none,none,none,,-0.1902419119999994,none,none,none,,0.08472129499999959
1773483_at,GPI18,GPI18,YBR004C,none,none,none,,0.04683883700000102,none,none,none,,-0.6469666049999994
1773484_at,REB1,REB1,YBR049C,none,none,none,,-0.4919636119999993,none,none,none,,-0.3883195809999993
1773486_at,THO1,THO1,YER063W,none,none,none,,-0.4055296100000003,none,none,none,,-0.905329502999999
1773490_at,REX4,REX4,YOL080C,early_transient_down,early,transient,30.0,-0.6489945170000002,early_sustained_down,early,sustained,30.0,-2.923674311
1773491_at,SRS2,SRS2,YJL092W,none,none,none,,-0.2201631329999998,late_sustained_down,late,sustained,100.0,-1.288871748000001
1773493_at,OM14,OM14,YBR230C,early_partial_decline_up,early,partial_decline,30.0,0.8676733290000005,early_sustained_up,early,sustained,60.0,1.2018797599999989
1773494_at,YOR376W-A,,YOR376W-A,none,none,none,,0.11583133199999995,none,none,none,,0.16747639300000028
1773497_at,BSC4,BSC4,YNL269W,none,none,none,,1.0478966199999995,none,none,none,,-0.439303443
1773498_at,MET3,MET3,YJR010W,none,none,none,,-0.020990783000000235,late_sustained_up,late,sustained,100.0,1.0082994989999996
1773500_at,YOR012W,,YOR012W,none,none,none,,-0.1418967499999999,none,none,none,,-0.2752417920000001
1773501_at,IRA2,IRA2,YOL081W,none,none,none,,-0.1182296609999991,none,none,none,,-0.302303224000001
1773506_at,YLR173W,,YLR173W,none,none,none,,0.16285170000000004,none,none,none,,0.5436703889999999
1773507_at,YOR214C,,YOR214C,none,none,none,,0.34513776000000007,none,none,none,,0.37140992000000006
1773508_at,SPP2,SPP2,YOR148C,none,none,none,,0.1206466000000006,none,none,none,,-0.2032726940000007
1773510_at,RPL27B,RPL27B,YDR471W,none,none,none,,-0.10131322999999881,early_sustained_down,early,sustained,60.0,-2.2827366199999997
1773511_at,YAP6,YAP6,YDR259C,early_sustained_up,early,sustained,60.0,1.2565827390000006,early_sustained_up,early,sustained,30.0,2.010356485
1773513_at,RAS2,RAS2,YNL098C,none,none,none,,0.38241084000000036,early_transient_up,early,transient,60.0,0.38506469999999915
1773514_at,SWC7,SWC7,YLR385C,none,none,none,,-0.6185288120000001,early_sustained_down,early,sustained,30.0,-1.7832362300000004
1773515_at,CIT2,CIT2,YCR005C,none,none,none,,0.7652289799999998,none,none,none,,0.9928660300000001
1773519_at,IZH2,IZH2,YOL002C,none,none,none,,0.3320163279999999,none,none,none,,-0.6755147049999994
1773520_at,YDR514C,,YDR514C,none,none,none,,-0.2700265779999995,late_partial_decline_down,late,partial_decline,100.0,-0.8544300820000004
1773521_at,SHY1,SHY1,YGR112W,early_transient_up,early,transient,30.0,0.5226159079999997,early_partial_decline_up,early,partial_decline,60.0,0.6645035970000004
1773522_at,SPO23,SPO23,YBR250W,none,none,none,,0.21082790200000012,none,none,none,,0.12817991199999978
1773524_at,GPI12,GPI12,YMR281W,none,none,none,,-0.1872258949999992,none,none,none,,-0.5505867819999999
1773525_at,VCX1,VCX1,YDL128W,none,none,none,,-0.04738610000000065,none,none,none,,-0.4202889600000006
1773528_at,YOR205C,,YOR205C,none,none,none,,-0.16238995500000009,none,none,none,,-0.608472999
1773529_at,PHO87,PHO87,YCR037C,none,none,none,,-0.012582873000001271,none,none,none,,-0.6776404129999989
1773531_at,RHO4,RHO4,YKR055W,none,none,none,,0.0010008090000006575,none,none,none,,0.45907024599999957
1773538_at,RIM1,RIM1,YCR028C-A,none,none,none,,-0.09413468999999886,none,none,none,,-0.5937510499999998
1773539_at,COG7,COG7,YGL005C,none,none,none,,-0.11572751699999984,none,none,none,,0.266140536
1773540_at,PRO1,PRO1,YDR300C,none,none,none,,-0.12064447000000023,early_sustained_down,early,sustained,60.0,-1.1599630249999997
1773541_at,RGT2,RGT2,YDL138W,none,none,none,,0.19684255100000048,early_sustained_down,early,sustained,60.0,-1.894033309
1773545_at,SPG4,SPG4,YMR107W,early_sustained_up,early,sustained,60.0,1.311483066,early_sustained_up,early,sustained,60.0,4.0537087860000005
1773546_at,FRE3,FRE3,YOR381W,none,none,none,,0.10047561299999952,none,none,none,,0.33500186499999973
1773547_at,UTR1,UTR1,YJR049C,none,none,none,,0.4429623609999993,none,none,none,,0.8560437190000005
1773548_at,CYC1,CYC1,YJR048W,early_transient_up,early,transient,30.0,0.48886835999999967,early_sustained_down,early,sustained,60.0,-4.032746093999999
1773552_at,PRE7,PRE7,YBL041W,none,none,none,,-0.2790714300000001,none,none,none,,0.9416035699999998
1773553_at,ENT1,ENT1,YDL161W,none,none,none,,-0.28815279400000016,late_sustained_up,late,sustained,100.0,1.0625958400000002
1773559_at,YKU70,YKU70,YMR284W,none,none,none,,0.4531874120000001,early_sustained_up,early,sustained,60.0,1.1951943500000004
1773560_at,RIB1,RIB1,YBL033C,none,none,none,,-0.39160284300000114,early_sustained_up,early,sustained,30.0,1.5745844420000008
1773561_at,SDT1,SDT1,YGL224C,none,none,none,,-0.028400384999999417,none,none,none,,0.5182374650000003
1773562_at,YNL034W,,YNL034W,none,none,none,,-0.2925787340000001,none,none,none,,-0.3949446010000002
1773564_at,RBG1,RBG1,YAL036C,none,none,none,,-0.12090303999999996,early_sustained_down,early,sustained,60.0,-1.188148720000001
1773565_at,RIB4,RIB4,YOL143C,none,none,none,,0.247186880000001,none,none,none,,-0.13406441000000058
1773568_at,VAM10,VAM10,YOR068C,none,none,none,,0.30903314800000015,none,none,none,,0.6031427869999995
1773573_at,GNP1,GNP1,YDR508C,none,none,none,,0.210061099999999,none,none,none,,0.4790696299999997
1773575_at,FHL1,FHL1,YPR104C,none,none,none,,-0.3757748260000007,early_sustained_down,early,sustained,60.0,-1.797818499
1773580_at,CWP2,CWP2,YKL096W-A,none,none,none,,-0.058567670000000405,late_sustained_down,late,sustained,140.0,-2.282934019999999
1773582_at,MDS3,MDS3,YGL197W,none,none,none,,0.15980219400000095,none,none,none,,-0.15180036299999955
1773585_at,YJL046W,,YJL046W,none,none,none,,0.19281395299999993,none,none,none,,0.36157487300000035
1773586_at,YGL082W,,YGL082W,none,none,none,,-0.14938616399999916,none,none,none,,0.1857207419999991
1773587_at,AGC1,AGC1,YPR021C,none,none,none,,0.21600648399999933,none,none,none,,1.0099915160000004
1773588_at,THI73,THI73,YLR004C,none,none,none,,0.3957680269999999,none,none,none,,0.40740005799999945
1773589_at,SLA1,SLA1,YBL007C,none,none,none,,-0.09123486000000014,none,none,none,,-0.7574899899999998
1773590_at,PAA1,PAA1,YDR071C,none,none,none,,-0.13919040000000038,none,none,none,,-0.2679133300000007
1773591_at,CLN1,CLN1,YMR199W,none,none,none,,0.060265570000000324,early_sustained_down,early,sustained,60.0,-2.7179496069999995
1773593_at,RFT1,RFT1,YBL020W,none,none,none,,-0.061963082000000114,none,none,none,,-0.9752999950000003
1773594_at,MAL31,MAL31,YBR298C,none,none,none,,-0.03406990600000004,none,none,none,,0.8657516789999997
1773597_at,PIB1,PIB1,YDR313C,none,none,none,,0.04820738000000002,none,none,none,,1.145585305
1773600_at,SER33,SER33,YIL074C,none,none,none,,-0.04170401699999893,none,none,none,,0.5675122499999983
1773602_at,DBP5,DBP5,YOR046C,none,none,none,,-0.10992214999999916,none,none,none,,-0.4214145399999989
1773605_at,NOP13,NOP13,YNL175C,early_transient_down,early,transient,30.0,-0.5427355499999997,early_sustained_down,early,sustained,60.0,-3.4553860720000005
1773607_at,YAK1,YAK1,YJL141C,early_partial_decline_up,early,partial_decline,30.0,0.7436329669999999,early_sustained_up,early,sustained,30.0,2.95214846
1773608_at,CDA1,CDA1,YLR307W,none,none,none,,0.19736490900000003,none,none,none,,0.77064486
1773610_at,CBF1,CBF1,YJR060W,none,none,none,,-0.08037313200000007,none,none,none,,-0.7221560079999998
1773611_at,YPL184C,,YPL184C,none,none,none,,-0.11039567799999972,late_sustained_down,late,sustained,140.0,-1.1158337009999997
1773612_at,HSP82,HSP82,YPL240C,early_transient_up,early,transient,30.0,0.7215499429999994,early_sustained_up,early,sustained,30.0,2.467639008000001
1773613_at,OPT1,OPT1,YJL212C,none,none,none,,-0.7092068750000013,none,none,none,,-1.5562371830000004
1773614_at,PHO91,PHO91,YNR013C,none,none,none,,-0.15716024399999995,none,none,none,,-0.38137191899999934
1773617_at,YCL001W-A,,YCL001W-A,none,none,none,,0.022671501999999677,none,none,none,,-0.008494023999999989
1773619_at,TOM20,TOM20,YGR082W,none,none,none,,-0.03718426000000008,late_sustained_down,late,sustained,100.0,-1.783846209
1773620_at,TYW3,TYW3,YGL050W,none,none,none,,-0.3381845590000001,late_sustained_down,late,sustained,100.0,-1.1368229680000006
1773621_at,ATP16,ATP16,YDL004W,none,none,none,,0.1621634700000012,none,none,none,,0.06120932999999873
1773622_at,MDM12,MDM12,YOL009C,none,none,none,,-0.07276745999999967,none,none,none,,0.9162859860000001
1773623_at,WSC2,WSC2,YNL283C,none,none,none,,-0.19439770000000145,early_sustained_down,early,sustained,60.0,-1.8353529280000007
1773627_at,TRM44,TRM44,YPL030W,early_transient_down,early,transient,30.0,-0.29690011500000146,none,none,none,,-0.8515146699999994
1773628_at,VHS2,VHS2,YIL135C,none,none,none,,-0.28345535000000055,early_sustained_up,early,sustained,60.0,1.0276334900000013
1773630_at,PFS1,PFS1,YHR185C,none,none,none,,-0.10931160900000014,none,none,none,,0.02182200199999995
1773631_at,MIM1,MIM1,YOL026C,none,none,none,,-0.06567399000000052,none,none,none,,-0.32322790999999995
1773633_at,MCM7,MCM7,YBR202W,none,none,none,,-0.2367520919999997,early_sustained_down,early,sustained,60.0,-1.9523519380000005
1773635_at,PAH1,PAH1,YMR165C,none,none,none,,0.08933372699999964,none,none,none,,0.6691920879999991
1773636_at,SNF6,SNF6,YHL025W,none,none,none,,-0.11485369400000067,none,none,none,,0.8227471790000003
1773637_at,SEC39,SEC39,YLR440C,none,none,none,,-0.11490246699999851,none,none,none,,1.050903980000001
1773639_at,BUG1,BUG1,YDL099W,none,none,none,,-0.08946902399999956,late_sustained_up,late,sustained,100.0,1.320533739
1773640_at,BAP3,BAP3,YDR046C,none,none,none,,-0.07694943999999992,none,none,none,,-0.12204776000000095
1773641_x_at,YAL068C,,YAL068C,none,none,none,,0.3618345270000001,none,none,none,,0.05910849600000034
1773643_at,PRP9,PRP9,YDL030W,none,none,none,,-0.01871498700000096,none,none,none,,0.13768745800000026
1773644_at,APN1,APN1,YKL114C,none,none,none,,-0.3184917789999986,none,none,none,,0.07622275000000123
1773645_at,TIM22,TIM22,YDL217C,none,none,none,,-0.1679857760000001,none,none,none,,-0.6168960200000004
1773646_at,LRG1,LRG1,YDL240W,none,none,none,,-0.3855935190000013,late_sustained_down,late,sustained,100.0,-2.4067681170000004
1773648_at,RPP1B,RPP1B,YDL130W,none,none,none,,-0.014497399999999772,late_sustained_down,late,sustained,140.0,-1.6910605400000005
1773649_at,FUR4,FUR4,YBR021W,early_transient_down,early,transient,30.0,0.7148663090000005,early_sustained_down,early,sustained,30.0,-2.1036282470000005
1773650_at,PRE6,PRE6,YOL038W,none,none,none,,-0.2112190500000004,none,none,none,,0.52399475
1773653_at,STP1,STP1,YDR463W,none,none,none,,-0.17822372100000017,none,none,none,,0.39834024099999965
1773654_at,AOS1,AOS1,YPR180W,none,none,none,,-0.009914399999999546,none,none,none,,0.5810128799999994
1773656_at,YCL056C,,YCL056C,none,none,none,,0.14516132000000148,none,none,none,,-0.5495511339999997
1773657_at,MRPS9,MRPS9,YBR146W,none,none,none,,0.28357254000000154,none,none,none,,-0.30193979799999937
1773658_at,PAM17,PAM17,YKR065C,none,none,none,,0.10920727999999968,none,none,none,,0.14361063999999857
1773660_at,PRB1,PRB1,YEL060C,early_transient_up,early,transient,30.0,0.9523287140000001,early_sustained_up,early,sustained,60.0,2.2225164700000004
1773662_at,YGR066C,,YGR066C,none,none,none,,0.953768159,early_sustained_up,early,sustained,60.0,4.231501022000001
1773664_at,RIM15,RIM15,YFL033C,none,none,none,,0.06316591199999966,none,none,none,,0.5724728239999992
1773666_at,PIH1,PIH1,YHR034C,none,none,none,,-0.056888659000000175,none,none,none,,0.7075349399999986
1773667_at,DOG2,DOG2,YHR043C,none,none,none,,0.6017734860000008,none,none,none,,0.4834798669999998
1773668_at,TRS33,TRS33,YOR115C,none,none,none,,-0.11881211300000061,none,none,none,,0.22550761699999988
1773669_at,UTP23,UTP23,YOR004W,early_transient_down,early,transient,30.0,-0.5085425399999988,early_sustained_down,early,sustained,60.0,-2.2172711030000016
1773670_at,TIR4,TIR4,YOR009W,none,none,none,,-0.030442339000000374,none,none,none,,-0.5185816170000006
1773671_at,YLR407W,,YLR407W,early_transient_down,early,transient,30.0,-0.2141168879999995,early_sustained_down,early,sustained,30.0,-1.7649793310000002
1773672_at,YCK2,YCK2,YNL154C,none,none,none,,-0.07484592099999965,none,none,none,,0.45603089000000097
1773673_at,BET2,BET2,YPR176C,none,none,none,,-0.38691271300000096,none,none,none,,-0.031308531999998834
1773674_at,YGR273C,,YGR273C,none,none,none,,-0.1871860019999998,none,none,none,,-0.2806469309999997
1773675_at,MXR1,MXR1,YER042W,none,none,none,,0.06996621999999952,late_sustained_up,late,sustained,140.0,1.353856630000001
1773677_at,VTC4,VTC4,YJL012C,none,none,none,,0.41315835999999884,none,none,none,,-0.05636259999999993
1773678_at,YOR093C,,YOR093C,none,none,none,,0.09397274099999997,none,none,none,,-1.1582788489999993
1773680_at,PIL1,PIL1,YGR086C,none,none,none,,0.3607458399999999,none,none,none,,0.9251331500000006
1773681_at,VID24,VID24,YBR105C,none,none,none,,0.03012338199999931,late_sustained_up,late,sustained,100.0,1.169041008999999
1773683_at,TPS3,TPS3,YMR261C,none,none,none,,0.6138622179999995,early_sustained_up,early,sustained,60.0,1.4907518999999994
1773684_at,GSM1,GSM1,YJL103C,early_sustained_up,early,sustained,60.0,1.1896167919999998,early_sustained_up,early,sustained,60.0,2.3202790980000003
1773685_at,SSQ1,SSQ1,YLR369W,none,none,none,,-0.3917212010000011,none,none,none,,0.4490771580000015
1773686_s_at,VTH1 /// VTH2,VTH1 /// VTH2,YIL173W,none,none,none,,0.14421973099999974,none,none,none,,-0.4236805910000001
1773687_at,TYW1,TYW1,YPL207W,none,none,none,,-0.3145703599999994,late_sustained_down,late,sustained,100.0,-1.5643812480000001
1773688_at,YLR446W,,YLR446W,none,none,none,,0.8286486360000005,late_sustained_up,late,sustained,100.0,1.1298018179999998
1773691_at,CST9,CST9,YLR394W,none,none,none,,0.18978469199999992,late_sustained_up,late,sustained,140.0,1.0027076739999998
1773693_at,KTR4,KTR4,YBR199W,none,none,none,,0.12741045999999834,none,none,none,,0.8503620200000004
1773695_at,HIS1,HIS1,YER055C,none,none,none,,-0.25035446999999955,none,none,none,,-0.37228682000000113
1773696_at,PAM18,PAM18,YLR008C,none,none,none,,0.07005064000000161,late_sustained_down,late,sustained,100.0,-1.5052658399999999
1773698_at,YIR016W,,YIR016W,none,none,none,,0.6261347879999999,none,none,none,,0.35234096800000003
1773699_at,PHM7,PHM7,YOL084W,none,none,none,,0.6228470779999995,late_sustained_up,late,sustained,100.0,1.8503425579999995
1773702_at,YMR118C,,YMR118C,none,none,none,,0.448009694,late_sustained_up,late,sustained,100.0,1.9982076140000005
1773703_at,RHR2,RHR2,YIL053W,none,none,none,,-0.02187582999999904,early_sustained_down,early,sustained,60.0,-1.595013419999999
1773706_at,PNO1,PNO1,YOR145C,early_transient_down,early,transient,30.0,-0.4065801800000006,early_sustained_down,early,sustained,60.0,-1.45546751
1773707_at,YAR1,YAR1,YPL239W,none,none,none,,-0.3184645699999997,late_partial_decline_down,late,partial_decline,100.0,-0.812779729999999
1773708_at,PIK1,PIK1,YNL267W,none,none,none,,-0.36993432199999887,none,none,none,,0.395408969
1773710_at,YJR116W,,YJR116W,none,none,none,,0.333689789000001,early_sustained_down,early,sustained,60.0,-2.040482379
1773712_at,NUP53,NUP53,YMR153W,none,none,none,,-0.48598467899999953,none,none,none,,-0.09161612399999974
1773716_at,SPS22,SPS22,YCL048W,none,none,none,,0.6740855259999998,none,none,none,,0.9676070110000001
1773718_at,SGT2,SGT2,YOR007C,none,none,none,,-0.048494960000001086,none,none,none,,0.3561512399999991
1773719_at,NOC2,NOC2,YOR206W,early_transient_down,early,transient,30.0,-0.33146923500000014,early_sustained_down,early,sustained,60.0,-2.283856288000001
1773720_at,HAT2,HAT2,YEL056W,none,none,none,,-0.4190015650000003,none,none,none,,0.8887243459999983
1773721_at,LDB7,LDB7,YBL006C,none,none,none,,-0.3367701270000012,none,none,none,,0.03300413000000013
1773722_at,UBP10,UBP10,YNL186W,early_transient_down,early,transient,30.0,0.05238195999999995,early_partial_decline_down,early,partial_decline,60.0,-0.5822752080000004
1773725_at,ORC2,ORC2,YBR060C,none,none,none,,-0.27356463299999945,none,none,none,,-0.5090966359999989
1773727_at,IRC7,IRC7,YFR055W,none,none,none,,-0.08951271000000105,none,none,none,,0.16235009000000034
1773728_at,CMK1,CMK1,YFR014C,early_transient_up,early,transient,30.0,0.4185156420000009,early_sustained_up,early,sustained,60.0,1.8663190580000002
1773732_at,UBR1,UBR1,YGR184C,none,none,none,,0.017121647999999823,late_sustained_up,late,sustained,100.0,1.4704036370000004
1773734_at,RCN1,RCN1,YKL159C,none,none,none,,0.10994354099999981,none,none,none,,1.0248532570000002
1773737_at,AGP3,AGP3,YFL055W,none,none,none,,0.4159289159999995,early_sustained_up,early,sustained,60.0,2.19350484
1773738_at,SAP190,SAP190,YKR028W,none,none,none,,-0.22550046699999982,none,none,none,,-0.3408994930000002
1773739_at,NVJ1,NVJ1,YHR195W,none,none,none,,0.2809436020000007,early_sustained_up,early,sustained,30.0,1.4158862550000002
1773741_at,YIL064W,,YIL064W,early_transient_down,early,transient,60.0,-0.27697055999999876,early_sustained_down,early,sustained,60.0,-2.150338959999999
1773743_at,YNL024C-A,,YNL024C-A,none,none,none,,0.015653329999999244,none,none,none,,-0.013103150000000952
1773745_at,SLA2,SLA2,YNL243W,none,none,none,,-0.0019088800000002237,none,none,none,,0.5194167700000012
1773748_at,MUP3,MUP3,YHL036W,early_transient_up,early,transient,30.0,-0.09043921499999996,early_sustained_up,early,sustained,30.0,2.246207561000001
1773749_at,NHX1,NHX1,YDR456W,none,none,none,,0.09092170499999952,none,none,none,,0.5394606209999999
1773750_at,ILV5,ILV5,YLR355C,none,none,none,,-0.20995699999999928,early_sustained_down,early,sustained,60.0,-2.2730574600000004
1773751_at,YDL233W,,YDL233W,none,none,none,,-0.19133996000000053,early_sustained_up,early,sustained,60.0,1.581212879999999
1773758_at,SNF3,SNF3,YDL194W,none,none,none,,0.506521341,none,none,none,,0.4006781049999999
1773760_at,SFT2,SFT2,YBL102W,none,none,none,,0.060816050000001454,none,none,none,,0.5972059199999986
1773765_at,ARO4,ARO4,YBR249C,none,none,none,,-0.029931660000000804,none,none,none,,-1.1937117700000002
1773766_at,GAS3,GAS3,YMR215W,none,none,none,,-0.22357545999999928,late_sustained_down,late,sustained,100.0,-2.7166732949999997
1773767_at,PMS1,PMS1,YNL082W,none,none,none,,-0.1819507930000004,none,none,none,,0.8152122199999994
1773769_at,YHR022C-A,,YHR022C-A,none,none,none,,-0.20427269699999995,none,none,none,,0.8610392859999996
1773771_at,OCA5,OCA5,YHL029C,none,none,none,,-0.20284812500000093,none,none,none,,-0.3342789479999997
1773772_at,LRP1,LRP1,YHR081W,early_transient_down,early,transient,60.0,-0.5164392699999993,late_sustained_down,late,sustained,100.0,-1.7117455319999983
1773777_at,KRE29,KRE29,YER038C,none,none,none,,-0.2183409660000004,none,none,none,,0.03967452100000024
1773778_at,YKL106C-A,,YKL106C-A,none,none,none,,-0.057627282000000335,none,none,none,,0.4287205919999999
1773779_at,YOR060C,,YOR060C,none,none,none,,-0.6606006430000004,early_sustained_down,early,sustained,30.0,-1.3745984250000003
1773780_at,GSC2,GSC2,YGR032W,late_sustained_up,late,sustained,140.0,1.1526429520000008,none,none,none,,1.250907230000001
1773783_at,ITR1,ITR1,YDR497C,none,none,none,,0.05490808000000058,late_sustained_down,late,sustained,100.0,-1.2672897570000003
1773785_at,RPN7,RPN7,YPR108W,none,none,none,,-0.2797207799999999,none,none,none,,0.7508213299999991
1773792_at,FYV10,FYV10,YIL097W,early_transient_up,early,transient,30.0,0.7332025719999997,early_sustained_up,early,sustained,30.0,3.4660714100000005
1773800_at,BIG1,BIG1,YHR101C,none,none,none,,-0.07842983100000112,none,none,none,,0.3349432760000006
1773804_at,RAD16,RAD16,YBR114W,early_transient_up,early,transient,60.0,0.49306177400000006,early_sustained_up,early,sustained,60.0,3.41560939
1773805_at,YJR098C,,YJR098C,none,none,none,,0.23417162800000035,none,none,none,,0.8341311770000006
1773807_at,MRPS12,MRPS12,YNR036C,none,none,none,,0.18368444999999944,none,none,none,,0.3731587999999988
1773809_at,AQR1,AQR1,YNL065W,none,none,none,,-0.4725177580000004,early_sustained_down,early,sustained,30.0,-1.868568357000001
1773810_at,YGL007C-A,,YGL007C-A,none,none,none,,-0.37427978900000003,late_sustained_down,late,sustained,140.0,-1.0965219989999992
1773815_at,MRPL25,MRPL25,YGR076C,none,none,none,,0.27189597100000107,none,none,none,,0.3510879090000003
1773816_at,GPX2,GPX2,YBR244W,early_transient_up,early,transient,30.0,-2.153840474,early_sustained_up,early,sustained,30.0,2.111468969999999
1773819_at,CCW14,CCW14,YLR390W-A,none,none,none,,0.0315928999999997,none,none,none,,-0.41468770999999904
1773820_x_at,RPS29B,RPS29B,YDL061C,none,none,none,,-0.002885069999999601,none,none,none,,-0.9687683099999997
1773823_at,MRPL24,MRPL24,YMR193W,none,none,none,,0.3187803650000003,none,none,none,,0.5280478070000001
1773826_at,ALK2,ALK2,YBL009W,none,none,none,,-0.0024056130000005282,none,none,none,,-0.49841054200000023
1773827_s_at,RPL8A /// RPL8B,RPL8A /// RPL8B,YHL033C,none,none,none,,-0.09510794999999916,late_sustained_down,late,sustained,100.0,-1.635678650000001
1773828_at,SUN4,SUN4,YNL066W,early_partial_decline_down,early,partial_decline,30.0,-0.9908217199999996,early_sustained_down,early,sustained,60.0,-4.5773118340000005
1773829_at,MPH2,MPH2,YDL247W,none,none,none,,0.36691775200000043,late_sustained_up,late,sustained,100.0,1.2651728649999994
1773831_at,YMR114C,,YMR114C,none,none,none,,0.3806780869999997,late_sustained_up,late,sustained,100.0,2.0053588829999995
1773832_at,UTP30,UTP30,YKR060W,early_transient_down,early,transient,30.0,-0.36169328200000095,early_sustained_down,early,sustained,60.0,-1.4002013830000006
1773836_at,PBP2,PBP2,YBR233W,none,none,none,,-0.32938924699999994,late_sustained_up,late,sustained,140.0,1.0272156949999989
1773837_at,UPS1,UPS1,YLR193C,none,none,none,,0.27442293600000056,none,none,none,,0.7028539299999998
1773838_at,RAD26,RAD26,YJR035W,none,none,none,,-0.11802080000000004,none,none,none,,0.9229619509999996
1773839_at,SPT14,SPT14,YPL175W,none,none,none,,0.1524859290000009,none,none,none,,-0.09661402299999988
1773840_at,MDM20,MDM20,YOL076W,none,none,none,,-0.402200864000001,none,none,none,,-1.0243882829999995
1773841_at,GSF2,GSF2,YML048W,none,none,none,,-0.36031282000000076,none,none,none,,0.09384928000000059
1773842_at,SOK2,SOK2,YMR016C,none,none,none,,-0.1717710979999989,none,none,none,,0.3804269350000009
1773848_at,YOS9,YOS9,YDR057W,none,none,none,,-0.04800975900000104,late_sustained_up,late,sustained,140.0,1.3643772530000007
1773850_at,MRPL22,MRPL22,YNL177C,none,none,none,,0.05918553400000093,none,none,none,,0.7583098079999999
1773853_at,LAC1,LAC1,YKL008C,none,none,none,,-0.11342383999999939,none,none,none,,-0.6854213320000007
1773855_at,YLR132C,,YLR132C,none,none,none,,-0.34961518199999997,early_partial_decline_up,early,partial_decline,60.0,0.9486686399999993
1773859_at,AGP2,AGP2,YBR132C,early_sustained_up,early,sustained,30.0,1.2923661649999998,late_sustained_up,late,sustained,100.0,1.255337247
1773863_at,TAL1,TAL1,YLR354C,none,none,none,,0.39690786000000067,none,none,none,,0.0030758199999993963
1773865_at,RRN5,RRN5,YLR141W,none,none,none,,-0.43826882599999983,none,none,none,,-0.12917846399999977
1773866_at,PET123,PET123,YOR158W,none,none,none,,0.2388242260000002,none,none,none,,0.012038222999999348
1773870_at,MET12,MET12,YPL023C,none,none,none,,0.017210459000001066,none,none,none,,0.5727097350000001
1773873_at,MRPL50,MRPL50,YNR022C,none,none,none,,0.3142619300000007,none,none,none,,-0.7224946199999991
1773875_at,DIA3,DIA3,YDL024C,late_sustained_up,late,sustained,100.0,1.6258514709999998,late_sustained_up,late,sustained,100.0,2.271868486
1773879_at,FOB1,FOB1,YDR110W,early_transient_down,early,transient,30.0,-0.3791051009999986,early_sustained_down,early,sustained,60.0,-1.0736534849999995
1773882_at,OSW2,OSW2,YLR054C,none,none,none,,-0.196512845,none,none,none,,0.5257089039999991
1773884_at,CPA1,CPA1,YOR303W,none,none,none,,0.5971948200000003,none,none,none,,1.1844871599999998
1773885_at,YDL085C-A,,YDL085C-A,none,none,none,,0.12623972499999958,none,none,none,,-0.8726848730000007
1773886_at,PCL2,PCL2,YDL127W,none,none,none,,-0.5677783859999996,late_sustained_down,late,sustained,100.0,-1.9511806170000003
1773887_at,PEX19,PEX19,YDL065C,none,none,none,,0.05329329999999999,none,none,none,,1.0753438299999996
1773888_at,CYS3,CYS3,YAL012W,none,none,none,,-0.27030602000000137,none,none,none,,-0.056332519999999775
1773889_at,YOL131W,,YOL131W,early_transient_up,early,transient,60.0,-0.20647511600000001,early_sustained_up,early,sustained,60.0,5.631404509999999
1773890_at,APJ1,APJ1,YNL077W,none,none,none,,-0.13721822699999997,late_sustained_up,late,sustained,140.0,1.641396779
1773891_at,EXO1,EXO1,YOR033C,none,none,none,,-0.11581829300000024,none,none,none,,0.21183467999999905
1773892_at,NCS2,NCS2,YNL119W,early_transient_down,early,transient,30.0,-0.3633019260000001,early_partial_decline_down,early,partial_decline,60.0,-0.8632118210000002
1773893_at,RHO5,RHO5,YNL180C,none,none,none,,0.9053501930000003,none,none,none,,1.2416449969999999
1773894_at,KNS1,KNS1,YLL019C,early_transient_up,early,transient,30.0,0.3730826089999999,early_sustained_up,early,sustained,60.0,1.9129395959999993
1773899_at,KIP1,KIP1,YBL063W,none,none,none,,-0.359038859,none,none,none,,-0.37329160100000003
1773900_at,ILV3,ILV3,YJR016C,none,none,none,,-0.5092873000000004,late_sustained_down,late,sustained,100.0,-2.505581697
1773901_at,PCF11,PCF11,YDR228C,none,none,none,,-0.02191728700000084,none,none,none,,0.5612075650000001
1773902_at,IRC22,IRC22,YEL001C,none,none,none,,0.033965450000000175,none,none,none,,0.15276129000000083
1773903_at,XYL2,XYL2,YLR070C,none,none,none,,0.2948379049999996,late_sustained_up,late,sustained,100.0,1.4269030960000002
1773904_at,YLR099W-A,,YLR099W-A,none,none,none,,-0.3212067189999992,none,none,none,,-0.5757356300000005
1773906_at,YIL134C-A,,YIL134C-A,none,none,none,,0.25694985999999975,none,none,none,,0.7191419689999998
1773907_at,YCL049C,,YCL049C,none,none,none,,0.5330420199999999,late_sustained_up,late,sustained,140.0,1.0022310700000006
1773910_at,MRS5,MRS5,YBR091C,none,none,none,,-0.20274133999999933,none,none,none,,-0.6090592399999988
1773917_at,ACN9,ACN9,YDR511W,none,none,none,,0.4451242509999993,none,none,none,,-0.11607395400000087
1773919_at,COX8,COX8,YLR395C,none,none,none,,0.2724654900000001,none,none,none,,-0.9039775999999993
1773922_at,ISA2,ISA2,YPR067W,none,none,none,,-0.08037329899999968,early_partial_decline_up,early,partial_decline,30.0,0.7632768909999985
1773923_at,THI72,THI72,YOR192C,none,none,none,,0.0353186050000005,none,none,none,,0.9525290439999994
1773924_at,REC107,REC107,YJR021C,none,none,none,,0.03328116399999992,none,none,none,,0.9560709330000003
1773926_at,CTS2,CTS2,YDR371W,none,none,none,,-0.07889347200000074,none,none,none,,0.6178781780000016
1773929_at,TEP1,TEP1,YNL128W,none,none,none,,0.2076110480000004,early_partial_decline_up,early,partial_decline,60.0,0.9972737799999996
1773931_at,NRG2,NRG2,YBR066C,none,none,none,,0.03716786799999916,none,none,none,,-0.9127848079999996
1773935_at,PEX27,PEX27,YOR193W,none,none,none,,0.5574618620000003,none,none,none,,0.7739565289999994
1773936_at,YIL055C,,YIL055C,none,none,none,,0.20901852600000037,early_sustained_up,early,sustained,60.0,2.7295465740000004
1773938_at,SRX1,SRX1,YKL086W,early_transient_up,early,transient,30.0,0.14156486500000032,early_sustained_up,early,sustained,30.0,5.541638977000001
1773939_at,GSG1,GSG1,YDR108W,none,none,none,,-0.288404667,none,none,none,,0.9896067589999991
1773941_at,YIL127C,,YIL127C,early_transient_down,early,transient,30.0,-0.7221471779999984,early_sustained_down,early,sustained,60.0,-1.588545387
1773946_at,YNR029C,,YNR029C,none,none,none,,-0.3870336220000006,none,none,none,,0.018041481000000914
1773948_at,DRS1,DRS1,YLL008W,early_transient_down,early,transient,30.0,-0.45345395999999916,early_sustained_down,early,sustained,60.0,-3.272332662000001
1773949_at,DUN1,DUN1,YDL101C,none,none,none,,0.4701185189999997,late_partial_decline_up,late,partial_decline,100.0,0.9063280569999996
1773952_at,ARG2,ARG2,YJL071W,none,none,none,,-0.03343003299999925,none,none,none,,0.45666705100000016
1773953_at,PDX1,PDX1,YGR193C,none,none,none,,-0.06151082300000077,none,none,none,,0.46113625999999996
1773955_at,TMS1,TMS1,YDR105C,none,none,none,,0.12102639999999987,none,none,none,,0.4748843600000008
1773959_at,PET20,PET20,YPL159C,none,none,none,,-0.05362534999999902,none,none,none,,0.9994965659999995
1773960_at,RPS16B,RPS16B,YDL083C,none,none,none,,-0.03213608000000079,late_sustained_down,late,sustained,100.0,-2.24322293
1773961_at,GND2,GND2,YGR256W,early_sustained_up,early,sustained,60.0,1.745083921,late_sustained_up,late,sustained,100.0,2.5124992319999997
1773962_at,RAD18,RAD18,YCR066W,none,none,none,,-0.17869856100000003,late_sustained_up,late,sustained,100.0,1.1232384180000006
1773963_at,YCR087C-A,,YCR087C-A,early_transient_down,early,transient,60.0,-0.45068833999999924,early_sustained_down,early,sustained,60.0,-2.639074847
1773966_at,YPT53,YPT53,YNL093W,none,none,none,,0.4468171780000003,late_sustained_up,late,sustained,100.0,1.2602758989999998
1773967_at,PBP4,PBP4,YDL053C,none,none,none,,-0.02203664999999866,none,none,none,,-0.7082496900000006
1773968_at,PHO80,PHO80,YOL001W,none,none,none,,-0.07602948500000117,none,none,none,,0.3996650800000001
1773969_at,KSP1,KSP1,YHR082C,none,none,none,,-0.11420853300000111,none,none,none,,-0.4849804029999998
1773970_s_at,HXT11 /// HXT9,HXT11 /// HXT9,YJL219W,none,none,none,,-0.11206138700000068,none,none,none,,0.5598344580000001
1773972_at,MRC1,MRC1,YCL061C,none,none,none,,-0.03650379699999995,none,none,none,,0.38357925700000006
1773973_at,BUD8,BUD8,YLR353W,none,none,none,,-0.23795413000000032,none,none,none,,-0.8452914630000006
1773974_at,PIG1,PIG1,YLR273C,none,none,none,,0.2275013819999998,none,none,none,,1.2862555050000006
1773975_at,BCK1,BCK1,YJL095W,none,none,none,,0.04061373199999885,none,none,none,,-0.019323232999999718
1773976_at,COS111,COS111,YBR203W,none,none,none,,0.8352234170000008,none,none,none,,0.11049092200000032
1773977_at,CPR8,CPR8,YNR028W,none,none,none,,-0.15970560899999953,none,none,none,,-0.5809906429999998
1773978_at,YPR004C,,YPR004C,none,none,none,,0.07347460000000083,none,none,none,,-0.6890672500000008
1773979_at,RPT2,RPT2,YDL007W,none,none,none,,-0.3026485500000007,late_sustained_up,late,sustained,100.0,1.1708421799999993
1773980_at,SOV1,SOV1,YMR066W,none,none,none,,-0.1964860349999995,none,none,none,,-0.007679441000000509
1773982_at,SRP72,SRP72,YPL210C,none,none,none,,-0.2709510040000005,none,none,none,,0.5719050259999996
1773983_at,YLR445W,,YLR445W,none,none,none,,0.24220404699999998,none,none,none,,-0.29999094400000015
1773984_at,SLH1,SLH1,YGR271W,none,none,none,,0.008173417000000072,none,none,none,,0.4112385360000008
1773987_at,SFH5,SFH5,YJL145W,none,none,none,,-0.24341492999999836,none,none,none,,0.13159796999999962
1773989_at,GWT1,GWT1,YJL091C,none,none,none,,-0.028929680000000957,none,none,none,,-0.321258460000001
1773992_at,TUB2,TUB2,YFL037W,none,none,none,,-0.0835681699999995,late_sustained_down,late,sustained,140.0,-1.68574177
1773993_at,SOD2,SOD2,YHR008C,early_transient_up,early,transient,30.0,0.46005674000000063,early_sustained_up,early,sustained,30.0,1.5987287300000013
1773994_at,ENP2,ENP2,YGR145W,early_transient_down,early,transient,30.0,-0.7023062099999997,early_sustained_down,early,sustained,60.0,-2.2046432229999997
1773995_at,SNP1,SNP1,YIL061C,none,none,none,,-0.34951106200000037,none,none,none,,0.44706359699999965
1773996_at,VEL1,VEL1,YGL258W,none,none,none,,0.467395904,none,none,none,,0.4392136520000003
1773997_at,CEP3,CEP3,YMR168C,none,none,none,,-0.27694726999999997,none,none,none,,-0.34451501100000037
1773998_at,YGR045C,,YGR045C,none,none,none,,-0.3105166490000002,none,none,none,,1.3766076410000005
1774000_s_at,HXT15 /// HXT16,HXT15 /// HXT16,YDL245C,none,none,none,,0.12445438200000014,none,none,none,,-0.16931908799999995
1774003_at,YLL066W-B,,YLL066W-B,none,none,none,,-0.27426793899999957,early_sustained_down,early,sustained,60.0,-1.4952038529999996
1774005_at,YNL155W,,YNL155W,none,none,none,,-0.2519880400000005,early_sustained_up,early,sustained,60.0,1.211743929999999
1774009_at,CCT7,CCT7,YJL111W,none,none,none,,-0.30052935000000147,none,none,none,,-0.10976598999999965
1774010_at,UGA1,UGA1,YGR019W,early_sustained_up,early,sustained,30.0,1.166560231,early_sustained_up,early,sustained,60.0,1.8438383359999992
1774011_at,PFK26,PFK26,YIL107C,early_partial_decline_up,early,partial_decline,60.0,0.6840578540000006,early_sustained_up,early,sustained,60.0,2.3210707289999988
1774012_at,DAL1,DAL1,YIR027C,none,none,none,,0.2832751120000001,none,none,none,,-0.26312995400000005
1774014_at,YKR078W,,YKR078W,none,none,none,,-0.2598474450000001,late_sustained_up,late,sustained,140.0,1.2317354860000007
1774015_at,SEF1,SEF1,YBL066C,none,none,none,,-0.27632638399999987,none,none,none,,-0.872709338
1774018_at,MTR4,MTR4,YJL050W,early_transient_down,early,transient,30.0,-0.678940321999999,early_sustained_down,early,sustained,60.0,-3.123990201999999
1774019_at,SIP18,SIP18,YMR175W,late_sustained_up,late,sustained,100.0,2.2845982639999995,late_sustained_up,late,sustained,100.0,2.094889856
1774022_at,ENB1,ENB1,YOL158C,none,none,none,,0.1685892409999994,early_sustained_up,early,sustained,60.0,1.062842568999999
1774025_at,HEM3,HEM3,YDL205C,none,none,none,,0.4178338730000002,early_sustained_down,early,sustained,60.0,-1.9357208839999993
1774026_at,MUP1,MUP1,YGR055W,none,none,none,,0.061276143000000616,late_partial_decline_up,late,partial_decline,100.0,0.9240177000000003
1774027_at,NAB3,NAB3,YPL190C,none,none,none,,-0.2609742500000003,none,none,none,,-0.4969043160000002
1774028_at,STE11,STE11,YLR362W,none,none,none,,-0.2191623250000001,early_sustained_up,early,sustained,60.0,2.4438729820000002
1774033_at,ATG13,ATG13,YPR185W,none,none,none,,0.10831824200000018,late_sustained_up,late,sustained,100.0,1.2452244740000005
1774035_at,NOC3,NOC3,YLR002C,early_transient_down,early,transient,30.0,-0.31998442099999913,early_sustained_down,early,sustained,60.0,-2.0496418819999995
1774040_at,LYP1,LYP1,YNL268W,none,none,none,,0.00019442000000147175,none,none,none,,-0.6772117700000013
1774042_at,SPC29,SPC29,YPL124W,none,none,none,,0.020549062999999812,none,none,none,,0.16096751699999956
1774045_at,GRX3,GRX3,YDR098C,none,none,none,,0.12162099000000026,none,none,none,,0.34949677
1774049_at,RSC2,RSC2,YLR357W,none,none,none,,-0.5148909229999994,none,none,none,,-1.033772760999999
1774050_at,OST5,OST5,YGL226C-A,none,none,none,,-0.011367310000000685,late_sustained_down,late,sustained,140.0,-1.093142684
1774052_at,BSC2,BSC2,YDR275W,none,none,none,,-0.012626762000000014,none,none,none,,-0.3028884549999997
1774053_at,YBR271W,,YBR271W,early_transient_down,early,transient,30.0,-0.5300840579999999,early_sustained_down,early,sustained,60.0,-1.4202941890000007
1774055_at,SYG1,SYG1,YIL047C,none,none,none,,-0.09376434999999894,early_partial_decline_down,early,partial_decline,60.0,-0.9108640789999995
1774056_at,YMR031C,,YMR031C,none,none,none,,0.25536787400000094,early_sustained_up,early,sustained,60.0,1.1529026599999987
1774057_at,YLR345W,,YLR345W,early_transient_up,early,transient,30.0,0.9199488270000007,early_sustained_up,early,sustained,30.0,3.0711655890000014
1774060_at,SCS22,SCS22,YBL091C-A,none,none,none,,0.1187578579999986,none,none,none,,0.47759801699999826
1774063_at,YER078W-A,,YER078W-A,none,none,none,,0.13484669300000007,none,none,none,,0.7778000920000001
1774064_at,YDL121C,,YDL121C,none,none,none,,-0.2508188899999997,late_sustained_down,late,sustained,100.0,-1.3614481539999996
1774066_at,SYP1,SYP1,YCR030C,none,none,none,,0.010822412000001336,late_partial_decline_up,late,partial_decline,100.0,0.9380635720000008
1774069_at,YOR097C,,YOR097C,none,none,none,,0.1194485020000009,none,none,none,,0.7939265879999997
1774070_at,ADH2,ADH2,YMR303C,early_transient_down,early,transient,60.0,0.3160083129999993,none,none,none,,-0.6970219200000001
1774071_at,SUI3,SUI3,YPL237W,none,none,none,,-0.16099145999999998,late_sustained_down,late,sustained,100.0,-1.2484472699999998
1774072_at,SFC1,SFC1,YJR095W,none,none,none,,0.37841826199999984,none,none,none,,0.06859436700000021
1774074_s_at,VBA3 /// VBA5,VBA3 /// VBA5,YCL069W,none,none,none,,0.07748839799999985,none,none,none,,0.8192165399999998
1774079_at,RSM23,RSM23,YGL129C,none,none,none,,0.09888767999999892,none,none,none,,-0.5272790789999995
1774080_at,PGM3,PGM3,YMR278W,none,none,none,,0.09952886800000016,late_sustained_up,late,sustained,140.0,1.0004857769999997
1774081_at,MDH2,MDH2,YOL126C,none,none,none,,0.15830563399999953,none,none,none,,0.6276548539999993
1774082_at,ATG18,ATG18,YFR021W,none,none,none,,0.18283997499999938,early_sustained_up,early,sustained,60.0,1.2657188700000006
1774083_at,MMS21,MMS21,YEL019C,none,none,none,,-0.7682718850000003,none,none,none,,-1.0438031509999997
1774084_at,INO2,INO2,YDR123C,none,none,none,,-0.41845627200000024,early_sustained_down,early,sustained,30.0,-1.07247585
1774085_at,ATG27,ATG27,YJL178C,none,none,none,,-0.07971097999999976,none,none,none,,-0.0846410500000001
1774086_at,RDS3,RDS3,YPR094W,none,none,none,,-0.193569698000001,none,none,none,,-0.3088547350000006
1774087_at,ADY3,ADY3,YDL239C,early_transient_up,early,transient,60.0,0.34887502800000014,early_sustained_up,early,sustained,30.0,2.5190177719999998
1774090_at,YOR262W,,YOR262W,none,none,none,,-0.37261287399999965,none,none,none,,0.37037319799999935
1774091_at,KCS1,KCS1,YDR017C,none,none,none,,-0.09891815699999995,none,none,none,,-0.39207864699999995
1774092_at,RRN11,RRN11,YML043C,early_transient_down,early,transient,30.0,-0.3722521089999997,early_sustained_down,early,sustained,30.0,-1.7499620079999998
1774093_at,AVT1,AVT1,YJR001W,none,none,none,,0.15157767,none,none,none,,0.980151900000001
1774094_at,TLG1,TLG1,YDR468C,none,none,none,,0.05340781299999975,none,none,none,,-0.4101283699999989
1774095_at,LAG2,LAG2,YOL025W,none,none,none,,0.5041897399999993,none,none,none,,0.5069764359999995
1774097_at,YDR194W-A,,YDR194W-A,none,none,none,,-0.026825588000000344,none,none,none,,-0.3511750610000002
1774100_at,TAF6,TAF6,YGL112C,none,none,none,,-0.12907780000000102,none,none,none,,0.5417289289999996
1774101_at,THO2,THO2,YNL139C,none,none,none,,-0.1892489089999998,none,none,none,,-0.9480572810000005
1774102_at,HUT1,HUT1,YPL244C,none,none,none,,-0.11998638000000028,none,none,none,,-0.3556128850000011
1774108_at,RSN1,RSN1,YMR266W,late_partial_decline_down,late,partial_decline,100.0,-0.9035423999999992,none,none,none,,-0.9269187100000007
1774109_at,THP1,THP1,YOL072W,none,none,none,,-0.02453709399999937,none,none,none,,0.9036780259999997
1774110_at,CET1,CET1,YPL228W,none,none,none,,-0.3464075149999992,none,none,none,,0.3252406109999999
1774111_at,CLU1,CLU1,YMR012W,none,none,none,,-0.07285144999999993,none,none,none,,-0.04975027000000054
1774112_at,KIP2,KIP2,YPL155C,none,none,none,,-0.22515297999999895,none,none,none,,-0.12671888499999895
1774113_at,POP6,POP6,YGR030C,early_transient_down,early,transient,30.0,-0.05880944699999979,none,none,none,,-0.1338530079999991
1774116_at,CFD1,CFD1,YIL003W,none,none,none,,-0.7758141629999997,late_sustained_up,late,sustained,140.0,1.2567964870000008
1774117_at,YOL092W,,YOL092W,none,none,none,,-0.11979803999999916,late_sustained_down,late,sustained,100.0,-1.2441337099999998
1774119_at,RTT101,RTT101,YJL047C,none,none,none,,-0.23238224400000007,late_sustained_up,late,sustained,100.0,1.2780394030000002
1774121_at,RCR1,RCR1,YBR005W,none,none,none,,-0.135487337999999,none,none,none,,1.2208181639999989
1774122_at,FDH1 /// FDH2,FDH1 /// FDH2,YOR388C,none,none,none,,0.5735909190000004,none,none,none,,0.1213004040000003
1774125_at,PPG1,PPG1,YNR032W,none,none,none,,-0.24518354299999956,early_sustained_up,early,sustained,60.0,1.5608555109999998
1774126_at,KGD2,KGD2,YDR148C,none,none,none,,0.44217219000000085,late_sustained_up,late,sustained,140.0,1.0965579699999992
1774129_at,YNL195C,,YNL195C,none,none,none,,0.30627455099999956,early_sustained_up,early,sustained,60.0,3.308993169999999
1774130_at,MKK2,MKK2,YPL140C,none,none,none,,0.137657076,none,none,none,,0.6133648400000009
1774134_at,ADE1,ADE1,YAR015W,none,none,none,,-0.19093291999999984,none,none,none,,0.11786511999999938
1774137_at,CYC7,CYC7,YEL039C,early_sustained_up,early,sustained,30.0,2.904018969000001,early_sustained_up,early,sustained,60.0,2.620546686999999
1774138_at,ARP3,ARP3,YJR065C,none,none,none,,0.17756127999999904,none,none,none,,0.6435116999999995
1774139_at,PEX15,PEX15,YOL044W,none,none,none,,0.21672899500000042,late_sustained_up,late,sustained,100.0,1.207734082
1774142_at,GIC2,GIC2,YDR309C,none,none,none,,-0.3702734500000009,late_sustained_down,late,sustained,100.0,-1.45669893
1774145_at,SUM1,SUM1,YDR310C,none,none,none,,-0.2060697789999999,none,none,none,,-0.6588785579999996
1774146_at,EAF7,EAF7,YNL136W,none,none,none,,-0.36150118900000017,none,none,none,,0.7820185819999992
1774147_at,YPL009C,,YPL009C,none,none,none,,-0.24665398399999994,none,none,none,,0.5370800350000007
1774148_at,YMR074C,,YMR074C,none,none,none,,0.0487682499999984,none,none,none,,-0.01538994999999943
1774149_at,ULA1,ULA1,YPL003W,early_transient_up,early,transient,60.0,0.6034231200000004,early_sustained_up,early,sustained,60.0,2.550390107
1774150_at,VAC14,VAC14,YLR386W,none,none,none,,0.04573758099999914,none,none,none,,0.39808915799999944
1774151_at,ALG9,ALG9,YNL219C,none,none,none,,-0.29716528000000153,late_sustained_down,late,sustained,140.0,-1.0861431070000016
1774152_at,GLR1,GLR1,YPL091W,none,none,none,,0.1472780199999999,none,none,none,,0.6984999199999997
1774154_at,YPT11,YPT11,YNL304W,none,none,none,,-0.48125840700000033,none,none,none,,0.09078465199999997
1774156_at,FAR8,FAR8,YMR029C,none,none,none,,-0.12898547900000068,late_sustained_up,late,sustained,140.0,1.1267038530000004
1774157_at,URA10,URA10,YMR271C,early_sustained_up,early,sustained,60.0,1.423492381,early_sustained_up,early,sustained,60.0,2.611432314999999
1774158_at,MLF3,MLF3,YNL074C,none,none,none,,0.032662804999999295,none,none,none,,0.9179182919999995
1774160_at,GAL83,GAL83,YER027C,none,none,none,,-0.011453216999999682,early_sustained_up,early,sustained,60.0,1.0489120520000004
1774161_at,PFY1,PFY1,YOR122C,none,none,none,,0.056451479999999776,none,none,none,,-0.14509368000000045
1774162_at,YGR111W,,YGR111W,none,none,none,,0.6205380930000004,late_sustained_up,late,sustained,100.0,1.621984938999999
1774163_at,YKL096C-B,,YKL096C-B,none,none,none,,0.32461432300000004,none,none,none,,0.3999636849999999
1774166_at,ECM23,ECM23,YPL021W,none,none,none,,0.09017967900000023,none,none,none,,-0.8010993500000003
1774167_at,MST28,MST28,YAR033W,none,none,none,,0.12076507999999997,none,none,none,,0.7241068690000008
1774169_at,GAS1,GAS1,YMR307W,none,none,none,,-0.2111377999999995,late_sustained_down,late,sustained,100.0,-2.9273581259999997
1774170_at,RSA3,RSA3,YLR221C,none,none,none,,-0.4935065339999998,early_sustained_down,early,sustained,60.0,-1.9820964589999992
1774171_at,GAB1,GAB1,YLR459W,none,none,none,,-0.28128504499999885,none,none,none,,-0.8943820319999993
1774172_at,LST8,LST8,YNL006W,none,none,none,,-0.2780621510000003,none,none,none,,0.6776048629999991
1774173_at,RPD3,RPD3,YNL330C,none,none,none,,-0.3564753180000011,none,none,none,,0.5171743309999997
1774174_at,RPL6B,RPL6B,YLR448W,none,none,none,,-0.03913458999999975,early_sustained_down,early,sustained,60.0,-2.50650948
1774175_at,ESF2,ESF2,YNR054C,early_transient_down,early,transient,60.0,-0.6300669649999993,early_sustained_down,early,sustained,60.0,-1.7224759380000005
1774176_at,ADE16,ADE16,YLR028C,none,none,none,,0.1944410199999993,late_sustained_up,late,sustained,140.0,1.2376850800000003
1774177_at,YNL144C,,YNL144C,none,none,none,,-0.07514623199999981,late_partial_decline_up,late,partial_decline,100.0,0.9304430909999999
1774180_at,LSM2,LSM2,YBL026W,none,none,none,,-0.11533127000000043,late_sustained_down,late,sustained,100.0,-1.368296560000001
1774181_at,SWC4,SWC4,YGR002C,none,none,none,,-0.13788561500000007,none,none,none,,0.7832573389999986
1774184_at,YCR061W,,YCR061W,late_partial_decline_up,late,partial_decline,100.0,0.8164021120000005,none,none,none,,0.6386916500000002
1774186_at,SSF1,SSF1,YHR066W,early_transient_down,early,transient,30.0,-0.5234877979999997,early_sustained_down,early,sustained,60.0,-1.6361500009999999
1774192_at,PSK2,PSK2,YOL045W,none,none,none,,-0.06481157699999862,late_sustained_up,late,sustained,140.0,1.2855655850000005
1774194_at,CUP9,CUP9,YPL177C,none,none,none,,0.3484330050000004,early_transient_up,early,transient,60.0,0.474364082000001
1774195_at,CPD1,CPD1,YGR247W,none,none,none,,0.31748215300000027,late_sustained_up,late,sustained,140.0,1.528352172
1774196_at,ESP1,ESP1,YGR098C,none,none,none,,0.023323921999999442,none,none,none,,-0.7110723490000002
1774200_at,GIP3,GIP3,YPL137C,none,none,none,,0.46327956500000056,none,none,none,,-0.44024016300000035
1774204_at,NFS1,NFS1,YCL017C,none,none,none,,-0.01007748999999869,none,none,none,,0.02769166000000034
1774207_at,HUL5,HUL5,YGL141W,none,none,none,,-0.11223911100000095,early_sustained_up,early,sustained,60.0,2.8505829049999996
1774209_at,BSP1,BSP1,YPR171W,none,none,none,,-0.3507902239999998,none,none,none,,0.007422999999999291
1774211_at,TSA1,TSA1,YML028W,none,none,none,,-0.015549560000000184,none,none,none,,0.3928350699999985
1774218_at,NUP133,NUP133,YKR082W,none,none,none,,-0.14936623500000046,none,none,none,,-0.31920933399999996
1774219_at,YIR035C,,YIR035C,none,none,none,,0.18655245199999904,none,none,none,,0.22334735500000136
1774220_at,SBP1,SBP1,YHL034C,none,none,none,,0.08649160000000045,none,none,none,,0.30912453000000006
1774221_at,ESBP6,ESBP6,YNL125C,none,none,none,,0.1289692329999994,none,none,none,,0.6415672170000004
1774222_at,YKR074W,,YKR074W,none,none,none,,0.04039162000000118,none,none,none,,0.16720503999999892
1774223_at,HAS1,HAS1,YMR290C,early_transient_down,early,transient,60.0,-0.3428496999999986,early_sustained_down,early,sustained,60.0,-3.785612004
1774224_at,GTB1,GTB1,YDR221W,none,none,none,,-0.1264717909999984,none,none,none,,-0.041467433999999415
1774225_at,YCL057C-A,,YCL057C-A,none,none,none,,0.08580751000000042,none,none,none,,-0.09184821000000021
1774226_at,YGR012W,,YGR012W,none,none,none,,-0.4678106960000008,none,none,none,,-0.07544993899999852
1774227_at,KEG1,KEG1,YFR042W,none,none,none,,0.080042422,early_sustained_up,early,sustained,60.0,1.064215269
1774229_at,YRA2,YRA2,YKL214C,none,none,none,,-0.023975175999998655,none,none,none,,-0.28934488900000055
1774230_at,YMR272W-B,,YMR272W-B,none,none,none,,-0.38400384099999973,none,none,none,,-0.15815856799999972
1774231_at,DUO1,DUO1,YGL061C,none,none,none,,-0.23656974400000053,none,none,none,,0.3364235769999997
1774234_at,PLP1,PLP1,YDR183W,none,none,none,,-0.027330049999999773,late_sustained_up,late,sustained,140.0,1.2857021110000009
1774236_at,PLB2,PLB2,YMR006C,none,none,none,,0.09521630199999898,early_sustained_down,early,sustained,60.0,-2.4837319120000005
1774237_at,NPA3,NPA3,YJR072C,none,none,none,,-0.5430927220000008,none,none,none,,0.23355948999999931
1774239_at,YGR079W,,YGR079W,early_transient_down,early,transient,30.0,-0.26530313299999975,early_sustained_down,early,sustained,30.0,-1.0369886830000006
1774240_at,SPR3,SPR3,YGR059W,none,none,none,,-0.06418632400000002,late_sustained_up,late,sustained,140.0,1.532518267
1774241_at,AAT2,AAT2,YLR027C,none,none,none,,-0.03186045999999898,none,none,none,,0.2601641299999997
1774243_at,MND2,MND2,YIR025W,none,none,none,,-0.3684746419999998,early_sustained_up,early,sustained,60.0,3.1849168820000004
1774245_at,YFR012W-A,,YFR012W-A,none,none,none,,0.1598444240000001,none,none,none,,-0.42282310999999995
1774246_at,LOT6,LOT6,YLR011W,none,none,none,,-0.009179580000001408,none,none,none,,0.7587134529999986
1774253_at,MRPL19,MRPL19,YNL185C,none,none,none,,0.11560110899999998,none,none,none,,-0.7199280330000004
1774255_at,RPL15B,RPL15B,YMR121C,none,none,none,,-0.030919522000001365,none,none,none,,0.7180089489999997
1774257_at,BUD25,BUD25,YER014C-A,none,none,none,,0.18910539399999982,none,none,none,,0.31724321700000013
1774258_at,CDC27,CDC27,YBL084C,none,none,none,,-0.10087023700000053,none,none,none,,0.2693670990000001
1774259_at,YOR387C,,YOR387C,none,none,none,,0.28165298000000005,none,none,none,,-0.1137609860000004
1774263_at,EGT2,EGT2,YNL327W,none,none,none,,-0.5182461899999993,late_sustained_down,late,sustained,100.0,-4.297967323
1774264_at,ERV14,ERV14,YGL054C,none,none,none,,0.029640580000000583,none,none,none,,-0.30531869
1774265_at,SUP35,SUP35,YDR172W,none,none,none,,-0.3073887899999992,late_sustained_down,late,sustained,100.0,-2.056847738
1774270_at,TOF1,TOF1,YNL273W,none,none,none,,0.21436352899999989,none,none,none,,0.7694375959999995
1774274_at,TAH1,TAH1,YCR060W,none,none,none,,-0.007991099999999918,late_sustained_down,late,sustained,100.0,-1.797676977
1774275_at,RPS17A,RPS17A,YML024W,none,none,none,,0.006355929999999788,late_sustained_down,late,sustained,140.0,-1.1573005700000003
1774276_at,SSB2,SSB2,YNL209W,none,none,none,,0.05656158000000033,late_sustained_down,late,sustained,100.0,-2.4599553499999995
1774277_at,FCF1,FCF1,YDR339C,none,none,none,,-0.3529681300000007,none,none,none,,-0.7323114300000011
1774279_at,GLO3,GLO3,YER122C,none,none,none,,-0.10001422000000026,none,none,none,,0.45434507000000046
1774282_at,DIC1,DIC1,YLR348C,none,none,none,,0.501200819000001,none,none,none,,-0.8934827890000001
1774287_at,CRD1,CRD1,YDL142C,none,none,none,,0.19696122799999927,early_sustained_up,early,sustained,60.0,1.9733429820000001
1774288_at,CDC34,CDC34,YDR054C,none,none,none,,-0.12083031499999919,none,none,none,,0.1188098910000015
1774289_at,FUN26,FUN26,YAL022C,none,none,none,,-0.03634068000000035,none,none,none,,-0.25785630700000084
1774290_at,PYC2,PYC2,YBR218C,none,none,none,,-0.022294860000000583,none,none,none,,-0.2822624299999994
1774295_at,SPP382,SPP382,YLR424W,none,none,none,,0.1326152339999993,none,none,none,,0.08518437600000084
1774296_at,SLX8,SLX8,YER116C,none,none,none,,0.3483541360000002,none,none,none,,0.5826023690000008
1774300_at,GCN4,GCN4,YEL009C,none,none,none,,-0.025352079999999333,none,none,none,,-0.08562045999999945
1774303_at,RSC3,RSC3,YDR303C,none,none,none,,-0.3196937979999994,none,none,none,,-0.8191843979999991
1774308_at,TOM1,TOM1,YDR457W,none,none,none,,0.08414584999999875,none,none,none,,-0.2631834299999998
1774312_at,BRE4,BRE4,YDL231C,none,none,none,,-0.23814569799999852,none,none,none,,0.16385938400000022
1774313_at,BMS1,BMS1,YPL217C,early_transient_down,early,transient,60.0,-0.5100585899999999,early_sustained_down,early,sustained,60.0,-2.7594461599999995
1774315_at,PPZ2,PPZ2,YDR436W,none,none,none,,0.22724389400000078,early_sustained_up,early,sustained,60.0,2.408079398999999
1774317_at,HSE1,HSE1,YHL002W,none,none,none,,-0.045826099999999315,early_sustained_up,early,sustained,60.0,1.9209845450000014
1774321_at,DAL3,DAL3,YIR032C,early_transient_up,early,transient,60.0,0.2322743229999995,late_sustained_up,late,sustained,100.0,1.4039372930000003
1774323_at,DAL2,DAL2,YIR029W,none,none,none,,-0.3169599630000004,none,none,none,,0.8952310739999998
1774324_at,YCK1,YCK1,YHR135C,none,none,none,,-0.04147913999999986,none,none,none,,-0.031479459999999904
1774326_at,MEF2,MEF2,YJL102W,none,none,none,,-0.1833989719999991,early_sustained_up,early,sustained,60.0,2.1682689380000006
1774327_at,NTF2,NTF2,YER009W,none,none,none,,-0.14074731000000007,none,none,none,,-0.39628737000000136
1774328_at,YPR108W-A,,YPR108W-A,none,none,none,,-0.1744873689999995,none,none,none,,-0.1439502450000001
1774330_at,JSN1,JSN1,YJR091C,none,none,none,,0.011378064999998827,none,none,none,,0.3065971310000002
1774332_at,SEC31,SEC31,YDL195W,none,none,none,,-0.06430241999999886,none,none,none,,-0.9020196549999984
1774334_at,RPS28A,RPS28A,YOR167C,none,none,none,,-0.10740251999999906,none,none,none,,-0.9673573199999996
1774335_at,NOP58,NOP58,YOR310C,none,none,none,,-0.32063591,early_sustained_down,early,sustained,60.0,-2.319491600000001
1774337_at,SCW10,SCW10,YMR305C,none,none,none,,-0.28312890000000124,late_sustained_down,late,sustained,100.0,-3.719421928000001
1774339_at,YOL048C,,YOL048C,early_transient_up,early,transient,30.0,0.8722571320000014,early_sustained_up,early,sustained,60.0,2.371404653000001
1774340_at,FBP26,FBP26,YJL155C,early_transient_up,early,transient,30.0,0.45512130700000064,early_sustained_up,early,sustained,30.0,2.405142873999999
1774341_at,YSP2,YSP2,YDR326C,none,none,none,,-0.291428401000001,late_sustained_down,late,sustained,140.0,-1.1977730710000003
1774342_at,MYO2,MYO2,YOR326W,none,none,none,,-0.1778603899999993,none,none,none,,-0.5307666700000002
1774343_at,YDR065W,,YDR065W,none,none,none,,0.1510645799999999,late_sustained_up,late,sustained,140.0,1.2221031509999998
1774346_at,ENO1,ENO1,YGR254W,none,none,none,,0.29560204000000034,none,none,none,,0.49078212000000043
1774347_at,IKI3,IKI3,YLR384C,none,none,none,,-0.3253507599999992,early_sustained_down,early,sustained,60.0,-1.557996107000001
1774348_at,YIP1,YIP1,YGR172C,none,none,none,,0.04858632000000007,none,none,none,,0.0655238899999997
1774349_at,MRT4,MRT4,YKL009W,early_transient_down,early,transient,30.0,-0.46796535000000006,early_sustained_down,early,sustained,60.0,-2.3808614870000007
1774351_at,POS5,POS5,YPL188W,none,none,none,,0.02707047699999876,none,none,none,,0.5720417930000004
1774353_at,YDR185C,,YDR185C,none,none,none,,-0.1356520640000003,none,none,none,,0.14339920299999953
1774354_at,DDR2,DDR2,YOL052C-A,early_sustained_up,early,sustained,30.0,4.004238032999999,early_sustained_up,early,sustained,30.0,5.616571404
1774355_at,MYO3,MYO3,YKL129C,none,none,none,,0.5272594540000002,early_sustained_up,early,sustained,60.0,1.422245319
1774356_at,YHL026C,,YHL026C,none,none,none,,0.5086210829999995,none,none,none,,-0.231399036
1774357_at,VPS70,VPS70,YJR126C,none,none,none,,-0.14715966300000005,none,none,none,,-0.10269082400000151
1774358_at,RVS167,RVS167,YDR388W,none,none,none,,0.2551693100000012,none,none,none,,0.98049258
1774360_at,YLR392C,,YLR392C,none,none,none,,0.01810900699999962,early_sustained_up,early,sustained,60.0,1.9845209520000004
1774361_at,COQ2,COQ2,YNR041C,none,none,none,,0.2796269870000003,none,none,none,,-0.949503249000001
1774362_at,NOP16,NOP16,YER002W,early_transient_down,early,transient,60.0,-0.43052639999999975,late_sustained_down,late,sustained,100.0,-1.6400754269999993
1774365_at,MET14,MET14,YKL001C,none,none,none,,0.1179945,none,none,none,,0.15998553200000032
1774367_at,NUP192,NUP192,YJL039C,none,none,none,,-0.2612959040000007,none,none,none,,-0.8388030959999995
1774369_at,COX4,COX4,YGL187C,none,none,none,,0.5995252799999999,early_sustained_down,early,sustained,60.0,-1.059907409000001
1774371_at,RPL33A,RPL33A,YPL143W,none,none,none,,-0.017142849999999044,none,none,none,,-0.9535176500000002
1774373_at,CPT1,CPT1,YNL130C,none,none,none,,0.39939051999999897,none,none,none,,0.5461282800000014
1774375_at,TRX2,TRX2,YGR209C,none,none,none,,0.19663085999999907,none,none,none,,0.739953830000001
1774376_at,HOM2,HOM2,YDR158W,none,none,none,,-0.02242256999999981,none,none,none,,-0.48168474999999944
1774377_at,CAT2,CAT2,YML042W,late_sustained_up,late,sustained,100.0,1.1832485079999993,late_sustained_up,late,sustained,100.0,1.866276686
1774383_at,SUB2,SUB2,YDL084W,none,none,none,,-0.1209847900000014,none,none,none,,-0.649933879999999
1774387_at,UBC11,UBC11,YOR339C,none,none,none,,0.08201986800000016,none,none,none,,-0.24405116599999976
1774390_at,SNT309,SNT309,YPR101W,none,none,none,,-0.3380117330000001,none,none,none,,-0.5124428119999997
1774394_at,TGL5,TGL5,YOR081C,none,none,none,,-0.17471495100000034,none,none,none,,-0.09554826599999977
1774396_at,GPA2,GPA2,YER020W,none,none,none,,0.059975735000000086,early_sustained_up,early,sustained,60.0,1.656942990000001
1774401_at,PMA1,PMA1,YGL008C,none,none,none,,-0.01103982999999964,late_sustained_down,late,sustained,100.0,-1.2452294800000008
1774402_at,YNR075C-A,,YNR075C-A,none,none,none,,0.06423622200000034,none,none,none,,-0.31575528099999994
1774403_at,YLR177W,,YLR177W,early_transient_up,early,transient,30.0,0.4862414839999989,early_sustained_up,early,sustained,30.0,1.778900049999999
1774404_at,ARP10,ARP10,YDR106W,none,none,none,,-0.4311739639999992,none,none,none,,-0.04340844399999977
1774409_at,CAD1,CAD1,YDR423C,none,none,none,,-0.28031118300000024,early_sustained_up,early,sustained,60.0,1.4773901299999999
1774424_at,COX5A,COX5A,YNL052W,none,none,none,,0.26431664000000055,early_sustained_down,early,sustained,60.0,-1.6400446249999998
1774425_at,GLN1,GLN1,YPR035W,none,none,none,,-0.1585533599999991,early_sustained_down,early,sustained,60.0,-1.5564278500000004
1774426_at,APN2,APN2,YBL019W,none,none,none,,0.298153739,late_sustained_up,late,sustained,100.0,1.2398356580000005
1774427_at,MRPL32,MRPL32,YCR003W,none,none,none,,-0.0510342399999999,none,none,none,,-0.6991894859999999
1774429_at,YPL279C,,YPL279C,none,none,none,,-0.2718055970000002,early_sustained_down,early,sustained,60.0,-1.4588790840000003
1774430_at,MAL33,MAL33,YBR297W,none,none,none,,0.13322083799999973,early_sustained_up,early,sustained,60.0,2.3046105590000003
1774433_at,VPS54,VPS54,YDR027C,none,none,none,,0.0010845960000001043,early_sustained_up,early,sustained,60.0,1.0256394369999988
1774434_at,YDR131C,,YDR131C,none,none,none,,0.48818191800000044,late_sustained_up,late,sustained,140.0,1.1781987890000005
1774435_at,FMP33,FMP33,YJL161W,early_sustained_up,early,sustained,30.0,2.1490749109999996,early_sustained_up,early,sustained,30.0,4.102518562999999
1774438_at,FCP1,FCP1,YMR277W,none,none,none,,-0.32998095800000016,none,none,none,,-0.5209737810000004
1774440_at,HFD1,HFD1,YMR110C,none,none,none,,0.6764391800000009,late_sustained_up,late,sustained,100.0,1.492138070000001
1774442_at,MSM1,MSM1,YGR171C,none,none,none,,0.09363735700000042,none,none,none,,0.07334029800000064
1774444_at,ATG5,ATG5,YPL149W,none,none,none,,0.03456315499999896,late_sustained_up,late,sustained,140.0,1.3059555629999995
1774445_at,PFK1,PFK1,YGR240C,none,none,none,,0.07361788000000047,none,none,none,,-1.091053630000001
1774453_at,DBP9,DBP9,YLR276C,early_transient_down,early,transient,30.0,-0.32111564000000037,early_sustained_down,early,sustained,60.0,-1.5598463770000013
1774459_at,POL12,POL12,YBL035C,none,none,none,,0.07332167500000075,none,none,none,,-0.1857306990000005
1774460_at,YJL181W,,YJL181W,none,none,none,,0.4376236210000002,none,none,none,,-0.8566437340000004
1774461_at,YBR090C,,YBR090C,none,none,none,,-0.051242053000000176,none,none,none,,0.06926474199999966
1774462_at,SIN4,SIN4,YNL236W,none,none,none,,-0.09442427699999989,early_sustained_up,early,sustained,60.0,1.3322897390000001
1774467_at,PZF1,PZF1,YPR186C,none,none,none,,-0.4278507239999998,none,none,none,,-0.5810822790000003
1774468_at,GCN2,GCN2,YDR283C,none,none,none,,0.00288837899999983,none,none,none,,-0.06977308099999924
1774469_at,YDR089W,,YDR089W,none,none,none,,0.33252963900000054,late_sustained_up,late,sustained,100.0,1.4547082650000007
1774470_at,YLR065C,,YLR065C,none,none,none,,-0.03868553000000041,none,none,none,,-0.7719923400000006
1774473_at,RPP2A,RPP2A,YOL039W,none,none,none,,-0.020697260000000384,none,none,none,,-0.771222550000001
1774475_at,SLP1,SLP1,YOR154W,none,none,none,,-0.06938922099999978,early_sustained_down,early,sustained,60.0,-1.0650505189999997
1774476_at,NAT5,NAT5,YOR253W,none,none,none,,-0.0339163599999992,none,none,none,,-0.8881166880000002
1774477_at,PAC2,PAC2,YER007W,none,none,none,,0.14581515199999995,late_sustained_up,late,sustained,100.0,1.3142595369999999
1774478_at,PCL10,PCL10,YGL134W,none,none,none,,0.14424554900000075,none,none,none,,0.42676200999999914
1774480_at,SAM50,SAM50,YNL026W,none,none,none,,0.11729507599999955,early_sustained_up,early,sustained,60.0,1.7401191690000015
1774482_at,TRX1,TRX1,YLR043C,none,none,none,,0.0727522399999998,none,none,none,,0.2082559900000014
1774485_at,MPM1,MPM1,YJL066C,early_transient_up,early,transient,60.0,0.726334327,early_sustained_up,early,sustained,60.0,1.3007738670000002
1774486_at,SSA2,SSA2,YLL024C,none,none,none,,-0.18165019999999998,none,none,none,,-0.2432946299999994
1774488_at,YOL107W,,YOL107W,none,none,none,,0.05272603500000006,none,none,none,,0.2526105489999999
1774489_at,YDR248C,,YDR248C,none,none,none,,0.4473700909999998,none,none,none,,-1.0306872
1774490_at,PEX10,PEX10,YDR265W,none,none,none,,-0.09216922999999966,late_sustained_up,late,sustained,100.0,1.4775803639999996
1774491_s_at,MAL12 /// MAL32,MAL12 /// MAL32,YBR299W,none,none,none,,0.927698704,none,none,none,,0.290704732
1774495_at,GAD1,GAD1,YMR250W,early_sustained_up,early,sustained,30.0,2.2918814769999996,early_sustained_up,early,sustained,30.0,4.4356479680000005
1774496_at,YHR213W-A,,YHR213W-A,none,none,none,,0.37454766699999986,none,none,none,,-0.19789438400000003
1774499_at,RSC58,RSC58,YLR033W,none,none,none,,-0.5738601360000004,none,none,none,,-0.1299828010000006
1774500_at,ARR3,ARR3,YPR201W,early_sustained_up,early,sustained,30.0,1.1482481659999997,early_sustained_up,early,sustained,30.0,1.9604100539999996
1774501_at,YMR084W,,YMR084W,none,none,none,,0.31835960700000054,late_sustained_up,late,sustained,140.0,1.3076858539999998
1774502_at,SEC12,SEC12,YNR026C,none,none,none,,-0.04291041699999987,none,none,none,,0.04943424700000065
1774503_at,UTP11,UTP11,YKL099C,early_transient_down,early,transient,30.0,-0.5943786700000011,early_sustained_down,early,sustained,60.0,-1.8747240649999988
1774504_at,SNX3,SNX3,YOR357C,none,none,none,,0.09698005100000096,none,none,none,,0.061616421999998394
1774505_at,SYF2,SYF2,YGR129W,none,none,none,,-0.18992681399999967,none,none,none,,0.4818142640000005
1774507_at,ROD1,ROD1,YOR018W,early_transient_up,early,transient,30.0,0.4214679159999992,early_transient_up,early,transient,30.0,0.37977595699999966
1774509_at,SCJ1,SCJ1,YMR214W,none,none,none,,-0.33219822000000043,none,none,none,,-0.304274809999999
1774511_at,AAD4,AAD4,YDL243C,early_sustained_up,early,sustained,30.0,1.1165679380000002,early_sustained_up,early,sustained,30.0,6.33100864
1774512_at,ABZ1,ABZ1,YNR033W,none,none,none,,0.17029509199999993,late_sustained_up,late,sustained,100.0,1.3585237340000003
1774513_at,MNN11,MNN11,YJL183W,none,none,none,,-0.22477258999999883,late_sustained_down,late,sustained,100.0,-1.2141613729999996
1774515_at,TFC7,TFC7,YOR110W,none,none,none,,-0.21144812400000035,none,none,none,,0.36199054700000133
1774516_at,INO4,INO4,YOL108C,none,none,none,,0.08301139300000049,late_sustained_up,late,sustained,100.0,1.2867996359999996
1774517_at,YPL277C,,YPL277C,none,none,none,,0.06977586999999996,none,none,none,,0.43704319599999986
1774521_at,PTC3,PTC3,YBL056W,none,none,none,,-0.05143845000000091,none,none,none,,0.9433521999999996
1774522_at,SNF11,SNF11,YDR073W,none,none,none,,-0.1242861719999997,none,none,none,,-0.4206039879999999
1774523_at,YGR226C,,YGR226C,none,none,none,,0.006628359999999667,none,none,none,,-0.5627587699999999
1774525_at,RPL36B,RPL36B,YPL249C-A,none,none,none,,-0.05513812000000051,late_sustained_down,late,sustained,140.0,-1.1354479399999988
1774526_at,ARE2,ARE2,YNR019W,none,none,none,,0.7044942670000012,none,none,none,,0.9580987180000005
1774527_at,FTH1,FTH1,YBR207W,none,none,none,,0.03408151000000004,none,none,none,,0.5425402500000001
1774529_at,COX18,COX18,YGR062C,none,none,none,,0.031084963999999715,none,none,none,,-0.18083724899999964
1774534_at,DGR1,DGR1,YNL130C-A,none,none,none,,0.05454507099999972,none,none,none,,-0.058507718999999625
1774540_at,SOL4,SOL4,YGR248W,early_sustained_up,early,sustained,30.0,3.598627347999999,early_sustained_up,early,sustained,30.0,5.776763802
1774541_at,PWP1,PWP1,YLR196W,early_transient_down,early,transient,60.0,-0.401982610000001,early_sustained_down,early,sustained,60.0,-2.9670072560000005
1774545_at,SDP1,SDP1,YIL113W,early_transient_up,early,transient,30.0,0.8841262429999999,early_sustained_up,early,sustained,30.0,3.773409805999999
1774546_at,SLX4,SLX4,YLR135W,none,none,none,,-0.03323524900000052,none,none,none,,0.18878251300000048
1774548_at,MRPS17,MRPS17,YMR188C,none,none,none,,0.19876601400000027,none,none,none,,0.3410795429999993
1774550_at,ISC1,ISC1,YER019W,none,none,none,,0.2633296299999994,none,none,none,,0.41057532399999985
1774551_at,TOM71,TOM71,YHR117W,none,none,none,,-0.049285387999999486,none,none,none,,0.17446976000000092
1774553_at,MAM3,MAM3,YOL060C,none,none,none,,-0.01615976799999963,none,none,none,,0.7541992099999995
1774554_at,JAC1,JAC1,YGL018C,none,none,none,,0.04645839099999982,none,none,none,,0.12667766200000052
1774556_at,HCH1,HCH1,YNL281W,none,none,none,,-0.2953518899999992,none,none,none,,-0.11894920999999847
1774558_at,PHO85,PHO85,YPL031C,none,none,none,,0.10560102999999899,late_sustained_up,late,sustained,100.0,1.255672070000001
1774560_at,SMF3,SMF3,YLR034C,none,none,none,,0.2596704499999998,late_sustained_up,late,sustained,100.0,1.2919759299999996
1774561_at,RMP1,RMP1,YLR145W,none,none,none,,-0.3701609620000008,early_sustained_up,early,sustained,60.0,1.520586003
1774564_at,HSP104,HSP104,YLL026W,early_partial_decline_up,early,partial_decline,30.0,0.9305933900000003,early_sustained_up,early,sustained,60.0,1.954494780000001
1774565_at,YFH7,YFH7,YFR007W,none,none,none,,0.2767672440000002,none,none,none,,0.38196124600000125
1774570_at,AFT1,AFT1,YGL071W,none,none,none,,0.13390003300000064,none,none,none,,-0.623189912
1774571_at,YGR126W,,YGR126W,none,none,none,,-0.36678771899999996,none,none,none,,0.31072990300000036
1774576_at,PSY2,PSY2,YNL201C,none,none,none,,-0.10103618299999972,none,none,none,,-0.7771039230000003
1774583_at,DUG2,DUG2,YBR281C,none,none,none,,-0.1422222030000011,none,none,none,,0.41509710500000097
1774584_at,YHR202W,,YHR202W,none,none,none,,0.6396004489999996,none,none,none,,-0.3143155179999999
1774585_at,YKR070W,,YKR070W,none,none,none,,0.21952852299999925,none,none,none,,-0.17178679999999957
1774590_at,GYP1,GYP1,YOR070C,none,none,none,,0.15364056700000006,none,none,none,,0.7680718530000004
1774592_at,SPS4,SPS4,YOR313C,early_sustained_down,early,sustained,30.0,-1.9184987960000002,early_sustained_down,early,sustained,30.0,-2.3712189269999997
1774593_at,BIO2,BIO2,YGR286C,none,none,none,,0.8810998859999994,none,none,none,,-0.8134751319999998
1774594_at,PAN3,PAN3,YKL025C,none,none,none,,-0.20368164799999988,none,none,none,,0.9521674900000008
1774595_at,YCL047C,,YCL047C,none,none,none,,0.23488097199999913,none,none,none,,-0.13786664000000037
1774596_s_at,RPS18A /// RPS18B,RPS18A /// RPS18B,YML026C,none,none,none,,0.030442139999999895,none,none,none,,-0.8107204999999986
1774600_at,KEM1,KEM1,YGL173C,none,none,none,,-0.1696753599999994,none,none,none,,0.3983714299999992
1774601_at,YLR057W,,YLR057W,none,none,none,,-0.04745099700000033,none,none,none,,-0.8299884599999992
1774604_at,THS1,THS1,YIL078W,none,none,none,,-0.07867551000000006,none,none,none,,-0.6290556200000008
1774605_at,CSG2,CSG2,YBR036C,none,none,none,,0.14711207999999942,none,none,none,,-0.05339403999999881
1774610_at,MNE1,MNE1,YOR350C,none,none,none,,0.10534310700000038,none,none,none,,0.5862371030000002
1774612_at,YPL150W,,YPL150W,none,none,none,,0.038753440999999,late_sustained_up,late,sustained,140.0,1.0151728470000005
1774613_at,IMP2',IMP2',YIL154C,none,none,none,,-0.005024354999999758,early_sustained_up,early,sustained,60.0,1.8504057330000006
1774614_at,YNL200C,,YNL200C,early_sustained_up,early,sustained,60.0,1.5624597589999993,early_sustained_up,early,sustained,60.0,2.538707330000001
1774617_at,YKL077W,,YKL077W,none,none,none,,0.03712965999999973,none,none,none,,-0.5384233500000004
1774618_at,DAD4,DAD4,YDR320C-A,none,none,none,,-0.12282358799999926,none,none,none,,-0.1430209069999986
1774621_at,RPL36A,RPL36A,YMR194W,none,none,none,,-0.1072135499999991,late_sustained_down,late,sustained,100.0,-1.8988640100000005
1774622_at,PSF3,PSF3,YOL146W,none,none,none,,-0.1583036490000005,none,none,none,,-0.6686756169999999
1774627_at,PMI40,PMI40,YER003C,none,none,none,,0.12626106999999998,none,none,none,,-1.1748632899999993
1774629_at,YPK1,YPK1,YKL126W,none,none,none,,-0.028006152999999756,none,none,none,,0.7850537499999994
1774631_at,YMR182W-A,,YMR182W-A,none,none,none,,-0.3829424589999997,none,none,none,,0.7802158700000001
1774633_at,YJU3,YJU3,YKL094W,none,none,none,,0.11942246999999995,none,none,none,,0.6753220999999989
1774641_at,PRP19,PRP19,YLL036C,none,none,none,,-0.4287648879999999,none,none,none,,-0.09461941300000021
1774643_at,ATS1,ATS1,YAL020C,none,none,none,,0.015495995000000207,none,none,none,,0.9875113449999997
1774644_at,YME2,YME2,YMR302C,none,none,none,,0.13978984400000094,none,none,none,,0.677198272
1774645_at,YDR003W-A,,YDR003W-A,early_transient_up,early,transient,30.0,0.24419338100000054,early_sustained_up,early,sustained,30.0,2.061113294
1774648_at,CAF4,CAF4,YKR036C,none,none,none,,-0.3462135150000005,none,none,none,,0.2444546540000001
1774649_at,DLT1,DLT1,YMR126C,none,none,none,,-0.0057509610000003875,none,none,none,,-0.8389870399999992
1774650_at,MSC6,MSC6,YOR354C,none,none,none,,0.037238965000000235,none,none,none,,-0.407708426000001
1774651_at,KEX1,KEX1,YGL203C,none,none,none,,-0.10530463499999954,none,none,none,,0.3398076949999993
1774653_at,YNL100W,,YNL100W,none,none,none,,0.5258400860000005,early_sustained_up,early,sustained,60.0,1.1828884939999984
1774658_at,YHR020W,,YHR020W,none,none,none,,-0.16158674999999967,late_sustained_down,late,sustained,100.0,-1.4147499199999984
1774660_at,IZH3,IZH3,YLR023C,none,none,none,,-0.02306820899999984,late_sustained_down,late,sustained,140.0,-1.3374023630000007
1774661_at,YAP1801,YAP1801,YHR161C,none,none,none,,0.21116193099999947,early_sustained_up,early,sustained,60.0,1.524191258
1774663_at,DHH1,DHH1,YDL160C,none,none,none,,-0.21628489999999978,early_sustained_down,early,sustained,60.0,-1.7217654000000007
1774665_at,PEX30,PEX30,YLR324W,early_transient_up,early,transient,60.0,0.29157054100000046,early_sustained_up,early,sustained,60.0,2.2807880239999996
1774666_at,SEC66,SEC66,YBR171W,none,none,none,,-0.2130686999999991,none,none,none,,-0.5133592599999997
1774667_at,TIF4632,TIF4632,YGL049C,none,none,none,,-0.2022045600000002,none,none,none,,-0.6699782049999996
1774668_at,SIF2,SIF2,YBR103W,none,none,none,,-0.004656048999999385,late_sustained_up,late,sustained,140.0,1.1675765399999989
1774669_at,YBR196C-B,,YBR196C-B,none,none,none,,-0.44477366399999996,none,none,none,,0.4801058610000002
1774670_at,YPL108W,,YPL108W,none,none,none,,-0.3143632319999998,late_sustained_down,late,sustained,100.0,-1.161552799999999
1774671_at,PET10,PET10,YKR046C,none,none,none,,0.29553115999999946,none,none,none,,-0.925281759999999
1774673_at,VPS29,VPS29,YHR012W,none,none,none,,-0.11203458199999972,late_sustained_up,late,sustained,100.0,1.3042281629999994
1774675_at,RNR2,RNR2,YJL026W,none,none,none,,0.7207931900000002,none,none,none,,0.8907066799999992
1774676_at,SPT16,SPT16,YGL207W,none,none,none,,-0.03724890999999886,none,none,none,,0.5725432000000001
1774677_at,MSA1,MSA1,YOR066W,none,none,none,,0.2362130190000009,none,none,none,,-0.6696194789999996
1774678_at,HST2,HST2,YPL015C,none,none,none,,0.4269681350000001,late_sustained_up,late,sustained,140.0,1.0666843650000004
1774682_at,RSM25,RSM25,YIL093C,none,none,none,,-0.11101385699999966,none,none,none,,0.004808171999998834
1774685_at,ACA1,ACA1,YER045C,none,none,none,,0.030861990000000006,none,none,none,,0.7199153700000007
1774687_at,WAR1,WAR1,YML076C,none,none,none,,0.03896886899999963,none,none,none,,-0.6448547220000007
1774689_at,SPT2,SPT2,YER161C,none,none,none,,-0.38377862100000115,none,none,none,,0.634812268000001
1774690_at,DPB11,DPB11,YJL090C,none,none,none,,-0.17580798300000033,none,none,none,,-0.7501864309999995
1774691_at,POL30,POL30,YBR088C,none,none,none,,0.14665038000000052,none,none,none,,0.1868305199999991
1774693_at,KRI1,KRI1,YNL308C,none,none,none,,-0.40497341999999925,early_sustained_down,early,sustained,60.0,-2.4390483110000005
1774694_at,YDL063C,,YDL063C,early_transient_down,early,transient,30.0,-0.37318548600000057,early_sustained_down,early,sustained,60.0,-2.7037935089999996
1774696_at,HSP31,HSP31,YDR533C,early_sustained_up,early,sustained,30.0,1.2651582149999996,early_sustained_up,early,sustained,30.0,3.2244887029999987
1774697_at,YLR168C,,YLR168C,none,none,none,,0.4667358369999999,late_sustained_up,late,sustained,140.0,1.013497096
1774699_at,PRR2,PRR2,YDL214C,none,none,none,,0.529945111,none,none,none,,0.8720355080000002
1774703_at,DIB1,DIB1,YPR082C,none,none,none,,0.0163262900000003,none,none,none,,-0.5339522900000002
1774705_at,MTD1,MTD1,YKR080W,none,none,none,,0.15220098999999898,none,none,none,,1.1462831199999997
1774707_at,RPN8,RPN8,YOR261C,none,none,none,,-0.23555339000000153,none,none,none,,0.97222045
1774709_at,REV3,REV3,YPL167C,none,none,none,,0.12454060099999964,none,none,none,,-0.00588744299999977
1774710_at,YMC2,YMC2,YBR104W,none,none,none,,-0.22842091999999958,late_sustained_down,late,sustained,100.0,-1.0489710110000008
1774713_at,PRE1,PRE1,YER012W,none,none,none,,-0.23241229000000097,none,none,none,,0.9752194500000009
1774715_at,PFK27,PFK27,YOL136C,none,none,none,,0.43519890399999994,early_sustained_down,early,sustained,30.0,-1.1154721150000002
1774716_at,GYP7,GYP7,YDL234C,none,none,none,,0.16311177500000085,early_sustained_up,early,sustained,60.0,2.6880567079999995
1774717_at,YAP5,YAP5,YIR018W,none,none,none,,-0.40578912699999936,none,none,none,,0.46700099699999953
1774718_at,TIF4631,TIF4631,YGR162W,none,none,none,,-0.3691591600000006,early_sustained_down,early,sustained,60.0,-1.704857928000001
1774719_at,CGR1,CGR1,YGL029W,early_transient_down,early,transient,30.0,-0.45867979299999995,early_sustained_down,early,sustained,60.0,-2.929082544999999
1774720_at,NAF1,NAF1,YNL124W,early_transient_down,early,transient,30.0,-0.6031577600000002,early_sustained_down,early,sustained,60.0,-2.483016383
1774721_at,ENP1,ENP1,YBR247C,early_transient_down,early,transient,30.0,-0.39341586799999995,early_sustained_down,early,sustained,60.0,-2.0701472470000013
1774723_at,UBX5,UBX5,YDR330W,none,none,none,,-0.17917219599999967,early_sustained_up,early,sustained,60.0,1.9953051010000014
1774725_at,POP1,POP1,YNL221C,none,none,none,,-0.25132322500000015,none,none,none,,0.10986776300000045
1774727_at,RPN13,RPN13,YLR421C,none,none,none,,-0.2592731499999985,none,none,none,,0.8417440599999999
1774728_at,VPS9,VPS9,YML097C,none,none,none,,-0.5355070920000005,none,none,none,,0.044392162999999485
1774729_at,YBR241C,,YBR241C,early_sustained_up,early,sustained,30.0,1.383977699,early_sustained_up,early,sustained,60.0,1.9579478630000002
1774736_at,YPR098C,,YPR098C,none,none,none,,0.8491093379999999,none,none,none,,0.6888682359999994
1774737_at,COG2,COG2,YGR120C,none,none,none,,-0.1427960670000008,none,none,none,,-0.07995502500000029
1774739_at,HIS5,HIS5,YIL116W,none,none,none,,-0.022409169999999534,none,none,none,,0.7611747700000002
1774742_at,YPR157W,,YPR157W,none,none,none,,0.9859775970000006,none,none,none,,0.22917188300000024
1774743_at,DAD3,DAD3,YBR233W-A,none,none,none,,-0.4080870720000007,late_sustained_down,late,sustained,100.0,-1.3801407520000009
1774744_at,YDR282C,,YDR282C,none,none,none,,0.2603121889999995,early_sustained_up,early,sustained,60.0,1.215328425
1774748_at,CDC33,CDC33,YOL139C,none,none,none,,-0.10131664999999934,late_sustained_down,late,sustained,100.0,-1.8136902599999996
1774749_at,AAD10,AAD10,YJR155W,none,none,none,,0.6155815490000007,none,none,none,,0.6261633030000002
1774750_at,LDB19,LDB19,YOR322C,none,none,none,,-0.2180330760000011,none,none,none,,0.14653335199999873
1774755_at,MAG2,MAG2,YLR427W,none,none,none,,-0.20892781800000115,late_sustained_up,late,sustained,100.0,1.1843238420000013
1774756_at,TSL1,TSL1,YML100W,early_sustained_up,early,sustained,30.0,2.1661372059999993,early_sustained_up,early,sustained,30.0,4.173294568
1774757_at,RRP12,RRP12,YPL012W,early_transient_down,early,transient,30.0,-0.3280425299999994,early_sustained_down,early,sustained,60.0,-3.1842633730000003
1774759_at,YDR286C,,YDR286C,none,none,none,,0.3618083099999989,none,none,none,,0.5639038589999998
1774762_at,SAK1,SAK1,YER129W,none,none,none,,-0.24096118500000063,none,none,none,,-0.09198969699999981
1774764_at,NRK1,NRK1,YNL129W,none,none,none,,-0.30713107400000084,none,none,none,,-0.5318712790000006
1774765_at,SEH1,SEH1,YGL100W,none,none,none,,-0.33201026199999895,none,none,none,,-0.1152466099999998
1774766_s_at,YRF1-1 /// YRF1-2 /// YRF1-3 /// YRF1-4 /// YRF1-5 /// YRF1-6 /// YRF1-7 /// YRF1-8,YRF1-1 /// YRF1-2 /// YRF1-3 /// YRF1-4 /// YRF1-5 /// YRF1-6 /// YRF1-7 /// YRF1-8,YBL112C,none,none,none,,-0.15449163099999907,early_sustained_down,early,sustained,30.0,-2.285501878
1774767_at,OTU1,OTU1,YFL044C,none,none,none,,-0.4434209220000014,none,none,none,,0.5132416160000002
1774768_at,TYS1,TYS1,YGR185C,none,none,none,,-0.1529631699999996,none,none,none,,-0.89507373
1774769_at,PRM2,PRM2,YIL037C,none,none,none,,-0.628966814,none,none,none,,0.07616786999999992
1774770_at,ENT5,ENT5,YDR153C,none,none,none,,-0.13896234200000102,none,none,none,,0.7745484840000003
1774772_at,YTA7,YTA7,YGR270W,none,none,none,,-0.1483373409999995,none,none,none,,-0.12528026000000025
1774775_at,SSP1,SSP1,YHR184W,none,none,none,,0.013896023000000035,none,none,none,,-0.06834600000000002
1774776_at,PPT2,PPT2,YPL148C,none,none,none,,0.32993969899999964,none,none,none,,0.6715488390000006
1774777_at,NQM1,NQM1,YGR043C,early_sustained_up,early,sustained,30.0,1.9367334129999998,early_sustained_up,early,sustained,60.0,3.5394498720000005
1774778_at,CRC1,CRC1,YOR100C,early_sustained_up,early,sustained,60.0,2.2012941770000003,early_sustained_up,early,sustained,30.0,2.6527685300000003
1774779_at,YPT31,YPT31,YER031C,none,none,none,,-0.14140742999999922,none,none,none,,-0.8130624799999993
1774780_at,SLC1,SLC1,YDL052C,none,none,none,,0.05083014000000041,none,none,none,,-0.46938119
1774787_at,TRI1,TRI1,YMR233W,none,none,none,,-0.23623888599999887,early_sustained_down,early,sustained,60.0,-1.0839784640000012
1774791_at,IES6,IES6,YEL044W,none,none,none,,-0.36649357000000116,none,none,none,,-0.21512833000000064
1774796_at,ABM1,ABM1,YJR108W,none,none,none,,0.10095728499999979,none,none,none,,0.6468583500000005
1774797_at,DPB4,DPB4,YDR121W,none,none,none,,-0.4393714400000004,none,none,none,,-0.26444743999999965
1774801_at,SER1,SER1,YOR184W,none,none,none,,0.19762290999999976,none,none,none,,0.5430989299999993
1774802_at,RPS11A,RPS11A,YDR025W,none,none,none,,-0.11993844000000031,late_sustained_down,late,sustained,100.0,-2.269569390000001
1774804_at,ATG3,ATG3,YNR007C,none,none,none,,0.3543405479999997,early_sustained_up,early,sustained,60.0,2.3525171809999996
1774805_at,PET18,PET18,YCR020C,none,none,none,,0.4241430340000001,late_sustained_up,late,sustained,140.0,2.6440044349999994
1774806_at,SHM1,SHM1,YBR263W,none,none,none,,-0.05996898000000073,none,none,none,,-0.4529834200000007
1774807_at,GGA2,GGA2,YHR108W,none,none,none,,-0.12248997000000017,none,none,none,,-0.27418652000000066
1774810_at,SIR3,SIR3,YLR442C,none,none,none,,0.011401081000000701,none,none,none,,0.2001411209999997
1774812_at,SPT23,SPT23,YKL020C,none,none,none,,0.12275553899999991,none,none,none,,0.3852142910000005
1774813_at,MSR1,MSR1,YHR091C,none,none,none,,-0.13167879399999904,none,none,none,,-0.47553359199999967
1774817_at,PHR1,PHR1,YOR386W,early_transient_up,early,transient,30.0,0.688415837,early_sustained_up,early,sustained,60.0,1.459631462
1774819_at,YSH1,YSH1,YLR277C,none,none,none,,-0.06433795199999892,none,none,none,,0.9582417280000008
1774820_at,YOR287C,,YOR287C,early_transient_down,early,transient,30.0,-0.5634085550000005,early_sustained_down,early,sustained,60.0,-2.3424215840000002
1774822_at,CTF3,CTF3,YLR381W,none,none,none,,-0.0226728060000001,none,none,none,,-0.21868966200000095
1774824_at,YLR194C,,YLR194C,none,none,none,,-0.5171802369999998,late_sustained_down,late,sustained,140.0,-1.8776169710000001
1774826_at,TMA19,TMA19,YKL056C,none,none,none,,0.0013239299999998622,none,none,none,,-0.39624967000000133
1774829_at,TIR3,TIR3,YIL011W,none,none,none,,0.5925123430000001,none,none,none,,-0.22698610699999922
1774832_x_at,YOL166W-A,,YOL166W-A,none,none,none,,0.330634742,none,none,none,,-0.09533136600000036
1774833_at,COX17,COX17,YLL009C,early_transient_up,early,transient,60.0,0.5004524799999999,none,none,none,,-0.8888214429999994
1774835_at,BCY1,BCY1,YIL033C,none,none,none,,0.24547113000000031,none,none,none,,0.6456407500000001
1774837_at,TRS23,TRS23,YDR246W,none,none,none,,-0.19067007700000005,none,none,none,,0.6163449609999994
1774838_at,MLH3,MLH3,YPL164C,none,none,none,,0.2875786250000001,none,none,none,,0.4990526019999999
1774840_at,CHO2,CHO2,YGR157W,none,none,none,,-0.24601827000000043,none,none,none,,0.10599944999999877
1774842_at,HSP150,HSP150,YJL159W,none,none,none,,0.15257229000000017,none,none,none,,-0.8955125200000005
1774843_at,RTN1,RTN1,YDR233C,none,none,none,,0.026662209999999575,late_sustained_down,late,sustained,100.0,-1.7236805000000004
1774844_at,PRO2,PRO2,YOR323C,none,none,none,,-0.21868461999999944,none,none,none,,0.09720071000000097
1774845_at,SMA2,SMA2,YML066C,none,none,none,,-0.31238119799999975,none,none,none,,0.11948395899999964
1774846_at,SEC28,SEC28,YIL076W,none,none,none,,0.12513611999999874,none,none,none,,-0.3690244800000002
1774850_at,TAF3,TAF3,YPL011C,none,none,none,,-0.2481840920000007,none,none,none,,0.8967913759999995
1774852_at,KRE1,KRE1,YNL322C,none,none,none,,0.15334335999999915,none,none,none,,0.33624204000000013
1774855_at,SPS2,SPS2,YDR522C,none,none,none,,0.4994285810000001,none,none,none,,0.13339952599999982
1774856_at,YFH1,YFH1,YDL120W,none,none,none,,-0.13247675000000037,none,none,none,,-0.18334620999999984
1774857_at,RAD24,RAD24,YER173W,none,none,none,,-0.06633108000000121,none,none,none,,-0.22456015100000037
1774858_at,PES4,PES4,YFR023W,none,none,none,,0.18447948400000014,none,none,none,,0.05028503499999992
1774859_at,MET6,MET6,YER091C,early_partial_decline_up,early,partial_decline,60.0,0.8827883070000002,late_transient_up,late,transient,100.0,0.21010625999999988
1774860_at,DPM1,DPM1,YPR183W,none,none,none,,0.0003950199999991355,none,none,none,,-0.8476441499999989
1774861_at,RET3,RET3,YPL010W,none,none,none,,-0.04083578999999915,none,none,none,,0.5105633399999991
1774863_at,YLR012C,,YLR012C,none,none,none,,0.42982999,none,none,none,,0.4146655420000007
1774864_at,VTI1,VTI1,YMR197C,none,none,none,,-0.02953634999999899,early_sustained_up,early,sustained,60.0,1.42901292
1774868_at,YIL001W,,YIL001W,none,none,none,,-0.23963139699999925,none,none,none,,0.9908204059999992
1774870_at,JHD1,JHD1,YER051W,none,none,none,,-0.31704343300000026,none,none,none,,0.05882330799999913
1774871_at,YMR148W,,YMR148W,none,none,none,,0.47222204599999884,none,none,none,,0.30540448800000064
1774873_at,YKR017C,,YKR017C,none,none,none,,-0.00810757899999981,late_sustained_up,late,sustained,140.0,1.226288146
1774874_at,CDC123,CDC123,YLR215C,none,none,none,,-0.19224130799999983,none,none,none,,0.6101280379999992
1774876_at,MYO5,MYO5,YMR109W,none,none,none,,-0.06008238500000118,none,none,none,,-0.17182303400000087
1774877_at,MED2,MED2,YDL005C,none,none,none,,-0.15330017299999987,none,none,none,,0.31405686700000146
1774878_at,MRPL10,MRPL10,YNL284C,none,none,none,,0.27721574999999987,none,none,none,,0.38045463999999996
1774880_at,SFT1,SFT1,YKL006C-A,none,none,none,,0.061379871999999835,none,none,none,,-0.8935960650000006
1774883_at,SAS10,SAS10,YDL153C,early_transient_down,early,transient,60.0,-0.45717821000000036,late_sustained_down,late,sustained,100.0,-1.7246118040000002
1774885_at,CPS1,CPS1,YJL172W,none,none,none,,0.6024246800000004,none,none,none,,0.27974314299999925
1774886_at,PET54,PET54,YGR222W,none,none,none,,-0.028243626000000077,none,none,none,,0.4510681390000002
1774887_at,SNC2,SNC2,YOR327C,none,none,none,,-0.004284260000000373,late_sustained_down,late,sustained,140.0,-1.2258085899999998
1774888_at,YJL045W,,YJL045W,early_sustained_up,early,sustained,30.0,2.0387415779999998,early_sustained_up,early,sustained,60.0,4.178398598999999
1774889_at,SSY1,SSY1,YDR160W,none,none,none,,-0.22814312099999956,none,none,none,,0.29026890000000005
1774891_at,APC9,APC9,YLR102C,none,none,none,,0.07658388900000013,early_sustained_up,early,sustained,60.0,1.780128573999999
1774892_at,YOL166W-A,,YOL166W-A,none,none,none,,-0.14760751900000013,none,none,none,,-0.024007413999999727
1774893_at,YJR151W-A,,YJR151W-A,none,none,none,,-0.060399820999999854,none,none,none,,-0.1214608290000001
1774894_at,ASA1,ASA1,YPR085C,none,none,none,,-0.2202878359999989,none,none,none,,1.244085309
1774895_at,PET130,PET130,YJL023C,none,none,none,,-0.015785403999999836,late_sustained_up,late,sustained,140.0,1.3047213969999998
1774896_at,SOD1,SOD1,YJR104C,none,none,none,,-0.0017871500000001816,none,none,none,,0.36714400999999874
1774898_at,IMG2,IMG2,YCR071C,none,none,none,,-0.007605918999999517,none,none,none,,-0.8527103619999998
1774900_at,YAR028W,,YAR028W,none,none,none,,-0.054414080999999115,none,none,none,,-0.6213229289999997
1774902_at,RUP1,RUP1,YOR138C,none,none,none,,0.003119289000000691,late_sustained_up,late,sustained,100.0,1.3337762619999989
1774903_at,DBP3,DBP3,YGL078C,early_transient_down,early,transient,30.0,-0.46483968000000075,early_sustained_down,early,sustained,60.0,-3.8983530959999992
1774905_at,CBP2,CBP2,YHL038C,none,none,none,,-0.3622028190000002,none,none,none,,0.6291662089999992
1774906_at,RGS2,RGS2,YOR107W,none,none,none,,-0.6338785590000002,early_sustained_down,early,sustained,60.0,-1.4586554559999998
1774908_at,IRA1,IRA1,YBR140C,none,none,none,,0.04583209499999974,none,none,none,,-0.3939092850000012
1774909_at,ECM18,ECM18,YDR125C,none,none,none,,0.16631249500000056,late_partial_decline_up,late,partial_decline,100.0,0.6490332839999997
1774910_at,TRS120,TRS120,YDR407C,none,none,none,,-0.0851405759999988,none,none,none,,0.7114339419999993
1774912_at,MKK1,MKK1,YOR231W,none,none,none,,0.13152256599999923,none,none,none,,1.2278194389999992
1774914_at,YCR016W,,YCR016W,early_transient_down,early,transient,60.0,-0.587230388,early_sustained_down,early,sustained,60.0,-1.5805912059999994
1774917_at,EAF3,EAF3,YPR023C,none,none,none,,0.106574629999999,late_sustained_up,late,sustained,140.0,1.1227521500000002
1774922_at,YLR406C-A,,YLR406C-A,none,none,none,,0.3329091599999998,none,none,none,,0.6255382140000005
1774923_at,GLE1,GLE1,YDL207W,none,none,none,,-0.2766055739999995,none,none,none,,0.35461402600000014
1774926_at,SDS24,SDS24,YBR214W,early_sustained_up,early,sustained,30.0,1.0284183910000007,early_sustained_up,early,sustained,30.0,4.015101178999999
1774927_at,MTR3,MTR3,YGR158C,early_transient_down,early,transient,30.0,-0.4573904649999996,early_partial_decline_down,early,partial_decline,60.0,-0.7467524090000008
1774928_at,CCT2,CCT2,YIL142W,none,none,none,,-0.37312127999999944,none,none,none,,0.27117997999999943
1774929_at,CHS5,CHS5,YLR330W,none,none,none,,-0.29495034700000033,none,none,none,,0.15903575699999983
1774930_at,THR4,THR4,YCR053W,none,none,none,,-0.07673282000000015,none,none,none,,-1.15881145
1774932_at,RTT10,RTT10,YPL183C,early_transient_down,early,transient,30.0,-0.23795634200000038,early_sustained_down,early,sustained,60.0,-1.8310223690000011
1774933_at,LTV1,LTV1,YKL143W,early_transient_down,early,transient,30.0,-0.4926420800000013,early_sustained_down,early,sustained,60.0,-2.3133473260000006
1774936_at,PEX25,PEX25,YPL112C,none,none,none,,-0.093771610000001,none,none,none,,0.40940465999999986
1774937_at,PDC5,PDC5,YLR134W,none,none,none,,0.22033990899999978,none,none,none,,0.5567985870000003
1774938_at,YGL006W-A,,YGL006W-A,none,none,none,,0.1298261860000003,none,none,none,,0.0014343150000000193
1774942_at,YBR200W-A,,YBR200W-A,none,none,none,,0.2076423730000001,none,none,none,,0.017595909000000187
1774944_s_at,MPH2 /// MPH3,MPH2 /// MPH3,YDL247W,none,none,none,,0.06843233900000012,none,none,none,,0.914405049
1774946_s_at,YAR064W,,YAR064W,none,none,none,,0.03862674099999985,none,none,none,,-0.3177147650000003
1774947_at,TOS4,TOS4,YLR183C,none,none,none,,0.16596323499999954,late_sustained_down,late,sustained,100.0,-1.9018826080000002
1774948_at,ACB1,ACB1,YGR037C,none,none,none,,0.16097060000000063,none,none,none,,0.31874237999999977
1774949_at,MGR1,MGR1,YCL044C,none,none,none,,-0.3918627669999992,early_sustained_up,early,sustained,60.0,1.1777580190000005
1774952_at,SUL2,SUL2,YLR092W,none,none,none,,-0.37754782400000053,none,none,none,,-0.09760728000000007
1774960_at,NCA3,NCA3,YJL116C,early_sustained_up,early,sustained,30.0,1.7548479399999994,late_sustained_up,late,sustained,140.0,2.4290466980000005
1774967_at,RPC53,RPC53,YDL150W,early_transient_down,early,transient,30.0,-0.500740918,early_partial_decline_down,early,partial_decline,60.0,-0.8898558459999997
1774969_at,SEC5,SEC5,YDR166C,none,none,none,,0.03630044500000018,late_sustained_up,late,sustained,140.0,1.1070192050000003
1774971_at,ITC1,ITC1,YGL133W,none,none,none,,0.16292556099999977,none,none,none,,0.6453070949999997
1774974_at,IMD4,IMD4,YML056C,none,none,none,,-0.40352277000000036,early_sustained_down,early,sustained,60.0,-2.8971472689999995
1774976_at,NOC4,NOC4,YPR144C,early_transient_down,early,transient,30.0,-0.46533932999999905,early_sustained_down,early,sustained,60.0,-1.7573037219999996
1774978_at,PDR17,PDR17,YNL264C,none,none,none,,0.1493447010000004,none,none,none,,0.509645432000001
1774979_at,YER078C,,YER078C,none,none,none,,0.06542327499999878,none,none,none,,0.0306719159999993
1774980_at,SOF1,SOF1,YLL011W,early_transient_down,early,transient,30.0,-0.5163978460000003,early_sustained_down,early,sustained,30.0,-2.3263235360000003
1774982_at,HGH1,HGH1,YGR187C,early_transient_down,early,transient,30.0,-0.4562214820000001,early_sustained_down,early,sustained,60.0,-3.4437924019999997
1774983_at,YOL083W,,YOL083W,early_sustained_up,early,sustained,30.0,2.331805974,early_sustained_up,early,sustained,60.0,2.8871284740000007
1774985_at,YJL070C,,YJL070C,early_transient_up,early,transient,30.0,0.7099206039999997,early_sustained_up,early,sustained,30.0,1.1144744130000008
1774987_at,SCS3,SCS3,YGL126W,none,none,none,,0.1887275300000013,none,none,none,,-0.422951501
1774988_at,DIT2,DIT2,YDR402C,none,none,none,,0.21560715899999972,none,none,none,,0.7167947039999998
1774990_at,SME1,SME1,YOR159C,none,none,none,,-0.42267008299999986,late_partial_decline_down,late,partial_decline,100.0,-0.8943514359999991
1774992_at,YKL105C,,YKL105C,none,none,none,,0.06927625800000037,late_sustained_up,late,sustained,100.0,1.0095237589999995
1774993_at,CHC1,CHC1,YGL206C,none,none,none,,0.08288799999999874,none,none,none,,-0.39507646999999935
1774995_at,RAD33,RAD33,YML011C,none,none,none,,-0.11105316500000129,none,none,none,,-0.15500055800000112
1774998_at,THI74,THI74,YDR438W,none,none,none,,0.0367614930000002,none,none,none,,0.9974231160000002
1775000_at,IDS2,IDS2,YJL146W,none,none,none,,-0.031617406000000514,none,none,none,,0.20861215000000044
1775002_at,LOT5,LOT5,YKL183W,none,none,none,,-0.20951724699999907,none,none,none,,-0.27358085400000043
1775003_at,YPL041C,,YPL041C,none,none,none,,0.1735893320000006,none,none,none,,-0.08027796000000009
1775004_at,YER080W,,YER080W,none,none,none,,0.07615403000000143,none,none,none,,0.8233373200000003
1775005_at,MRPS16,MRPS16,YPL013C,none,none,none,,0.2165896699999994,none,none,none,,0.49561974999999947
1775006_at,HXT4,HXT4,YHR092C,late_sustained_up,late,sustained,100.0,1.637415689000001,none,none,none,,0.11463627300000034
1775007_at,PRE9,PRE9,YGR135W,none,none,none,,-0.2034002200000007,none,none,none,,0.8855783699999993
1775012_at,KIP3,KIP3,YGL216W,none,none,none,,-0.12268668499999968,none,none,none,,0.6867706669999993
1775014_at,MSC1,MSC1,YML128C,early_sustained_up,early,sustained,30.0,2.6879439309999995,early_sustained_up,early,sustained,30.0,5.202100005999999
1775015_at,MCM3,MCM3,YEL032W,none,none,none,,-0.18171237800000029,none,none,none,,-0.7481659140000012
1775018_at,COX19,COX19,YLL018C-A,none,none,none,,0.16653115700000054,none,none,none,,0.1588593179999993
1775020_at,YND1,YND1,YER005W,none,none,none,,-0.04618861199999991,none,none,none,,-0.08697985200000069
1775022_at,YNL050C,,YNL050C,none,none,none,,-0.08800581700000087,none,none,none,,0.3457432909999998
1775023_at,YJR003C,,YJR003C,early_transient_down,early,transient,30.0,-0.45206907200000046,none,none,none,,-0.7435237900000002
1775024_at,BET4,BET4,YJL031C,none,none,none,,0.049663090999999326,early_sustained_up,early,sustained,60.0,2.388386347999999
1775028_at,YBR159W,,YBR159W,none,none,none,,0.06263757999999875,none,none,none,,-0.64001661
1775030_at,ERP5,ERP5,YHR110W,none,none,none,,0.20435721999999856,none,none,none,,0.44151895000000074
1775031_at,SEC24,SEC24,YIL109C,none,none,none,,-0.01020654000000043,none,none,none,,-0.07086861999999883
1775035_at,YEL023C,,YEL023C,none,none,none,,-0.01365527800000077,none,none,none,,0.22754867200000017
1775036_at,YPR1,YPR1,YDR368W,none,none,none,,0.5779591100000001,late_sustained_up,late,sustained,100.0,1.388408
1775038_s_at,YLR157W-C,,YLR157W-C,none,none,none,,0.15736631999999995,none,none,none,,-0.07315530600000031
1775039_at,RAD57,RAD57,YDR004W,none,none,none,,-0.2292448279999988,none,none,none,,0.007556299000000877
1775041_at,JID1,JID1,YPR061C,none,none,none,,0.46181153200000047,late_sustained_up,late,sustained,140.0,1.4456775880000006
1775043_at,YPR097W,,YPR097W,none,none,none,,-0.24869833099999994,none,none,none,,0.6920592149999987
1775044_at,LYS2,LYS2,YBR115C,none,none,none,,0.04057667999999914,none,none,none,,-0.29190541000000003
1775046_at,FAS2,FAS2,YPL231W,none,none,none,,0.1767332899999996,none,none,none,,-1.4315914200000002
1775050_at,RGA1,RGA1,YOR127W,none,none,none,,0.028148013999999222,none,none,none,,-0.7882736399999999
1775052_at,UTP8,UTP8,YGR128C,early_transient_down,early,transient,30.0,-0.46072421499999905,early_sustained_down,early,sustained,60.0,-2.181055077999999
1775054_at,RRP46,RRP46,YGR095C,none,none,none,,-0.33317750999999873,none,none,none,,-0.6238708509999995
1775055_at,SRD1,SRD1,YCR018C,none,none,none,,-0.16332600500000005,none,none,none,,-0.5141247720000006
1775056_at,CKB1,CKB1,YGL019W,none,none,none,,-0.11008961000000106,none,none,none,,-0.25911696000000006
1775057_at,MF(ALPHA)1,MF(ALPHA)1,YPL187W,none,none,none,,0.03701867999999919,none,none,none,,-0.2745487200000003
1775066_at,DCS2,DCS2,YOR173W,early_sustained_up,early,sustained,30.0,2.4435075989999993,early_sustained_up,early,sustained,60.0,5.120445101
1775068_at,TRE1,TRE1,YPL176C,none,none,none,,0.3672755400000014,none,none,none,,0.1276086799999998
1775069_at,CDH1,CDH1,YGL003C,none,none,none,,-0.1724455270000007,none,none,none,,0.3947140959999995
1775070_at,YIG1,YIG1,YPL201C,none,none,none,,-0.12863240099999995,none,none,none,,0.2600451279999998
1775071_at,ZRG17,ZRG17,YNR039C,none,none,none,,-0.4347125310000006,none,none,none,,-0.1965781369999995
1775074_at,HSH155,HSH155,YMR288W,none,none,none,,-0.16423714999999994,none,none,none,,-0.13705008500000027
1775076_at,RNH201,RNH201,YNL072W,none,none,none,,-0.3385489669999995,late_sustained_down,late,sustained,100.0,-1.8892866309999992
1775078_at,SPB4,SPB4,YFL002C,none,none,none,,-0.35458957300000016,early_sustained_down,early,sustained,60.0,-1.3404462860000006
1775079_at,YER010C,,YER010C,none,none,none,,0.2158477999999988,none,none,none,,-0.04882648799999956
1775083_at,APT2,APT2,YDR441C,early_transient_down,early,transient,30.0,-0.15859769500000098,early_transient_down,early,transient,30.0,-0.9574355189999988
1775087_at,LRE1,LRE1,YCL051W,none,none,none,,-0.11560908500000089,none,none,none,,-0.14517999999999986
1775089_at,SPS18,SPS18,YNL204C,none,none,none,,-0.36235271700000027,none,none,none,,0.3151461590000002
1775091_at,MED6,MED6,YHR058C,none,none,none,,-0.43244252900000024,none,none,none,,-0.19199935900000042
1775092_at,YGR125W,,YGR125W,none,none,none,,0.2859009830000012,none,none,none,,-0.17102411800000006
1775095_at,FIG2,FIG2,YCR089W,none,none,none,,-0.8865357469999999,late_sustained_down,late,sustained,100.0,-2.272188861000001
1775098_at,RET1,RET1,YOR207C,none,none,none,,-0.17952357999999968,early_sustained_down,early,sustained,60.0,-1.1194727100000001
1775101_at,APM2,APM2,YHL019C,none,none,none,,-0.06068612900000048,early_sustained_up,early,sustained,60.0,1.4127982239999994
1775108_at,ACK1,ACK1,YDL203C,none,none,none,,-0.03153161200000021,none,none,none,,-0.25593046999999913
1775109_at,ALF1,ALF1,YNL148C,none,none,none,,-0.0851231410000004,none,none,none,,-0.28683912799999955
1775112_at,SSD1,SSD1,YDR293C,none,none,none,,0.08944879999999955,none,none,none,,-0.0015532000000000323
1775114_at,YHR177W,,YHR177W,none,none,none,,0.21412684100000057,none,none,none,,-1.046589264
1775116_at,GIN4,GIN4,YDR507C,none,none,none,,-0.1547536590000007,none,none,none,,-1.0753184639999995
1775118_at,SLU7,SLU7,YDR088C,none,none,none,,-0.04959858500000003,none,none,none,,-0.23295786100000093
1775128_at,RPP2B,RPP2B,YDR382W,none,none,none,,-0.047724970000000866,none,none,none,,-0.8313167999999997
1775130_at,CNS1,CNS1,YBR155W,none,none,none,,-0.491170906999999,early_sustained_down,early,sustained,60.0,-1.7250093839999998
1775131_at,PRE8,PRE8,YML092C,none,none,none,,-0.2780045200000014,late_sustained_up,late,sustained,100.0,1.24298823
1775132_at,POP3,POP3,YNL282W,early_transient_down,early,transient,30.0,-0.3084186099999995,early_sustained_down,early,sustained,30.0,-2.004938301
1775133_at,SNX4,SNX4,YJL036W,early_transient_up,early,transient,30.0,0.005300316999999666,early_sustained_up,early,sustained,30.0,2.602880053
1775136_at,MTG1,MTG1,YMR097C,none,none,none,,0.1912720530000005,late_sustained_up,late,sustained,100.0,1.1397923209999998
1775137_s_at,YPL277C,,YPL277C,none,none,none,,0.2544307580000007,none,none,none,,0.18651796099999984
1775141_at,YSF3,YSF3,YNL138W-A,none,none,none,,-0.3577096500000003,none,none,none,,-0.09190390400000048
1775142_at,RPS14A,RPS14A,YCR031C,none,none,none,,-0.03051080000000006,none,none,none,,-0.4814972900000001
1775144_at,SRB7,SRB7,YDR308C,none,none,none,,-0.380665303999999,none,none,none,,-0.767940759
1775146_at,URN1,URN1,YPR152C,none,none,none,,-0.35027348099999944,none,none,none,,-0.22294456699999987
1775147_at,YJR005C-A,,YJR005C-A,early_transient_up,early,transient,30.0,0.943013578,early_sustained_up,early,sustained,30.0,6.394462851
1775150_at,NIP7,NIP7,YPL211W,early_transient_down,early,transient,60.0,-0.44748801999999976,early_sustained_down,early,sustained,60.0,-3.2951894189999997
1775151_at,SWS2,SWS2,YNL081C,none,none,none,,0.027599758999999224,none,none,none,,0.04280163600000009
1775152_at,YMR247W-A,,YMR247W-A,none,none,none,,-0.1981666729999998,none,none,none,,0.2556867650000001
1775154_at,RNA15,RNA15,YGL044C,none,none,none,,-0.3154837500000003,none,none,none,,0.9868660939999998
1775158_at,YDL241W,,YDL241W,none,none,none,,-0.3581109250000001,late_sustained_down,late,sustained,100.0,-2.276874082999999
1775160_at,HAT1,HAT1,YPL001W,none,none,none,,-0.2573843300000007,none,none,none,,0.05081860300000152
1775161_at,MMS22,MMS22,YLR320W,none,none,none,,-0.22351035600000024,none,none,none,,-0.5983248919999999
1775162_at,UBP8,UBP8,YMR223W,none,none,none,,-0.11264266899999953,none,none,none,,-0.03232142800000126
1775164_at,ISW2,ISW2,YOR304W,none,none,none,,-0.033551532000000606,none,none,none,,-0.3370571790000003
1775165_at,TTI2,TTI2,YJR136C,none,none,none,,0.0010628999999990896,none,none,none,,0.4601960189999996
1775166_at,SBE2,SBE2,YDR351W,none,none,none,,0.040332579999999396,none,none,none,,-0.3870133899999999
1775167_at,RPS26B,RPS26B,YER131W,none,none,none,,-0.02053288999999836,late_sustained_down,late,sustained,100.0,-2.7892822749999997
1775170_at,YBL010C,,YBL010C,none,none,none,,-0.1457735710000012,none,none,none,,0.09312700200000101
1775172_at,FCF2,FCF2,YLR051C,early_transient_down,early,transient,30.0,-0.4925718349999997,early_sustained_down,early,sustained,60.0,-1.4851578619999994
1775174_at,FOL3,FOL3,YMR113W,none,none,none,,-0.1715743439999997,none,none,none,,0.7311383159999991
1775175_at,VAM3,VAM3,YOR106W,none,none,none,,-0.28117032799999997,none,none,none,,0.07584081999999981
1775176_at,RTC4,RTC4,YNL254C,none,none,none,,-0.0792820479999996,none,none,none,,-0.18397429399999954
1775177_at,PEX17,PEX17,YNL214W,none,none,none,,0.28128474800000003,early_sustained_up,early,sustained,60.0,1.7474702440000005
1775178_at,KSS1,KSS1,YGR040W,none,none,none,,-0.39468658400000045,none,none,none,,-0.3094825209999996
1775179_at,YHR127W,,YHR127W,none,none,none,,-0.2873064939999992,none,none,none,,-0.07999935400000169
1775180_s_at,YAR010C,,YAR010C,none,none,none,,-0.03531061999999885,early_sustained_down,early,sustained,30.0,-2.795359223
1775181_at,CUL3,CUL3,YGR003W,none,none,none,,-0.29752216099999984,none,none,none,,0.6628800319999986
1775183_at,MAF1,MAF1,YDR005C,none,none,none,,0.10091757299999848,none,none,none,,0.16381779299999977
1775186_at,RPS14B,RPS14B,YJL191W,none,none,none,,0.19161326000000045,early_sustained_down,early,sustained,60.0,-1.4496551530000001
1775188_at,MRPL38,MRPL38,YKL170W,none,none,none,,0.15648318999999944,none,none,none,,0.23384938000000055
1775189_at,PET122,PET122,YER153C,none,none,none,,-0.051228744000000326,late_sustained_down,late,sustained,140.0,-1.2912047260000001
1775190_at,YMR209C,,YMR209C,none,none,none,,-0.19248841900000002,none,none,none,,-0.5455435000000008
1775191_at,YIL089W,,YIL089W,none,none,none,,0.3288244210000002,none,none,none,,0.23240704599999962
1775193_at,RPO41,RPO41,YFL036W,none,none,none,,0.1422462400000004,none,none,none,,-0.9425308619999999
1775195_at,VID22,VID22,YLR373C,none,none,none,,-0.2319659439999988,none,none,none,,-0.16588958999999903
1775199_at,HIS7,HIS7,YBR248C,none,none,none,,-0.32702141999999945,none,none,none,,-0.6965378399999995
1775201_at,YPL257W,,YPL257W,none,none,none,,0.3798311829999994,late_sustained_up,late,sustained,100.0,1.5907477120000006
1775207_at,ASF2,ASF2,YDL197C,none,none,none,,-0.4875717980000003,none,none,none,,0.3444475709999999
1775209_at,UBC13,UBC13,YDR092W,none,none,none,,-0.19993793999999987,none,none,none,,0.5454802399999998
1775211_at,CUS1,CUS1,YMR240C,none,none,none,,-0.4806252830000002,none,none,none,,0.9951213709999998
1775213_at,MNS1,MNS1,YJR131W,none,none,none,,0.2996336880000001,none,none,none,,-0.6895630619999995
1775215_at,YJL213W,,YJL213W,early_transient_up,early,transient,60.0,0.6259696690000007,early_sustained_up,early,sustained,60.0,1.3547127120000004
1775218_at,GND1,GND1,YHR183W,none,none,none,,0.034725110000000114,late_sustained_down,late,sustained,140.0,-1.4573175000000003
1775219_at,YHR112C,,YHR112C,none,none,none,,0.25796184999999916,none,none,none,,1.0633113600000001
1775220_at,PRM1,PRM1,YNL279W,none,none,none,,-0.9149695129999991,none,none,none,,-1.3282003269999993
1775221_at,YBR255C-A,,YBR255C-A,none,none,none,,-0.1403573120000008,none,none,none,,0.6333904480000001
1775222_at,SAS3,SAS3,YBL052C,none,none,none,,-0.4108966090000008,none,none,none,,-1.1050351129999996
1775226_at,YBR063C,,YBR063C,none,none,none,,0.09871844300000099,none,none,none,,1.1088188600000013
1775227_at,FUN14,FUN14,YAL008W,early_sustained_up,early,sustained,60.0,1.245023411,late_sustained_up,late,sustained,100.0,1.073141425000001
1775231_at,HOP2,HOP2,YGL033W,none,none,none,,0.1669486250000003,none,none,none,,-0.07529304999999997
1775233_at,DIM1,DIM1,YPL266W,early_transient_down,early,transient,60.0,-0.5335480799999992,early_sustained_down,early,sustained,60.0,-1.7146964779999987
1775234_at,BEM1,BEM1,YBR200W,none,none,none,,-0.3156351619999995,none,none,none,,0.08711191400000118
1775235_at,HTA2,HTA2,YBL003C,none,none,none,,-0.42365282000000093,early_sustained_down,early,sustained,60.0,-3.569120451
1775237_at,DYS1,DYS1,YHR068W,none,none,none,,-0.10455336999999965,none,none,none,,-0.8917387899999998
1775241_at,ERJ5,ERJ5,YFR041C,none,none,none,,-0.11843636899999943,none,none,none,,0.13383603700000002
1775244_at,OMS1,OMS1,YDR316W,none,none,none,,0.18361815699999973,none,none,none,,0.19322680799999858
1775245_at,MRPL23,MRPL23,YOR150W,none,none,none,,0.11258502999999997,none,none,none,,-0.1885244900000007
1775246_at,YMR155W,,YMR155W,none,none,none,,0.06131194299999976,none,none,none,,0.561646285000001
1775250_at,ISD11,ISD11,YER048W-A,none,none,none,,0.020999379999999235,none,none,none,,0.39119701500000126
1775251_at,MIP6,MIP6,YHR015W,none,none,none,,-0.05156299399999975,none,none,none,,0.3719907800000004
1775252_at,FZO1,FZO1,YBR179C,none,none,none,,0.08046584100000054,none,none,none,,0.9455308289999991
1775254_at,RSM18,RSM18,YER050C,none,none,none,,0.08735365999999978,none,none,none,,0.06516326999999933
1775255_at,PRM8,PRM8,YGL053W,none,none,none,,-0.1370043019999998,none,none,none,,-0.07134658199999988
1775257_at,COR1,COR1,YBL045C,none,none,none,,0.5598993199999995,none,none,none,,-0.15057647000000074
1775258_at,MDL1,MDL1,YLR188W,none,none,none,,-0.13310053500000052,none,none,none,,-0.5475129880000011
1775262_at,CDC20,CDC20,YGL116W,none,none,none,,-0.14664901200000102,none,none,none,,-1.069801376000001
1775263_at,CWH41,CWH41,YGL027C,none,none,none,,0.38220263300000035,none,none,none,,-0.3566546549999998
1775265_at,SUT2,SUT2,YPR009W,none,none,none,,-0.06775069299999892,late_sustained_down,late,sustained,100.0,-1.444330613
1775268_at,MRPL28,MRPL28,YDR462W,none,none,none,,0.24736777099999863,none,none,none,,0.8525868999999986
1775269_at,ERV15,ERV15,YBR210W,none,none,none,,-0.0584253419999996,none,none,none,,-0.09109403599999943
1775270_at,VAC8,VAC8,YEL013W,none,none,none,,0.027285859999999218,none,none,none,,0.09225960000000022
1775271_at,USV1,USV1,YPL230W,early_transient_up,early,transient,60.0,0.837466869,early_sustained_up,early,sustained,60.0,2.5340642430000004
1775274_at,CDC13,CDC13,YDL220C,none,none,none,,-0.051748267999999875,none,none,none,,-0.5101593979999999
1775276_at,ACS2,ACS2,YLR153C,none,none,none,,0.30062226999999986,late_sustained_down,late,sustained,100.0,-2.3055041099999993
1775277_at,MEH1,MEH1,YKR007W,none,none,none,,-0.26399782000000016,none,none,none,,-0.6799094770000007
1775278_at,GTR2,GTR2,YGR163W,none,none,none,,0.035424940000000404,late_sustained_up,late,sustained,140.0,1.1635986469999988
1775279_at,MSS51,MSS51,YLR203C,none,none,none,,0.19045605999999893,none,none,none,,0.1598165500000004
1775280_at,IMP2,IMP2,YMR035W,none,none,none,,-0.048364362999999244,none,none,none,,0.7026942629999997
1775282_at,PTI1,PTI1,YGR156W,none,none,none,,0.1523384839999995,none,none,none,,0.3204566740000008
1775283_at,KAP122,KAP122,YGL016W,none,none,none,,0.10972419199999983,none,none,none,,-0.5215446330000013
1775289_at,SAC7,SAC7,YDR389W,none,none,none,,-0.257249096999999,none,none,none,,-1.2272500320000006
1775292_at,PFA3,PFA3,YNL326C,none,none,none,,0.11678115000000133,none,none,none,,-0.21857933699999954
1775293_at,TIF34,TIF34,YMR146C,none,none,none,,-0.24941794999999978,none,none,none,,-0.5324360200000005
1775295_at,ASP1,ASP1,YDR321W,none,none,none,,-0.09289083999999903,late_sustained_down,late,sustained,100.0,-1.696645235
1775298_at,ERP3,ERP3,YDL018C,none,none,none,,0.4862450979999995,none,none,none,,0.42307416600000103
1775302_at,NUD1,NUD1,YOR373W,none,none,none,,-0.6133487199999994,late_sustained_down,late,sustained,100.0,-1.8920532450000005
1775303_at,PRX1,PRX1,YBL064C,early_sustained_up,early,sustained,30.0,1.5514310600000005,early_sustained_up,early,sustained,30.0,2.8555000130000003
1775305_at,YPL119C-A,,YPL119C-A,early_transient_up,early,transient,30.0,0.49090754699999994,early_sustained_up,early,sustained,30.0,2.903593938
1775307_at,YGR277C,,YGR277C,none,none,none,,-0.007410165999999663,none,none,none,,0.5440788619999992
1775308_at,UTR5,UTR5,YEL035C,none,none,none,,-0.7637540829999998,none,none,none,,0.7046244509999999
1775311_at,IKI1,IKI1,YHR187W,none,none,none,,-0.4162391129999996,none,none,none,,1.1855202019999993
1775312_at,YKL207W,,YKL207W,none,none,none,,-0.19724066999999934,none,none,none,,-0.0767185899999987
1775314_at,YOR021C,,YOR021C,none,none,none,,-0.18357777999999847,late_partial_decline_down,late,partial_decline,100.0,-0.9563935300000015
1775316_at,MRP10,MRP10,YDL045W-A,none,none,none,,0.10012998999999922,none,none,none,,-0.7299621809999994
1775317_at,MRPL11,MRPL11,YDL202W,none,none,none,,0.07056232800000117,none,none,none,,-0.19709038500000098
1775319_at,FIP1,FIP1,YJR093C,none,none,none,,-0.49003685899999994,none,none,none,,0.7341046759999994
1775320_at,SFI1,SFI1,YLL003W,none,none,none,,-0.16805028200000027,none,none,none,,-0.9386966970000001
1775322_at,CCS1,CCS1,YMR038C,none,none,none,,-0.7777502300000005,none,none,none,,0.5057387299999991
1775330_at,KIN4,KIN4,YOR233W,early_transient_down,early,transient,30.0,-0.30982230000000044,none,none,none,,-0.10670135900000055
1775331_at,OYE3,OYE3,YPL171C,early_transient_up,early,transient,30.0,0.3213830230000001,early_sustained_up,early,sustained,30.0,6.09506091
1775332_at,KRE9,KRE9,YJL174W,none,none,none,,-0.06646750999999895,none,none,none,,-0.21271949999999862
1775334_at,RRN10,RRN10,YBL025W,none,none,none,,0.08016556199999947,none,none,none,,1.1221391389999997
1775337_at,YHL015W-A,,YHL015W-A,none,none,none,,0.11412544600000007,none,none,none,,0.13140659799999987
1775340_at,UGX2,UGX2,YDL169C,early_sustained_up,early,sustained,30.0,1.8935424750000003,early_sustained_up,early,sustained,30.0,5.466618971
1775341_at,GFD1,GFD1,YMR255W,none,none,none,,-0.3409563240000004,late_sustained_up,late,sustained,100.0,1.0079940589999996
1775342_at,LIA1,LIA1,YJR070C,early_transient_down,early,transient,60.0,-0.442018169999999,early_sustained_down,early,sustained,60.0,-3.2796016409999993
1775344_at,SWF1,SWF1,YDR126W,none,none,none,,-0.18624166900000105,none,none,none,,-0.5665005719999998
1775345_at,NOT5,NOT5,YPR072W,none,none,none,,-0.24424968699999994,none,none,none,,0.683823610000001
1775347_at,PNP1,PNP1,YLR209C,none,none,none,,0.09834823999999998,none,none,none,,-0.06254284999999982
1775349_at,BBC1,BBC1,YJL020C,none,none,none,,0.24192284799999975,late_sustained_up,late,sustained,140.0,1.2517000580000008
1775350_at,SUB1,SUB1,YMR039C,none,none,none,,-0.24190001999999922,none,none,none,,0.3092819010000003
1775351_at,GCS1,GCS1,YDL226C,none,none,none,,-0.3256105930000004,none,none,none,,-0.5889942580000014
1775352_at,PRP43,PRP43,YGL120C,early_transient_down,early,transient,60.0,-0.47300899999999935,early_sustained_down,early,sustained,60.0,-1.7989890020000008
1775354_at,FRA2,FRA2,YGL220W,none,none,none,,-0.016566069999999655,late_sustained_down,late,sustained,100.0,-1.2411632699999995
1775355_at,BST1,BST1,YFL025C,none,none,none,,0.30952465800000084,none,none,none,,-0.5238065060000014
1775357_at,YOR283W,,YOR283W,none,none,none,,-0.31077866000000043,none,none,none,,-0.28139411999999986
1775358_at,HXT13,HXT13,YEL069C,none,none,none,,-0.289239738,none,none,none,,0.07167607899999995
1775362_at,YET2,YET2,YMR040W,none,none,none,,0.5866118889999994,early_sustained_up,early,sustained,60.0,2.0584875609999997
1775363_at,YJL132W,,YJL132W,early_partial_decline_up,early,partial_decline,60.0,0.9808226550000008,early_sustained_up,early,sustained,60.0,1.7533362539999988
1775364_at,HSP30,HSP30,YCR021C,early_transient_up,early,transient,30.0,0.0439279560000001,early_sustained_up,early,sustained,30.0,4.261024712999999
1775368_at,COG1,COG1,YGL223C,none,none,none,,-0.11722296399999976,none,none,none,,0.3538980519999999
1775369_s_at,TPO2 /// TPO3,TPO2 /// TPO3,YGR138C,none,none,none,,0.41860008099999924,none,none,none,,-0.1297197360000002
1775374_at,YMR099C,,YMR099C,none,none,none,,0.1245610500000005,none,none,none,,0.13924216000000023
1775376_at,YPR115W,,YPR115W,none,none,none,,0.15741814399999932,none,none,none,,0.18517007400000018
1775378_at,RPN4,RPN4,YDL020C,none,none,none,,-0.4814949500000001,early_sustained_up,early,sustained,30.0,1.3540269700000014
1775381_at,REX3,REX3,YLR107W,none,none,none,,-0.0009926659999983656,late_sustained_up,late,sustained,100.0,1.7136090470000003
1775384_at,BNA3,BNA3,YJL060W,none,none,none,,0.42878894000000045,late_partial_decline_up,late,partial_decline,100.0,0.6482361899999987
1775386_at,ATR1,ATR1,YML116W,early_transient_up,early,transient,30.0,-0.34057272500000124,early_sustained_up,early,sustained,30.0,2.7094053030000005
1775387_at,GYP8,GYP8,YFL027C,none,none,none,,-0.034782690000000116,late_sustained_up,late,sustained,100.0,1.2806871229999999
1775388_at,TDH1,TDH1,YJL052W,early_sustained_up,early,sustained,30.0,2.1843920399999988,early_sustained_up,early,sustained,30.0,2.416601049999999
1775389_at,CRZ1,CRZ1,YNL027W,none,none,none,,-0.2734279700000011,late_sustained_up,late,sustained,100.0,1.5892242640000003
1775390_at,YPK2,YPK2,YMR104C,early_partial_decline_up,early,partial_decline,30.0,0.7640008709999995,none,none,none,,0.8557827910000002
1775391_s_at,FSP2,FSP2,YIL172C,none,none,none,,0.49460618899999975,late_sustained_up,late,sustained,100.0,1.329815816
1775392_at,YPI1,YPI1,YFR003C,none,none,none,,-0.06730500199999945,early_sustained_up,early,sustained,60.0,1.5762915199999998
1775393_at,EFG1,EFG1,YGR271C-A,early_transient_down,early,transient,30.0,-0.5667407830000002,early_sustained_down,early,sustained,60.0,-2.38006312
1775394_at,CST26,CST26,YBR042C,none,none,none,,-0.14937107000000083,none,none,none,,-0.22873393799999953
1775395_at,IOC3,IOC3,YFR013W,none,none,none,,-0.49322695200000055,none,none,none,,0.17855102099999876
1775396_at,ERS1,ERS1,YCR075C,none,none,none,,-0.012828692999999447,none,none,none,,-0.18959404099999944
1775397_at,DCW1,DCW1,YKL046C,none,none,none,,0.013497730000000985,none,none,none,,-0.3487999999999989
1775399_at,BAP2,BAP2,YBR068C,none,none,none,,-0.13481906999999893,none,none,none,,0.45336586999999895
1775401_at,YIL024C,,YIL024C,none,none,none,,0.2498385359999995,none,none,none,,0.7038204529999996
1775402_at,SPL2,SPL2,YHR136C,none,none,none,,0.7365867800000006,none,none,none,,0.729082
1775403_at,RPO21,RPO21,YDL140C,none,none,none,,-0.3819601199999987,none,none,none,,-1.0366517910000006
1775407_at,RPL38,RPL38,YLR325C,none,none,none,,-0.001507719999999324,late_sustained_down,late,sustained,100.0,-1.1403393000000008
1775408_at,YDR493W,,YDR493W,none,none,none,,0.178074316,none,none,none,,0.37546115800000024
1775409_at,YDR524W-A,,YDR524W-A,none,none,none,,0.03271916100000016,none,none,none,,0.5892561059999997
1775410_at,YHL008C,,YHL008C,none,none,none,,0.3696747800000004,none,none,none,,0.12458767399999982
1775412_at,SHU2,SHU2,YDR078C,none,none,none,,0.07383600500000043,none,none,none,,0.7216861550000004
1775413_at,PDS1,PDS1,YDR113C,none,none,none,,-0.36652198300000016,none,none,none,,0.4270127840000004
1775415_at,YML002W,,YML002W,none,none,none,,0.02770820900000004,none,none,none,,0.9549728669999995
1775416_at,PHO86,PHO86,YJL117W,none,none,none,,-0.025268399999999858,none,none,none,,-0.6851518400000014
1775417_at,HCR1,HCR1,YLR192C,none,none,none,,-0.03551148000000026,none,none,none,,0.29243810000000003
1775418_at,MRPL36,MRPL36,YBR122C,none,none,none,,0.15547428599999868,none,none,none,,0.02888443400000007
1775421_at,YHR138C,,YHR138C,early_transient_up,early,transient,60.0,0.7504452179999994,early_sustained_up,early,sustained,60.0,2.389714671
1775422_at,HIR1,HIR1,YBL008W,none,none,none,,0.06898878800000041,none,none,none,,0.7843844529999995
1775423_at,YMR027W,,YMR027W,none,none,none,,0.15232217999999875,none,none,none,,1.052576029999999
1775424_at,EPL1,EPL1,YFL024C,none,none,none,,-0.14922164800000015,none,none,none,,0.20027461499999966
1775425_at,RAD10,RAD10,YML095C,none,none,none,,-0.23973231700000053,none,none,none,,0.7066571060000006
1775428_at,CUS2,CUS2,YNL286W,none,none,none,,0.09042995000000076,none,none,none,,0.5415730889999999
1775430_at,HNM1,HNM1,YGL077C,none,none,none,,-0.1687692700000003,early_sustained_down,early,sustained,60.0,-2.340292046
1775431_at,TMA23,TMA23,YMR269W,early_transient_down,early,transient,30.0,-0.42663596399999903,early_sustained_down,early,sustained,60.0,-2.8025419410000003
1775432_at,CDC42,CDC42,YLR229C,none,none,none,,-0.07652480000000139,none,none,none,,-0.39679165000000083
1775433_at,AAC1,AAC1,YMR056C,none,none,none,,0.3311764470000007,none,none,none,,-0.30887878899999954
1775436_at,SCT1,SCT1,YBL011W,none,none,none,,-0.01854040199999929,none,none,none,,-0.3342682470000007
1775439_at,ETR1,ETR1,YBR026C,early_sustained_up,early,sustained,60.0,1.0537177629999999,late_sustained_up,late,sustained,100.0,1.4484284380000005
1775440_at,OPY2,OPY2,YPR075C,none,none,none,,0.039812472000001264,none,none,none,,1.079183102
1775441_at,HAP4,HAP4,YKL109W,early_sustained_up,early,sustained,60.0,1.206819984000001,none,none,none,,1.108024747
1775443_at,YHR033W,,YHR033W,none,none,none,,0.6937389339999989,none,none,none,,1.0281656750000003
1775444_at,MPC54,MPC54,YOR177C,none,none,none,,1.1482369090000004,none,none,none,,0.8467877399999999
1775445_at,MSE1,MSE1,YOL033W,none,none,none,,0.29924374099999973,none,none,none,,0.16619598499999988
1775446_at,MRS2,MRS2,YOR334W,none,none,none,,0.10154574299999997,none,none,none,,-0.798153589
1775448_at,RPL37B,RPL37B,YDR500C,none,none,none,,0.027390559999998842,none,none,none,,-0.7774399400000007
1775449_at,HUB1,HUB1,YNR032C-A,none,none,none,,-0.13246093399999914,none,none,none,,-0.1628650890000003
1775450_at,YLR301W,,YLR301W,none,none,none,,-0.1591591999999995,none,none,none,,-0.7085695699999999
1775451_at,OST4,OST4,YDL232W,none,none,none,,-0.08479724999999938,early_sustained_down,early,sustained,60.0,-1.3614165200000006
1775452_at,ABP140,ABP140,YOR239W,none,none,none,,-0.20043178999999967,none,none,none,,-0.536838594999999
1775453_at,VNX1,VNX1,YNL321W,none,none,none,,0.2233388629999986,none,none,none,,-0.4168444949999994
1775454_at,LHP1,LHP1,YDL051W,early_transient_down,early,transient,60.0,-0.32556472999999997,early_sustained_down,early,sustained,60.0,-2.745767182
1775457_at,RPL21B,RPL21B,YPL079W,none,none,none,,-0.045761130000000705,late_sustained_down,late,sustained,100.0,-1.5714358799999992
1775458_at,CIK1,CIK1,YMR198W,none,none,none,,-0.4309121290000002,none,none,none,,-0.8534946290000001
1775459_at,GEA2,GEA2,YEL022W,none,none,none,,-0.3298561090000014,none,none,none,,-0.7711389929999992
1775462_at,STR2,STR2,YJR130C,none,none,none,,0.0035255680000005896,early_sustained_up,early,sustained,30.0,2.0383352830000003
1775463_at,PAP1,PAP1,YKR002W,none,none,none,,-0.1679664780000003,late_sustained_up,late,sustained,100.0,1.3696794580000002
1775465_at,NSL1,NSL1,YPL233W,none,none,none,,-0.6812883640000003,late_sustained_down,late,sustained,100.0,-1.1024409469999998
1775466_at,YNL018C,,YNL018C,none,none,none,,0.005553542999999994,none,none,none,,-0.26683103799999985
1775467_at,ERG10,ERG10,YPL028W,none,none,none,,0.0656825199999993,none,none,none,,-0.85764393
1775468_at,NHP2,NHP2,YDL208W,none,none,none,,-0.24688479000000108,early_sustained_down,early,sustained,60.0,-2.168984460000001
1775471_at,SRB6,SRB6,YBR253W,none,none,none,,-0.27835349100000073,none,none,none,,-0.019867280999999792
1775473_at,HEM12,HEM12,YDR047W,none,none,none,,-0.04428587000000128,none,none,none,,0.5784244300000001
1775476_at,MED7,MED7,YOL135C,none,none,none,,-0.3179279580000003,none,none,none,,0.22604901600000105
1775478_at,YNR071C,,YNR071C,none,none,none,,0.8382706280000001,early_sustained_up,early,sustained,60.0,1.911214138
1775479_at,ARO9,ARO9,YHR137W,early_sustained_up,early,sustained,60.0,1.3649908039999996,early_sustained_up,early,sustained,30.0,2.2067050990000006
1775480_at,CAR2,CAR2,YLR438W,none,none,none,,0.4451054499999998,none,none,none,,-0.9101855690000011
1775481_at,IBD2,IBD2,YNL164C,early_transient_down,early,transient,30.0,-0.26780690200000024,none,none,none,,0.13932292800000035
1775482_at,ERG11,ERG11,YHR007C,none,none,none,,0.06548718999999892,early_sustained_down,early,sustained,60.0,-1.5287086199999997
1775484_at,YCP4,YCP4,YCR004C,none,none,none,,0.3948944599999997,none,none,none,,0.7237786400000008
1775486_s_at,COS2 /// COS3,COS2 /// COS3,YBR302C,none,none,none,,0.31111470000000097,none,none,none,,0.757463790000001
1775489_at,YNL181W,,YNL181W,none,none,none,,-0.08224532999999923,none,none,none,,0.5477161500000012
1775490_at,YKR051W,,YKR051W,none,none,none,,-0.00017992899999974554,none,none,none,,0.372549875999999
1775492_at,NAT1,NAT1,YDL040C,none,none,none,,-0.1259278600000009,none,none,none,,0.16260238999999999
1775493_at,KAR5,KAR5,YMR065W,none,none,none,,-0.47336191299999975,none,none,none,,-0.5044092639999995
1775494_at,FMP52,FMP52,YER004W,none,none,none,,0.08416104999999874,late_sustained_up,late,sustained,100.0,1.4701149200000003
1775495_at,MCD1,MCD1,YDL003W,none,none,none,,0.11061761000000025,none,none,none,,-1.0606907749999994
1775497_at,YIL014C-A,,YIL014C-A,late_sustained_up,late,sustained,140.0,1.6043859730000003,none,none,none,,0.7549490940000005
1775498_at,YDR182W-A,,YDR182W-A,none,none,none,,-0.03416304799999992,early_sustained_up,early,sustained,60.0,2.587989211
1775500_at,GET2,GET2,YER083C,none,none,none,,-0.1625748300000005,none,none,none,,0.27390488999999896
1775505_at,YLR241W,,YLR241W,none,none,none,,0.19830387500000057,none,none,none,,0.9946585470000002
1775506_at,YDR161W,,YDR161W,none,none,none,,-0.32726968000000056,late_sustained_down,late,sustained,100.0,-1.0984686359999998
1775507_at,SRL2,SRL2,YLR082C,none,none,none,,-0.4258507250000001,none,none,none,,0.7652573900000004
1775509_at,HRK1,HRK1,YOR267C,none,none,none,,-0.010925417000001048,none,none,none,,-0.015852990000000844
1775510_at,TOS2,TOS2,YGR221C,none,none,none,,-0.2338319809999998,early_sustained_down,early,sustained,60.0,-2.2059683020000005
1775512_at,YCR051W,,YCR051W,none,none,none,,-0.4411171199999995,early_sustained_down,early,sustained,60.0,-1.7872436329999992
1775517_at,HIS3,HIS3,YOR202W,none,none,none,,-0.3692093700000001,none,none,none,,0.17828950999999904
1775518_at,QNS1,QNS1,YHR074W,none,none,none,,0.05502786999999998,none,none,none,,0.6048318899999998
1775522_at,SWM1,SWM1,YDR260C,none,none,none,,-0.39514420499999936,late_sustained_up,late,sustained,140.0,1.1695780220000014
1775523_at,ARC18,ARC18,YLR370C,none,none,none,,0.03361081000000077,none,none,none,,0.4821659399999998
1775526_at,CYS4,CYS4,YGR155W,none,none,none,,-0.3097207599999994,none,none,none,,-1.3865398100000004
1775528_at,GRC3,GRC3,YLL035W,early_transient_down,early,transient,30.0,-0.403137473000001,early_sustained_down,early,sustained,60.0,-1.478552325
1775529_at,FCY22,FCY22,YER060W-A,none,none,none,,-0.27313741700000005,none,none,none,,0.4726220539999999
1775531_at,DLS1,DLS1,YJL065C,none,none,none,,-0.12740340100000047,none,none,none,,-0.27150839000000104
1775532_at,NHP6A,NHP6A,YPR052C,none,none,none,,-0.5195094099999995,late_sustained_down,late,sustained,100.0,-1.4455399969999991
1775534_at,YOR356W,,YOR356W,none,none,none,,0.09725398399999996,early_sustained_down,early,sustained,60.0,-2.1157875599999993
1775536_at,RPL22A,RPL22A,YLR061W,none,none,none,,-0.024611939999999777,late_sustained_down,late,sustained,100.0,-1.6359114300000002
1775537_at,YNL146W,,YNL146W,none,none,none,,0.5311960110000005,none,none,none,,-0.03844658199999973
1775539_at,YGL262W,,YGL262W,none,none,none,,0.016020966000000136,none,none,none,,0.4017018229999998
1775540_at,YKL050C,,YKL050C,none,none,none,,-0.29508586099999956,none,none,none,,1.0754509629999998
1775541_at,HHT2,HHT2,YNL031C,none,none,none,,-0.12837116999999942,none,none,none,,-0.43747511000000117
1775542_at,RDS2,RDS2,YPL133C,none,none,none,,0.017810622999999914,none,none,none,,-0.21028382200000006
1775546_at,YDL114W,,YDL114W,none,none,none,,0.13052726000000003,none,none,none,,0.295822534
1775548_at,MSH6,MSH6,YDR097C,none,none,none,,0.2517772770000004,none,none,none,,0.43808571299999954
1775549_at,CMC1,CMC1,YKL137W,none,none,none,,0.1975283860000001,none,none,none,,-0.8627363089999989
1775553_at,KAP95,KAP95,YLR347C,none,none,none,,-0.15368319799999952,early_sustained_down,early,sustained,60.0,-1.3198953059999994
1775555_at,VPS52,VPS52,YDR484W,none,none,none,,-0.020106136000000774,early_sustained_up,early,sustained,60.0,1.7498698369999994
1775556_at,YBR182C-A,,YBR182C-A,none,none,none,,0.2588614439999999,none,none,none,,-0.0495894029999997
1775557_at,YOL086W-A,,YOL086W-A,none,none,none,,0.3836311549999998,none,none,none,,0.24323653400000111
1775558_at,CDC1,CDC1,YDR182W,none,none,none,,-0.10302483999999978,none,none,none,,-0.045157160000000474
1775560_at,ECM27,ECM27,YJR106W,none,none,none,,-0.28183967299999946,none,none,none,,0.03433358299999956
1775563_at,ODC2,ODC2,YOR222W,none,none,none,,-0.07910088000000037,none,none,none,,-0.13055733000000025
1775564_at,YFL068W,,YFL068W,none,none,none,,-0.06109348499999978,none,none,none,,-0.07940128599999952
1775565_at,ELA1,ELA1,YNL230C,none,none,none,,-0.046000444000000584,none,none,none,,-0.1589192860000006
1775568_at,YMR259C,,YMR259C,none,none,none,,-0.09295733699999964,early_sustained_down,early,sustained,60.0,-1.5173540719999998
1775569_at,YMD8,YMD8,YML038C,none,none,none,,-0.1152138340000004,none,none,none,,-0.820745604999999
1775570_at,MTC3,MTC3,YGL226W,none,none,none,,-0.040508978000000084,none,none,none,,0.7994125509999996
1775571_at,HRD1,HRD1,YOL013C,none,none,none,,0.03208418299999849,none,none,none,,0.655814427000001
1775573_at,YDL073W,,YDL073W,none,none,none,,-0.3324453150000011,none,none,none,,-0.32731035900000016
1775576_at,CTH1,CTH1,YDR151C,none,none,none,,-0.09386745399999974,early_sustained_up,early,sustained,60.0,2.0046386850000015
1775578_s_at,HXT6 /// HXT7,HXT6 /// HXT7,YDR342C,early_sustained_up,early,sustained,60.0,2.5164081670000016,early_sustained_up,early,sustained,60.0,2.452431141
1775587_at,YOR296W,,YOR296W,none,none,none,,0.04414745999999958,none,none,none,,-0.09465120599999999
1775588_at,YGR035W-A,,YGR035W-A,none,none,none,,-0.013917075000000168,none,none,none,,0.22938480200000022
1775590_at,IML3,IML3,YBR107C,none,none,none,,-0.09568299400000058,none,none,none,,-0.0682061479999998
1775593_at,CDC5,CDC5,YMR001C,none,none,none,,-0.24540035799999949,late_sustained_down,late,sustained,100.0,-2.027874883000001
1775594_s_at,RPL42A /// RPL42B,RPL42A /// RPL42B,YHR141C,none,none,none,,-0.042544590000000326,none,none,none,,-0.6381072799999998
1775596_at,RPC37,RPC37,YKR025W,early_transient_down,early,transient,60.0,-0.5370085529999997,early_sustained_down,early,sustained,60.0,-1.0719795409999993
1775598_at,YLL007C,,YLL007C,none,none,none,,-0.08227192900000002,none,none,none,,0.28526256800000027
1775599_at,NPR1,NPR1,YNL183C,none,none,none,,-0.04779015700000144,early_sustained_up,early,sustained,60.0,1.6116702370000002
1775600_at,RIF2,RIF2,YLR453C,none,none,none,,-0.10815599799999998,none,none,none,,-0.5649597660000003
1775605_at,PUS6,PUS6,YGR169C,none,none,none,,0.08948152900000039,none,none,none,,-0.6048631599999998
1775608_at,RIP1,RIP1,YEL024W,none,none,none,,0.6410928499999997,early_sustained_down,early,sustained,30.0,-1.1936299600000009
1775610_s_at,HMLALPHA2 /// HMRA2 /// MATALPHA2,HMLALPHA2 /// HMRA2 /// MATALPHA2,YCR096C,none,none,none,,0.08927481999999998,none,none,none,,0.6732432599999996
1775611_at,NMD5,NMD5,YJR132W,none,none,none,,-0.4761872389999997,early_sustained_down,early,sustained,60.0,-1.5321396180000004
1775613_at,PET127,PET127,YOR017W,none,none,none,,-0.15506359500000055,none,none,none,,-1.0386649499999994
1775614_at,GSP1,GSP1,YLR293C,none,none,none,,-0.0648656299999999,none,none,none,,-0.6765194599999997
1775615_at,STE23,STE23,YLR389C,none,none,none,,-0.049867472000000745,none,none,none,,0.17534267599999964
1775617_at,YPR153W,,YPR153W,none,none,none,,0.24433953499999994,none,none,none,,-0.30935062500000043
1775619_at,YML053C,,YML053C,none,none,none,,-0.23319350700000108,none,none,none,,0.7296483120000001
1775620_at,IES2,IES2,YNL215W,none,none,none,,-0.34073827499999965,late_sustained_up,late,sustained,100.0,1.3407107070000013
1775624_at,HSC82,HSC82,YMR186W,none,none,none,,-0.15196073999999982,none,none,none,,0.002546929999999392
1775626_at,URA7,URA7,YBL039C,early_transient_down,early,transient,60.0,-0.36898550000000085,early_sustained_down,early,sustained,60.0,-4.529185019999999
1775628_at,GAL7,GAL7,YBR018C,early_partial_decline_up,early,partial_decline,30.0,0.8745651249999993,early_sustained_up,early,sustained,60.0,2.225700412
1775629_at,YPL109C,,YPL109C,none,none,none,,0.21452193100000017,none,none,none,,0.7519772599999994
1775631_at,BLM10,BLM10,YFL007W,none,none,none,,0.04184902200000096,late_sustained_up,late,sustained,140.0,1.3655852700000004
1775633_at,DER1,DER1,YBR201W,none,none,none,,0.3374848460000006,none,none,none,,-0.2287992299999999
1775634_at,CDC3,CDC3,YLR314C,none,none,none,,0.04909003000000034,none,none,none,,-0.8189335280000005
1775635_at,SMC5,SMC5,YOL034W,none,none,none,,-0.0074739239999992435,none,none,none,,-0.20421805999999876
1775638_at,SGV1,SGV1,YPR161C,none,none,none,,-0.313230484,none,none,none,,0.6600543139999999
1775640_at,BUD4,BUD4,YJR092W,none,none,none,,-0.3548250530000008,late_sustained_down,late,sustained,100.0,-2.613257259
1775641_at,SAP185,SAP185,YJL098W,early_transient_down,early,transient,30.0,-0.18266994500000067,early_sustained_down,early,sustained,60.0,-1.2568802600000009
1775642_at,SRP54,SRP54,YPR088C,none,none,none,,-0.21298167000000134,none,none,none,,0.24457998000000103
1775643_at,ABD1,ABD1,YBR236C,none,none,none,,-0.18571954999999996,none,none,none,,0.42431307999999923
1775644_at,MRPL9,MRPL9,YGR220C,none,none,none,,0.03151021000000043,none,none,none,,-0.38742075099999873
1775645_at,REX2,REX2,YLR059C,none,none,none,,-0.16817263999999987,none,none,none,,-0.6330584300000002
1775647_at,SOL3,SOL3,YHR163W,none,none,none,,-0.050188090000000685,none,none,none,,-0.47722464999999836
1775648_at,FAD1,FAD1,YDL045C,none,none,none,,0.2969059819999984,early_sustained_up,early,sustained,60.0,1.4671621940000001
1775649_at,GRX4,GRX4,YER174C,none,none,none,,-0.1559097720000011,none,none,none,,-0.45479117500000044
1775654_at,YHR009C,,YHR009C,none,none,none,,0.2719527409999998,none,none,none,,0.19580393799999918
1775657_at,ULS1,ULS1,YOR191W,none,none,none,,-0.1875723649999994,none,none,none,,-0.36586783299999937
1775659_at,UFE1,UFE1,YOR075W,none,none,none,,-0.2606779069999998,none,none,none,,0.7621681159999998
1775661_at,DNM1,DNM1,YLL001W,none,none,none,,0.06284037100000006,early_sustained_up,early,sustained,60.0,1.277005040999999
1775663_at,ECM17,ECM17,YJR137C,none,none,none,,0.13244920900000068,none,none,none,,-0.5160086790000005
1775664_at,SKI8,SKI8,YGL213C,none,none,none,,-0.2558899649999997,none,none,none,,0.2081303890000008
1775666_at,GPD1,GPD1,YDL022W,early_sustained_up,early,sustained,30.0,2.1129350250000005,early_sustained_up,early,sustained,30.0,3.1507604439999994
1775667_at,TOK1,TOK1,YJL093C,none,none,none,,-0.024369510999999733,none,none,none,,-0.09476502199999892
1775668_at,YLF2,YLF2,YHL014C,none,none,none,,0.000996876000000313,none,none,none,,0.09556589199999976
1775669_at,RIO2,RIO2,YNL207W,early_transient_down,early,transient,30.0,-0.27742023999999965,late_sustained_down,late,sustained,100.0,-1.0258297589999987
1775670_at,IRC21,IRC21,YMR073C,none,none,none,,-0.06604825099999978,none,none,none,,-0.21371097900000002
1775673_at,AYR1,AYR1,YIL124W,none,none,none,,0.5525809899999992,none,none,none,,0.8726735300000001
1775676_at,UPF3,UPF3,YGR072W,none,none,none,,-0.33319850000000084,none,none,none,,0.0693882539999997
1775677_at,YRR1,YRR1,YOR162C,early_transient_up,early,transient,30.0,-0.1840841649999998,early_sustained_up,early,sustained,30.0,2.6026436790000007
1775678_at,PUT1,PUT1,YLR142W,early_transient_up,early,transient,60.0,0.8669323010000003,late_sustained_up,late,sustained,100.0,2.7904641869999995
1775683_at,NDI1,NDI1,YML120C,early_partial_decline_up,early,partial_decline,60.0,0.882810322000001,none,none,none,,-0.3024677950000001
1775688_at,YDL183C,,YDL183C,none,none,none,,-0.08145197800000048,none,none,none,,0.7043590329999994
1775690_at,RIC1,RIC1,YLR039C,none,none,none,,0.029183975999999667,late_sustained_up,late,sustained,100.0,1.2202884249999997
1775692_at,OSH2,OSH2,YDL019C,none,none,none,,0.04881232199999985,late_partial_decline_up,late,partial_decline,100.0,0.9868227439999995
1775694_at,PSE1,PSE1,YMR308C,none,none,none,,-0.14349623000000022,none,none,none,,-1.1197620200000014
1775696_at,RRD1,RRD1,YIL153W,none,none,none,,-0.11518507499999942,none,none,none,,0.7236949419999998
1775697_at,YNR064C,,YNR064C,late_partial_decline_up,late,partial_decline,100.0,0.9799491139999996,early_sustained_up,early,sustained,30.0,6.765114569
1775698_at,MSS116,MSS116,YDR194C,none,none,none,,-0.016498770000000107,none,none,none,,-0.41069010000000006
1775699_at,HOG1,HOG1,YLR113W,none,none,none,,0.18691074999999913,none,none,none,,0.3164148400000002
1775701_at,AKR1,AKR1,YDR264C,none,none,none,,-0.18942951000000008,none,none,none,,0.4107700199999993
1775702_at,YMR018W,,YMR018W,none,none,none,,0.4518026960000001,none,none,none,,0.11891738800000029
1775703_at,BRE1,BRE1,YDL074C,none,none,none,,-0.494338849,none,none,none,,0.023703859999999466
1775704_at,EMP47,EMP47,YFL048C,none,none,none,,-0.16934887999999937,none,none,none,,-0.4846700290000001
1775705_at,YOL024W,,YOL024W,none,none,none,,0.6116959520000007,early_sustained_up,early,sustained,60.0,1.7878320930000005
1775706_at,NUP188,NUP188,YML103C,none,none,none,,-0.23026744000000043,none,none,none,,0.23928568000000006
1775708_at,RSM28,RSM28,YDR494W,none,none,none,,0.2422600199999998,none,none,none,,-0.25028989099999954
1775709_at,SPT10,SPT10,YJL127C,none,none,none,,-0.2787721790000006,none,none,none,,-0.35323399600000016
1775710_at,ECM37,ECM37,YIL146C,none,none,none,,0.4724819570000003,late_sustained_up,late,sustained,140.0,1.3431719819999994
1775712_at,PET8,PET8,YNL003C,none,none,none,,0.297102473999999,none,none,none,,0.927549345000001
1775713_at,MET4,MET4,YNL103W,none,none,none,,-0.34437006499999967,none,none,none,,0.1904841200000007
1775717_at,YLR413W,,YLR413W,none,none,none,,-0.09701631999999982,early_sustained_down,early,sustained,60.0,-3.8366406620000006
1775718_at,DDP1,DDP1,YOR163W,none,none,none,,0.23285404999999848,none,none,none,,0.7702684499999997
1775719_at,DNL4,DNL4,YOR005C,none,none,none,,-0.008954808999999564,late_sustained_up,late,sustained,100.0,1.2494717680000011
1775720_at,YOX1,YOX1,YML027W,early_transient_down,early,transient,30.0,0.10078417199999912,early_sustained_down,early,sustained,30.0,-2.8382340270000004
1775722_at,RRP4,RRP4,YHR069C,none,none,none,,-0.3168317199999997,none,none,none,,-0.1950892900000003
1775724_at,MUK1,MUK1,YPL070W,none,none,none,,0.1265142379999995,early_sustained_up,early,sustained,60.0,1.5446574069999999
1775725_s_at,YRF1-1 /// YRF1-2 /// YRF1-3 /// YRF1-4 /// YRF1-5 /// YRF1-6 /// YRF1-7,YRF1-1 /// YRF1-2 /// YRF1-3 /// YRF1-4 /// YRF1-5 /// YRF1-6 /// YRF1-7,YEL076C-A,early_transient_down,early,transient,30.0,-0.3005675289999994,early_sustained_down,early,sustained,30.0,-4.2333585199999995
1775727_at,YAL046C,,YAL046C,none,none,none,,0.02613391100000051,none,none,none,,-0.358701485000001
1775729_at,MLS1,MLS1,YNL117W,early_transient_up,early,transient,30.0,0.8318585470000004,early_sustained_up,early,sustained,60.0,1.7418645589999997
1775732_at,PUS7,PUS7,YOR243C,early_transient_down,early,transient,60.0,-0.56282532,early_sustained_down,early,sustained,60.0,-2.690970952999999
1775734_at,CTR1,CTR1,YPR124W,late_partial_decline_up,late,partial_decline,100.0,0.9359609300000002,none,none,none,,0.7042830500000008
1775736_at,ADE4,ADE4,YMR300C,none,none,none,,-0.12628435599999932,none,none,none,,-0.10773217600000073
1775737_at,YER156C,,YER156C,none,none,none,,-0.4520859700000006,early_sustained_down,early,sustained,60.0,-2.4415054119999997
1775738_at,YBR184W,,YBR184W,none,none,none,,0.4064537909999997,none,none,none,,0.10077737899999928
1775739_at,MEC3,MEC3,YLR288C,none,none,none,,-0.13898517199999993,none,none,none,,0.6946448800000002
1775740_at,YDL206W,,YDL206W,early_partial_decline_up,early,partial_decline,60.0,0.8109735200000001,late_partial_decline_up,late,partial_decline,100.0,0.9628132429999994
1775742_at,YNR068C,,YNR068C,none,none,none,,-0.04645819399999951,early_sustained_up,early,sustained,30.0,2.809223931999999
1775744_at,UGA2,UGA2,YBR006W,early_partial_decline_up,early,partial_decline,60.0,0.9529673590000005,early_sustained_up,early,sustained,60.0,1.9308772970000003
1775745_at,YLR361C-A,,YLR361C-A,none,none,none,,0.33308387800000006,none,none,none,,0.20199388600000034
1775746_at,COX10,COX10,YPL172C,none,none,none,,0.1521029580000004,none,none,none,,-0.8032256159999998
1775748_at,YPR089W,,YPR089W,none,none,none,,-0.1250671910000012,none,none,none,,0.5934898349999997
1775750_at,TEX1,TEX1,YNL253W,none,none,none,,-0.3943131769999999,early_sustained_up,early,sustained,60.0,1.9584128589999992
1775754_at,HIF1,HIF1,YLL022C,none,none,none,,-0.14705319399999972,none,none,none,,0.251873272000001
1775756_at,SGF29,SGF29,YCL010C,none,none,none,,-0.2421975820000002,none,none,none,,-0.0716130279999998
1775757_at,RAD59,RAD59,YDL059C,none,none,none,,-0.558950147,late_sustained_up,late,sustained,100.0,1.2292579739999994
1775758_at,NBP2,NBP2,YDR162C,none,none,none,,-0.1904953539999994,early_sustained_up,early,sustained,60.0,1.0758040610000013
1775759_at,KTR3,KTR3,YBR205W,none,none,none,,-0.056136130000000506,none,none,none,,-0.6117920300000002
1775760_at,TSC13,TSC13,YDL015C,none,none,none,,0.09299524000000048,none,none,none,,-0.1972983700000004
1775762_at,NOP56,NOP56,YLR197W,none,none,none,,-0.4386325600000003,early_sustained_down,early,sustained,60.0,-2.336516734
1775764_at,YBL055C,,YBL055C,none,none,none,,-0.34730730699999945,none,none,none,,-0.17449344700000147
1775765_at,SRT1,SRT1,YMR101C,late_sustained_up,late,sustained,140.0,1.5955089429999996,none,none,none,,0.3344544489999999
1775766_at,AZF1,AZF1,YOR113W,none,none,none,,-0.22505974499999937,none,none,none,,-0.13856910799999955
1775767_at,NYV1,NYV1,YLR093C,none,none,none,,0.23696943000000026,none,none,none,,0.5023933099999986
1775769_at,YAL065C,,YAL065C,none,none,none,,-0.012522321000000058,none,none,none,,0.15935655999999998
1775771_at,MSI1,MSI1,YBR195C,none,none,none,,-0.24098063599999975,none,none,none,,-0.0011588279999994455
1775775_at,DPH1,DPH1,YIL103W,early_transient_down,early,transient,30.0,-0.2646747979999997,none,none,none,,-0.24610608100000064
1775778_at,RPN5,RPN5,YDL147W,none,none,none,,-0.21411757999999992,none,none,none,,0.8434800100000004
1775781_at,MCH4,MCH4,YOL119C,none,none,none,,-0.24488423000000026,early_sustained_up,early,sustained,60.0,1.4689202600000009
1775783_at,YBR221W-A,,YBR221W-A,none,none,none,,-0.241830212,none,none,none,,-0.043126641999999826
1775789_at,YDL144C,,YDL144C,none,none,none,,-0.07180323999999949,early_sustained_up,early,sustained,60.0,1.6068305989999985
1775791_at,CAK1,CAK1,YFL029C,none,none,none,,-0.1792984689999999,late_sustained_up,late,sustained,100.0,1.3977848680000005
1775797_at,PEX2,PEX2,YJL210W,none,none,none,,-0.1074816959999989,late_partial_decline_up,late,partial_decline,100.0,0.8264406550000007
1775799_at,UBP1,UBP1,YDL122W,none,none,none,,-0.3684196100000001,late_sustained_down,late,sustained,140.0,-1.3064378549999986
1775801_at,YGR017W,,YGR017W,none,none,none,,-0.21006281000000016,none,none,none,,-0.45239378299999977
1775802_at,APP1,APP1,YNL094W,none,none,none,,0.008203727000001493,none,none,none,,0.9678215029999997
1775807_at,GCD1,GCD1,YOR260W,none,none,none,,-0.2552733800000002,none,none,none,,0.5833653600000002
1775808_at,MRL1,MRL1,YPR079W,none,none,none,,0.12211444899999968,early_sustained_up,early,sustained,60.0,1.3319128210000013
1775809_at,PTC1,PTC1,YDL006W,none,none,none,,-0.1575396350000009,none,none,none,,0.5267385849999986
1775810_at,YNL194C,,YNL194C,early_sustained_up,early,sustained,30.0,2.0610893519999998,early_sustained_up,early,sustained,30.0,6.625935322
1775814_at,DLD2,DLD2,YDL178W,none,none,none,,0.08855808000000032,none,none,none,,-0.4192951400000009
1775815_at,COG8,COG8,YML071C,none,none,none,,-0.18168905899999999,none,none,none,,0.7927370929999995
1775816_at,SAR1,SAR1,YPL218W,none,none,none,,-0.06328306999999889,none,none,none,,-0.48098339000000045
1775820_at,VHT1,VHT1,YGR065C,none,none,none,,0.44797481699999864,none,none,none,,0.4362891290000004
1775821_at,TAD2,TAD2,YJL035C,none,none,none,,-0.6582973349999985,late_sustained_down,late,sustained,100.0,-1.0680076030000016
1775822_at,TAD1,TAD1,YGL243W,none,none,none,,0.1707606739999985,none,none,none,,0.24256300599999925
1775823_at,MAC1,MAC1,YMR021C,none,none,none,,-0.09677922000000017,none,none,none,,0.26866566900000066
1775824_at,RTT102,RTT102,YGR275W,none,none,none,,-0.2092282300000008,late_sustained_down,late,sustained,140.0,-1.3826197370000006
1775828_at,INO80,INO80,YGL150C,none,none,none,,-0.04189665999999903,none,none,none,,0.37210514800000105
1775829_at,NDC1,NDC1,YML031W,none,none,none,,-0.36187804000000057,none,none,none,,-0.819916727999999
1775831_at,VPS24,VPS24,YKL041W,none,none,none,,-0.1718986109999996,none,none,none,,0.21253048200000002
1775832_at,RPS20,RPS20,YHL015W,none,none,none,,0.001623079999999888,none,none,none,,-0.7363247899999994
1775833_at,SAS4,SAS4,YDR181C,none,none,none,,-0.20753769899999952,none,none,none,,0.729332663000001
1775835_at,ACM1,ACM1,YPL267W,none,none,none,,0.20034207899999856,none,none,none,,0.9557540709999994
1775837_at,SSN8,SSN8,YNL025C,none,none,none,,-0.14450781499999987,none,none,none,,0.47941292799999946
1775839_at,YGR016W,,YGR016W,none,none,none,,-0.1863746560000008,none,none,none,,0.48340012099999985
1775842_at,YHL021C,,YHL021C,early_sustained_up,early,sustained,30.0,1.836248145999999,early_sustained_up,early,sustained,30.0,3.349944206
1775844_at,NMT1,NMT1,YLR195C,none,none,none,,-0.24330149799999923,none,none,none,,-0.11244372400000024
1775846_at,SCS7,SCS7,YMR272C,none,none,none,,0.6412144800000004,early_sustained_down,early,sustained,60.0,-1.8937877099999998
1775847_at,HIS4,HIS4,YCL030C,none,none,none,,-0.34683350999999973,none,none,none,,-0.14271607000000053
1775848_at,PRP18,PRP18,YGR006W,none,none,none,,-0.0978838720000006,none,none,none,,0.42335190300000036
1775849_at,PTC7,PTC7,YHR076W,none,none,none,,-0.16026678999999966,none,none,none,,-0.3012897280000004
1775851_at,GPX1,GPX1,YKL026C,early_sustained_up,early,sustained,30.0,1.0191958629999993,early_sustained_up,early,sustained,30.0,2.932210478
1775852_at,TOM40,TOM40,YMR203W,none,none,none,,-0.044197569999999686,none,none,none,,-0.9263155999999988
1775853_at,CHS7,CHS7,YHR142W,none,none,none,,0.28230574799999886,none,none,none,,-0.08416365399999926
1775854_s_at,YHL009W-A,,YHL009W-A,none,none,none,,0.07307117499999993,none,none,none,,-1.0927200490000004
1775856_at,TRM1,TRM1,YDR120C,early_transient_down,early,transient,30.0,-0.4604014500000009,early_sustained_down,early,sustained,60.0,-3.1214935540000006
1775858_at,MBP1,MBP1,YDL056W,none,none,none,,0.02833507099999988,none,none,none,,-0.11726519800000013
1775859_at,SAH1,SAH1,YER043C,none,none,none,,-0.06853421000000104,early_sustained_down,early,sustained,60.0,-3.2046662280000007
1775860_at,RAD1,RAD1,YPL022W,none,none,none,,-0.16937816199999922,none,none,none,,0.9365801190000003
1775861_at,SHE3,SHE3,YBR130C,none,none,none,,-0.3770519029999999,none,none,none,,0.6032172100000004
1775863_at,AVT7,AVT7,YIL088C,none,none,none,,0.32887763999999997,none,none,none,,0.38051411
1775866_at,BFR2,BFR2,YDR299W,early_transient_down,early,transient,30.0,-0.4596588300000004,early_sustained_down,early,sustained,60.0,-1.8050745139999993
1775868_s_at,HXT13 /// HXT17,HXT13 /// HXT17,YNR072W,none,none,none,,0.1160195470000005,none,none,none,,0.04891904099999955
1775869_at,YAL049C,,YAL049C,none,none,none,,0.3471715799999995,none,none,none,,-0.07950145999999947
1775872_at,SAP1,SAP1,YER047C,none,none,none,,-0.11887163300000037,none,none,none,,0.9051866789999998
1775873_at,IDP3,IDP3,YNL009W,none,none,none,,0.128265764,none,none,none,,0.4621446539999994
1775874_at,SGA1,SGA1,YIL099W,early_sustained_up,early,sustained,30.0,1.0822344099999999,early_sustained_up,early,sustained,60.0,2.1281784790000007
1775875_at,RAD61,RAD61,YDR014W,none,none,none,,-0.0370757269999995,none,none,none,,0.460320619
1775876_at,HER2,HER2,YMR293C,none,none,none,,0.33022072900000055,none,none,none,,0.5345205650000011
1775877_at,NGL1,NGL1,YOL042W,none,none,none,,-0.10954901699999908,none,none,none,,-0.859374742
1775878_at,GEF1,GEF1,YJR040W,none,none,none,,-0.10673207399999995,none,none,none,,0.41270390599999907
1775884_at,RAX2,RAX2,YLR084C,none,none,none,,-0.16958513599999847,early_sustained_down,early,sustained,60.0,-3.087417031
1775887_at,MGR2,MGR2,YPL098C,none,none,none,,0.051837209999998635,none,none,none,,0.014663879999998741
1775889_at,SNF5,SNF5,YBR289W,none,none,none,,-0.13250324600000063,none,none,none,,0.7367491729999998
1775890_at,YMR090W,,YMR090W,early_sustained_up,early,sustained,30.0,2.6532586180000006,early_sustained_up,early,sustained,30.0,4.322386609999999
1775891_at,YHL039W,,YHL039W,none,none,none,,0.002754709999999605,none,none,none,,-0.47541509100000034
1775892_at,YIL077C,,YIL077C,early_transient_up,early,transient,30.0,-0.06444886999999966,early_sustained_up,early,sustained,60.0,1.2994715289999998
1775893_at,FUS2,FUS2,YMR232W,none,none,none,,0.047838014999999956,none,none,none,,0.4970997859999997
1775901_at,SHR3,SHR3,YDL212W,none,none,none,,-0.02447468999999991,none,none,none,,-1.0060946000000008
1775902_at,MIC17,MIC17,YMR002W,none,none,none,,-0.07035948000000047,none,none,none,,0.44357388000000064
1775904_at,GAT2,GAT2,YMR136W,early_sustained_up,early,sustained,30.0,1.25226841,late_sustained_up,late,sustained,100.0,1.5887554970000002
1775906_at,DYN3,DYN3,YMR299C,none,none,none,,0.040032486999999506,none,none,none,,0.38592969900000007
1775910_at,MRPL1,MRPL1,YDR116C,none,none,none,,0.20267998899999995,late_sustained_down,late,sustained,140.0,-1.277389244
1775912_at,COX5B,COX5B,YIL111W,early_sustained_up,early,sustained,30.0,2.6669348919999996,early_sustained_up,early,sustained,30.0,2.8679516080000003
1775915_at,ARC40,ARC40,YBR234C,none,none,none,,0.091771099999999,none,none,none,,0.32389822000000024
1775916_at,YNL193W,,YNL193W,none,none,none,,0.3193727430000006,late_sustained_up,late,sustained,140.0,1.0774517579999987
1775917_at,LAP3,LAP3,YNL239W,none,none,none,,0.2662432199999998,none,none,none,,0.42297994000000116
1775918_at,BUR6,BUR6,YER159C,none,none,none,,-0.26580595000000073,late_sustained_down,late,sustained,140.0,-1.2392857690000003
1775919_at,ENT3,ENT3,YJR125C,none,none,none,,0.04904945000000005,early_sustained_up,early,sustained,60.0,1.458123220000001
1775922_at,ARA2,ARA2,YMR041C,none,none,none,,-0.010367497000000725,late_sustained_up,late,sustained,100.0,1.646539143
1775924_at,HOS3,HOS3,YPL116W,none,none,none,,-0.020090845000000357,none,none,none,,-0.4873362170000002
1775925_at,OM45,OM45,YIL136W,early_sustained_up,early,sustained,30.0,1.002966429999999,early_sustained_up,early,sustained,60.0,3.8740219700000003
1775926_at,PFD1,PFD1,YJL179W,none,none,none,,-0.2947924750000013,none,none,none,,-0.48720146600000014
1775927_at,MSS2,MSS2,YDL107W,none,none,none,,0.49136053200000074,none,none,none,,0.5769060570000004
1775928_at,ADK1,ADK1,YDR226W,none,none,none,,0.022824119999999226,none,none,none,,-0.8593509499999996
1775932_at,COX16,COX16,YJL003W,none,none,none,,0.34583533999999894,none,none,none,,0.8359242280000014
1775933_at,RPS25B,RPS25B,YLR333C,none,none,none,,0.018201139999998617,late_sustained_down,late,sustained,100.0,-1.5770477399999994
1775934_at,YCR108C,,YCR108C,none,none,none,,-0.06156182600000015,none,none,none,,-0.22157502300000065
1775935_at,ATP15,ATP15,YPL271W,none,none,none,,0.2667206199999992,none,none,none,,0.2278270599999992
1775937_at,YMR030W-A,,YMR030W-A,none,none,none,,-0.39408785499999954,late_sustained_down,late,sustained,140.0,-1.382384290000001
1775939_at,SIL1,SIL1,YOL031C,none,none,none,,-0.16866719699999955,none,none,none,,0.17247971199999945
1775944_at,SCP1,SCP1,YOR367W,none,none,none,,0.21262043800000008,none,none,none,,0.9215181709999989
1775948_at,TYR1,TYR1,YBR166C,none,none,none,,-0.14936957100000114,none,none,none,,0.6199393549999996
1775949_at,AAP1,AAP1,YHR047C,none,none,none,,-0.40725300000000075,late_sustained_down,late,sustained,100.0,-2.0406314840000004
1775951_at,PEF1,PEF1,YGR058W,none,none,none,,-0.3332705570000005,none,none,none,,0.35307567500000037
1775952_at,KRE6,KRE6,YPR159W,none,none,none,,0.09447832999999939,none,none,none,,0.15589918000000047
1775953_s_at,YNL034W,,YNL034W,none,none,none,,-0.02877146099999983,none,none,none,,-0.39157944899999997
1775956_at,YGL140C,,YGL140C,none,none,none,,-0.3911669050000004,none,none,none,,-0.30256562700000167
1775957_at,BER1,BER1,YLR412W,none,none,none,,-0.38772661399999997,none,none,none,,-0.8727675069999989
1775958_at,DST1,DST1,YGL043W,none,none,none,,-0.19546677599999995,none,none,none,,0.149433994999999
1775959_at,YGR169C-A,,YGR169C-A,none,none,none,,0.1361548809999995,none,none,none,,-0.39648295599999983
1775960_at,ATP3,ATP3,YBR039W,none,none,none,,0.2096641599999991,none,none,none,,-0.2702724800000009
1775962_at,NOP53,NOP53,YPL146C,early_transient_down,early,transient,30.0,-0.5492069910000001,early_sustained_down,early,sustained,60.0,-1.3872597889999998
1775965_at,HEM1,HEM1,YDR232W,none,none,none,,-0.31148778999999926,early_sustained_down,early,sustained,60.0,-1.6538549430000007
1775966_at,YNL010W,,YNL010W,none,none,none,,-0.07057698000000023,late_sustained_down,late,sustained,100.0,-1.977114113999999
1775968_at,YDJ1,YDJ1,YNL064C,none,none,none,,-0.2750304200000002,none,none,none,,0.33881019000000023
1775969_at,UBX2,UBX2,YML013W,none,none,none,,-0.0886103760000001,none,none,none,,0.42881378800000114
1775970_at,YMR013W-A,,YMR013W-A,none,none,none,,0.39589713400000104,late_sustained_down,late,sustained,100.0,-2.4672755980000005
1775971_at,GAA1,GAA1,YLR088W,none,none,none,,-0.04605535399999994,none,none,none,,-0.9356453769999984
1775973_at,BPH1,BPH1,YCR032W,none,none,none,,0.21688130500000025,none,none,none,,0.802935057
1775974_at,ARO8,ARO8,YGL202W,none,none,none,,0.11580835999999906,none,none,none,,0.012087939999998909
1775975_at,MMT2,MMT2,YPL224C,none,none,none,,-0.23075228399999936,none,none,none,,0.6608647510000001
1775976_at,HXK1,HXK1,YFR053C,early_sustained_up,early,sustained,30.0,3.9464812999999985,early_sustained_up,early,sustained,30.0,4.2938434480000005
1775978_at,ALG11,ALG11,YNL048W,none,none,none,,-0.18057727999999962,none,none,none,,-0.34575161000000065
1775981_at,YMR315W-A,,YMR315W-A,none,none,none,,-0.48407319400000004,none,none,none,,-0.08891243299999996
1775982_at,YHR045W,,YHR045W,none,none,none,,-0.27077616999999954,early_sustained_down,early,sustained,60.0,-2.0384696400000006
1775984_at,FAA1,FAA1,YOR317W,none,none,none,,1.3427176200000002,none,none,none,,-0.17597284999999907
1775986_at,PLC1,PLC1,YPL268W,none,none,none,,0.08320495900000147,none,none,none,,-0.9720497629999993
1775988_at,NDL1,NDL1,YLR254C,none,none,none,,-0.35577563599999973,none,none,none,,0.4713574559999998
1775989_at,RUB1,RUB1,YDR139C,none,none,none,,-0.009224039999999434,none,none,none,,-0.5425583500000002
1775990_at,YDC1,YDC1,YPL087W,early_partial_decline_up,early,partial_decline,60.0,0.9857662640000004,early_sustained_up,early,sustained,60.0,1.6027707089999996
1775991_s_at,YCL073C,,YCL073C,none,none,none,,0.4364666509999995,early_sustained_up,early,sustained,60.0,2.203808411
1775992_at,BNA4,BNA4,YBL098W,none,none,none,,0.7617318730000004,none,none,none,,0.2995949609999995
1775996_at,YGL146C,,YGL146C,none,none,none,,0.49604125900000007,late_sustained_up,late,sustained,140.0,1.3402472730000001
1775999_at,SAM35,SAM35,YHR083W,none,none,none,,0.0570837700000002,none,none,none,,0.6550178200000012
1776002_s_at,YLR156W,,YLR156W,none,none,none,,0.060783799000000194,none,none,none,,-0.05223814999999998
1776003_at,SEC63,SEC63,YOR254C,none,none,none,,-0.13548304000000044,late_sustained_down,late,sustained,140.0,-1.3780437679999995
1776004_at,MCM4,MCM4,YPR019W,none,none,none,,-0.05586952800000056,none,none,none,,0.4149457259999991
1776006_at,YGL188C-A,,YGL188C-A,none,none,none,,0.2568259079999997,none,none,none,,-0.21449016100000007
1776009_at,PRT1,PRT1,YOR361C,none,none,none,,-0.18976588000000127,none,none,none,,-0.9644190600000009
1776010_at,RPS22A,RPS22A,YJL190C,none,none,none,,-0.003441959999999966,late_sustained_down,late,sustained,100.0,-2.0089917800000006
1776013_at,YPT52,YPT52,YKR014C,none,none,none,,-0.027156440000000615,none,none,none,,0.17784379000000072
1776014_at,RRP1,RRP1,YDR087C,early_transient_down,early,transient,30.0,-0.6101903599999989,late_sustained_down,late,sustained,100.0,-2.013587911
1776015_at,KAP123,KAP123,YER110C,early_transient_down,early,transient,60.0,-0.31213698,early_sustained_down,early,sustained,60.0,-2.4096825499999994
1776016_at,YBR225W,,YBR225W,none,none,none,,0.04252779699999998,none,none,none,,0.843633896
1776017_at,SPT3,SPT3,YDR392W,none,none,none,,-0.06389435199999838,early_sustained_up,early,sustained,60.0,1.813528582
1776019_at,SLM5,SLM5,YCR024C,early_transient_up,early,transient,30.0,0.48830614299999997,early_sustained_up,early,sustained,30.0,1.4554594989999998
1776020_at,DET1,DET1,YDR051C,none,none,none,,0.1962619599999993,none,none,none,,0.17087330999999928
1776021_at,HTZ1,HTZ1,YOL012C,none,none,none,,-0.6102251900000013,early_sustained_down,early,sustained,60.0,-1.8848322769999992
1776022_at,IDH2,IDH2,YOR136W,late_partial_decline_up,late,partial_decline,100.0,0.7938390200000001,none,none,none,,0.7673455399999991
1776023_at,NCP1,NCP1,YHR042W,none,none,none,,0.01312321999999888,late_sustained_down,late,sustained,140.0,-1.0734781899999994
1776025_at,RPS9B,RPS9B,YBR189W,none,none,none,,0.008389929999999879,late_sustained_down,late,sustained,140.0,-1.2397436200000005
1776027_at,CDC60,CDC60,YPL160W,none,none,none,,-0.15718030999999932,none,none,none,,-1.1303205500000004
1776029_at,PER1,PER1,YCR044C,none,none,none,,0.0906923500000012,none,none,none,,0.5406564599999992
1776030_at,PEX28,PEX28,YHR150W,none,none,none,,-0.11994453100000069,none,none,none,,0.0036079710000000986
1776033_at,YHR100C,,YHR100C,none,none,none,,-0.25388181499999973,none,none,none,,-0.7664889170000002
1776034_at,ORM1,ORM1,YGR038W,none,none,none,,-0.11267826999999997,none,none,none,,-0.04894657000000002
1776036_at,MOT3,MOT3,YMR070W,none,none,none,,0.49785550399999945,early_sustained_down,early,sustained,30.0,-1.7785031340000002
1776041_at,ATG1,ATG1,YGL180W,early_transient_up,early,transient,30.0,0.2972308350000006,early_sustained_up,early,sustained,30.0,3.398368811
1776043_at,SLD3,SLD3,YGL113W,none,none,none,,-0.3653787410000007,late_sustained_down,late,sustained,100.0,-1.299523078
1776044_at,RCK1,RCK1,YGL158W,none,none,none,,-0.6303651530000001,none,none,none,,-0.5788525780000002
1776045_at,SNT1,SNT1,YCR033W,none,none,none,,-0.3772767080000001,none,none,none,,-0.781396633
1776046_at,NTH2,NTH2,YBR001C,early_partial_decline_up,early,partial_decline,30.0,0.8215855530000002,early_sustained_up,early,sustained,60.0,2.9174541869999997
1776049_at,RPS19B,RPS19B,YNL302C,none,none,none,,-0.04563347999999934,none,none,none,,-0.6664327299999986
1776054_at,VHR1,VHR1,YIL056W,none,none,none,,-0.19698624199999948,none,none,none,,-0.4563719739999996
1776058_at,MDE1,MDE1,YJR024C,none,none,none,,-0.17306484999999938,none,none,none,,-0.5950500499999993
1776061_at,ERG9,ERG9,YHR190W,none,none,none,,0.18158822000000008,none,none,none,,-0.12615112000000117
1776063_at,HAP5,HAP5,YOR358W,none,none,none,,0.06535124999999997,none,none,none,,0.17370861600000076
1776064_at,JEN1,JEN1,YKL217W,none,none,none,,0.21912543699999976,none,none,none,,-0.027063427999999945
1776068_at,SVS1,SVS1,YPL163C,none,none,none,,-0.15835251999999933,late_sustained_down,late,sustained,100.0,-2.433827332
1776069_at,EAF1,EAF1,YDR359C,none,none,none,,0.02342741100000012,none,none,none,,1.2124111889999991
1776075_at,SMP3,SMP3,YOR149C,none,none,none,,-0.10734612599999949,none,none,none,,-0.7205433900000004
1776076_at,TFB2,TFB2,YPL122C,none,none,none,,-0.003878649000000678,none,none,none,,-0.20200498400000022
1776077_at,TMA108,TMA108,YIL137C,none,none,none,,0.04414337899999943,none,none,none,,0.7235010400000004
1776079_at,YAP1802,YAP1802,YGR241C,none,none,none,,0.009839753000001394,none,none,none,,-0.15409807099999995
1776080_at,GUS1,GUS1,YGL245W,none,none,none,,-0.017940879999999382,none,none,none,,0.03867240000000116
1776081_at,SMT3,SMT3,YDR510W,none,none,none,,-0.05028433999999926,none,none,none,,0.044326650000000356
1776083_at,VPS27,VPS27,YNR006W,none,none,none,,0.050058662999999726,early_sustained_up,early,sustained,60.0,1.490395199
1776084_at,SAM4,SAM4,YPL273W,none,none,none,,-0.3543471399999998,late_sustained_down,late,sustained,140.0,-1.5872910010000005
1776085_at,APE2,APE2,YKL157W,none,none,none,,0.28453134999999996,none,none,none,,0.3899198800000008
1776087_at,ECM12,ECM12,YHR021W-A,none,none,none,,0.23741712700000006,none,none,none,,0.6040441959999998
1776088_at,NRM1,NRM1,YNR009W,none,none,none,,-0.1189442009999997,late_sustained_down,late,sustained,100.0,-1.4986461330000003
1776090_at,PRI1,PRI1,YIR008C,none,none,none,,-0.15816893000000043,none,none,none,,0.6217596900000011
1776091_at,RPA43,RPA43,YOR340C,early_transient_down,early,transient,60.0,-0.48598411999999946,early_sustained_down,early,sustained,60.0,-2.3195114310000005
1776092_at,GEA1,GEA1,YJR031C,none,none,none,,-0.08720256800000037,none,none,none,,-0.8594968750000005
1776093_at,CPR5,CPR5,YDR304C,none,none,none,,0.22980601000000078,none,none,none,,0.45177585000000064
1776094_at,SNU71,SNU71,YGR013W,none,none,none,,-0.17734433799999927,none,none,none,,0.727390977999999
1776095_at,ABZ2,ABZ2,YMR289W,none,none,none,,0.07191302899999918,none,none,none,,-0.01455692699999922
1776096_at,YER134C,,YER134C,none,none,none,,-0.08060577200000019,none,none,none,,-0.19413254400000035
1776097_at,PRS3,PRS3,YHL011C,none,none,none,,-0.28425462000000046,early_sustained_down,early,sustained,60.0,-1.7710840230000002
1776102_at,SSO2,SSO2,YMR183C,none,none,none,,-0.15316289000000083,late_sustained_down,late,sustained,140.0,-1.370536908
1776104_at,RPS28B,RPS28B,YLR264W,none,none,none,,-0.010051450000000628,early_sustained_down,early,sustained,60.0,-1.2780376100000002
1776107_at,YBR298C-A,,YBR298C-A,none,none,none,,-0.10022143199999967,none,none,none,,-0.47604009299999994
1776108_at,YNL046W,,YNL046W,none,none,none,,-0.26023211799999935,late_sustained_down,late,sustained,140.0,-1.334735372
1776109_at,RPT5,RPT5,YOR117W,none,none,none,,-0.15629446999999885,none,none,none,,0.7778187899999995
1776115_at,TRM9,TRM9,YML014W,none,none,none,,-0.41677216500000114,none,none,none,,-0.4656561769999996
1776117_at,MFA2,MFA2,YNL145W,none,none,none,,0.14443087800000054,none,none,none,,-0.07365429000000034
1776118_at,UTP21,UTP21,YLR409C,early_transient_down,early,transient,30.0,-0.46149117399999895,early_sustained_down,early,sustained,60.0,-2.086701530999999
1776120_at,YER175W-A,,YER175W-A,none,none,none,,-0.03792257100000018,none,none,none,,0.29336078100000007
1776122_at,ERG13,ERG13,YML126C,none,none,none,,0.17766527999999937,late_sustained_down,late,sustained,100.0,-1.836497490000001
1776123_at,TAF10,TAF10,YDR167W,none,none,none,,-0.30907863000000013,none,none,none,,0.45010633000000055
1776125_at,GIC1,GIC1,YHR061C,none,none,none,,-0.21237258800000003,early_sustained_down,early,sustained,60.0,-1.6960905190000002
1776127_at,YMR102C,,YMR102C,none,none,none,,0.029616721000000013,none,none,none,,-0.1785423030000004
1776129_at,MIR1,MIR1,YJR077C,none,none,none,,0.25131089000000095,none,none,none,,-0.5095919599999998
1776132_at,MLC2,MLC2,YPR188C,none,none,none,,-0.08430651900000008,none,none,none,,-0.2661413469999996
1776134_at,PRP45,PRP45,YAL032C,none,none,none,,-0.23476986400000044,none,none,none,,-0.08671275599999984
1776135_at,TIP41,TIP41,YPR040W,none,none,none,,-0.2651172180000003,none,none,none,,0.7352684949999997
1776136_at,SIP2,SIP2,YGL208W,none,none,none,,0.6206867980000004,late_sustained_up,late,sustained,100.0,1.6904032410000003
1776139_at,YOR131C,,YOR131C,none,none,none,,0.20244193999999993,early_sustained_up,early,sustained,60.0,1.266046750000001
1776143_at,STH1,STH1,YIL126W,none,none,none,,-0.6147901749999996,none,none,none,,-0.9103552429999997
1776145_at,YCR100C,,YCR100C,none,none,none,,0.07321239200000029,none,none,none,,0.7033988969999996
1776150_at,COX13,COX13,YGL191W,none,none,none,,0.3835090000000001,none,none,none,,-1.2219314499999996
1776151_at,MTO1,MTO1,YGL236C,none,none,none,,0.1989606730000002,none,none,none,,-0.5088094539999997
1776152_at,JIP4,JIP4,YDR475C,none,none,none,,0.24538695000000033,late_sustained_up,late,sustained,100.0,1.156249099
1776153_at,YMR206W,,YMR206W,none,none,none,,0.7592130079999997,late_partial_decline_up,late,partial_decline,100.0,0.9921989509999998
1776154_at,ALG14,ALG14,YBR070C,none,none,none,,0.21600705299999845,none,none,none,,0.005932450999999617
1776155_at,RNR4,RNR4,YGR180C,none,none,none,,0.5874568,none,none,none,,0.7921575500000007
1776156_at,BDH2,BDH2,YAL061W,early_transient_up,early,transient,30.0,0.07800654999999956,early_sustained_up,early,sustained,30.0,1.6236716299999996
1776157_at,BAS1,BAS1,YKR099W,early_transient_down,early,transient,30.0,-0.2641668899999985,none,none,none,,-0.7103799229999996
1776158_at,YNR048W,,YNR048W,none,none,none,,-0.18406377200000001,none,none,none,,-0.06258613000000057
1776159_at,HRT3,HRT3,YLR097C,none,none,none,,0.07001268700000018,none,none,none,,0.8408629479999998
1776160_at,SIS2,SIS2,YKR072C,none,none,none,,0.0215923379999996,none,none,none,,-0.07778248799999865
1776161_at,GGA1,GGA1,YDR358W,early_transient_up,early,transient,30.0,0.45428828300000035,early_sustained_up,early,sustained,30.0,2.943713419
1776162_at,YPR011C,,YPR011C,none,none,none,,0.10124807100000055,none,none,none,,0.5912442730000009
1776164_at,HUL4,HUL4,YJR036C,early_transient_up,early,transient,30.0,0.39817835499999976,early_sustained_up,early,sustained,60.0,1.5560323359999995
1776165_at,YLR426W,,YLR426W,none,none,none,,0.1116117670000012,none,none,none,,0.176205779
1776166_at,SRY1,SRY1,YKL218C,none,none,none,,0.47418350600000014,early_sustained_up,early,sustained,60.0,1.8291287079999998
1776167_at,CHD1,CHD1,YER164W,none,none,none,,-0.09442002199999955,none,none,none,,-0.5146935979999991
1776170_at,YMR034C,,YMR034C,none,none,none,,0.16447011999999983,none,none,none,,0.27846013999999997
1776171_at,ALA1,ALA1,YOR335C,none,none,none,,-0.14426048999999885,none,none,none,,-1.0220584300000013
1776172_at,YBR072C-A,,YBR072C-A,none,none,none,,0.10136222500000036,none,none,none,,-0.058617649999999966
1776173_at,CSR2,CSR2,YPR030W,early_sustained_up,early,sustained,30.0,1.1211482369999999,late_sustained_up,late,sustained,100.0,1.7005813309999995
1776174_at,PCL7,PCL7,YIL050W,none,none,none,,0.14702224600000058,late_sustained_up,late,sustained,100.0,1.5641731389999993
1776178_at,YDR132C,,YDR132C,early_transient_up,early,transient,30.0,-0.2741460500000006,early_sustained_up,early,sustained,30.0,2.7645606539999985
1776180_at,SRP102,SRP102,YKL154W,none,none,none,,-0.3971189800000001,none,none,none,,-0.6306202509999999
1776183_at,ADR1,ADR1,YDR216W,none,none,none,,0.5177846479999992,none,none,none,,0.15467734599999972
1776187_at,PML39,PML39,YML107C,none,none,none,,0.04374517900000008,none,none,none,,0.5536526779999988
1776188_at,TMA17,TMA17,YDL110C,early_sustained_up,early,sustained,30.0,1.0384976229999996,early_sustained_up,early,sustained,60.0,1.0821718310000001
1776191_at,YLR281C,,YLR281C,none,none,none,,0.48200477599999925,late_sustained_up,late,sustained,140.0,1.4382051989999995
1776193_at,TAT1,TAT1,YBR069C,none,none,none,,-0.31248938999999964,none,none,none,,-0.5746969999999987
1776196_at,AHC2,AHC2,YCR082W,none,none,none,,-0.2844174499999994,none,none,none,,0.417337719999999
1776198_at,YGL231C,,YGL231C,none,none,none,,-0.03236384999999942,none,none,none,,0.48130076999999893
1776199_at,RPS23B,RPS23B,YPR132W,none,none,none,,-0.05516950999999892,late_sustained_down,late,sustained,140.0,-1.33481321
1776204_at,YKL151C,,YKL151C,early_sustained_up,early,sustained,60.0,1.245240914,late_sustained_up,late,sustained,100.0,2.616523623000001
1776208_at,YFR057W,,YFR057W,none,none,none,,0.009785722999999802,none,none,none,,-0.1399224130000003
1776210_at,VOA1,VOA1,YGR106C,none,none,none,,0.08468872000000083,none,none,none,,0.011145339999998782
1776211_at,SET1,SET1,YHR119W,none,none,none,,-0.03858169999999994,none,none,none,,0.5973701140000003
1776214_at,TSC3,TSC3,YBR058C-A,none,none,none,,-0.020111860000000092,none,none,none,,-0.9008190200000001
1776215_at,LAT1,LAT1,YNL071W,none,none,none,,0.21710768999999885,none,none,none,,0.21445014999999934
1776216_at,COQ4,COQ4,YDR204W,early_transient_up,early,transient,60.0,0.449749615,early_sustained_up,early,sustained,60.0,2.4111619510000004
1776217_at,ATP18,ATP18,YML081C-A,none,none,none,,0.1579783699999986,none,none,none,,-0.6504503799999988
1776218_at,MFA1,MFA1,YDR461W,none,none,none,,-0.05372743900000021,none,none,none,,0.12829887099999926
1776223_at,PRE10,PRE10,YOR362C,none,none,none,,-0.3321602299999995,none,none,none,,0.9448739499999999
1776224_at,PTR3,PTR3,YFR029W,none,none,none,,-0.09215230800000018,none,none,none,,0.19533410900000003
1776225_at,YHR162W,,YHR162W,none,none,none,,-0.05418704999999946,none,none,none,,0.029913510000000088
1776226_at,KIN1,KIN1,YDR122W,none,none,none,,0.3054152160000001,early_sustained_up,early,sustained,60.0,1.7330213300000015
1776227_at,KTR6,KTR6,YPL053C,none,none,none,,-0.0812335700000002,none,none,none,,-0.9781934499999991
1776228_at,FMP40,FMP40,YPL222W,early_partial_decline_up,early,partial_decline,60.0,0.6454951640000006,late_sustained_up,late,sustained,100.0,1.296936176
1776229_at,IRS4,IRS4,YKR019C,none,none,none,,-0.1331999210000001,none,none,none,,0.02360673999999996
1776232_at,HVG1,HVG1,YER039C,early_sustained_up,early,sustained,60.0,1.036424846,early_sustained_up,early,sustained,30.0,2.2367625800000006
1776233_at,OAF1,OAF1,YAL051W,none,none,none,,0.12172645999999965,late_sustained_up,late,sustained,100.0,1.270173904
1776234_at,DPP1,DPP1,YDR284C,none,none,none,,0.08418746999999982,none,none,none,,0.6588506400000007
1776235_at,POL2,POL2,YNL262W,none,none,none,,0.024359365000000466,early_partial_decline_down,early,partial_decline,60.0,-0.7936776390000002
1776238_at,YLL053C,,YLL053C,early_sustained_down,early,sustained,60.0,-2.5568938049999996,late_sustained_down,late,sustained,100.0,-1.3122737119999996
1776239_at,RHO3,RHO3,YIL118W,none,none,none,,-0.3392232100000001,late_sustained_down,late,sustained,100.0,-1.6357817899999993
1776241_at,ERV2,ERV2,YPR037C,none,none,none,,0.1536224999999991,none,none,none,,0.14059139000000087
1776244_at,DGA1,DGA1,YOR245C,none,none,none,,0.34981461699999983,late_sustained_up,late,sustained,100.0,1.387770055999999
1776246_at,MDJ1,MDJ1,YFL016C,none,none,none,,-0.033784829000000016,none,none,none,,0.6146520600000009
1776248_at,XDJ1,XDJ1,YLR090W,none,none,none,,0.24190651400000007,none,none,none,,0.6676247600000007
1776251_at,YFR032C-B,,YFR032C-B,none,none,none,,0.2777962169999997,none,none,none,,-0.2500744390000005
1776254_at,PRP24,PRP24,YMR268C,none,none,none,,-0.15352419899999958,none,none,none,,0.30990626899999985
1776255_at,LEO1,LEO1,YOR123C,none,none,none,,-0.4264994610000006,none,none,none,,0.29642142599999843
1776257_at,YGR250C,,YGR250C,none,none,none,,0.3658295570000014,late_sustained_up,late,sustained,100.0,1.229022038
1776258_at,SED1,SED1,YDR077W,none,none,none,,0.25902835000000124,none,none,none,,0.05064250999999942
1776260_at,LGE1,LGE1,YPL055C,none,none,none,,-0.25144763199999964,none,none,none,,0.6785727850000001
1776262_at,HPT1,HPT1,YDR399W,early_transient_down,early,transient,30.0,-0.18539170999999932,early_sustained_down,early,sustained,30.0,-2.365510238999999
1776265_at,RCY1,RCY1,YJL204C,none,none,none,,-0.1373744909999992,none,none,none,,0.8332146749999989
1776267_at,RPB10,RPB10,YOR210W,none,none,none,,-0.2495882500000004,early_sustained_down,early,sustained,60.0,-1.657769440000001
1776268_at,PDB1,PDB1,YBR221C,none,none,none,,0.15579059999999956,none,none,none,,-0.0015524500000001495
1776269_at,UBP3,UBP3,YER151C,none,none,none,,-0.21548805099999946,none,none,none,,-0.5002680580000014
1776270_at,YLR211C,,YLR211C,none,none,none,,0.4446144600000004,none,none,none,,-0.46547754700000077
1776272_at,ECM40,ECM40,YMR062C,none,none,none,,-0.5393632729999993,early_partial_decline_up,early,partial_decline,60.0,0.61433626
1776273_x_at,IMD2,IMD2,YHR216W,none,none,none,,-0.023445820999999256,none,none,none,,-0.03511926099999929
1776275_at,YJL077W-B,,YJL077W-B,none,none,none,,0.11495412900000002,none,none,none,,1.1675406810000002
1776278_at,RPS7B,RPS7B,YNL096C,none,none,none,,-0.1319879499999992,early_sustained_down,early,sustained,60.0,-2.1637667800000013
1776280_at,CUE2,CUE2,YKL090W,none,none,none,,-0.14102934599999983,none,none,none,,0.05274223099999986
1776281_at,GMH1,GMH1,YKR030W,none,none,none,,-0.08821058700000073,none,none,none,,0.5652681189999988
1776282_at,PRK1,PRK1,YIL095W,none,none,none,,0.05980828700000007,none,none,none,,0.657584151
1776283_at,IZH4,IZH4,YOL101C,late_sustained_up,late,sustained,100.0,1.538767377,late_partial_decline_down,late,partial_decline,100.0,-0.8818215689999995
1776285_at,PUT4,PUT4,YOR348C,early_sustained_up,early,sustained,30.0,2.0201636560000003,none,none,none,,0.1869911179999999
1776290_at,YIL158W,,YIL158W,early_transient_down,early,transient,30.0,-0.5860257749999995,early_sustained_down,early,sustained,30.0,-4.298371269
1776294_at,HXT8,HXT8,YJL214W,none,none,none,,0.12344061099999992,none,none,none,,-0.3512000839999998
1776295_at,SIZ1,SIZ1,YDR409W,none,none,none,,0.05391467499999969,none,none,none,,-0.6064756209999995
1776297_at,AME1,AME1,YBR211C,none,none,none,,-0.44994610499999954,none,none,none,,0.5218650690000004
1776298_at,YHR192W,,YHR192W,none,none,none,,-0.018645491000000902,none,none,none,,0.5135227090000001
1776299_at,NPY1,NPY1,YGL067W,none,none,none,,-0.020578589999999508,none,none,none,,0.7014367500000009
1776302_at,YPL247C,,YPL247C,early_transient_up,early,transient,30.0,0.40820064700000014,early_sustained_up,early,sustained,30.0,2.693947476000001
1776304_at,CTA1,CTA1,YDR256C,early_transient_up,early,transient,30.0,0.6331178099999999,early_sustained_up,early,sustained,30.0,1.8632768459999998
1776309_at,YFR026C,,YFR026C,none,none,none,,0.05862594900000051,none,none,none,,0.26065627400000047
1776310_at,BET5,BET5,YML077W,none,none,none,,-0.10375824000000122,none,none,none,,-0.4562390030000003
1776311_at,YCL001W-B,,YCL001W-B,none,none,none,,-0.015907996000000146,none,none,none,,0.0935221369999999
1776312_at,MSH4,MSH4,YFL003C,none,none,none,,0.3425223059999998,none,none,none,,0.24611524800000018
1776314_at,YDR124W,,YDR124W,none,none,none,,-0.2816859359999997,none,none,none,,-0.22352001799999943
1776315_at,DFM1,DFM1,YDR411C,none,none,none,,0.08013815000000157,early_sustained_up,early,sustained,60.0,1.2959356190000015
1776317_at,MRPL13,MRPL13,YKR006C,none,none,none,,0.14954629100000005,none,none,none,,-0.6439828359999993
1776319_at,SUV3,SUV3,YPL029W,none,none,none,,0.20973904500000096,none,none,none,,-0.8339930709999992
1776321_at,YAL063C-A,,YAL063C-A,none,none,none,,0.7414220740000004,none,none,none,,-0.11419090899999995
1776324_at,MEI4,MEI4,YER044C-A,none,none,none,,0.37266457599999914,none,none,none,,-0.802904507
1776326_at,PTC4,PTC4,YBR125C,none,none,none,,-0.05915832500000029,late_sustained_up,late,sustained,100.0,1.529879481
1776330_at,YCL042W,,YCL042W,none,none,none,,-0.23290514600000023,none,none,none,,0.6120425469999997
1776332_at,SFP1,SFP1,YLR403W,none,none,none,,-0.16178292399999883,none,none,none,,-0.3233421120000006
1776333_at,YPR114W,,YPR114W,none,none,none,,-0.01778698000000034,late_sustained_down,late,sustained,140.0,-1.2446253770000002
1776335_at,ERG27,ERG27,YLR100W,none,none,none,,-0.10132321000000033,none,none,none,,-1.1954389899999995
1776337_at,ATE1,ATE1,YGL017W,none,none,none,,-0.1479259070000003,late_sustained_up,late,sustained,100.0,1.1579673689999996
1776338_at,SYN8,SYN8,YAL014C,none,none,none,,-0.1456127770000002,none,none,none,,1.0341449220000012
1776339_at,YLR143W,,YLR143W,none,none,none,,-0.48709011099999877,none,none,none,,-0.4327221250000006
1776341_at,GUF1,GUF1,YLR289W,none,none,none,,0.10597635499999924,none,none,none,,-0.8747981970000005
1776342_at,PRS1,PRS1,YKL181W,none,none,none,,-0.26539532000000143,early_sustained_down,early,sustained,60.0,-1.206287529999999
1776343_at,ATG20,ATG20,YDL113C,none,none,none,,0.3510795560000002,early_sustained_up,early,sustained,60.0,2.108338002
1776344_at,RPL14A,RPL14A,YKL006W,none,none,none,,-0.019601350000000295,late_sustained_down,late,sustained,100.0,-1.6517424999999992
1776346_at,HEM15,HEM15,YOR176W,none,none,none,,0.6974459799999995,none,none,none,,0.2789642539999999
1776347_at,CEF1,CEF1,YMR213W,none,none,none,,-0.02075218500000009,none,none,none,,0.547099911000001
1776348_at,FAL1,FAL1,YDR021W,early_transient_down,early,transient,30.0,-0.485594678,early_sustained_down,early,sustained,60.0,-1.2743116669999992
1776349_s_at,YLL066W-B,,YLL066W-B,none,none,none,,0.04723614800000053,none,none,none,,0.3731596530000001
1776350_at,ATG23,ATG23,YLR431C,none,none,none,,0.20095977600000037,late_sustained_up,late,sustained,100.0,1.2513543880000002
1776351_at,YBL029C-A,,YBL029C-A,none,none,none,,0.3127792970000005,late_sustained_up,late,sustained,100.0,1.5886979560000007
1776352_at,ATP1,ATP1,YBL099W,none,none,none,,0.3716375799999998,none,none,none,,0.3760854399999989
1776353_at,DML1,DML1,YMR211W,none,none,none,,-0.3045440490000004,none,none,none,,-0.10980391300000036
1776354_s_at,ERR1 /// ERR2 /// ERR3,ERR1 /// ERR2 /// ERR3,YMR323W,none,none,none,,0.6139871110000001,none,none,none,,1.1899221750000004
1776355_at,VPS21,VPS21,YOR089C,none,none,none,,0.011742330000000578,none,none,none,,0.3909574399999993
1776356_at,BOP3,BOP3,YNL042W,none,none,none,,0.026099602000000388,none,none,none,,0.3233743570000005
1776357_at,SRP68,SRP68,YPL243W,none,none,none,,-0.3292491999999996,none,none,none,,0.3106738800000013
1776359_at,PUS9,PUS9,YDL036C,none,none,none,,-0.436163015,late_sustained_down,late,sustained,100.0,-1.2962964010000002
1776362_at,HMO1,HMO1,YDR174W,none,none,none,,-0.6040386200000007,none,none,none,,-0.87283708
1776363_at,SUR4,SUR4,YLR372W,none,none,none,,-0.07063169999999985,early_sustained_down,early,sustained,60.0,-2.782905577000001
1776365_s_at,RPS24A /// RPS24B,RPS24A /// RPS24B,YER074W,none,none,none,,-0.09414106999999916,late_sustained_down,late,sustained,100.0,-1.5307436300000017
1776366_at,PXA1,PXA1,YPL147W,none,none,none,,0.39260389799999995,late_sustained_up,late,sustained,100.0,1.425147257999999
1776367_at,SIP3,SIP3,YNL257C,none,none,none,,0.2100686629999995,late_sustained_up,late,sustained,140.0,1.199229441
1776368_at,RHB1,RHB1,YCR027C,none,none,none,,-0.28734636999999985,none,none,none,,-0.2043647049999997
1776370_at,RPL2A,RPL2A,YFR031C-A,none,none,none,,-0.11583843999999921,late_sustained_down,late,sustained,100.0,-1.7608594900000014
1776371_at,SKM1,SKM1,YOL113W,none,none,none,,0.22973276299999945,none,none,none,,-0.5422870470000003
1776372_at,APS1,APS1,YLR170C,none,none,none,,-0.15849377700000034,none,none,none,,0.11226395999999994
1776378_at,STE5,STE5,YDR103W,none,none,none,,-0.10521091999999932,none,none,none,,0.6167793790000005
1776379_at,WWM1,WWM1,YFL010C,none,none,none,,0.12594149000000066,none,none,none,,0.4122885200000006
1776384_at,YCT1,YCT1,YLL055W,early_transient_up,early,transient,30.0,0.6740467360000002,early_sustained_up,early,sustained,30.0,3.0780397080000004
1776385_at,BDP1,BDP1,YNL039W,none,none,none,,-0.19392723200000006,none,none,none,,0.470350272000001
1776388_at,PPA2,PPA2,YMR267W,none,none,none,,0.41055795900000014,none,none,none,,0.2706166630000002
1776390_at,PIM1,PIM1,YBL022C,none,none,none,,-0.008101269999999161,late_sustained_up,late,sustained,100.0,1.0048320099999994
1776391_at,MSB1,MSB1,YOR188W,early_transient_down,early,transient,30.0,-0.09957877600000131,early_sustained_down,early,sustained,60.0,-1.629004686
1776393_at,APC5,APC5,YOR249C,none,none,none,,-0.002050402999999257,none,none,none,,0.7051951210000009
1776397_at,KTR7,KTR7,YIL085C,none,none,none,,-0.2642724300000001,none,none,none,,-0.4928626739999995
1776399_at,MGS1,MGS1,YNL218W,none,none,none,,-0.20752428499999986,none,none,none,,1.014267178999999
1776401_at,SHM2,SHM2,YLR058C,none,none,none,,0.4853728799999999,none,none,none,,0.7543718500000001
1776402_at,YMR181C,,YMR181C,early_sustained_up,early,sustained,30.0,1.0334876400000006,early_sustained_up,early,sustained,60.0,2.438862427
1776403_at,IST2,IST2,YBR086C,none,none,none,,0.1238189099999989,none,none,none,,-0.12650735999999974
1776404_at,TFC6,TFC6,YDR362C,none,none,none,,-0.2739049059999985,none,none,none,,1.1441186830000003
1776407_at,ALK1,ALK1,YGL021W,none,none,none,,-0.18252546299999928,late_sustained_down,late,sustained,100.0,-2.4946449100000008
1776409_at,UBC7,UBC7,YMR022W,none,none,none,,-0.13339115999999862,none,none,none,,-0.10572128000000092
1776410_at,YPR196W,,YPR196W,none,none,none,,-0.05255315899999946,none,none,none,,0.2550861339999999
1776413_at,SPP41,SPP41,YDR464W,none,none,none,,-0.11782442400000015,early_sustained_down,early,sustained,60.0,-1.8693387679999995
1776414_at,ICT1,ICT1,YLR099C,none,none,none,,-0.29089442899999973,none,none,none,,-0.370930435
1776417_at,CTR2,CTR2,YHR175W,none,none,none,,0.10142130000000016,none,none,none,,0.08917019999999987
1776418_at,ARF1,ARF1,YDL192W,none,none,none,,-0.09303253999999939,none,none,none,,-0.6103543299999998
1776419_at,COX7,COX7,YMR256C,none,none,none,,0.50331233,early_sustained_down,early,sustained,60.0,-1.5045870469999993
1776420_at,MSG5,MSG5,YNL053W,none,none,none,,-0.10059749100000026,none,none,none,,-0.16425777100000083
1776422_at,ATG22,ATG22,YCL038C,none,none,none,,0.542913497999999,none,none,none,,0.6686187320000005
1776423_at,CTK1,CTK1,YKL139W,none,none,none,,-0.08524865799999937,late_sustained_up,late,sustained,100.0,1.3119272650000013
1776425_at,SAF1,SAF1,YBR280C,early_transient_up,early,transient,30.0,0.17249844000000003,early_sustained_up,early,sustained,30.0,2.613414766999999
1776427_at,ZWF1,ZWF1,YNL241C,early_transient_up,early,transient,30.0,0.34285311000000007,early_sustained_up,early,sustained,30.0,2.024987099999999
1776428_at,YNL311C,,YNL311C,none,none,none,,-0.38283267299999935,none,none,none,,0.04867580199999999
1776429_at,UAF30,UAF30,YOR295W,none,none,none,,-0.10286076999999949,none,none,none,,-0.6243251969999992
1776434_at,ECM13,ECM13,YBL043W,late_sustained_up,late,sustained,100.0,1.26505168,none,none,none,,0.5169918689999999
1776440_at,LEM3,LEM3,YNL323W,none,none,none,,-0.16061511999999922,none,none,none,,-0.9993743439999996
1776441_at,ADE8,ADE8,YDR408C,none,none,none,,-0.23058927000000118,none,none,none,,-0.1250004399999991
1776447_at,YNG2,YNG2,YHR090C,none,none,none,,-0.28950433500000017,none,none,none,,1.1207808420000003
1776449_at,PTP2,PTP2,YOR208W,none,none,none,,0.2939936500000009,none,none,none,,-0.17503837599999983
1776450_at,SIS1,SIS1,YNL007C,none,none,none,,-0.03881535999999919,none,none,none,,0.7938300900000002
1776452_at,TIM44,TIM44,YIL022W,none,none,none,,-0.16687012000000045,none,none,none,,-0.33725928999999866
1776457_at,PBN1,PBN1,YCL052C,none,none,none,,0.140235714000001,early_sustained_up,early,sustained,60.0,1.686713288
1776459_at,YHR086W-A,,YHR086W-A,none,none,none,,-0.2065363849999997,none,none,none,,-0.376937828
1776464_at,AFG3,AFG3,YER017C,none,none,none,,-0.0028056369999998054,none,none,none,,0.9191714439999998
1776467_at,RPL8A,RPL8A,YHL033C,none,none,none,,0.07283273999999906,late_sustained_down,late,sustained,100.0,-1.7149526500000007
1776471_at,MIG2,MIG2,YGL209W,none,none,none,,0.13052764299999975,late_sustained_down,late,sustained,140.0,-1.2408222360000005
1776472_at,SPC2,SPC2,YML055W,none,none,none,,0.09871854000000013,none,none,none,,-0.017687830000001625
1776473_at,SEC9,SEC9,YGR009C,none,none,none,,-0.16763356200000068,none,none,none,,0.7898225829999994
1776474_at,YPR147C,,YPR147C,none,none,none,,0.09954210599999946,none,none,none,,0.1343502989999994
1776477_at,LYS21,LYS21,YDL131W,none,none,none,,0.08419055999999969,none,none,none,,0.7488104399999997
1776478_at,UBA1,UBA1,YKL210W,none,none,none,,0.05776394000000096,none,none,none,,0.6726344900000001
1776483_at,BUD3,BUD3,YCL014W,none,none,none,,-0.27872190000000074,early_sustained_down,early,sustained,60.0,-1.875090685
1776484_at,YLR154W-F,,YLR154W-F,none,none,none,,0.05317797599999974,none,none,none,,-0.03318649900000015
1776485_at,COS8,COS8,YHL048W,none,none,none,,0.929398269,late_sustained_up,late,sustained,100.0,1.7339680350000002
1776490_s_at,YER138W-A,,YER138W-A,none,none,none,,0.07079721999999933,none,none,none,,-0.15801648999999962
1776496_at,BUL2,BUL2,YML111W,none,none,none,,-0.04842724999999959,none,none,none,,0.17095907500000074
1776498_at,UTP15,UTP15,YMR093W,early_transient_down,early,transient,30.0,-0.3196422609999985,early_sustained_down,early,sustained,60.0,-1.5410658680000004
1776501_at,CIN4,CIN4,YMR138W,none,none,none,,-0.23772808999999917,none,none,none,,-0.3149956060000001
1776502_at,RTT105,RTT105,YER104W,none,none,none,,0.12464154699999952,none,none,none,,0.5876734259999994
1776507_at,RAX1,RAX1,YOR301W,none,none,none,,-0.5917816660000002,none,none,none,,-1.093270576
1776508_at,YOL075C,,YOL075C,none,none,none,,0.18913854800000074,none,none,none,,-0.35335905900000064
1776509_at,HYM1,HYM1,YKL189W,none,none,none,,0.18206395099999995,none,none,none,,0.7963552099999998
1776514_at,SWC5,SWC5,YBR231C,none,none,none,,-0.03766617099999969,early_sustained_up,early,sustained,60.0,1.3041445740000004
1776516_at,RPL13A,RPL13A,YDL082W,none,none,none,,-0.11601591999999883,early_sustained_down,early,sustained,60.0,-2.8091745480000014
1776517_at,SNA3,SNA3,YJL151C,none,none,none,,0.2989937600000001,late_sustained_up,late,sustained,100.0,1.3698770899999992
1776520_at,YNL211C,,YNL211C,none,none,none,,-0.29874166599999974,early_sustained_down,early,sustained,60.0,-1.1591722730000003
1776523_at,DPS1,DPS1,YLL018C,none,none,none,,0.019241069999999638,none,none,none,,-0.644493709999999
1776524_at,YBL028C,,YBL028C,early_transient_down,early,transient,30.0,-0.43832129399999964,early_sustained_down,early,sustained,60.0,-2.7377123669999994
1776525_at,KIN3,KIN3,YAR018C,none,none,none,,-0.34910328100000143,late_sustained_down,late,sustained,100.0,-1.7584549150000006
1776526_at,POL1,POL1,YNL102W,none,none,none,,0.18166964199999924,none,none,none,,-0.8664352470000001
1776528_at,GPM2,GPM2,YDL021W,early_sustained_up,early,sustained,30.0,3.848660765,early_sustained_up,early,sustained,60.0,4.5161479270000005
1776529_at,SPC105,SPC105,YGL093W,none,none,none,,-0.06376132900000009,early_sustained_up,early,sustained,60.0,2.2169917639999994
1776530_at,FRT1,FRT1,YOR324C,none,none,none,,-0.306280911,none,none,none,,-0.4603915299999999
1776531_at,TPS2,TPS2,YDR074W,early_transient_up,early,transient,30.0,0.8366705929999991,early_sustained_up,early,sustained,30.0,2.0726405000000003
1776536_at,SWT21,SWT21,YNL187W,none,none,none,,-0.4412350690000002,none,none,none,,-0.6192672359999998
1776538_at,SBA1,SBA1,YKL117W,none,none,none,,0.06785645999999979,none,none,none,,0.3863571400000012
1776539_at,BUB3,BUB3,YOR026W,none,none,none,,-0.03500198000000054,none,none,none,,-0.6592535470000005
1776541_at,RSC9,RSC9,YML127W,none,none,none,,-0.24539128500000018,none,none,none,,-0.4011100439999993
1776542_at,PDR16,PDR16,YNL231C,none,none,none,,-0.016174579999999494,none,none,none,,-0.15803473000000068
1776544_at,YBL101W-C,,YBL101W-C,none,none,none,,0.0009406090000001477,none,none,none,,1.399992504
1776546_at,BSC1,BSC1,YDL037C,early_sustained_down,early,sustained,60.0,-2.2911079970000006,early_sustained_down,early,sustained,30.0,-3.4409030190000003
1776550_at,HSP42,HSP42,YDR171W,early_sustained_up,early,sustained,30.0,1.1011684709999994,early_sustained_up,early,sustained,30.0,3.1413500370000005
1776552_at,SWI6,SWI6,YLR182W,none,none,none,,-0.2918772350000012,none,none,none,,-0.6850190860000005
1776553_at,YOL163W,,YOL163W,early_sustained_up,early,sustained,60.0,1.180649812,early_sustained_up,early,sustained,60.0,2.5961658610000002
1776554_at,MSH5,MSH5,YDL154W,none,none,none,,0.10370387900000022,none,none,none,,0.07043008700000009
1776555_at,CBP6,CBP6,YBR120C,none,none,none,,0.30340563999999937,none,none,none,,-0.1357530770000004
1776556_at,NDD1,NDD1,YOR372C,none,none,none,,-0.030280086000000317,late_sustained_down,late,sustained,140.0,-1.24583126
1776558_at,HXT2,HXT2,YMR011W,none,none,none,,0.08492098000000148,early_sustained_down,early,sustained,60.0,-2.363799125
1776560_at,ROX3,ROX3,YBL093C,none,none,none,,-0.28438964000000055,none,none,none,,0.8606304189999996
1776562_at,SCD6,SCD6,YPR129W,none,none,none,,-0.1138232729999995,none,none,none,,-0.4479180070000002
1776563_at,STB4,STB4,YMR019W,none,none,none,,-0.23986755399999993,none,none,none,,-0.7747106539999997
1776565_at,YGR131W,,YGR131W,none,none,none,,0.5265921249999996,none,none,none,,0.8305612029999994
1776571_at,MRPL35,MRPL35,YDR322W,none,none,none,,0.09763388100000014,none,none,none,,-0.18322272600000034
1776574_at,MRPL51,MRPL51,YPR100W,none,none,none,,0.14123657999999928,none,none,none,,-0.6160769090000002
1776576_at,MBR1,MBR1,YKL093W,none,none,none,,0.881923789,none,none,none,,0.8067981270000004
1776580_at,RAD34,RAD34,YDR314C,none,none,none,,-0.25864624400000036,none,none,none,,1.049123335
1776581_at,SSN2,SSN2,YDR443C,none,none,none,,0.0035832469999999006,none,none,none,,0.21127024000000016
1776583_at,FIT2,FIT2,YOR382W,none,none,none,,1.3733023810000002,early_sustained_up,early,sustained,60.0,2.109972869
1776589_at,MID2,MID2,YLR332W,none,none,none,,-0.3022384500000008,early_sustained_down,early,sustained,60.0,-1.2268863099999994
1776590_at,GEM1,GEM1,YAL048C,none,none,none,,-0.1823464010000002,none,none,none,,0.39728088199999956
1776594_at,YGR093W,,YGR093W,none,none,none,,-0.14790487399999996,none,none,none,,-0.10124513799999946
1776595_at,RNH1,RNH1,YMR234W,none,none,none,,-0.16433220000000048,none,none,none,,-0.09708378099999937
1776596_at,GCV1,GCV1,YDR019C,late_sustained_up,late,sustained,100.0,1.2013177709999994,late_sustained_up,late,sustained,100.0,2.7237790200000003
1776597_at,SAT4,SAT4,YCR008W,none,none,none,,0.05633617500000021,none,none,none,,-1.0091548149999987
1776600_at,PFS2,PFS2,YNL317W,none,none,none,,0.10088196799999949,early_sustained_up,early,sustained,60.0,1.675114734000001
1776601_at,TOM5,TOM5,YPR133W-A,none,none,none,,-0.07836658000000085,none,none,none,,-0.7461104799999987
1776603_at,ILV1,ILV1,YER086W,none,none,none,,-0.1511309100000009,late_sustained_down,late,sustained,140.0,-1.1594387099999999
1776604_at,CDC9,CDC9,YDL164C,none,none,none,,0.1178116229999997,none,none,none,,-0.2520851069999992
1776607_at,SEC6,SEC6,YIL068C,none,none,none,,-0.002835138000000015,late_sustained_up,late,sustained,100.0,1.3480015630000004
1776608_at,ATP22,ATP22,YDR350C,none,none,none,,-0.12917437399999976,none,none,none,,0.6141889169999999
1776609_at,MRP8,MRP8,YKL142W,none,none,none,,0.5041068499999994,early_sustained_up,early,sustained,60.0,1.4381965999999995
1776610_at,URA5,URA5,YML106W,none,none,none,,-0.03797750000000022,late_sustained_down,late,sustained,100.0,-1.1543107899999985
1776611_at,YBL071C-B,,YBL071C-B,none,none,none,,-0.004508390000000251,none,none,none,,0.17527586399999961
1776613_at,YJR129C,,YJR129C,early_transient_down,early,transient,30.0,-0.14261562400000116,early_sustained_down,early,sustained,60.0,-1.2901427200000004
1776614_at,CLN3,CLN3,YAL040C,none,none,none,,0.43425336299999984,early_sustained_down,early,sustained,60.0,-2.1300964040000006
1776615_at,SSY5,SSY5,YJL156C,none,none,none,,-0.16658491600000058,none,none,none,,-0.15213410500000002
1776617_at,APL1,APL1,YJR005W,none,none,none,,0.03156029500000024,none,none,none,,0.08063544300000025
1776619_at,URB2,URB2,YJR041C,early_transient_down,early,transient,30.0,-0.3037349549999995,early_sustained_down,early,sustained,60.0,-2.1004956850000003
1776620_at,YPL038W-A,,YPL038W-A,none,none,none,,0.07216791899999997,none,none,none,,0.8815282
1776621_at,RPC25,RPC25,YKL144C,early_transient_down,early,transient,30.0,-0.35232586000000055,early_sustained_down,early,sustained,60.0,-2.036665341000001
1776623_at,PTP3,PTP3,YER075C,none,none,none,,0.37489790100000064,none,none,none,,0.8035198390000007
1776624_at,ALD4,ALD4,YOR374W,early_sustained_up,early,sustained,30.0,1.5350314659999995,early_sustained_up,early,sustained,30.0,2.7420241030000003
1776626_at,SCW11,SCW11,YGL028C,none,none,none,,-0.9420378829999994,early_sustained_down,early,sustained,30.0,-3.9629489529999997
1776630_at,GTO1,GTO1,YGR154C,none,none,none,,0.12392202200000035,late_sustained_up,late,sustained,100.0,1.167404382
1776632_at,HMI1,HMI1,YOL095C,none,none,none,,0.0722731009999995,none,none,none,,0.1336753599999998
1776633_at,YNL247W,,YNL247W,none,none,none,,-0.20101981999999907,early_sustained_down,early,sustained,60.0,-1.914254692
1776634_at,CSH1,CSH1,YBR161W,late_partial_decline_up,late,partial_decline,100.0,0.9149898419999989,late_partial_decline_up,late,partial_decline,100.0,0.9962841460000007
1776635_at,YGR146C-A,,YGR146C-A,none,none,none,,-0.28084199899999973,none,none,none,,0.8008690120000006
1776636_s_at,TEF1 /// TEF2,TEF1 /// TEF2,YBR118W,none,none,none,,-0.035265580000000796,none,none,none,,0.00031071999999987554
1776638_at,ARR1,ARR1,YPR199C,none,none,none,,0.04154702099999952,none,none,none,,0.393726087000001
1776643_at,BNS1,BNS1,YGR230W,none,none,none,,0.29158813599999966,none,none,none,,0.26912479599999983
1776644_at,GLG1,GLG1,YKR058W,early_transient_up,early,transient,30.0,0.48390807599999963,early_sustained_up,early,sustained,30.0,3.3341560649999993
1776646_at,YER076C,,YER076C,none,none,none,,0.034876402000000084,none,none,none,,0.1695315009999998
1776647_at,PCC1,PCC1,YKR095W-A,none,none,none,,-0.271510837000001,late_sustained_down,late,sustained,100.0,-1.8680150230000017
1776650_at,AAT1,AAT1,YKL106W,none,none,none,,-0.2006675100000006,late_sustained_down,late,sustained,100.0,-1.278602899
1776651_at,ECM9,ECM9,YKR004C,none,none,none,,0.1981604110000008,none,none,none,,-0.7187330220000003
1776654_at,ITT1,ITT1,YML068W,none,none,none,,-0.08499876100000048,none,none,none,,0.8671667539999994
1776655_at,YML100W-A,,YML100W-A,none,none,none,,-0.12224048099999996,none,none,none,,-0.05999062699999991
1776658_at,REE1,REE1,YJL217W,late_sustained_up,late,sustained,140.0,1.1089024300000005,none,none,none,,0.7335132899999994
1776662_at,DNA2,DNA2,YHR164C,none,none,none,,0.07212160999999995,early_sustained_up,early,sustained,60.0,1.1614306150000004
1776663_at,YNL213C,,YNL213C,none,none,none,,-0.3042033249999996,none,none,none,,-0.8004324929999989
1776664_at,DAK2,DAK2,YFL053W,early_sustained_up,early,sustained,30.0,1.7738943019999995,none,none,none,,0.9065689919999995
1776665_at,CSL4,CSL4,YNL232W,none,none,none,,-0.5136280279999994,none,none,none,,0.13796237000000033
1776666_at,LSM4,LSM4,YER112W,none,none,none,,-0.31077479600000046,none,none,none,,-0.4875766610000003
1776667_at,PET112,PET112,YBL080C,none,none,none,,0.17538259099999998,none,none,none,,0.28445976400000017
1776670_at,YFL042C,,YFL042C,none,none,none,,0.30676793599999996,early_sustained_up,early,sustained,60.0,2.358276364
1776671_at,TRM13,TRM13,YOL125W,none,none,none,,-0.07206135400000058,none,none,none,,-0.1237157989999993
1776672_at,CMK2,CMK2,YOL016C,early_transient_up,early,transient,30.0,0.12131083399999909,early_sustained_up,early,sustained,60.0,2.260502196999999
1776673_at,NCE103,NCE103,YNL036W,early_sustained_up,early,sustained,30.0,2.8558183900000014,early_sustained_up,early,sustained,30.0,3.3916190680000007
1776675_at,ITR2,ITR2,YOL103W,none,none,none,,-0.0962461999999995,none,none,none,,-0.21201190000000025
1776678_at,CAF20,CAF20,YOR276W,none,none,none,,-0.17306342999999913,late_sustained_down,late,sustained,100.0,-1.4620165099999998
1776679_at,ARN2,ARN2,YHL047C,none,none,none,,0.0927220059999998,none,none,none,,0.8898145029999993
1776680_at,SPG1,SPG1,YGR236C,none,none,none,,0.2897641929999999,late_sustained_up,late,sustained,140.0,1.0599539109999996
1776685_at,RLF2,RLF2,YPR018W,none,none,none,,0.02529022099999878,none,none,none,,0.6834768279999999
1776686_at,ISM1,ISM1,YPL040C,none,none,none,,0.23098661900000028,none,none,none,,-1.0683691849999999
1776687_at,GAT1,GAT1,YFL021W,none,none,none,,-0.23952829799999975,none,none,none,,0.8495152929999996
1776689_at,YER087W,,YER087W,none,none,none,,0.21915776099999995,none,none,none,,-0.5964063849999999
1776694_at,YGL159W,,YGL159W,none,none,none,,-0.04240554600000035,none,none,none,,0.07785914299999952
1776695_at,YOS1,YOS1,YER074W-A,none,none,none,,-0.07760311000000009,late_sustained_down,late,sustained,100.0,-1.2481268049999983
1776697_at,TRM7,TRM7,YBR061C,none,none,none,,-0.4561767999999997,early_sustained_down,early,sustained,60.0,-1.7807504739999995
1776698_at,YLR036C,,YLR036C,none,none,none,,-0.29056106400000026,none,none,none,,-0.22483895600000015
1776699_at,SCH9,SCH9,YHR205W,none,none,none,,-0.3690935719999988,none,none,none,,-0.1768593789999997
1776702_at,TAO3,TAO3,YIL129C,none,none,none,,0.09831007400000047,none,none,none,,0.415635309999999
1776704_at,TFA1,TFA1,YKL028W,none,none,none,,-0.0657369240000012,none,none,none,,0.056609052999998966
1776705_at,IMD3,IMD3,YLR432W,none,none,none,,-0.1568583299999986,early_sustained_down,early,sustained,60.0,-2.1306355949999993
1776707_at,MCM6,MCM6,YGL201C,none,none,none,,-0.4470861880000001,none,none,none,,0.6351311559999999
1776708_at,SNF4,SNF4,YGL115W,none,none,none,,-0.07123454999999979,none,none,none,,0.27985784
1776709_at,ERO1,ERO1,YML130C,none,none,none,,-0.40473880999999956,early_sustained_up,early,sustained,30.0,1.8900638500000007
1776711_at,SMI1,SMI1,YGR229C,none,none,none,,-0.22919014000000004,early_sustained_down,early,sustained,60.0,-1.8820350799999996
1776715_at,OCT1,OCT1,YKL134C,none,none,none,,0.4467049559999996,none,none,none,,0.26440980000000014
1776717_at,RIB3,RIB3,YDR487C,none,none,none,,-0.022950859999999906,none,none,none,,0.3621306000000004
1776718_at,NHP10,NHP10,YDL002C,none,none,none,,-0.2994355750000004,none,none,none,,0.2830530420000006
1776719_at,ATP10,ATP10,YLR393W,none,none,none,,0.48130552800000004,late_sustained_up,late,sustained,140.0,1.1434729240000001
1776721_at,HXT1,HXT1,YHR094C,none,none,none,,-0.14790578999999937,late_sustained_down,late,sustained,140.0,-1.3526065790000015
1776724_at,FAR10,FAR10,YLR238W,none,none,none,,-0.09170508399999999,none,none,none,,0.6018279830000006
1776725_at,ISU2,ISU2,YOR226C,early_transient_up,early,transient,30.0,-0.8023947319999998,early_sustained_up,early,sustained,30.0,2.7403416499999995
1776727_at,YOL029C,,YOL029C,none,none,none,,0.01625881100000015,none,none,none,,-0.2839312429999996
1776729_at,FAR3,FAR3,YMR052W,none,none,none,,-0.3070879910000004,none,none,none,,0.140572959
1776731_at,TFC1,TFC1,YBR123C,none,none,none,,-0.20268754399999978,none,none,none,,1.0983231569999994
1776732_at,MEX67,MEX67,YPL169C,none,none,none,,-0.38195412999999867,none,none,none,,-0.28386532900000105
1776734_at,RPN1,RPN1,YHR027C,none,none,none,,-0.23532845999999985,none,none,none,,0.5015408299999997
1776735_at,RPL34A,RPL34A,YER056C-A,none,none,none,,-0.051572200000000734,late_sustained_down,late,sustained,100.0,-2.14018639
1776736_at,YLR419W,,YLR419W,none,none,none,,-0.42309960699999927,none,none,none,,-1.189388782
1776744_at,MSN5,MSN5,YDR335W,none,none,none,,-0.04314339000000089,none,none,none,,0.4832189800000002
1776745_at,CDC7,CDC7,YDL017W,none,none,none,,0.10727801999999986,late_sustained_up,late,sustained,100.0,1.0764138790000004
1776748_at,FPR4,FPR4,YLR449W,none,none,none,,-0.2742985200000003,late_sustained_down,late,sustained,100.0,-1.96211351
1776749_at,GTT1,GTT1,YIR038C,early_sustained_up,early,sustained,60.0,1.2174041200000012,late_sustained_up,late,sustained,100.0,1.7611110200000013
1776752_at,DCR2,DCR2,YLR361C,none,none,none,,0.0943241859999997,none,none,none,,0.5184190600000012
1776754_at,SFL1,SFL1,YOR140W,none,none,none,,-0.340397007,early_sustained_down,early,sustained,60.0,-1.6740080369999992
1776757_at,CIN2,CIN2,YPL241C,none,none,none,,0.10927166499999963,late_sustained_down,late,sustained,140.0,-1.5875340810000003
1776759_at,YKL107W,,YKL107W,early_transient_up,early,transient,30.0,0.9783524359999998,early_sustained_up,early,sustained,60.0,3.4817726469999997
1776760_at,CPR6,CPR6,YLR216C,none,none,none,,-0.4628625900000003,none,none,none,,0.7209094099999991
1776761_at,MGM1,MGM1,YOR211C,none,none,none,,0.02336925699999881,none,none,none,,0.7687148869999998
1776763_at,CLN2,CLN2,YPL256C,none,none,none,,-0.3200799000000014,early_sustained_down,early,sustained,60.0,-3.3317443870000005
1776764_at,YAL037W,,YAL037W,none,none,none,,0.5561685060000006,none,none,none,,0.707037154
1776766_at,PRM7,PRM7,YDL039C,early_sustained_down,early,sustained,60.0,-2.118491990999999,early_sustained_down,early,sustained,30.0,-2.7140717260000002
1776767_at,MHT1,MHT1,YLL062C,none,none,none,,0.06080834599999996,late_sustained_up,late,sustained,100.0,1.4937513080000002
1776768_at,FBP1,FBP1,YLR377C,none,none,none,,-0.006413089999999677,none,none,none,,0.5047051799999998
1776769_at,VMA9,VMA9,YCL005W-A,none,none,none,,-0.11633316999999899,late_sustained_down,late,sustained,100.0,-2.031347381
1776770_at,BRE5,BRE5,YNR051C,none,none,none,,-0.51104065,none,none,none,,-0.3207066160000007
1776772_at,GTO3,GTO3,YMR251W,none,none,none,,0.3874056160000001,none,none,none,,0.5827726259999997
1776773_at,SNQ2,SNQ2,YDR011W,none,none,none,,-0.7020756299999995,none,none,none,,-0.7059180500000011
1776774_at,CLB2,CLB2,YPR119W,early_transient_down,early,transient,30.0,-0.6858868660000006,early_sustained_down,early,sustained,30.0,-3.846680029999999
1776776_at,RDH54,RDH54,YBR073W,none,none,none,,0.07290514399999992,late_sustained_up,late,sustained,100.0,1.1684646450000002
1776777_at,DSK2,DSK2,YMR276W,none,none,none,,-0.2756613699999999,none,none,none,,0.7479254700000002
1776778_at,ISF1,ISF1,YMR081C,early_partial_decline_up,early,partial_decline,60.0,0.6750261509999995,late_sustained_up,late,sustained,100.0,1.4396765689999995
1776781_at,DAD1,DAD1,YDR016C,none,none,none,,-0.2604302150000013,none,none,none,,-0.6238578760000006
1776783_at,UBC1,UBC1,YDR177W,none,none,none,,-0.059440410000000554,none,none,none,,0.03991242999999933
1776787_at,RAD23,RAD23,YEL037C,none,none,none,,-0.4545192699999987,none,none,none,,0.4399012100000004
1776790_at,VPS17,VPS17,YOR132W,none,none,none,,0.2557254589999989,early_sustained_up,early,sustained,60.0,2.0322585469999996
1776791_at,POX1,POX1,YGL205W,none,none,none,,0.8538311500000004,early_partial_decline_up,early,partial_decline,60.0,0.8093241530000004
1776792_at,YBR261C,,YBR261C,none,none,none,,-0.32993605999999964,none,none,none,,-1.0613857080000013
1776793_at,CRH1,CRH1,YGR189C,none,none,none,,0.14628435999999923,late_sustained_down,late,sustained,140.0,-1.9347759510000007
1776797_at,SRV2,SRV2,YNL138W,none,none,none,,0.3654399099999992,none,none,none,,0.42225124000000136
1776799_at,MSD1,MSD1,YPL104W,none,none,none,,0.2552602979999996,none,none,none,,-0.1680786050000016
1776801_at,RAT1,RAT1,YOR048C,none,none,none,,-0.38147380800000086,none,none,none,,-0.24973356699999982
1776805_at,TRR2,TRR2,YHR106W,none,none,none,,0.347425513000001,late_sustained_up,late,sustained,100.0,1.2063297550000005
1776807_at,SIN3,SIN3,YOL004W,none,none,none,,-0.047041717000000816,none,none,none,,0.32323805899999947
1776809_at,MVB12,MVB12,YGR206W,none,none,none,,0.24075758799999925,none,none,none,,-0.7441117529999994
1776810_at,PCP1,PCP1,YGR101W,none,none,none,,-0.03582539000000118,early_sustained_up,early,sustained,60.0,1.8407561810000015
1776811_at,MAE1,MAE1,YKL029C,early_transient_down,early,transient,30.0,-0.2184081899999999,early_sustained_down,early,sustained,30.0,-2.4446607080000007
1776812_at,NBA1,NBA1,YOL070C,none,none,none,,-0.5466485540000008,none,none,none,,-0.9322593570000013
1776813_at,REC8,REC8,YPR007C,none,none,none,,0.3096611509999998,none,none,none,,0.7353947060000001
1776814_at,RDI1,RDI1,YDL135C,none,none,none,,0.10680854000000117,none,none,none,,0.3896027600000007
1776817_at,YPR172W,,YPR172W,none,none,none,,0.5572846929999997,none,none,none,,1.0823670530000005
1776820_at,YHR080C,,YHR080C,none,none,none,,0.3202176899999998,none,none,none,,0.1652768810000005
1776825_at,CDS1,CDS1,YBR029C,none,none,none,,-0.1105411200000006,early_sustained_down,early,sustained,60.0,-1.7354855310000001
1776828_at,YIL169C,,YIL169C,none,none,none,,-0.33519604999999997,none,none,none,,-0.1861133309999996
1776829_at,HBN1,HBN1,YCL026C-B,early_sustained_up,early,sustained,30.0,1.5630688920000004,early_sustained_up,early,sustained,30.0,3.1424802740000004
1776835_at,YGL079W,,YGL079W,none,none,none,,-0.038847201000001164,none,none,none,,0.12303811700000011
1776837_at,HUG1,HUG1,YML058W-A,early_sustained_up,early,sustained,60.0,3.905668177000001,early_sustained_up,early,sustained,60.0,3.413058125000001
1776838_at,VPS25,VPS25,YJR102C,none,none,none,,-0.09564132299999883,late_sustained_up,late,sustained,100.0,1.3455783060000002
1776841_at,TRP2,TRP2,YER090W,none,none,none,,-0.25894442999999967,none,none,none,,0.2705877500000007
1776842_at,ECM14,ECM14,YHR132C,none,none,none,,0.08002799999999866,none,none,none,,-0.17499533999999883
1776843_at,MCM2,MCM2,YBL023C,none,none,none,,-0.0943571710000004,late_sustained_down,late,sustained,100.0,-1.5152716329999993
1776844_at,YDL038C,,YDL038C,early_sustained_down,early,sustained,60.0,-2.328220772,early_sustained_down,early,sustained,30.0,-3.4190566760000003
1776845_at,SNA4,SNA4,YDL123W,none,none,none,,0.22470270400000025,none,none,none,,0.7519692249999999
1776846_at,SEC72,SEC72,YLR292C,none,none,none,,-0.2909690299999994,none,none,none,,-0.5624881869999996
1776853_at,RPS10B,RPS10B,YMR230W,none,none,none,,-0.13224722,early_sustained_down,early,sustained,60.0,-2.0775316959999994
1776854_at,YMR124W,,YMR124W,none,none,none,,0.2644762640000007,late_partial_decline_up,late,partial_decline,100.0,0.8781472269999995
1776856_at,VPS75,VPS75,YNL246W,none,none,none,,0.22209514099999872,none,none,none,,-0.5076700059999997
1776857_at,LCB1,LCB1,YMR296C,none,none,none,,-0.0021286299999996317,none,none,none,,-1.1389531210000001
1776858_at,UFO1,UFO1,YML088W,none,none,none,,-0.5385346549999994,early_sustained_up,early,sustained,60.0,2.342514436
1776859_at,NOP1,NOP1,YDL014W,none,none,none,,-0.26874742999999945,early_sustained_down,early,sustained,60.0,-2.7291090249999996
1776860_at,GRX6,GRX6,YDL010W,none,none,none,,0.2832126939999995,none,none,none,,1.0556305530000003
1776863_at,SWH1,SWH1,YAR042W,none,none,none,,-0.12174404599999988,none,none,none,,-0.08928573899999925
1776864_at,SAS2,SAS2,YMR127C,early_transient_down,early,transient,30.0,-0.16353034999999938,early_sustained_down,early,sustained,30.0,-1.0694408200000005
1776865_at,YKL071W,,YKL071W,early_sustained_up,early,sustained,30.0,1.4109042910000005,early_sustained_up,early,sustained,30.0,7.068817597
1776869_at,YHL017W,,YHL017W,none,none,none,,0.20211044900000097,none,none,none,,0.05565767400000077
1776872_at,YKL088W,,YKL088W,none,none,none,,-0.151653228999999,none,none,none,,0.05639289500000011
1776874_at,MLH1,MLH1,YMR167W,none,none,none,,-0.20711433299999982,none,none,none,,0.4682736909999994
1776875_at,BDF1,BDF1,YLR399C,none,none,none,,-0.2513812360000003,none,none,none,,0.31280652000000053
1776876_at,HAA1,HAA1,YPR008W,none,none,none,,0.15102525100000008,none,none,none,,-0.11026511400000061
1776877_at,SES1,SES1,YDR023W,none,none,none,,-0.0812262799999992,late_sustained_down,late,sustained,140.0,-1.4987351199999992
1776878_at,BSC6,BSC6,YOL137W,none,none,none,,-0.03577046000000017,none,none,none,,-0.539795646
1776879_at,NEO1,NEO1,YIL048W,none,none,none,,-0.12112179500000053,none,none,none,,0.5060837310000004
1776883_at,YNL305C,,YNL305C,none,none,none,,0.38871389200000017,early_sustained_up,early,sustained,60.0,1.8775403330000007
1776884_at,YPR063C,,YPR063C,none,none,none,,0.042529849999999314,none,none,none,,-1.1963829960000005
1776885_at,STE12,STE12,YHR084W,none,none,none,,-0.6368772699999994,late_sustained_down,late,sustained,100.0,-1.6627855
1776886_at,TAN1,TAN1,YGL232W,none,none,none,,-0.03436692900000082,none,none,none,,-1.0959945939999987
1776887_at,MDM36,MDM36,YPR083W,none,none,none,,-0.025072121000000003,none,none,none,,-0.4194863289999997
1776891_at,SSO1,SSO1,YPL232W,none,none,none,,-0.15380241000000083,none,none,none,,-0.19600010999999995
1776896_at,SPE4,SPE4,YLR146C,none,none,none,,-0.3007210400000009,early_sustained_down,early,sustained,60.0,-1.3877112530000009
1776901_at,ICS3,ICS3,YJL077C,none,none,none,,-0.43455626599999997,none,none,none,,0.9785284489999997
1776905_at,SMM1,SMM1,YNR015W,none,none,none,,-0.4022926449999993,none,none,none,,-0.35605958799999904
1776906_at,SMK1,SMK1,YPR054W,early_transient_up,early,transient,30.0,0.07405441000000046,late_sustained_up,late,sustained,140.0,1.3733045209999997
1776908_at,TOM22,TOM22,YNL131W,none,none,none,,0.054244139999999774,none,none,none,,-0.8033695600000001
1776909_at,UTP20,UTP20,YBL004W,none,none,none,,-0.3703429000000007,early_sustained_down,early,sustained,60.0,-2.973991591
1776910_at,MUB1,MUB1,YMR100W,none,none,none,,-0.5359866130000004,none,none,none,,1.1174805280000006
1776912_at,YPL162C,,YPL162C,none,none,none,,-0.18403726900000006,none,none,none,,-0.7753564059999993
1776913_at,YOL057W,,YOL057W,none,none,none,,0.051583746000000374,none,none,none,,-0.3802190310000011
1776914_at,YLR456W,,YLR456W,none,none,none,,0.057781193000000286,none,none,none,,-0.35588007499999996
1776919_at,HEK2,HEK2,YBL032W,none,none,none,,-0.42164663899999866,late_sustained_down,late,sustained,100.0,-1.4579870589999988
1776921_at,RAD3,RAD3,YER171W,none,none,none,,-0.3073985310000005,none,none,none,,-0.1530128830000006
1776923_at,ISU1,ISU1,YPL135W,none,none,none,,1.0269890000000004,late_sustained_up,late,sustained,140.0,1.9968406099999996
1776925_at,YBL059C-A,,YBL059C-A,none,none,none,,0.21076202600000116,none,none,none,,-0.46652751399999914
1776926_at,YGL176C,,YGL176C,none,none,none,,0.008578372000000556,none,none,none,,-0.5552951259999999
1776927_at,RPL9A,RPL9A,YGL147C,none,none,none,,-0.09042170000000027,late_sustained_down,late,sustained,100.0,-2.2882832099999995
1776928_at,YOR286W,,YOR286W,none,none,none,,0.1691723800000009,none,none,none,,0.36049847000000135
1776930_at,YNL115C,,YNL115C,early_partial_decline_up,early,partial_decline,60.0,0.8364187689999998,late_sustained_up,late,sustained,100.0,2.1354013369999993
1776931_x_at,PAU6,PAU6,YLL064C,none,none,none,,0.13703368600000054,none,none,none,,-0.2955148510000001
1776933_at,AFT2,AFT2,YPL202C,early_transient_up,early,transient,30.0,0.18577107399999981,early_sustained_up,early,sustained,30.0,2.421541608
1776934_at,MRH4,MRH4,YGL064C,none,none,none,,-0.12628601200000045,none,none,none,,-0.8526581709999999
1776935_at,MSO1,MSO1,YNR049C,none,none,none,,0.18032215499999893,none,none,none,,0.4483707419999998
1776936_at,GPM3,GPM3,YOL056W,none,none,none,,-0.2771947929999996,none,none,none,,-0.5634725360000008
1776937_at,DGK1,DGK1,YOR311C,none,none,none,,-0.3097559700000012,none,none,none,,-0.6997438219999985
1776940_s_at,RPS19A /// RPS19B,RPS19A /// RPS19B,YNL302C,none,none,none,,-0.03586821000000029,late_sustained_down,late,sustained,100.0,-1.0486257499999994
1776941_at,RBA50,RBA50,YDR527W,none,none,none,,-0.570259643,none,none,none,,-0.15727567100000073
1776944_at,MAL11,MAL11,YGR289C,none,none,none,,0.20171456100000018,none,none,none,,-0.09493064299999965
1776946_at,ORT1,ORT1,YOR130C,none,none,none,,-0.31630715899999906,early_transient_up,early,transient,30.0,0.598371792
1776947_at,MSL1,MSL1,YIR009W,none,none,none,,-0.1168588340000003,none,none,none,,1.2442908750000008
1776948_at,PNC1,PNC1,YGL037C,early_sustained_up,early,sustained,30.0,1.46570191,early_sustained_up,early,sustained,30.0,2.35080078
1776949_at,YBR013C,,YBR013C,none,none,none,,-0.7584567570000003,none,none,none,,0.05345129599999998
1776951_at,ADH1,ADH1,YOL086C,none,none,none,,0.001447259999999062,none,none,none,,0.019863779999999664
1776953_at,RBD2,RBD2,YPL246C,none,none,none,,0.04992048999999987,none,none,none,,-0.4021431900000003
1776954_at,USE1,USE1,YGL098W,none,none,none,,-0.0031608439999999405,none,none,none,,0.5500458090000002
1776957_at,YLR162W,,YLR162W,none,none,none,,0.14360827600000015,none,none,none,,0.03575484899999992
1776958_at,YNL058C,,YNL058C,none,none,none,,-0.099647280000001,late_sustained_down,late,sustained,140.0,-2.308661313
1776959_at,CDC10,CDC10,YCR002C,none,none,none,,-0.1420896900000006,none,none,none,,0.7234597600000008
1776961_at,GPM1,GPM1,YKL152C,none,none,none,,0.04153291999999986,none,none,none,,0.10190858999999897
1776964_at,YPT35,YPT35,YHR105W,none,none,none,,-0.17229375900000043,none,none,none,,0.6747618210000006
1776967_at,LPP1,LPP1,YDR503C,none,none,none,,0.15115072300000065,none,none,none,,0.740020255000001
1776968_at,CYT1,CYT1,YOR065W,none,none,none,,0.9651800159999997,none,none,none,,-0.6561447010000006
1776969_at,YOR034C-A,,YOR034C-A,none,none,none,,-0.07085183500000003,none,none,none,,1.0938363449999997
1776975_at,YPL236C,,YPL236C,none,none,none,,-0.05451454399999989,early_sustained_up,early,sustained,60.0,1.1692592099999999
1776978_at,YLR290C,,YLR290C,none,none,none,,0.6396564159999993,late_sustained_up,late,sustained,100.0,1.0655393919999998
1776983_at,APC1,APC1,YNL172W,none,none,none,,-0.09079520499999916,none,none,none,,-0.7623791760000005
1776987_at,SEC18,SEC18,YBR080C,none,none,none,,-0.03111701999999994,none,none,none,,0.6921154200000004
1776988_at,SEC3,SEC3,YER008C,none,none,none,,-0.03964913499999945,none,none,none,,0.3591645640000003
1776989_at,YGR122W,,YGR122W,none,none,none,,-0.07319766500000036,none,none,none,,0.7157022350000002
1776992_at,AGA2,AGA2,YGL032C,none,none,none,,-0.40034249800000055,none,none,none,,-0.08641152400000074
1776993_at,MNN1,MNN1,YER001W,none,none,none,,-0.16430722600000003,early_sustained_down,early,sustained,60.0,-1.8757953589999996
1776994_at,WBP1,WBP1,YEL002C,none,none,none,,-0.024123519999999843,none,none,none,,-0.02344873000000014
1776996_at,GIS2,GIS2,YNL255C,none,none,none,,-0.1709549999999993,late_sustained_down,late,sustained,100.0,-1.5085671999999999
1776998_at,GLT1,GLT1,YDL171C,none,none,none,,0.24385886600000006,early_sustained_down,early,sustained,60.0,-2.4789740590000005
1776999_at,OAZ1,OAZ1,YPL052W,none,none,none,,0.02240394600000073,none,none,none,,0.7260592629999998
1777004_at,YLR455W,,YLR455W,none,none,none,,-0.22574381799999976,none,none,none,,-0.3107968529999994
1777007_at,HSL1,HSL1,YKL101W,none,none,none,,-0.03427232800000013,late_sustained_down,late,sustained,140.0,-1.6795146059999997
1777009_at,CHK1,CHK1,YBR274W,none,none,none,,-0.12469224700000048,none,none,none,,0.9587716430000004
1777010_at,SDH2,SDH2,YLL041C,early_partial_decline_up,early,partial_decline,60.0,0.8475021619999996,late_sustained_up,late,sustained,100.0,1.8147094169999995
1777012_at,ARP4,ARP4,YJL081C,none,none,none,,-0.36298370900000165,none,none,none,,-0.8254807169999996
1777013_at,NAT2,NAT2,YGR147C,none,none,none,,-0.12404854100000051,none,none,none,,0.39467059900000123
1777016_at,YBL081W,,YBL081W,early_transient_down,early,transient,30.0,-0.35013660899999977,early_sustained_down,early,sustained,30.0,-1.7274743270000004
1777017_at,YGR237C,,YGR237C,none,none,none,,0.13222834900000002,early_sustained_up,early,sustained,60.0,2.2809026049999996
1777018_at,XPT1,XPT1,YJR133W,none,none,none,,0.21475738700000058,none,none,none,,-0.6012598479999998
1777019_at,DED1,DED1,YOR204W,none,none,none,,-0.4873099200000013,early_sustained_down,early,sustained,60.0,-1.1473231550000005
1777020_at,CIC1,CIC1,YHR052W,early_transient_down,early,transient,30.0,-0.4134025700000006,early_sustained_down,early,sustained,60.0,-2.8661800720000006
1777021_at,YNR018W,,YNR018W,none,none,none,,-0.07848674999999972,early_sustained_down,early,sustained,60.0,-1.5803450049999999
1777022_at,STE4,STE4,YOR212W,none,none,none,,-0.21460244000000017,none,none,none,,-0.7524201700000006
1777024_at,YBL059W,,YBL059W,none,none,none,,0.04469876599999978,none,none,none,,1.0996615769999991
1777027_at,STP3,STP3,YLR375W,none,none,none,,-0.06302708800000012,none,none,none,,0.750288831999999
1777028_at,MAP2,MAP2,YBL091C,none,none,none,,-0.09421320999999949,none,none,none,,-0.04799619000000099
1777029_at,SAP155,SAP155,YFR040W,none,none,none,,0.03379435300000111,none,none,none,,0.10804485399999919
1777030_at,YDR476C,,YDR476C,none,none,none,,-0.09217532400000117,none,none,none,,0.5778860779999988
1777032_at,RSM22,RSM22,YKL155C,none,none,none,,-0.008391451999999688,none,none,none,,0.3439909959999996
1777033_at,FIT3,FIT3,YOR383C,none,none,none,,0.327521097,none,none,none,,0.8901336479999991
1777034_at,THI80,THI80,YOR143C,none,none,none,,-0.22884147000000077,none,none,none,,-0.194683469000001
1777035_at,RPL40A,RPL40A,YIL148W,none,none,none,,0.0013114200000003962,none,none,none,,-0.2854652400000006
1777039_at,HFA1,HFA1,YMR207C,none,none,none,,-0.2974518220000002,none,none,none,,-0.9574874709999994
1777041_at,FIR1,FIR1,YER032W,none,none,none,,-0.14989902499999985,none,none,none,,-0.9795798410000005
1777042_at,GRX2,GRX2,YDR513W,early_transient_up,early,transient,30.0,0.5347770899999986,early_sustained_up,early,sustained,30.0,1.4314617099999989
1777043_at,YBP2,YBP2,YGL060W,none,none,none,,-0.003356102999999777,none,none,none,,0.9783480999999998
1777044_at,YOR352W,,YOR352W,none,none,none,,0.10229413600000115,late_partial_decline_up,late,partial_decline,100.0,0.8184857980000011
1777046_at,MRPL4,MRPL4,YLR439W,none,none,none,,0.030463451999999336,none,none,none,,-0.204625171
1777047_at,YNL022C,,YNL022C,none,none,none,,-0.37802069299999985,none,none,none,,-0.3543042249999999
1777048_at,OYE2,OYE2,YHR179W,none,none,none,,-0.4548167299999992,none,none,none,,0.9353400000000001
1777049_at,NAM7,NAM7,YMR080C,none,none,none,,-0.17622895999999955,none,none,none,,-0.7921845049999998
1777051_at,ELP3,ELP3,YPL086C,none,none,none,,-0.4612453480000003,early_sustained_down,early,sustained,60.0,-1.7917612040000002
1777053_at,ATH1,ATH1,YPR026W,early_sustained_up,early,sustained,30.0,1.101208743,early_sustained_up,early,sustained,60.0,2.714169289000001
1777056_at,MTG2,MTG2,YHR168W,none,none,none,,-0.1234428310000002,none,none,none,,-0.5066625079999998
1777059_at,CTK2,CTK2,YJL006C,none,none,none,,-0.16069583700000045,none,none,none,,0.6896519109999986
1777060_at,SRP14,SRP14,YDL092W,none,none,none,,-0.3859397600000012,none,none,none,,-0.5088276410000017
1777065_at,ELC1,ELC1,YPL046C,none,none,none,,0.17571283600000065,none,none,none,,0.6202879980000002
1777069_at,YMR166C,,YMR166C,none,none,none,,0.4635827699999995,none,none,none,,-0.2274381329999997
1777077_at,CWC25,CWC25,YNL245C,none,none,none,,-0.2345072540000004,none,none,none,,1.0292853009999998
1777079_at,SKN1,SKN1,YGR143W,none,none,none,,0.1905914580000001,none,none,none,,0.5113912060000008
1777080_at,GSH1,GSH1,YJL101C,early_transient_up,early,transient,30.0,-0.6758818489999996,early_sustained_up,early,sustained,30.0,1.822113989
1777081_at,YOL159C,,YOL159C,none,none,none,,0.6213131710000006,none,none,none,,0.3769205210000006
1777083_at,ECM7,ECM7,YLR443W,none,none,none,,0.22543758700000005,none,none,none,,-0.5442532319999991
1777085_at,BDS1,BDS1,YOL164W,none,none,none,,-0.16475366700000027,none,none,none,,0.04011355899999991
1777086_at,PSR1,PSR1,YLL010C,none,none,none,,-0.04979003900000034,none,none,none,,1.198381501
1777087_at,NAP1,NAP1,YKR048C,none,none,none,,-0.22402909000000015,none,none,none,,-0.10487370999999968
1777088_at,HSM3,HSM3,YBR272C,none,none,none,,0.05405997099999915,late_sustained_up,late,sustained,100.0,1.5998814970000002
1777092_at,RNH70,RNH70,YGR276C,none,none,none,,-0.31231560399999836,none,none,none,,0.007188290000000208
1777093_at,TRS130,TRS130,YMR218C,none,none,none,,-0.13719089199999956,none,none,none,,-0.07348942899999855
1777094_at,RPN9,RPN9,YDR427W,none,none,none,,-0.2952746200000007,none,none,none,,0.946806089999999
1777095_at,RNP1,RNP1,YLL046C,none,none,none,,0.41193874500000005,none,none,none,,-0.18103921099999987
1777096_at,RDS1,RDS1,YCR106W,none,none,none,,0.14827761500000003,none,none,none,,-0.3235866859999996
1777097_at,CPA2,CPA2,YJR109C,none,none,none,,0.7193231400000002,none,none,none,,0.8066924499999999
1777099_at,PEX13,PEX13,YLR191W,none,none,none,,-0.049151024000000376,none,none,none,,0.2377012589999996
1777100_at,SSF2,SSF2,YDR312W,early_transient_down,early,transient,30.0,-0.27713916499999947,early_partial_decline_down,early,partial_decline,60.0,-0.960690929000001
1777102_at,SNC1,SNC1,YAL030W,none,none,none,,0.34633345000000126,none,none,none,,0.8903181900000003
1777104_at,RPL6A,RPL6A,YML073C,none,none,none,,-0.06192328000000025,late_sustained_down,late,sustained,100.0,-1.4828876600000012
1777106_at,GOR1,GOR1,YNL274C,early_sustained_up,early,sustained,30.0,1.4249000470000004,early_sustained_up,early,sustained,30.0,3.824212856000001
1777107_at,YOR268C,,YOR268C,none,none,none,,-0.09508887399999999,none,none,none,,-0.5847970240000002
1777109_at,VID30,VID30,YGL227W,early_transient_up,early,transient,30.0,0.5827936320000004,early_sustained_up,early,sustained,30.0,2.840703950999999
1777111_at,HRB1,HRB1,YNL004W,none,none,none,,-0.22614921399999943,none,none,none,,-0.21377761000000106
1777112_at,DPL1,DPL1,YDR294C,none,none,none,,0.20993243999999933,late_sustained_up,late,sustained,140.0,1.0616721400000007
1777114_at,CLB5,CLB5,YPR120C,none,none,none,,0.15034379299999934,none,none,none,,-0.6059707950000002
1777119_at,MUS81,MUS81,YDR386W,none,none,none,,-0.12080616600000038,late_sustained_up,late,sustained,100.0,1.3457243199999995
1777120_at,CAJ1,CAJ1,YER048C,none,none,none,,0.008049760000000461,none,none,none,,0.1489719100000002
1777121_at,RPA14,RPA14,YDR156W,none,none,none,,-0.42687834,early_sustained_down,early,sustained,60.0,-1.012216646999999
1777122_at,YOL014W,,YOL014W,none,none,none,,-0.33689165400000043,late_sustained_down,late,sustained,140.0,-1.040445493
1777123_at,ECM22,ECM22,YLR228C,none,none,none,,-0.8637156860000008,none,none,none,,-0.657056378
1777126_at,BEM2,BEM2,YER155C,none,none,none,,-0.06463667700000109,none,none,none,,-0.0038296400000010777
1777128_at,YGR153W,,YGR153W,none,none,none,,0.6171570590000011,none,none,none,,-0.5661212560000006
1777129_at,YJU2,YJU2,YKL095W,none,none,none,,-0.5031903619999998,none,none,none,,0.05942391099999966
1777130_at,FKH1,FKH1,YIL131C,early_transient_down,early,transient,30.0,-0.4647750300000002,early_sustained_down,early,sustained,60.0,-1.8835984999999988
1777133_at,MDG1,MDG1,YNL173C,early_transient_up,early,transient,30.0,0.3155004109999986,early_partial_decline_up,early,partial_decline,60.0,0.930380993
1777134_at,RPL28,RPL28,YGL103W,none,none,none,,-0.056502970000000374,none,none,none,,-0.6284937900000003
1777137_at,YGR109W-B,,YGR109W-B,none,none,none,,0.3749132260000003,none,none,none,,-0.3892998830000014
1777138_at,ASK1,ASK1,YKL052C,none,none,none,,-0.05165986899999986,none,none,none,,0.9285825540000001
1777140_at,CDC48,CDC48,YDL126C,none,none,none,,-0.08102710999999907,none,none,none,,0.5255501700000007
1777141_at,PSR2,PSR2,YLR019W,none,none,none,,-0.011996954999998977,none,none,none,,0.4645764529999994
1777143_s_at,SOR1 /// SOR2,SOR1 /// SOR2,YDL246C,early_transient_up,early,transient,30.0,0.8933264899999998,late_sustained_up,late,sustained,100.0,1.7249435789999996
1777145_at,YJR080C,,YJR080C,none,none,none,,0.12284031999999989,none,none,none,,-0.0258830200000002
1777146_at,GPB2,GPB2,YAL056W,none,none,none,,-0.11595773200000004,none,none,none,,0.4648275050000006
1777149_at,YER188C-A,,YER188C-A,none,none,none,,0.186932584,none,none,none,,-0.16695153499999993
1777150_at,ATP11,ATP11,YNL315C,none,none,none,,0.1932490910000002,none,none,none,,-0.8179446739999996
1777152_at,BIO5,BIO5,YNR056C,none,none,none,,-0.5014100899999994,none,none,none,,-0.37537442799999976
1777153_at,MRD1,MRD1,YPR112C,early_transient_down,early,transient,30.0,-0.46331013700000057,early_sustained_down,early,sustained,60.0,-2.6211950140000004
1777154_at,YPT1,YPT1,YFL038C,none,none,none,,-0.09204551000000016,none,none,none,,-0.18719893000000098
1777156_at,PHA2,PHA2,YNL316C,none,none,none,,-0.17245743400000002,none,none,none,,0.6236736470000004
1777157_at,TAF8,TAF8,YML114C,none,none,none,,-0.3270453670000002,none,none,none,,0.6833952729999986
1777158_at,YMR258C,,YMR258C,none,none,none,,0.44244815999999965,early_sustained_up,early,sustained,60.0,2.0021233269999996
1777168_at,LIP5,LIP5,YOR196C,none,none,none,,-0.468797318,none,none,none,,-0.9667123880000013
1777170_at,YNL260C,,YNL260C,early_transient_up,early,transient,30.0,-0.31118138500000025,early_sustained_up,early,sustained,30.0,1.8571458140000008
1777171_at,YAL044W-A,,YAL044W-A,none,none,none,,0.0894287200000008,none,none,none,,-0.5711400700000002
1777174_at,UFD2,UFD2,YDL190C,none,none,none,,-0.009257730999999936,late_sustained_up,late,sustained,140.0,1.1428108049999999
1777175_at,MEP1,MEP1,YGR121C,late_sustained_down,late,sustained,140.0,-1.205631844,none,none,none,,0.15138584599999927
1777178_at,PBS2,PBS2,YJL128C,none,none,none,,-0.09098958999999951,late_partial_decline_up,late,partial_decline,100.0,0.9137512659999985
1777180_at,MEP3,MEP3,YPR138C,none,none,none,,-0.48234836299999984,early_sustained_down,early,sustained,60.0,-1.9835669570000007
1777181_at,PLP2,PLP2,YOR281C,none,none,none,,-0.172803720000001,none,none,none,,0.5321993099999993
1777183_at,INP53,INP53,YOR109W,none,none,none,,-0.13144201200000083,none,none,none,,0.183154107
1777184_at,YFR012W,,YFR012W,none,none,none,,0.12482145199999994,none,none,none,,-0.452398611
1777186_at,NPL4,NPL4,YBR170C,none,none,none,,-0.07673238799999993,early_sustained_up,early,sustained,60.0,2.4944079269999992
1777188_at,YHR213W,,YHR213W,none,none,none,,0.861245383,none,none,none,,0.11015852599999976
1777189_at,HAL9,HAL9,YOL089C,none,none,none,,-0.0745995379999993,none,none,none,,0.6623986639999995
1777191_at,YOL159C-A,,YOL159C-A,none,none,none,,0.5677724030000002,none,none,none,,1.1085056499999997
1777192_at,RFS1,RFS1,YBR052C,none,none,none,,0.3090057099999992,early_sustained_up,early,sustained,60.0,1.4245871099999992
1777196_at,PCK1,PCK1,YKR097W,none,none,none,,0.16006806499999993,late_sustained_up,late,sustained,140.0,1.1086839599999996
1777198_at,YJR030C,,YJR030C,none,none,none,,-0.12766440099999965,none,none,none,,-0.7942625039999998
1777199_at,ELP6,ELP6,YMR312W,none,none,none,,-0.2976661899999993,none,none,none,,-0.5658148920000006
1777204_at,FYV7,FYV7,YLR068W,early_transient_down,early,transient,30.0,-0.5911143499999998,early_sustained_down,early,sustained,30.0,-2.6773884069999996
1777206_at,NOP9,NOP9,YJL010C,early_transient_down,early,transient,30.0,-0.41152108,early_sustained_down,early,sustained,60.0,-1.658312017
1777207_at,CLB6,CLB6,YGR109C,early_transient_down,early,transient,30.0,0.1310185310000005,early_sustained_down,early,sustained,60.0,-2.3348163909999995
1777211_at,RFX1,RFX1,YLR176C,none,none,none,,0.4726948010000003,early_sustained_up,early,sustained,60.0,1.326939524000001
1777212_at,PCI8,PCI8,YIL071C,none,none,none,,0.3906218140000002,late_sustained_up,late,sustained,100.0,1.6883906790000003
1777214_at,YNL162W-A,,YNL162W-A,early_transient_down,early,transient,30.0,0.03609457299999974,early_sustained_down,early,sustained,30.0,-1.3475948410000003
1777215_at,YGR054W,,YGR054W,none,none,none,,-0.30995203300000007,late_sustained_down,late,sustained,140.0,-1.2316981160000005
1777217_at,SDO1,SDO1,YLR022C,none,none,none,,-0.3433153830000002,none,none,none,,-1.0120794700000015
1777218_at,RPI1,RPI1,YIL119C,none,none,none,,-0.44094608900000054,late_sustained_down,late,sustained,140.0,-2.510930802
1777219_at,YNL134C,,YNL134C,early_transient_up,early,transient,30.0,0.44453672000000033,early_sustained_up,early,sustained,30.0,2.0820967999999986
1777222_at,YSW1,YSW1,YBR148W,late_sustained_up,late,sustained,100.0,1.047256356,early_sustained_up,early,sustained,30.0,3.622517663999999
1777223_at,YGR127W,,YGR127W,early_transient_up,early,transient,30.0,0.833754504999999,early_sustained_up,early,sustained,30.0,2.457722239999999
1777225_at,GLC7,GLC7,YER133W,none,none,none,,-0.011322670000000201,none,none,none,,-0.17675990000000041
1777227_at,RPL23A,RPL23A,YBL087C,none,none,none,,-0.04077662999999987,late_sustained_down,late,sustained,100.0,-1.83544558
1777228_at,YMR230W-A,,YMR230W-A,early_transient_down,early,transient,30.0,-0.47795588100000064,early_sustained_down,early,sustained,60.0,-1.183349465
1777230_at,DAP2,DAP2,YHR028C,none,none,none,,0.2035638070000001,late_sustained_up,late,sustained,140.0,1.0683077690000005
1777232_at,HIM1,HIM1,YDR317W,none,none,none,,0.3075903060000007,none,none,none,,0.01622396600000009
1777233_at,SSP120,SSP120,YLR250W,none,none,none,,0.16231490000000015,none,none,none,,0.5578052199999988
1777234_at,NUP57,NUP57,YGR119C,none,none,none,,-0.4131579590000012,none,none,none,,-0.5961496490000009
1777237_at,PDC1,PDC1,YLR044C,none,none,none,,0.07025387000000016,none,none,none,,-0.058944030000001035
1777238_at,CBP4,CBP4,YGR174C,none,none,none,,0.4955922640000008,none,none,none,,0.013309779000000077
1777239_at,YGL258W-A,,YGL258W-A,none,none,none,,0.5612535219999999,early_sustained_up,early,sustained,60.0,2.818988965
1777240_at,RER1,RER1,YCL001W,none,none,none,,0.007713429999999022,none,none,none,,0.2238304099999997
1777241_at,RPS19A,RPS19A,YOL121C,none,none,none,,-0.15919060999999957,late_sustained_down,late,sustained,100.0,-2.046009144000001
1777242_at,FRS1,FRS1,YLR060W,none,none,none,,-0.19520698000000003,late_sustained_down,late,sustained,140.0,-1.1570165599999989
1777244_at,RPN12,RPN12,YFR052W,none,none,none,,-0.21557217999999878,none,none,none,,1.0391555099999987
1777245_at,SNF12,SNF12,YNR023W,none,none,none,,-0.09893964499999974,none,none,none,,0.7915098080000007
1777247_at,DFG10,DFG10,YIL049W,none,none,none,,0.21035678299999994,none,none,none,,-0.4270435670000001
1777248_at,YIR003W,,YIR003W,none,none,none,,-0.033909818999999786,late_sustained_up,late,sustained,100.0,1.5618529690000003
1777253_at,WTM1,WTM1,YOR230W,none,none,none,,0.30528411000000055,late_sustained_up,late,sustained,140.0,1.0573767599999986
1777255_at,NUS1,NUS1,YDL193W,none,none,none,,0.1349945030000015,none,none,none,,0.8073452020000005
1777257_at,MCA1,MCA1,YOR197W,none,none,none,,-0.07202273999999953,none,none,none,,0.1412274300000007
1777258_at,BDF2,BDF2,YDL070W,none,none,none,,0.004517824000000559,none,none,none,,1.0023154750000005
1777260_at,YNL208W,,YNL208W,none,none,none,,0.6182409999999994,late_partial_decline_up,late,partial_decline,100.0,0.9454075299999989
1777263_at,RPS2,RPS2,YGL123W,none,none,none,,0.017807560000001388,none,none,none,,-0.4272390399999999
1777266_at,MTR10,MTR10,YOR160W,none,none,none,,-0.16339596200000095,none,none,none,,-0.6109967340000004
1777268_at,TES1,TES1,YJR019C,none,none,none,,0.03332210200000052,late_sustained_up,late,sustained,100.0,1.2141924460000002
1777269_at,ISY1,ISY1,YJR050W,none,none,none,,-0.25022081000000007,late_sustained_up,late,sustained,100.0,1.3703311840000012
1777271_at,PEX11,PEX11,YOL147C,none,none,none,,0.28920893999999997,none,none,none,,-0.6345196929999997
1777272_at,PRP8,PRP8,YHR165C,none,none,none,,-0.20576299100000028,none,none,none,,-1.2335391960000006
1777276_at,UBP9,UBP9,YER098W,early_sustained_up,early,sustained,60.0,1.055123214,late_sustained_up,late,sustained,100.0,1.3684742180000002
1777277_at,CIA1,CIA1,YDR267C,none,none,none,,-0.2543868490000012,none,none,none,,0.6015124729999997
1777278_at,MMF1,MMF1,YIL051C,none,none,none,,0.5262005300000006,none,none,none,,0.7191648300000004
1777282_at,RVS161,RVS161,YCR009C,none,none,none,,-0.09611428000000011,none,none,none,,0.7584523700000005
1777284_at,YBL029W,,YBL029W,none,none,none,,0.529239703,none,none,none,,-0.5342457449999998
1777286_s_at,PHO11 /// PHO12,PHO11 /// PHO12,YAR071W,none,none,none,,0.6455541799999995,none,none,none,,0.5181736390000005
1777289_at,SPN1,SPN1,YPR133C,none,none,none,,-0.27365436999999915,none,none,none,,0.49145004000000014
1777290_at,YLR157W-C,,YLR157W-C,none,none,none,,0.2271832490000003,none,none,none,,0.02389545599999998
1777292_at,LSB1,LSB1,YGR136W,none,none,none,,0.2846596899999998,early_sustained_up,early,sustained,60.0,2.2170033300000007
1777293_at,KTI11,KTI11,YBL071W-A,early_transient_down,early,transient,30.0,0.11198181499999826,early_transient_down,early,transient,60.0,-0.773815548
1777294_at,YML054C-A,,YML054C-A,none,none,none,,-0.08573104400000009,none,none,none,,0.6451279520000002
1777295_at,RRP42,RRP42,YDL111C,none,none,none,,-0.28287268699999935,none,none,none,,-0.06708042300000017
1777298_at,YIL152W,,YIL152W,none,none,none,,-0.028380777000000634,late_sustained_up,late,sustained,100.0,1.1456625139999996
1777299_at,MPS2,MPS2,YGL075C,none,none,none,,-0.2345377520000005,none,none,none,,1.1267452769999995
1777301_at,KIC1,KIC1,YHR102W,none,none,none,,-0.14688534100000084,late_sustained_up,late,sustained,140.0,1.0115287850000012
1777302_at,STI1,STI1,YOR027W,none,none,none,,0.018433760000000632,late_sustained_up,late,sustained,140.0,1.1045323600000003
1777305_at,YTA6,YTA6,YPL074W,none,none,none,,-0.3462505390000006,none,none,none,,0.8615664080000007
1777306_at,IVY1,IVY1,YDR229W,none,none,none,,-0.010542716999999868,early_sustained_up,early,sustained,60.0,1.4200897870000002
1777309_at,AAC3,AAC3,YBR085W,none,none,none,,-0.3877662060000002,late_sustained_down,late,sustained,100.0,-1.428551647
1777311_at,ASG1,ASG1,YIL130W,none,none,none,,-0.3436877340000004,early_sustained_down,early,sustained,60.0,-1.2159016019999997
1777312_at,THR1,THR1,YHR025W,none,none,none,,-0.12974539000000007,late_sustained_down,late,sustained,140.0,-1.2573138000000004
1777314_at,SUI2,SUI2,YJR007W,none,none,none,,-0.12892805000000074,none,none,none,,-0.5053158799999995
1777315_at,YCL012C,,YCL012C,none,none,none,,0.8492864410000003,none,none,none,,0.8250903829999992
1777316_at,BOS1,BOS1,YLR078C,none,none,none,,0.0789661000000006,none,none,none,,-0.8759111219999998
1777317_at,DOA1,DOA1,YKL213C,none,none,none,,0.1773129890000007,early_sustained_up,early,sustained,60.0,2.428413267
1777318_at,YML119W,,YML119W,early_transient_down,early,transient,30.0,-0.1478257480000007,none,none,none,,0.0754085920000005
1777319_at,SPO16,SPO16,YHR153C,none,none,none,,-0.23603582600000017,none,none,none,,-0.35819496299999987
1777320_at,HFI1,HFI1,YPL254W,none,none,none,,-0.256043966,none,none,none,,-0.4831163529999998
1777321_at,QCR7,QCR7,YDR529C,none,none,none,,0.4064444700000003,none,none,none,,-0.6369298900000011
1777325_at,ECM11,ECM11,YDR446W,none,none,none,,-0.5685070130000001,none,none,none,,0.42597261899999994
1777327_at,RAM1,RAM1,YDL090C,none,none,none,,-0.20434221000000008,none,none,none,,0.9179552879999999
1777328_at,YJL127C-B,,YJL127C-B,none,none,none,,0.18241667300000053,none,none,none,,0.4232619710000005
1777329_at,GAL11,GAL11,YOL051W,none,none,none,,-0.07912471000000032,none,none,none,,-0.3413994560000013
1777332_at,BRE2,BRE2,YLR015W,none,none,none,,-0.2440307319999997,none,none,none,,0.6103100769999994
1777334_at,SDH3,SDH3,YKL141W,none,none,none,,0.41451243000000026,none,none,none,,0.14927883999999914
1777335_at,TOR1,TOR1,YJR066W,none,none,none,,-0.011471961999999891,late_sustained_down,late,sustained,140.0,-1.459790685999999
1777336_at,FIS1,FIS1,YIL065C,none,none,none,,0.4268798629999999,early_sustained_up,early,sustained,60.0,1.7728352439999995
1777337_at,NAM9,NAM9,YNL137C,none,none,none,,-0.018193243999998998,none,none,none,,0.09621058299999952
1777341_at,MRPL16,MRPL16,YBL038W,none,none,none,,0.018558399999999864,none,none,none,,0.57713502
1777342_at,TUP1,TUP1,YCR084C,none,none,none,,-0.11872593999999914,early_sustained_down,early,sustained,60.0,-2.1541090339999993
1777343_at,SPS19,SPS19,YNL202W,early_sustained_up,early,sustained,60.0,1.372716562,late_sustained_up,late,sustained,100.0,1.3821515040000003
1777344_at,BAT2,BAT2,YJR148W,none,none,none,,0.21097218999999967,none,none,none,,-0.12469162000000011
1777345_at,PEX1,PEX1,YKL197C,none,none,none,,-0.0064495339999997015,none,none,none,,0.2432213799999996
1777350_at,BDH1,BDH1,YAL060W,early_sustained_up,early,sustained,60.0,1.7077247260000004,early_sustained_up,early,sustained,60.0,2.771862477999999
1777351_at,STE14,STE14,YDR410C,none,none,none,,-0.24161637400000124,none,none,none,,-0.4982840530000008
1777352_at,GTS1,GTS1,YGL181W,none,none,none,,0.07489284200000057,early_sustained_up,early,sustained,30.0,2.5087181360000006
1777353_at,NUP2,NUP2,YLR335W,none,none,none,,-0.0748505099999992,none,none,none,,-0.17167071000000078
1777355_at,HPR1,HPR1,YDR138W,none,none,none,,-0.22577498099999982,none,none,none,,1.0731289449999997
1777356_at,TPT1,TPT1,YOL102C,none,none,none,,-0.06915761299999978,none,none,none,,-0.28088638999999915
1777357_at,PPQ1,PPQ1,YPL179W,none,none,none,,-0.031966349999999366,none,none,none,,-0.48265254699999893
1777358_at,TIF5,TIF5,YPR041W,none,none,none,,-0.3673793700000001,none,none,none,,-0.23452557999999968
1777359_at,BIK1,BIK1,YCL029C,none,none,none,,-0.2402285150000001,none,none,none,,0.42756950899999957
1777362_at,AHC1,AHC1,YOR023C,none,none,none,,-0.18394402500000062,early_sustained_up,early,sustained,60.0,1.965064721000001
1777364_s_at,YIL082W-A,,YIL082W-A,none,none,none,,0.28968713999999984,none,none,none,,-1.0485379600000009
1777366_at,PIG2,PIG2,YIL045W,none,none,none,,0.02538010299999982,early_sustained_up,early,sustained,30.0,2.306017789000001
1777367_at,SLI15,SLI15,YBR156C,none,none,none,,-0.11236343699999995,none,none,none,,-0.8737331249999993
1777368_at,GOT1,GOT1,YMR292W,none,none,none,,-0.059340680000000035,late_sustained_down,late,sustained,100.0,-1.1356858599999988
1777369_at,SHO1,SHO1,YER118C,none,none,none,,-0.1346374629999989,none,none,none,,-0.5875713440000006
1777371_at,GDE1,GDE1,YPL110C,none,none,none,,0.44124836599999995,none,none,none,,0.5441181329999996
1777372_at,YGR150C,,YGR150C,none,none,none,,0.28624342599999864,none,none,none,,-1.182066454
1777374_at,LEU1,LEU1,YGL009C,none,none,none,,-0.3084967400000007,none,none,none,,-0.16688876000000086
1777376_at,PTR2,PTR2,YKR093W,none,none,none,,-0.21376749999999944,early_sustained_down,early,sustained,60.0,-4.780304104
1777379_s_at,RPL20A /// RPL20B,RPL20A /// RPL20B,YOR312C,none,none,none,,0.004847950000000267,late_sustained_down,late,sustained,100.0,-1.1026640499999996
1777381_at,IXR1,IXR1,YKL032C,none,none,none,,-0.4080005370000013,late_sustained_down,late,sustained,140.0,-1.1669364349999984
1777382_at,YDL156W,,YDL156W,none,none,none,,-0.3359441269999994,none,none,none,,-1.0402158759999995
1777383_at,ECM3,ECM3,YOR092W,none,none,none,,0.3532722769999994,none,none,none,,-0.37752082
1777384_at,PRM6,PRM6,YML047C,late_sustained_down,late,sustained,140.0,-1.173293536,early_sustained_down,early,sustained,60.0,-1.8501541469999996
1777386_at,PAT1,PAT1,YCR077C,none,none,none,,-0.034833412999999425,none,none,none,,-1.0372814189999993
1777387_at,SFB3,SFB3,YHR098C,none,none,none,,0.05603179000000047,none,none,none,,-0.020766740000000894
1777388_at,STR3,STR3,YGL184C,early_transient_up,early,transient,30.0,0.029745166000000545,early_sustained_up,early,sustained,60.0,2.406585635
1777389_at,BSC5,BSC5,YNR069C,none,none,none,,-0.3582356640000004,early_sustained_up,early,sustained,30.0,2.334880023
1777391_at,PDX3,PDX3,YBR035C,none,none,none,,-0.01736069000000029,none,none,none,,0.12615152000000052
1777394_at,ATG10,ATG10,YLL042C,none,none,none,,1.056062076,none,none,none,,-0.022806883999999528
1777395_at,NUP116,NUP116,YMR047C,none,none,none,,-0.1969759609999997,none,none,none,,-0.11982632500000001
1777396_at,VMA2,VMA2,YBR127C,none,none,none,,0.051614660000000256,none,none,none,,-0.2573898899999989
1777399_at,ARD1,ARD1,YHR013C,none,none,none,,-0.18740034400000027,none,none,none,,-0.7387285410000004
1777402_at,YOR186W,,YOR186W,none,none,none,,0.21536845299999996,early_sustained_up,early,sustained,60.0,3.0620232080000003
1777403_at,IMP3,IMP3,YHR148W,early_transient_down,early,transient,30.0,-0.4579754299999994,early_sustained_down,early,sustained,60.0,-2.348458182
1777404_at,MOT2,MOT2,YER068W,none,none,none,,0.017969948999999374,none,none,none,,-0.7359520740000001
1777405_at,RPF1,RPF1,YHR088W,early_transient_down,early,transient,60.0,-0.4805983300000012,late_sustained_down,late,sustained,100.0,-1.4134020339999989
1777409_at,YCR015C,,YCR015C,none,none,none,,-0.021486709999999576,none,none,none,,-0.3481774959999999
1777413_s_at,EFT1 /// EFT2,EFT1 /// EFT2,YDR385W,none,none,none,,-0.028878920000000363,none,none,none,,-0.6146994999999986
1777414_at,RIM8,RIM8,YGL045W,none,none,none,,0.3548417550000007,late_sustained_up,late,sustained,100.0,1.5914982320000002
1777416_at,MAK10,MAK10,YEL053C,none,none,none,,-0.3914951640000002,none,none,none,,-0.35643571900000026
1777417_at,RTT103,RTT103,YDR289C,none,none,none,,-0.27825817899999983,none,none,none,,0.6822357239999999
1777418_at,SMB1,SMB1,YER029C,none,none,none,,-0.4986880410000012,none,none,none,,0.12243725000000083
1777421_at,RMD6,RMD6,YEL072W,none,none,none,,0.01771988499999999,late_sustained_up,late,sustained,100.0,1.5975321869999997
1777424_at,YHI9,YHI9,YHR029C,early_transient_up,early,transient,30.0,0.2362773340000004,early_sustained_up,early,sustained,60.0,1.6499668410000012
1777429_at,CBR1,CBR1,YIL043C,none,none,none,,-0.04527726000000065,none,none,none,,-0.39221322000000036
1777440_at,FLC3,FLC3,YGL139W,none,none,none,,-0.5122225929999988,early_sustained_down,early,sustained,60.0,-1.9937797579999996
1777442_at,MMS2,MMS2,YGL087C,none,none,none,,0.20493124999999957,none,none,none,,0.12166331000000064
1777443_at,SOH1,SOH1,YGL127C,none,none,none,,-0.04110637500000003,none,none,none,,-0.01879726599999998
1777444_at,PAI3,PAI3,YMR174C,early_sustained_up,early,sustained,60.0,2.052249924,late_sustained_up,late,sustained,100.0,2.726260128
1777445_at,YAR068W,,YAR068W,none,none,none,,-0.29529421199999994,none,none,none,,0.6949980690000004
1777448_at,WHI4,WHI4,YDL224C,none,none,none,,-0.10659056100000086,none,none,none,,0.514506785
1777449_at,YIR014W,,YIR014W,none,none,none,,0.3863099569999999,late_sustained_up,late,sustained,100.0,1.1154317770000004
1777451_at,MTC2,MTC2,YKL098W,none,none,none,,0.019216726999999878,none,none,none,,0.8540466359999996
1777452_at,MIC14,MIC14,YDR031W,early_partial_decline_up,early,partial_decline,60.0,0.6149254529999997,early_sustained_up,early,sustained,60.0,1.5924189299999991
1777453_at,REV7,REV7,YIL139C,none,none,none,,0.4819941590000001,none,none,none,,-0.34118496500000006
1777455_at,ARG82,ARG82,YDR173C,none,none,none,,0.29336201799999984,early_sustained_up,early,sustained,60.0,2.0803729990000006
1777456_at,YKL215C,,YKL215C,none,none,none,,0.07508866099999878,none,none,none,,0.8606572809999999
1777457_s_at,AAD15 /// AAD3,AAD15 /// AAD3,YCR107W,none,none,none,,0.4911007989999998,early_sustained_up,early,sustained,60.0,1.774084154
1777458_at,RPL16B,RPL16B,YNL069C,none,none,none,,-0.06268692999999992,late_sustained_down,late,sustained,100.0,-1.6109311099999992
1777461_at,IBA57,IBA57,YJR122W,early_transient_up,early,transient,30.0,-0.1081477710000005,early_sustained_up,early,sustained,30.0,1.4227130270000004
1777462_at,MRM1,MRM1,YOR201C,none,none,none,,0.19259377999999927,none,none,none,,-0.9770530940000004
1777463_at,SPG5,SPG5,YMR191W,none,none,none,,0.5149534639999995,late_sustained_up,late,sustained,140.0,1.3430579960000006
1777464_at,YGL230C,,YGL230C,none,none,none,,0.7350562869999999,none,none,none,,0.2588054839999998
1777465_at,ULP2,ULP2,YIL031W,none,none,none,,-0.3011365090000009,early_sustained_down,early,sustained,60.0,-1.3457176540000004
1777467_at,YNL157W,,YNL157W,none,none,none,,-0.11570171999999879,early_sustained_up,early,sustained,60.0,1.5356439000000002
1777472_at,YOL164W-A,,YOL164W-A,none,none,none,,0.01531676599999976,none,none,none,,0.6779851629999998
1777473_at,MSC3,MSC3,YLR219W,none,none,none,,0.0865790870000005,late_sustained_up,late,sustained,100.0,1.367625585999999
1777474_at,YMC1,YMC1,YPR058W,none,none,none,,-0.2125220400000014,none,none,none,,-0.3229197700000004
1777476_at,CUR1,CUR1,YPR158W,none,none,none,,0.03657442499999952,early_sustained_up,early,sustained,30.0,2.6113608060000004
1777477_at,FEN1,FEN1,YCR034W,none,none,none,,-0.06975359000000125,early_sustained_down,early,sustained,60.0,-3.241414776000001
1777479_at,HMF1,HMF1,YER057C,none,none,none,,0.21838065999999934,none,none,none,,0.03930590000000045
1777481_at,JJJ1,JJJ1,YNL227C,early_transient_down,early,transient,30.0,-0.3517019459999986,none,none,none,,-0.2547434699999993
1777482_at,YOR111W,,YOR111W,none,none,none,,-0.03675339299999969,late_sustained_up,late,sustained,140.0,1.1070299700000001
1777486_at,RIB5,RIB5,YBR256C,none,none,none,,-0.18468621999999968,early_sustained_up,early,sustained,60.0,1.1857308
1777489_at,RAI1,RAI1,YGL246C,none,none,none,,-0.4944376340000005,none,none,none,,-0.4154676800000008
1777493_at,FAR11,FAR11,YNL127W,none,none,none,,0.0065625510000000276,late_sustained_up,late,sustained,100.0,1.2461149379999998
1777495_at,AST1,AST1,YBL069W,none,none,none,,0.3519878100000007,none,none,none,,-0.20975125600000055
1777497_at,APM3,APM3,YBR288C,none,none,none,,-0.13112669000000032,none,none,none,,0.5247346400000001
1777498_at,SCS2,SCS2,YER120W,none,none,none,,-0.1548189200000003,none,none,none,,-0.2906723899999992
1777504_at,KAR2,KAR2,YJL034W,none,none,none,,-0.18044841000000034,none,none,none,,0.17068792000000066
1777509_at,CAF120,CAF120,YNL278W,none,none,none,,-0.1065142459999997,early_sustained_down,early,sustained,60.0,-2.086509232
1777510_at,YER130C,,YER130C,none,none,none,,0.007928070000000176,none,none,none,,0.35326546500000156
1777511_at,YOR215C,,YOR215C,none,none,none,,0.5539680499999999,none,none,none,,0.7479962699999998
1777513_at,SPO21,SPO21,YOL091W,none,none,none,,0.5003719379999998,none,none,none,,0.8091992650000002
1777514_at,TVP23,TVP23,YDR084C,none,none,none,,0.06954386000000135,none,none,none,,-0.22262085999999925
1777517_at,YCR045C,,YCR045C,none,none,none,,-0.1143770850000001,none,none,none,,0.14171123299999966
1777524_at,VMA6,VMA6,YLR447C,none,none,none,,-0.004301500000000402,none,none,none,,-0.09521405999999999
1777525_at,YOR220W,,YOR220W,early_transient_up,early,transient,30.0,0.3282534100000003,early_sustained_up,early,sustained,30.0,2.978340277000001
1777526_at,PAM16,PAM16,YJL104W,none,none,none,,-0.06828585699999934,none,none,none,,-0.42436813900000026
1777528_at,RPL11A,RPL11A,YPR102C,none,none,none,,-0.0358129500000004,late_sustained_down,late,sustained,140.0,-1.2246165900000001
1777531_at,YIL067C,,YIL067C,none,none,none,,-0.1335960630000006,none,none,none,,-0.17453717999999974
1777533_at,VPS55,VPS55,YJR044C,none,none,none,,0.371060889999999,none,none,none,,0.8411863299999993
1777536_at,YGR067C,,YGR067C,none,none,none,,0.9287235789999997,none,none,none,,0.6491726409999998
1777539_at,SPC19,SPC19,YDR201W,none,none,none,,-0.27247254799999965,none,none,none,,-0.6912670439999999
1777542_at,FAS1,FAS1,YKL182W,none,none,none,,0.1950989000000014,late_sustained_down,late,sustained,100.0,-2.572459283999999
1777543_at,EMP24,EMP24,YGL200C,none,none,none,,-0.023606470000000712,none,none,none,,-0.94878471
1777544_at,HAC1,HAC1,YFL031W,none,none,none,,0.24658562000000117,none,none,none,,-0.4978192099999994
1777548_at,HOS2,HOS2,YGL194C,none,none,none,,0.5521683829999997,late_sustained_up,late,sustained,100.0,1.97223098
1777549_at,YPR036W-A,,YPR036W-A,none,none,none,,0.6219975500000015,none,none,none,,1.0848734700000016
1777551_at,MPP6,MPP6,YNR024W,none,none,none,,-0.39558234299999917,early_sustained_down,early,sustained,60.0,-1.5344600560000003
1777553_s_at,YRF1-1 /// YRF1-2 /// YRF1-3 /// YRF1-5 /// YRF1-6 /// YRF1-7,YRF1-1 /// YRF1-2 /// YRF1-3 /// YRF1-5 /// YRF1-6 /// YRF1-7,YFL065C,none,none,none,,0.25588174399999986,early_sustained_down,early,sustained,30.0,-2.767379063
1777554_at,RPT1,RPT1,YKL145W,none,none,none,,-0.31004625000000097,none,none,none,,0.9305390899999999
1777555_at,RPL27A,RPL27A,YHR010W,none,none,none,,-0.07128716000000068,late_sustained_down,late,sustained,100.0,-1.7304225899999999
1777556_at,GUT2,GUT2,YIL155C,early_transient_up,early,transient,60.0,0.8973076740000003,early_sustained_up,early,sustained,60.0,2.183833269999999
1777559_at,PMU1,PMU1,YKL128C,none,none,none,,-0.2979030800000011,none,none,none,,-0.9602749699999986
1777561_at,FMP43,FMP43,YGR243W,early_sustained_up,early,sustained,60.0,1.8715678150000006,early_sustained_up,early,sustained,60.0,2.342294477000001
1777563_at,ADE13,ADE13,YLR359W,none,none,none,,-0.2183988199999991,none,none,none,,-0.5084177600000004
1777564_at,PEX8,PEX8,YGR077C,none,none,none,,0.06732164699999998,none,none,none,,0.6401528719999998
1777566_s_at,ASP3-1 /// ASP3-2 /// ASP3-3 /// ASP3-4,ASP3-1 /// ASP3-2 /// ASP3-3 /// ASP3-4,YLR155C,none,none,none,,0.16176278199999983,none,none,none,,-0.44807676900000004
1777567_at,HMT1,HMT1,YBR034C,early_transient_down,early,transient,30.0,-0.4124167399999994,early_sustained_down,early,sustained,30.0,-3.2505596729999997
1777569_at,HSP26,HSP26,YBR072W,late_sustained_up,late,sustained,100.0,1.262475921,late_sustained_up,late,sustained,100.0,4.074429941
1777570_at,YJL027C,,YJL027C,none,none,none,,-0.07121311600000002,none,none,none,,-0.260256536
1777571_at,YGR102C,,YGR102C,none,none,none,,0.2618706760000009,none,none,none,,0.4730182490000008
1777572_at,TFB1,TFB1,YDR311W,none,none,none,,-0.2721203489999997,none,none,none,,-0.38290734499999957
1777575_at,YJR115W,,YJR115W,none,none,none,,-0.7182249590000005,none,none,none,,-0.7415561620000002
1777576_at,MTW1,MTW1,YAL034W-A,none,none,none,,-0.20465918799999994,none,none,none,,-0.200844751
1777579_at,GCR1,GCR1,YPL075W,none,none,none,,-0.3669480150000002,none,none,none,,-1.0640384860000012
1777580_at,RNH203,RNH203,YLR154C,none,none,none,,0.16501796000000013,early_sustained_down,early,sustained,60.0,-2.47012552
1777581_at,YLR285C-A,,YLR285C-A,late_sustained_down,late,sustained,140.0,-1.0857797500000004,none,none,none,,-0.7020824210000001
1777585_at,CYR1,CYR1,YJL005W,none,none,none,,0.4831749339999991,none,none,none,,0.5746003690000006
1777587_at,YPR159C-A,,YPR159C-A,none,none,none,,-0.004049626000000028,none,none,none,,0.3527852949999999
1777589_at,GLO1,GLO1,YML004C,none,none,none,,0.28496613999999987,late_sustained_up,late,sustained,100.0,1.5563617700000005
1777593_at,TIM9,TIM9,YEL020W-A,none,none,none,,0.08611048999999937,none,none,none,,-0.8051862329999988
1777601_at,GYP5,GYP5,YPL249C,none,none,none,,-0.03672255499999899,late_sustained_up,late,sustained,100.0,1.9981000140000003
1777602_at,UTP7,UTP7,YER082C,early_transient_down,early,transient,30.0,-0.29422046,early_sustained_down,early,sustained,60.0,-1.5426441540000013
1777603_at,BNA6,BNA6,YFR047C,none,none,none,,0.6413474699999995,none,none,none,,0.7770711800000001
1777604_at,NTC20,NTC20,YBR188C,none,none,none,,-0.029035303999998874,none,none,none,,0.40785388599999983
1777606_at,CDC12,CDC12,YHR107C,none,none,none,,-0.31883334299999966,late_sustained_down,late,sustained,140.0,-1.2348559559999988
1777609_at,CNN1,CNN1,YFR046C,none,none,none,,-0.35521858400000106,none,none,none,,0.36143245200000074
1777610_at,SPC3,SPC3,YLR066W,none,none,none,,-0.00043370999999936544,none,none,none,,-0.3184335399999991
1777611_at,ERP6,ERP6,YGL002W,none,none,none,,-0.12100050099999926,none,none,none,,0.40765504099999994
1777613_at,PPS1,PPS1,YBR276C,none,none,none,,-0.12872299999999903,none,none,none,,-0.387467130000001
1777614_at,PIN3,PIN3,YPR154W,none,none,none,,-0.12983991299999964,late_sustained_up,late,sustained,140.0,1.4342583780000009
1777616_at,YML018C,,YML018C,early_transient_down,early,transient,30.0,-0.3283201449999993,early_sustained_down,early,sustained,30.0,-1.4444396279999996
1777617_at,TGL2,TGL2,YDR058C,early_partial_decline_up,early,partial_decline,60.0,0.8585290209999998,early_sustained_up,early,sustained,60.0,2.45200262
1777618_at,YDL180W,,YDL180W,none,none,none,,-0.019850142000001014,early_sustained_up,early,sustained,30.0,2.0441311440000014
1777620_at,SPA2,SPA2,YLL021W,none,none,none,,-0.21138585299999946,late_sustained_down,late,sustained,100.0,-1.4096301980000003
1777621_at,YMR210W,,YMR210W,none,none,none,,-0.04753909700000136,early_sustained_up,early,sustained,60.0,1.8685293840000003
1777623_at,NHA1,NHA1,YLR138W,none,none,none,,-0.32988014999999926,none,none,none,,-0.204676976
1777628_at,OST3,OST3,YOR085W,none,none,none,,-0.11343283999999976,none,none,none,,-0.8547290199999988
1777629_at,LEU3,LEU3,YLR451W,none,none,none,,-0.1825045990000005,none,none,none,,0.824139529
1777630_at,URA1,URA1,YKL216W,none,none,none,,-0.18735131000000038,early_sustained_down,early,sustained,60.0,-3.0254922329999996
1777631_at,SYT1,SYT1,YPR095C,none,none,none,,0.010100884999999948,none,none,none,,-0.10115400299999955
1777632_at,DIP2,DIP2,YLR129W,early_transient_down,early,transient,30.0,-0.35834776999999995,early_sustained_down,early,sustained,60.0,-2.7065730199999996
1777633_at,UFD1,UFD1,YGR048W,none,none,none,,-0.3949817429999989,early_sustained_up,early,sustained,60.0,2.199706817000001
1777638_at,CSR1,CSR1,YLR380W,none,none,none,,-0.1183985000000014,none,none,none,,-0.8143357049999995
1777639_at,PPT1,PPT1,YGR123C,early_transient_down,early,transient,60.0,-0.39895409000000015,early_sustained_down,early,sustained,60.0,-3.0221855300000007
1777640_at,YLL054C,,YLL054C,none,none,none,,-0.3798498090000004,none,none,none,,0.13467509900000074
1777641_at,YLR104W,,YLR104W,none,none,none,,-0.42370183999999966,none,none,none,,-0.2652817729999999
1777642_at,MSN1,MSN1,YOL116W,none,none,none,,-0.4041847829999998,none,none,none,,0.3039852679999999
1777645_at,YDR366C,,YDR366C,none,none,none,,-0.1507607060000007,none,none,none,,-0.15033823299999938
1777646_at,SPO75,SPO75,YLL005C,none,none,none,,-0.13071229599999956,none,none,none,,0.4345243759999997
1777647_s_at,HTA1 /// HTA2,HTA1 /// HTA2,YBL003C,none,none,none,,-0.14594905000000047,early_sustained_down,early,sustained,60.0,-1.3322999200000005
1777650_at,ZRC1,ZRC1,YMR243C,none,none,none,,-0.16361975999999956,late_sustained_down,late,sustained,100.0,-1.217233610000001
1777654_at,BNI1,BNI1,YNL271C,none,none,none,,-0.2389423199999996,late_sustained_down,late,sustained,140.0,-1.547711326
1777655_at,CWC22,CWC22,YGR278W,none,none,none,,-0.09833706499999995,none,none,none,,0.8493529300000002
1777657_at,YMR295C,,YMR295C,none,none,none,,0.09991328999999993,none,none,none,,-0.6297190100000005
1777659_at,YDR338C,,YDR338C,none,none,none,,-0.3253146710000001,none,none,none,,0.8821103040000002
1777660_at,SCC2,SCC2,YDR180W,none,none,none,,0.09917027600000061,none,none,none,,-0.7736096629999984
1777661_at,STT4,STT4,YLR305C,none,none,none,,-0.1440299189999994,none,none,none,,-0.43963607399999916
1777663_at,SGT1,SGT1,YOR057W,none,none,none,,-0.0685789089999993,late_sustained_up,late,sustained,100.0,1.5114177139999985
1777664_at,MAK31,MAK31,YCR020C-A,none,none,none,,0.09523449000000106,none,none,none,,-0.17619510000000105
1777665_at,RAD17,RAD17,YOR368W,none,none,none,,-0.03787707299999976,late_sustained_up,late,sustained,100.0,1.3332994159999991
1777667_s_at,DSF1,DSF1,YEL070W,none,none,none,,0.7120516080000003,late_sustained_up,late,sustained,100.0,1.6280481700000005
1777668_at,SGE1,SGE1,YPR198W,none,none,none,,0.13139439600000102,none,none,none,,-0.07116976200000025
1777669_at,YLR042C,,YLR042C,early_partial_decline_down,early,partial_decline,60.0,-0.714968904,late_sustained_down,late,sustained,100.0,-2.7655228749999994
1777670_at,NHP6B,NHP6B,YBR089C-A,none,none,none,,-0.2080426200000005,none,none,none,,-0.32219742299999865
1777672_at,YOR051C,,YOR051C,none,none,none,,-0.19402028299999863,late_sustained_down,late,sustained,100.0,-1.6580510239999988
1777677_at,YRB2,YRB2,YIL063C,none,none,none,,0.10441115899999964,none,none,none,,-0.05025893500000045
1777678_at,YJL107C,,YJL107C,none,none,none,,0.9843973230000005,late_sustained_down,late,sustained,100.0,-1.2470815470000005
1777679_at,DIN7,DIN7,YDR263C,none,none,none,,0.2154204049999997,late_sustained_up,late,sustained,100.0,1.3743400130000003
1777682_at,CFT2,CFT2,YLR115W,none,none,none,,-0.1108620130000002,none,none,none,,0.5933860840000005
1777686_at,BRR6,BRR6,YGL247W,none,none,none,,-0.12224736100000122,none,none,none,,-0.013855647000001525
1777689_at,SLY41,SLY41,YOR307C,none,none,none,,-0.16114361600000038,none,none,none,,-0.8599601020000005
1777690_at,XBP1,XBP1,YIL101C,early_sustained_up,early,sustained,30.0,1.1203279779999997,early_sustained_up,early,sustained,30.0,4.170652884000001
1777691_at,RBL2,RBL2,YOR265W,none,none,none,,-0.22193778600000158,none,none,none,,0.4921522100000004
1777692_at,RRN9,RRN9,YMR270C,none,none,none,,-0.1782064419999987,none,none,none,,-0.7837270639999989
1777693_at,YGL039W,,YGL039W,none,none,none,,0.3115108279999994,none,none,none,,-0.7980190880000002
1777697_at,YGL157W,,YGL157W,none,none,none,,0.6645399399999992,none,none,none,,0.7200223100000009
1777699_at,RAD30,RAD30,YDR419W,none,none,none,,-0.14284921500000003,none,none,none,,0.4696580269999995
1777700_at,POM152,POM152,YMR129W,none,none,none,,-0.29871654599999964,none,none,none,,-0.5121858849999992
1777701_at,HOF1,HOF1,YMR032W,early_transient_down,early,transient,30.0,-0.6302484750000001,late_sustained_down,late,sustained,100.0,-2.4618385210000007
1777703_at,MDJ2,MDJ2,YNL328C,none,none,none,,-0.7086950180000002,early_sustained_down,early,sustained,60.0,-1.1241976210000004
1777705_at,TPC1,TPC1,YGR096W,none,none,none,,0.016039461000000088,none,none,none,,-0.6100839579999997
1777706_at,EMG1,EMG1,YLR186W,none,none,none,,-0.37833664000000056,early_sustained_down,early,sustained,60.0,-2.233102110000001
1777707_at,FMP23,FMP23,YBR047W,early_transient_up,early,transient,30.0,-0.3215547249999995,early_sustained_up,early,sustained,30.0,3.484844873
1777710_at,CSN9,CSN9,YDR179C,early_transient_down,early,transient,30.0,-0.09718844799999982,early_sustained_down,early,sustained,60.0,-1.6423417440000003
1777711_at,ATG11,ATG11,YPR049C,none,none,none,,0.1389615949999996,late_sustained_up,late,sustained,100.0,1.6493188420000013
1777712_at,YAR075W,,YAR075W,none,none,none,,0.24518710999999982,none,none,none,,0.09880238799999974
1777714_at,DIP5,DIP5,YPL265W,none,none,none,,0.7305207899999999,none,none,none,,0.13291962999999996
1777718_at,RAD6,RAD6,YGL058W,none,none,none,,-0.11010067000000134,none,none,none,,-0.9533314990000008
1777720_at,PUP3,PUP3,YER094C,none,none,none,,-0.1470065500000004,none,none,none,,0.5710868300000005
1777721_at,FMS1,FMS1,YMR020W,none,none,none,,0.25568358000000035,late_sustained_up,late,sustained,100.0,1.7370025399999998
1777723_at,CYT2,CYT2,YKL087C,early_transient_up,early,transient,30.0,0.13813884800000054,none,none,none,,0.8272502369999994
1777724_at,YLR278C,,YLR278C,none,none,none,,0.47825291699999983,none,none,none,,0.38287262799999944
1777725_at,YDR357C,,YDR357C,none,none,none,,0.1521176949999994,none,none,none,,-0.22151996999999923
1777726_at,MER1,MER1,YNL210W,none,none,none,,-0.45535934399999967,none,none,none,,-0.15342436599999942
1777731_at,IST3,IST3,YIR005W,none,none,none,,-0.24396481200000064,none,none,none,,0.3377254219999992
1777733_at,LSM6,LSM6,YDR378C,none,none,none,,-0.042504709999999335,none,none,none,,-0.6842058800000004
1777737_at,ATG4,ATG4,YNL223W,none,none,none,,0.37835287399999995,early_sustained_up,early,sustained,60.0,2.2503841179999995
1777738_at,ABF2,ABF2,YMR072W,none,none,none,,-0.0005945300000007592,none,none,none,,0.2399113899999996
1777740_x_at,YGR174W-A,,YGR174W-A,early_transient_up,early,transient,60.0,0.26239919700000014,early_sustained_up,early,sustained,60.0,2.47447969
1777744_at,YHR078W,,YHR078W,none,none,none,,0.16952389299999915,none,none,none,,-0.5442352120000002
1777748_at,YPL225W,,YPL225W,none,none,none,,-0.07568441999999997,none,none,none,,-0.18400042000000028
1777749_at,GPI13,GPI13,YLL031C,none,none,none,,0.023754494000000292,none,none,none,,-1.123129604999999
1777752_at,THI3,THI3,YDL080C,none,none,none,,-0.1976222440000015,none,none,none,,-0.08089783199999978
1777753_at,YER067W,,YER067W,early_sustained_up,early,sustained,30.0,1.628027845,early_sustained_up,early,sustained,30.0,4.445972575
1777756_at,YET3,YET3,YDL072C,none,none,none,,0.1323603200000001,none,none,none,,0.7952588400000007
1777758_at,BSD2,BSD2,YBR290W,none,none,none,,-0.0862923800000015,late_sustained_up,late,sustained,100.0,1.078776737
1777759_at,MDM31,MDM31,YHR194W,none,none,none,,0.3664316240000005,none,none,none,,0.6203407149999993
1777760_at,IRC3,IRC3,YDR332W,none,none,none,,-0.025061341999999875,none,none,none,,1.0970877759999995
1777761_at,TOD6,TOD6,YBL054W,early_transient_down,early,transient,30.0,-0.22825216199999865,early_sustained_down,early,sustained,30.0,-2.583525116999999
1777762_at,YBL104C,,YBL104C,none,none,none,,-0.4132087970000011,none,none,none,,-1.007982857
1777763_at,DDR48,DDR48,YMR173W,early_transient_up,early,transient,30.0,0.6663369800000005,early_sustained_up,early,sustained,30.0,2.0140375200000005
1777772_at,YME1,YME1,YPR024W,none,none,none,,-0.1283619980000008,none,none,none,,0.9854393599999991
1777774_at,SRO77,SRO77,YBL106C,none,none,none,,-0.2285201309999998,none,none,none,,-0.288462644
1777778_at,YNL035C,,YNL035C,none,none,none,,-0.05259270600000043,none,none,none,,0.3991506419999986
1777779_at,CSM4,CSM4,YPL200W,none,none,none,,0.14590459700000036,none,none,none,,0.16279004900000027
1777780_at,ADH7,ADH7,YCR105W,none,none,none,,-0.12710345200000006,none,none,none,,-0.2074143770000001
1777782_at,YOR304C-A,,YOR304C-A,none,none,none,,0.07676723600000024,none,none,none,,-0.37451079599999915
1777784_at,YJR107W,,YJR107W,none,none,none,,0.1104467920000003,none,none,none,,0.9503968120000001
1777786_at,TPA1,TPA1,YER049W,none,none,none,,-0.26835574999999956,early_sustained_down,early,sustained,60.0,-2.431099271999999
1777787_at,ACF2,ACF2,YLR144C,none,none,none,,-0.11068947500000093,late_sustained_up,late,sustained,100.0,1.4627562980000004
1777790_at,RRP45,RRP45,YDR280W,early_partial_decline_down,early,partial_decline,60.0,-0.6236790469999995,none,none,none,,-0.8680717180000013
1777791_at,YOL073C,,YOL073C,none,none,none,,0.09510516599999974,early_sustained_up,early,sustained,60.0,1.7225911709999995
1777793_at,YGL117W,,YGL117W,none,none,none,,-0.01206004500000013,early_sustained_up,early,sustained,30.0,1.066442747
1777795_at,PTA1,PTA1,YAL043C,none,none,none,,-0.1298716080000002,none,none,none,,0.7649325329999996
1777796_at,TEA1,TEA1,YOR337W,none,none,none,,-0.34835155300000054,none,none,none,,-0.8558228630000002
1777797_at,PHO4,PHO4,YFR034C,none,none,none,,-0.27098114099999826,early_sustained_down,early,sustained,60.0,-1.2397999879999997
1777799_at,YJL062W-A,,YJL062W-A,none,none,none,,0.24997727999999952,none,none,none,,-0.9836030400000002
1777800_at,DCN1,DCN1,YLR128W,none,none,none,,0.2300623539999993,none,none,none,,0.6319116120000006
1777802_at,YHR210C,,YHR210C,none,none,none,,-0.1981469589999998,none,none,none,,-0.48345489100000005
1777807_at,MAD3,MAD3,YJL013C,none,none,none,,-0.11532946700000046,none,none,none,,0.06989019999999968
1777808_at,GIP1,GIP1,YBR045C,none,none,none,,0.15330393899999972,early_sustained_up,early,sustained,30.0,3.1940237180000013
1777812_at,SNU23,SNU23,YDL098C,none,none,none,,0.1798026900000007,none,none,none,,-0.14171332999999997
1777816_at,GUD1,GUD1,YDL238C,early_transient_up,early,transient,30.0,0.29088647400000056,late_sustained_up,late,sustained,100.0,1.2975745349999999
1777817_at,RPS24A,RPS24A,YER074W,none,none,none,,0.00474507000000024,none,none,none,,-0.5901828600000005
1777818_at,YPR148C,,YPR148C,none,none,none,,0.1523461200000007,late_sustained_up,late,sustained,100.0,1.4038425700000001
1777819_at,POL32,POL32,YJR043C,none,none,none,,-0.1136334760000004,none,none,none,,-0.24910410800000093
1777821_at,GLE2,GLE2,YER107C,none,none,none,,-0.18782226799999968,none,none,none,,-0.022048773999999938
1777823_s_at,SPH1,SPH1,YLR312C-B,none,none,none,,0.019086543999999428,none,none,none,,0.41158358200000045
1777825_at,ASK10,ASK10,YGR097W,none,none,none,,0.26706891200000094,none,none,none,,0.34375978000000096
1777827_at,NOP10,NOP10,YHR072W-A,none,none,none,,-0.14765085000000155,early_sustained_down,early,sustained,60.0,-1.390057839999999
1777828_at,FSH3,FSH3,YOR280C,none,none,none,,0.4497649360000011,late_sustained_up,late,sustained,140.0,1.1196110909999994
1777834_at,MDR1,MDR1,YGR100W,none,none,none,,0.13493419699999976,late_sustained_up,late,sustained,100.0,1.2820052050000008
1777838_at,EDE1,EDE1,YBL047C,none,none,none,,-0.07256925999999986,none,none,none,,0.2905932600000014
1777840_at,PET9,PET9,YBL030C,none,none,none,,0.19289404000000054,none,none,none,,0.0025051500000010662
1777842_at,NAS2,NAS2,YIL007C,none,none,none,,0.05270807199999972,late_sustained_up,late,sustained,100.0,1.1599135599999997
1777843_at,PIS1,PIS1,YPR113W,none,none,none,,-0.04405187000000055,none,none,none,,-0.17976026000000012
1777845_at,HER1,HER1,YOR227W,early_transient_up,early,transient,30.0,0.48388191999999997,early_sustained_up,early,sustained,60.0,1.8835098240000008
1777846_at,HTB2,HTB2,YBL002W,none,none,none,,-0.28602369999999944,early_sustained_down,early,sustained,60.0,-4.187735751
1777847_at,YKR045C,,YKR045C,none,none,none,,-0.4932102769999993,none,none,none,,-0.01721844900000047
1777850_at,YNL097C-A,,YNL097C-A,none,none,none,,-0.5719486769999995,none,none,none,,-0.49061848399999963
1777853_at,FTR1,FTR1,YER145C,none,none,none,,-0.11955447999999969,early_sustained_down,early,sustained,60.0,-1.8566076599999999
1777854_at,PDE1,PDE1,YGL248W,none,none,none,,0.762292197999999,late_sustained_up,late,sustained,140.0,1.0052489390000012
1777855_at,PRP31,PRP31,YGR091W,none,none,none,,-0.1478617550000001,none,none,none,,0.46006875199999975
1777856_at,PAU17,PAU17,YLL025W,none,none,none,,-0.07841679000000035,none,none,none,,-0.42885676899999936
1777857_at,YPL014W,,YPL014W,early_transient_up,early,transient,30.0,0.016624339999999904,none,none,none,,-0.5500871740000006
1777859_at,CSM1,CSM1,YCR086W,none,none,none,,-0.04097523800000147,late_sustained_up,late,sustained,140.0,1.2829483039999996
1777860_at,ASG7,ASG7,YJL170C,none,none,none,,0.1869591590000006,none,none,none,,0.3461143490000005
1777863_at,ARP7,ARP7,YPR034W,none,none,none,,-0.4945790609999996,none,none,none,,0.8864504800000006
1777867_at,RSF2,RSF2,YJR127C,none,none,none,,-0.005128702000000374,none,none,none,,0.34278962099999966
1777871_at,IMG1,IMG1,YCR046C,none,none,none,,0.30045302000000085,none,none,none,,-0.12071053999999926
1777872_at,YML037C,,YML037C,none,none,none,,0.16747248500000023,late_sustained_down,late,sustained,100.0,-1.1514410709999998
1777874_at,YJR085C,,YJR085C,none,none,none,,0.16918816999999997,none,none,none,,0.7078573800000001
1777877_at,IMH1,IMH1,YLR309C,none,none,none,,-0.3201465369999994,none,none,none,,0.31513200399999874
1777878_at,SPR28,SPR28,YDR218C,none,none,none,,-0.11770383499999992,none,none,none,,0.17267481699999987
1777879_at,YPL191C,,YPL191C,none,none,none,,0.46023585499999964,none,none,none,,-0.6525103510000001
1777881_at,YKE4,YKE4,YIL023C,none,none,none,,0.019437484000000893,none,none,none,,-0.1378083710000002
1777882_at,LEA1,LEA1,YPL213W,none,none,none,,-0.25164726799999926,none,none,none,,0.7987921819999997
1777885_at,MNT4,MNT4,YNR059W,none,none,none,,-0.2957853229999996,none,none,none,,0.3359286850000007
1777886_at,YNL040W,,YNL040W,none,none,none,,0.18817265000000027,none,none,none,,0.4288792679999993
1777888_at,MTC6,MTC6,YHR151C,none,none,none,,-0.3392655680000001,none,none,none,,-0.6953501700000002
1777889_at,CHL1,CHL1,YPL008W,none,none,none,,-0.0726149730000003,none,none,none,,0.2912196680000001
1777891_at,COY1,COY1,YKL179C,none,none,none,,-0.05939642700000114,none,none,none,,0.3450018279999991
1777892_at,ECM5,ECM5,YMR176W,none,none,none,,0.285454764999999,none,none,none,,0.6936007220000011
1777896_at,MLC1,MLC1,YGL106W,none,none,none,,-0.05864137000000014,late_sustained_down,late,sustained,140.0,-1.3086983400000012
1777898_at,MSC7,MSC7,YHR039C,none,none,none,,0.3392198999999998,none,none,none,,-0.9186255539999983
1777899_at,CKA1,CKA1,YIL035C,none,none,none,,-0.18902568899999928,none,none,none,,0.17026775999999977
1777902_at,KAP114,KAP114,YGL241W,none,none,none,,-0.06879888499999964,none,none,none,,0.040628081999999566
1777903_at,PHO90,PHO90,YJL198W,none,none,none,,-0.2605915899999989,early_sustained_down,early,sustained,60.0,-1.6030598250000008
1777909_at,CWC27,CWC27,YPL064C,none,none,none,,-0.11640745300000077,none,none,none,,0.04924678000000071
1777910_at,ZDS2,ZDS2,YML109W,none,none,none,,-0.08978198299999995,none,none,none,,1.0196109700000004
1777913_at,YPL152W-A,,YPL152W-A,none,none,none,,0.21069574100000033,none,none,none,,-0.06864878900000004
1777916_at,BUD2,BUD2,YKL092C,none,none,none,,-0.09086189299999958,none,none,none,,-0.44311081300000055
1777917_at,MTH1,MTH1,YDR277C,early_sustained_up,early,sustained,60.0,1.057375778,early_sustained_up,early,sustained,60.0,2.3112434229999996
1777918_at,POG1,POG1,YIL122W,none,none,none,,0.10989004699999949,none,none,none,,-0.6446394419999999
1777919_at,YKL171W,,YKL171W,none,none,none,,0.11705326100000057,none,none,none,,0.4158867920000002
1777921_at,YGR251W,,YGR251W,early_transient_down,early,transient,30.0,-0.42624946900000005,early_transient_down,early,transient,60.0,-0.3843687589999991
1777922_at,YNL300W,,YNL300W,none,none,none,,-0.010100605999999956,early_sustained_down,early,sustained,60.0,-5.489685048999999
1777923_at,YDR042C,,YDR042C,none,none,none,,0.26350209099999944,late_sustained_down,late,sustained,140.0,-1.6262303960000004
1777924_at,YOR072W-B,,YOR072W-B,none,none,none,,0.12164215100000009,none,none,none,,-0.4118135249999999
1777925_at,AYT1,AYT1,YLL063C,none,none,none,,-0.0568533630000001,late_sustained_up,late,sustained,100.0,1.3266867170000012
1777927_at,DHR2,DHR2,YKL078W,early_transient_down,early,transient,30.0,-0.5637112099999992,early_sustained_down,early,sustained,30.0,-2.752085388000001
1777928_at,FAR1,FAR1,YJL157C,none,none,none,,-0.19081259899999914,late_sustained_down,late,sustained,140.0,-1.2546103639999995
1777929_at,CLF1,CLF1,YLR117C,none,none,none,,-0.29944218899999964,none,none,none,,0.37259204199999996
1777933_at,VAB2,VAB2,YEL005C,none,none,none,,0.37714655200000013,early_sustained_up,early,sustained,60.0,1.5891523260000007
1777937_at,YMR194C-B,,YMR194C-B,early_sustained_up,early,sustained,60.0,1.8658728879999993,early_sustained_up,early,sustained,60.0,1.0407309720000004
1777938_at,CWC2,CWC2,YDL209C,none,none,none,,-0.45755573699999985,none,none,none,,-0.5423686720000012
1777939_at,VMA21,VMA21,YGR105W,none,none,none,,-0.07977207999999969,none,none,none,,-0.42399351000000074
1777941_at,YCL033C,,YCL033C,none,none,none,,0.5269395300000017,none,none,none,,0.9708738100000005
1777942_at,YBR220C,,YBR220C,none,none,none,,-0.18565184000000023,late_sustained_down,late,sustained,100.0,-1.3243479860000011
1777944_at,RPC31,RPC31,YNL151C,early_transient_down,early,transient,60.0,-0.3416643239999999,early_sustained_down,early,sustained,60.0,-2.468488291
1777945_at,TPO2,TPO2,YGR138C,early_sustained_up,early,sustained,30.0,1.6108284189999997,none,none,none,,1.1658459419999998
1777946_at,TEN1,TEN1,YLR010C,none,none,none,,0.48580672599999986,none,none,none,,-0.054826977000000277
1777947_at,SNX41,SNX41,YDR425W,none,none,none,,0.03307034100000017,early_sustained_up,early,sustained,30.0,1.8154904129999991
1777948_at,TIF6,TIF6,YPR016C,none,none,none,,-0.3690726600000005,early_sustained_down,early,sustained,60.0,-1.15854837
1777949_at,WHI2,WHI2,YOR043W,none,none,none,,-0.1282357120000004,early_sustained_up,early,sustained,30.0,1.6240824529999998
1777955_at,RPS23A,RPS23A,YGR118W,none,none,none,,0.03139160000000096,late_sustained_down,late,sustained,100.0,-1.3416196500000002
1777956_at,POL31,POL31,YJR006W,none,none,none,,-0.05009829199999949,none,none,none,,0.6285122300000001
1777959_at,RAD27,RAD27,YKL113C,none,none,none,,-0.1651954680000003,none,none,none,,0.2332583709999998
1777962_at,GON7,GON7,YJL184W,none,none,none,,-0.269959480999999,none,none,none,,-0.12427088599999969
1777963_at,MKT1,MKT1,YNL085W,none,none,none,,-0.019854790000000122,late_sustained_down,late,sustained,100.0,-1.3652601200000003
1777964_at,CTI6,CTI6,YPL181W,none,none,none,,0.06148639000000067,late_sustained_up,late,sustained,140.0,1.4361378210000009
1777966_at,PNG1,PNG1,YPL096W,none,none,none,,0.03690133899999992,early_sustained_up,early,sustained,60.0,1.6886451620000003
1777967_at,SNM1,SNM1,YDR478W,none,none,none,,-0.22067909899999982,none,none,none,,-0.2946890730000007
1777968_at,YLR072W,,YLR072W,none,none,none,,-0.24785854000000107,none,none,none,,0.6537840539999991
1777971_at,PGM1,PGM1,YKL127W,none,none,none,,-0.1573601500000006,late_sustained_down,late,sustained,100.0,-1.7541703539999993
1777972_at,YGL081W,,YGL081W,none,none,none,,0.4051432850000003,late_sustained_up,late,sustained,140.0,1.1801579870000003
1777973_at,COG4,COG4,YPR105C,none,none,none,,-0.1445755350000013,none,none,none,,0.17111987200000023
1777975_at,ARO80,ARO80,YDR421W,early_transient_up,early,transient,30.0,0.15190656200000063,early_sustained_up,early,sustained,60.0,1.8365650899999997
1777978_at,BUD21,BUD21,YOR078W,early_transient_down,early,transient,30.0,-0.44168930600000067,early_sustained_down,early,sustained,60.0,-2.5763677289999993
1777979_at,GIR2,GIR2,YDR152W,none,none,none,,-0.3558150799999993,none,none,none,,-0.5241339099999998
1777980_at,DCP1,DCP1,YOL149W,none,none,none,,-0.0953427480000002,late_sustained_down,late,sustained,140.0,-1.176546879
1777982_at,RPS7A,RPS7A,YOR096W,none,none,none,,-0.02939899999999973,late_sustained_down,late,sustained,100.0,-2.29363191
1777986_at,YMR130W,,YMR130W,none,none,none,,-0.07113773999999928,none,none,none,,0.889496844
1777987_at,YDR444W,,YDR444W,none,none,none,,-0.4966529769999992,none,none,none,,-0.6973924370000004
1777988_at,PXR1,PXR1,YGR280C,early_transient_down,early,transient,30.0,-0.5611467700000006,early_sustained_down,early,sustained,60.0,-3.460252166
1777989_at,RPL31B,RPL31B,YLR406C,none,none,none,,0.02293248999999875,late_sustained_down,late,sustained,100.0,-1.6764588800000002
1777990_at,RPS10A,RPS10A,YOR293W,none,none,none,,-0.07626871999999985,late_sustained_down,late,sustained,100.0,-2.1226853299999995
1777991_at,YER184C,,YER184C,none,none,none,,-0.2718485130000001,none,none,none,,-0.005654657000000007
1777997_at,DNF3,DNF3,YMR162C,none,none,none,,-0.13762589599999941,none,none,none,,-0.9021307390000004
1777999_at,YJR061W,,YJR061W,none,none,none,,0.09698172299999985,none,none,none,,0.0019463000000001784
1778000_at,MTM1,MTM1,YGR257C,none,none,none,,0.12014120399999939,none,none,none,,-0.3554951319999997
1778001_at,DFG16,DFG16,YOR030W,none,none,none,,-0.3022784189999994,none,none,none,,-0.5359020399999999
1778003_at,NIS1,NIS1,YNL078W,none,none,none,,-0.6955216100000001,late_sustained_down,late,sustained,100.0,-2.948402874
1778004_at,PAC11,PAC11,YDR488C,none,none,none,,0.15194514300000073,none,none,none,,-0.14164141000000008
1778006_at,YSC84,YSC84,YHR016C,early_sustained_up,early,sustained,30.0,1.1457733179999998,early_sustained_up,early,sustained,60.0,2.298175971000001
1778008_at,YPR078C,,YPR078C,none,none,none,,0.10061520999999995,none,none,none,,-0.07041411400000008
1778010_at,GPI2,GPI2,YPL076W,none,none,none,,-0.36889484299999964,early_sustained_down,early,sustained,60.0,-1.3530480870000003
1778014_at,FSH2,FSH2,YMR222C,none,none,none,,-0.07347847199999968,none,none,none,,0.078913334000001
1778017_at,ARC15,ARC15,YIL062C,none,none,none,,-0.0235014100000015,none,none,none,,0.6650974200000004
1778018_at,LSC1,LSC1,YOR142W,none,none,none,,0.30545352000000037,none,none,none,,0.6541005700000007
1778021_at,YKR023W,,YKR023W,none,none,none,,-0.22937793199999845,late_sustained_up,late,sustained,100.0,1.5321903190000015
1778023_at,NGG1,NGG1,YDR176W,none,none,none,,-0.3093136679999997,none,none,none,,-0.3266857440000006
1778024_at,AMA1,AMA1,YGR225W,none,none,none,,0.41970182499999975,none,none,none,,0.6179173580000001
1778025_at,SLO1,SLO1,YER180C-A,none,none,none,,-0.23656551499999967,none,none,none,,0.6502979230000001
1778029_at,PCS60,PCS60,YBR222C,none,none,none,,0.060214721999999554,none,none,none,,-0.21297215699999938
1778030_at,MAS1,MAS1,YLR163C,none,none,none,,0.09258020800000111,early_sustained_up,early,sustained,60.0,1.3233518059999998
1778031_at,TGS1,TGS1,YPL157W,none,none,none,,-0.36237221299999867,early_sustained_down,early,sustained,60.0,-1.1068711029999996
1778033_at,NFU1,NFU1,YKL040C,none,none,none,,-0.6168101790000016,none,none,none,,0.7354042800000009
1778034_at,TAP42,TAP42,YMR028W,none,none,none,,-0.147542434,late_sustained_up,late,sustained,100.0,1.3617446409999996
1778035_at,ACO1,ACO1,YLR304C,late_partial_decline_up,late,partial_decline,100.0,0.9534017099999996,none,none,none,,0.2979787700000003
1778038_at,RLI1,RLI1,YDR091C,early_transient_down,early,transient,30.0,-0.4174165900000002,early_sustained_down,early,sustained,60.0,-3.029515973999999
1778040_at,ECM4,ECM4,YKR076W,early_sustained_up,early,sustained,30.0,1.4839845,early_sustained_up,early,sustained,30.0,4.634312937999999
1778042_at,SAM37,SAM37,YMR060C,none,none,none,,-0.14692137800000005,none,none,none,,0.41794821999999954
1778043_at,RNQ1,RNQ1,YCL028W,none,none,none,,-0.04798687599999951,none,none,none,,-0.13251997200000076
1778044_at,YGR203W,,YGR203W,none,none,none,,-0.21902190399999988,none,none,none,,0.12301554999999986
1778045_at,POP5,POP5,YAL033W,none,none,none,,-0.2910109399999996,none,none,none,,-0.5694288420000007
1778046_at,ROT2,ROT2,YBR229C,none,none,none,,-0.012964277000000024,none,none,none,,-0.9916769930000005
1778051_at,SMC4,SMC4,YLR086W,none,none,none,,-0.2347114080000008,none,none,none,,-0.14336667799999958
1778052_at,OAF3,OAF3,YKR064W,none,none,none,,-0.07240080900000123,none,none,none,,0.8924056740000008
1778053_at,YRO2,YRO2,YBR054W,early_sustained_up,early,sustained,30.0,2.6920003800000005,early_sustained_up,early,sustained,30.0,3.1314842659999993
1778055_at,TAF14,TAF14,YPL129W,none,none,none,,-0.21884777999999905,late_sustained_down,late,sustained,140.0,-1.0632300069999996
1778057_at,DMA1,DMA1,YHR115C,none,none,none,,-0.19068839799999893,late_sustained_up,late,sustained,100.0,1.3122751309999998
1778061_at,YGR021W,,YGR021W,none,none,none,,0.4366189089999999,none,none,none,,0.018786702000000766
1778063_at,NOG1,NOG1,YPL093W,early_transient_down,early,transient,30.0,-0.3724866200000001,early_sustained_down,early,sustained,30.0,-4.077477797
1778064_at,CSN12,CSN12,YJR084W,none,none,none,,-0.19112667699999975,late_sustained_up,late,sustained,100.0,1.6484731449999988
1778065_at,RDR1,RDR1,YOR380W,none,none,none,,0.0063625080000004886,late_sustained_up,late,sustained,140.0,1.1376007690000005
1778073_at,TRM10,TRM10,YOL093W,none,none,none,,-0.4142314470000006,none,none,none,,-0.7223593140000002
1778075_at,SKG3,SKG3,YLR187W,none,none,none,,-0.32172607399999986,none,none,none,,0.08056938200000019
1778076_at,YBR284W,,YBR284W,early_transient_up,early,transient,30.0,0.6810935029999996,early_sustained_up,early,sustained,30.0,3.6308925060000004
1778077_at,YJR015W,,YJR015W,none,none,none,,0.03647036000000092,none,none,none,,-0.047558410000000606
1778078_at,BTS1,BTS1,YPL069C,none,none,none,,-0.5164182119999996,none,none,none,,-0.4748319890000001
1778079_at,BTN2,BTN2,YGR142W,none,none,none,,-0.7127033910000016,early_sustained_up,early,sustained,30.0,2.9950429950000004
1778081_at,TRM12,TRM12,YML005W,none,none,none,,-0.10974811400000029,none,none,none,,0.2967799599999985
1778084_at,YNL122C,,YNL122C,none,none,none,,0.20744163500000035,none,none,none,,-0.6157600199999997
1778085_at,IFH1,IFH1,YLR223C,none,none,none,,-0.1612276210000001,early_sustained_down,early,sustained,30.0,-1.817403798
1778088_at,YLR046C,,YLR046C,none,none,none,,-0.09137584499999996,late_sustained_up,late,sustained,140.0,1.3713746099999993
1778089_at,YAH1,YAH1,YPL252C,none,none,none,,-0.010007579999999905,late_sustained_down,late,sustained,140.0,-1.4466941869999994
1778090_at,YSR3,YSR3,YKR053C,none,none,none,,0.029683439000000256,none,none,none,,-1.2715194710000004
1778091_at,GPI11,GPI11,YDR302W,none,none,none,,-0.015081000000000344,none,none,none,,-0.955504522
1778092_at,ELP2,ELP2,YGR200C,none,none,none,,-0.2738864600000017,early_sustained_down,early,sustained,60.0,-2.1236683539999994
1778093_at,COX15,COX15,YER141W,none,none,none,,0.17405521999999962,none,none,none,,0.3322933500000005
1778095_at,SPR6,SPR6,YER115C,none,none,none,,0.11251314199999918,none,none,none,,0.6812597460000003
1778096_at,SPC97,SPC97,YHR172W,none,none,none,,-0.1793302609999996,early_sustained_down,early,sustained,60.0,-1.8430177199999997
1778097_at,FPR1,FPR1,YNL135C,none,none,none,,-0.019650079999999903,none,none,none,,-0.06829375999999954
1778098_at,MCM16,MCM16,YPR046W,none,none,none,,-0.036367996999999264,none,none,none,,0.145897347
1778099_at,SSZ1,SSZ1,YHR064C,none,none,none,,-0.18314136999999953,late_sustained_down,late,sustained,100.0,-1.7534645999999992
1778100_at,IRC8,IRC8,YJL051W,early_transient_down,early,transient,60.0,-0.373267843999999,early_sustained_down,early,sustained,60.0,-2.411217861000001
1778103_at,YHB1,YHB1,YGR234W,none,none,none,,-0.10701225000000036,none,none,none,,0.34342527999999994
1778104_at,ERG24,ERG24,YNL280C,none,none,none,,0.21026649000000042,late_sustained_down,late,sustained,100.0,-1.4895717279999996
1778105_at,YNL092W,,YNL092W,early_transient_up,early,transient,30.0,0.6801828599999995,early_sustained_up,early,sustained,60.0,2.1037077699999998
1778106_x_at,YLR462W,,YLR462W,none,none,none,,-0.03365500399999988,early_sustained_down,early,sustained,30.0,-1.3541664829999998
1778107_at,TIM17,TIM17,YJL143W,none,none,none,,-0.0034096699999999203,none,none,none,,-0.32672778999999963
1778109_at,PRC1,PRC1,YMR297W,none,none,none,,0.452940289999999,none,none,none,,0.9881426900000001
1778111_at,ATO3,ATO3,YDR384C,none,none,none,,0.054491640000000174,early_sustained_down,early,sustained,60.0,-1.8009208379999997
1778112_at,GPB1,GPB1,YOR371C,none,none,none,,-0.25391343600000127,none,none,none,,0.20571068199999942
1778117_at,CAP1,CAP1,YKL007W,none,none,none,,0.16542210000000068,late_sustained_up,late,sustained,100.0,1.308423620000001
1778119_at,SWD1,SWD1,YAR003W,none,none,none,,0.07177208299999904,none,none,none,,0.5458751250000002
1778120_at,MEU1,MEU1,YLR017W,none,none,none,,-0.20212266000000056,late_partial_decline_down,late,partial_decline,100.0,-0.9739686800000005
1778121_s_at,PAU15 /// PAU16 /// PAU21 /// PAU22 /// PAU3,PAU15 /// PAU16 /// PAU21 /// PAU22 /// PAU3,YCR104W,none,none,none,,0.2694153789999998,none,none,none,,1.2178446029999996
1778123_at,PSF1,PSF1,YDR013W,none,none,none,,-0.1153871879999997,none,none,none,,0.3319201559999989
1778124_at,YSC83,YSC83,YHR017W,none,none,none,,0.0004691939999990069,late_sustained_up,late,sustained,140.0,1.1984127840000003
1778125_at,YEL025C,,YEL025C,none,none,none,,-0.1069717429999999,none,none,none,,0.13879815399999984
1778128_at,DUR3,DUR3,YHL016C,none,none,none,,-0.9882752900000007,none,none,none,,-0.9316768739999999
1778130_at,ZRG8,ZRG8,YER033C,early_transient_up,early,transient,60.0,0.5526396650000001,early_partial_decline_up,early,partial_decline,60.0,0.9655266659999997
1778131_at,YMR157C,,YMR157C,none,none,none,,0.3444518470000002,none,none,none,,0.32460392000000127
1778133_s_at,RPL7A /// RPL7B,RPL7A /// RPL7B,YGL076C,none,none,none,,0.00652391999999935,none,none,none,,-0.91340383
1778139_at,FYV6,FYV6,YNL133C,none,none,none,,-0.2178457800000002,none,none,none,,0.3306324389999995
1778141_at,AGP1,AGP1,YCL025C,none,none,none,,-0.8424391950000008,none,none,none,,-0.2941838199999989
1778142_at,TKL2,TKL2,YBR117C,early_partial_decline_up,early,partial_decline,60.0,0.9070264160000003,late_sustained_up,late,sustained,100.0,3.696772873
1778143_at,RFC5,RFC5,YBR087W,none,none,none,,-0.09123257999999979,none,none,none,,0.04757159999999949
1778144_at,MET13,MET13,YGL125W,none,none,none,,0.08221848799999965,none,none,none,,-0.4411036030000002
1778145_at,RRM3,RRM3,YHR031C,early_transient_down,early,transient,30.0,0.20861407499999984,early_partial_decline_down,early,partial_decline,60.0,-0.958724879
1778146_at,OCA2,OCA2,YNL056W,none,none,none,,-0.10662044999999942,none,none,none,,-0.9016342720000008
1778147_at,LAS21,LAS21,YJL062W,none,none,none,,-0.08192314399999923,none,none,none,,-0.5362181960000001
1778149_at,YDR034W-B,,YDR034W-B,early_sustained_up,early,sustained,60.0,1.4242584689999997,late_sustained_up,late,sustained,100.0,1.575382815000001
1778151_at,DUG3,DUG3,YNL191W,none,none,none,,-0.15368785499999937,none,none,none,,-0.39484903900000035
1778153_at,YHR022C,,YHR022C,none,none,none,,0.22708897100000058,early_transient_up,early,transient,60.0,0.5611414219999995
1778154_at,IRC18,IRC18,YJL037W,none,none,none,,0.5456450970000004,none,none,none,,0.4963272770000007
1778155_at,YJL118W,,YJL118W,none,none,none,,0.35885089199999953,early_sustained_down,early,sustained,30.0,-1.7564094030000001
1778156_at,ADE12,ADE12,YNL220W,none,none,none,,-0.06525219000000071,none,none,none,,-0.4615353500000001
1778160_at,REG1,REG1,YDR028C,none,none,none,,0.08565568600000084,none,none,none,,0.28012632499999945
1778165_at,MHR1,MHR1,YDR296W,none,none,none,,0.050615909000001125,none,none,none,,0.3156332329999998
1778167_at,SEC62,SEC62,YPL094C,none,none,none,,-0.16745186999999895,none,none,none,,0.09470718000000033
1778168_at,ARP6,ARP6,YLR085C,none,none,none,,-0.38973254700000126,none,none,none,,0.4650214839999993
1778170_at,IES5,IES5,YER092W,none,none,none,,-0.14933543599999943,none,none,none,,1.1359752249999993
1778173_at,MET7,MET7,YOR241W,none,none,none,,-0.13833997999999958,none,none,none,,-0.10544838999999939
1778174_at,YBR204C,,YBR204C,none,none,none,,0.3975628459999996,early_sustained_up,early,sustained,60.0,1.7827683630000006
1778177_at,MIG1,MIG1,YGL035C,none,none,none,,0.06677428900000137,none,none,none,,0.3999053349999997
1778180_at,SEC61,SEC61,YLR378C,none,none,none,,-0.03271864999999963,none,none,none,,-0.7588000400000006
1778181_at,ATG29,ATG29,YPL166W,early_transient_up,early,transient,30.0,0.402751361,late_sustained_up,late,sustained,100.0,1.5473690919999994
1778183_at,PDR10,PDR10,YOR328W,none,none,none,,-0.03686891899999978,none,none,none,,0.10763773600000093
1778184_at,YOL114C,,YOL114C,none,none,none,,0.003930073000000256,none,none,none,,0.4678408779999996
1778185_at,STL1,STL1,YDR536W,none,none,none,,-0.08510133500000006,none,none,none,,0.38360411400000016
1778187_at,YKL222C,,YKL222C,none,none,none,,-0.011968632999999507,none,none,none,,0.513694630999999
1778188_at,OTU2,OTU2,YHL013C,early_transient_down,early,transient,30.0,-0.3857333270000005,none,none,none,,-0.8074866109999999
1778189_at,ADE17,ADE17,YMR120C,none,none,none,,0.15272704000000026,none,none,none,,1.0040662000000005
1778190_at,LSG1,LSG1,YGL099W,early_transient_down,early,transient,60.0,-0.53060157,early_sustained_down,early,sustained,60.0,-1.9956315300000007
1778191_at,YGR042W,,YGR042W,none,none,none,,0.18131186400000043,none,none,none,,0.18932863000000033
1778192_at,SEC7,SEC7,YDR170C,none,none,none,,-0.16533397999999977,late_sustained_down,late,sustained,140.0,-1.5578266569999997
1778193_at,SPC24,SPC24,YMR117C,none,none,none,,-0.21738757500000006,none,none,none,,-1.1084680860000002
1778194_at,CHS2,CHS2,YBR038W,none,none,none,,-0.24745284699999992,early_sustained_down,early,sustained,60.0,-3.1191325799999996
1778196_at,MLP1,MLP1,YKR095W,none,none,none,,-0.31289651099999993,none,none,none,,-0.8087266779999993
1778197_at,MND1,MND1,YGL183C,none,none,none,,-0.21490775100000015,none,none,none,,-0.050123942000000365
1778198_at,TPI1,TPI1,YDR050C,none,none,none,,-0.007154939999999499,none,none,none,,0.07793915999999967
1778199_at,JEM1,JEM1,YJL073W,none,none,none,,0.10186662999999996,none,none,none,,-0.6402572359999992
1778200_at,YER187W,,YER187W,none,none,none,,0.49606362999999964,none,none,none,,1.0924934089999998
1778201_at,YDL129W,,YDL129W,none,none,none,,-0.3435147279999997,none,none,none,,0.10119390699999986
1778202_at,RRP6,RRP6,YOR001W,none,none,none,,-0.3868978200000015,early_sustained_down,early,sustained,60.0,-1.0316886179999987
1778203_at,PNS1,PNS1,YOR161C,early_sustained_up,early,sustained,30.0,1.4418073949999997,early_sustained_up,early,sustained,60.0,2.1088384599999994
1778204_at,MLH2,MLH2,YLR035C,none,none,none,,0.10609411500000032,none,none,none,,0.36337296400000074
1778205_at,INP54,INP54,YOL065C,none,none,none,,0.11809330600000045,none,none,none,,0.8620604140000001
1778209_at,MRPL33,MRPL33,YMR286W,none,none,none,,0.06773570000000007,none,none,none,,-0.2969156480000006
1778215_at,FCY2,FCY2,YER056C,none,none,none,,-0.17024198000000013,early_sustained_down,early,sustained,60.0,-1.6663710939999987
1778216_at,USO1,USO1,YDL058W,none,none,none,,-0.2850434610000008,none,none,none,,-0.07639858599999982
1778218_at,TMA10,TMA10,YLR327C,early_sustained_up,early,sustained,30.0,2.1881825789999994,early_sustained_up,early,sustained,60.0,4.691757758999999
1778219_at,RPB8,RPB8,YOR224C,none,none,none,,-0.34452837999999986,early_sustained_down,early,sustained,60.0,-2.1848444199999992
1778220_at,YPL229W,,YPL229W,none,none,none,,-0.10223949699999935,none,none,none,,0.7727435640000007
1778222_at,TUB1,TUB1,YML085C,none,none,none,,0.05471050000000055,none,none,none,,-0.1395295300000008
1778223_at,YAT1,YAT1,YAR035W,none,none,none,,0.5907360449999999,none,none,none,,0.31640919300000014
1778226_at,VPS51,VPS51,YKR020W,none,none,none,,-0.26098752199999975,none,none,none,,0.7411343849999996
1778227_at,MRK1,MRK1,YDL079C,early_partial_decline_up,early,partial_decline,60.0,0.91338352,early_sustained_up,early,sustained,60.0,1.890048265
1778228_at,YCR043C,,YCR043C,none,none,none,,-0.09884575699999942,early_sustained_down,early,sustained,60.0,-1.1316296570000013
1778229_at,YOR293C-A,,YOR293C-A,early_transient_down,early,transient,60.0,-0.5112640950000005,late_sustained_down,late,sustained,100.0,-1.2669158680000003
1778232_at,KIN2,KIN2,YLR096W,none,none,none,,-0.41251636199999986,none,none,none,,0.0611896250000008
1778233_at,MMP1,MMP1,YLL061W,none,none,none,,-0.09262381899999994,late_sustained_up,late,sustained,140.0,1.2116904720000008
1778235_at,EDC3,EDC3,YEL015W,none,none,none,,-0.24895016800000036,none,none,none,,0.6761040019999989
1778237_at,MUM3,MUM3,YOR298W,none,none,none,,-0.28420189900000015,none,none,none,,0.5575627909999996
1778238_at,YNG1,YNG1,YOR064C,none,none,none,,-0.116072281000001,none,none,none,,-0.6593928430000009
1778240_at,MMT1,MMT1,YMR177W,none,none,none,,-0.45445611099999983,late_sustained_up,late,sustained,140.0,1.3483125450000006
1778243_at,YLR414C,,YLR414C,none,none,none,,0.12800823999999977,none,none,none,,0.5841653000000004
1778245_at,MOD5,MOD5,YOR274W,none,none,none,,-0.34721975900000057,none,none,none,,0.012119162999999489
1778246_at,TMT1,TMT1,YER175C,early_transient_up,early,transient,60.0,0.014717352999999989,early_sustained_up,early,sustained,30.0,2.369923826999999
1778248_at,SLN1,SLN1,YIL147C,none,none,none,,-0.20447367999999955,none,none,none,,-0.9113447449999992
1778249_at,IZH1,IZH1,YDR492W,early_transient_down,early,transient,30.0,0.38687608999999945,early_sustained_down,early,sustained,30.0,-3.6324447109999998
1778252_at,"ADE5,7","ADE5,7",YGL234W,none,none,none,,-0.17144595000000074,none,none,none,,-0.7441254100000005
1778254_at,YEL057C,,YEL057C,none,none,none,,0.6045558029999998,none,none,none,,0.7683945179999996
1778259_at,SAN1,SAN1,YDR143C,none,none,none,,-0.2604286459999994,none,none,none,,-0.43991320499999986
1778260_at,TDH3,TDH3,YGR192C,none,none,none,,0.04053329999999988,none,none,none,,0.09910310000000067
1778261_at,OCA1,OCA1,YNL099C,none,none,none,,-0.02679238099999992,none,none,none,,0.22085339799999915
1778262_at,SEN15,SEN15,YMR059W,none,none,none,,-0.08852540500000039,none,none,none,,-0.014017173999999244
1778263_at,YIL087C,,YIL087C,early_transient_up,early,transient,60.0,0.6965449350000004,early_sustained_up,early,sustained,60.0,2.1325909660000004
1778265_at,FRE4,FRE4,YNR060W,early_sustained_down,early,sustained,30.0,-1.5495158450000002,late_sustained_down,late,sustained,100.0,-2.255570007
1778267_at,DCI1,DCI1,YOR180C,none,none,none,,0.2559638240000002,none,none,none,,0.4728316580000005
1778268_at,FPR3,FPR3,YML074C,none,none,none,,-0.22682366999999992,none,none,none,,-0.8136354899999994
1778270_at,HO,HO,YDL227C,early_transient_down,early,transient,30.0,-0.6155125669999997,early_sustained_down,early,sustained,60.0,-4.289746803
1778271_at,ROX1,ROX1,YPR065W,none,none,none,,0.0752209550000007,late_sustained_up,late,sustained,100.0,1.8503151520000003
1778272_at,YGR121W-A,,YGR121W-A,none,none,none,,0.15880691400000035,none,none,none,,0.7767065860000004
1778274_at,YEA4,YEA4,YEL004W,none,none,none,,0.1806612879999996,none,none,none,,0.11329408900000004
1778275_at,UTP9,UTP9,YHR196W,early_transient_down,early,transient,30.0,-0.36446459000000075,early_sustained_down,early,sustained,60.0,-2.2647238620000003
1778277_at,SST2,SST2,YLR452C,none,none,none,,-0.35225419,none,none,none,,-0.6442107079999992
1778278_at,RTG1,RTG1,YOL067C,none,none,none,,-0.43775799400000004,none,none,none,,0.7969545670000002
1778279_at,TSC10,TSC10,YBR265W,none,none,none,,-0.33986780800000105,none,none,none,,-0.824832572
1778280_at,NGR1,NGR1,YBR212W,none,none,none,,-0.009271023000000156,none,none,none,,0.3830404119999997
1778281_at,ROT1,ROT1,YMR200W,none,none,none,,0.06859447999999979,none,none,none,,-0.25889541000000094
1778282_at,LEU4,LEU4,YNL104C,none,none,none,,0.13877633999999972,none,none,none,,0.6662460600000006
1778283_at,YFL034W,,YFL034W,none,none,none,,-0.25055276400000004,none,none,none,,0.3063283590000001
1778286_at,YLR466C-B,,YLR466C-B,none,none,none,,-0.16269181700000068,none,none,none,,0.14190810199999948
1778287_at,YJR114W,,YJR114W,none,none,none,,-0.23984909900000018,none,none,none,,0.5145012549999999
1778288_at,NAT3,NAT3,YPR131C,none,none,none,,-0.09517481399999994,none,none,none,,0.9635569630000003
1778290_at,LSC2,LSC2,YGR244C,none,none,none,,0.5248296400000001,none,none,none,,0.48734186999999984
1778291_at,YPT10,YPT10,YBR264C,none,none,none,,-0.3426585479999993,none,none,none,,0.0690217870000005
1778293_at,YKR075C,,YKR075C,none,none,none,,0.494302158,none,none,none,,0.8941127840000007
1778295_at,PEX22,PEX22,YAL055W,none,none,none,,-0.07538299600000009,none,none,none,,-0.6945295100000006
1778296_at,CSI2,CSI2,YOL007C,early_transient_down,early,transient,30.0,-0.12052888300000042,early_sustained_down,early,sustained,60.0,-3.0789538589999994
1778299_at,VPS4,VPS4,YPR173C,none,none,none,,-0.24997770999999958,none,none,none,,0.12710767999999995
1778300_at,MAK32,MAK32,YCR019W,none,none,none,,-0.2284408330000005,none,none,none,,0.5308436939999996
1778303_at,RPL29,RPL29,YFR032C-A,none,none,none,,-0.04161880000000018,none,none,none,,-0.9741873099999996
1778304_at,UBX3,UBX3,YDL091C,none,none,none,,0.2408103129999999,early_sustained_up,early,sustained,60.0,2.376316129
1778305_at,CFT1,CFT1,YDR301W,none,none,none,,-0.3209739589999998,none,none,none,,-0.7013795179999995
1778306_at,DEF1,DEF1,YKL054C,none,none,none,,-0.0676271100000001,none,none,none,,-0.0643212799999997
1778308_at,NUP84,NUP84,YDL116W,none,none,none,,-0.17951398900000015,none,none,none,,0.7696760870000006
1778312_at,PHD1,PHD1,YKL043W,none,none,none,,0.9388531929999999,none,none,none,,1.4075566960000003
1778315_at,FAP7,FAP7,YDL166C,none,none,none,,-0.40973223000000125,late_sustained_down,late,sustained,100.0,-1.8846860359999997
1778316_at,GSH2,GSH2,YOL049W,none,none,none,,-0.09368692999999872,late_sustained_up,late,sustained,100.0,1.2160936600000003
1778317_at,ADH4,ADH4,YGL256W,none,none,none,,-0.11046332899999989,none,none,none,,-0.9657094690000001
1778319_at,PCL1,PCL1,YNL289W,early_transient_down,early,transient,30.0,-0.19371070800000112,early_sustained_down,early,sustained,60.0,-4.036805989000001
1778320_at,CBP1,CBP1,YJL209W,none,none,none,,-0.2732003399999998,late_sustained_down,late,sustained,140.0,-1.0749652749999994
1778322_at,SRM1,SRM1,YGL097W,none,none,none,,-0.31656008000000035,early_sustained_down,early,sustained,60.0,-1.741182984
1778323_at,RRP9,RRP9,YPR137W,early_transient_down,early,transient,30.0,-0.3635035519999992,early_sustained_down,early,sustained,30.0,-2.1773818459999994
1778325_at,ALD6,ALD6,YPL061W,none,none,none,,0.26381246000000047,late_sustained_down,late,sustained,100.0,-2.8869282270000003
1778327_at,URM1,URM1,YIL008W,none,none,none,,-0.11222963000000163,late_sustained_down,late,sustained,100.0,-1.6383720250000007
1778328_at,PMP2,PMP2,YEL017C-A,none,none,none,,0.07787958000000117,late_partial_decline_down,late,partial_decline,100.0,-0.8529926999999997
1778330_at,OSM1,OSM1,YJR051W,none,none,none,,0.20843299799999926,none,none,none,,0.7568033949999986
1778331_at,YDL211C,,YDL211C,none,none,none,,0.003719318000000804,early_sustained_down,early,sustained,60.0,-2.2717434009999993
1778332_at,GNT1,GNT1,YOR320C,none,none,none,,-0.11465540000000018,none,none,none,,-0.9829944659999992
1778334_at,YIR021W-A,,YIR021W-A,none,none,none,,0.06333098599999998,none,none,none,,0.15718405099999977
1778335_at,ADI1,ADI1,YMR009W,none,none,none,,-0.1853761899999995,none,none,none,,-0.893502797
1778344_at,YGL010W,,YGL010W,early_transient_up,early,transient,30.0,0.04000134200000005,early_sustained_up,early,sustained,30.0,1.9541789069999993
1778345_at,INP2,INP2,YMR163C,none,none,none,,0.08184527600000013,none,none,none,,0.21801995499999993
1778347_at,NOP15,NOP15,YNL110C,early_transient_down,early,transient,60.0,-0.5136582999999995,early_sustained_down,early,sustained,60.0,-2.5202521339999997
1778348_at,IRC25,IRC25,YLR021W,none,none,none,,-0.07495807399999954,none,none,none,,0.5573910180000006
1778350_at,PET191,PET191,YJR034W,none,none,none,,0.02132689699999979,none,none,none,,-0.45878674100000083
1778351_at,TFC4,TFC4,YGR047C,none,none,none,,0.003094707000000696,none,none,none,,-0.04112068100000066
1778352_at,MFT1,MFT1,YML062C,none,none,none,,-0.3399151920000012,none,none,none,,0.6719776900000003
1778354_at,YER071C,,YER071C,none,none,none,,0.13958521999999984,none,none,none,,0.5678623209999998
1778355_at,KAR4,KAR4,YCL055W,none,none,none,,-0.7632480180000005,none,none,none,,0.043724340000000694
1778357_at,PRM4,PRM4,YPL156C,late_sustained_down,late,sustained,140.0,-1.2320743499999995,none,none,none,,-0.06648700799999929
1778358_at,HES1,HES1,YOR237W,none,none,none,,0.38516477699999996,none,none,none,,0.19283931399999954
1778359_at,SAM1,SAM1,YLR180W,none,none,none,,0.05393550999999874,early_sustained_down,early,sustained,30.0,-2.1065508190000006
1778360_at,HDA1,HDA1,YNL021W,none,none,none,,-0.5309469189999998,none,none,none,,-1.1907975550000005
1778363_at,RAD5,RAD5,YLR032W,none,none,none,,0.01677188200000046,none,none,none,,0.11615978100000035
1778364_at,PPM2,PPM2,YOL141W,early_transient_down,early,transient,30.0,-0.6219976960000002,early_sustained_down,early,sustained,30.0,-1.9225320190000001
1778367_at,ATP17,ATP17,YDR377W,none,none,none,,0.30211699000000003,none,none,none,,0.04985005999999892
1778368_at,YHP1,YHP1,YDR451C,none,none,none,,-0.48784021200000005,early_sustained_down,early,sustained,30.0,-2.983587278000001
1778371_at,LSB3,LSB3,YFR024C-A,none,none,none,,0.20590398999999948,late_sustained_up,late,sustained,100.0,1.1930834899999994
1778374_at,YBL086C,,YBL086C,none,none,none,,0.3608900740000003,early_sustained_up,early,sustained,30.0,2.8111959360000007
1778375_at,TIS11,TIS11,YLR136C,early_partial_decline_up,early,partial_decline,30.0,0.8659887499999996,early_sustained_up,early,sustained,30.0,2.0237136829999995
1778380_at,MGA1,MGA1,YGR249W,none,none,none,,-0.0924336010000002,none,none,none,,0.4020288289999998
1778381_at,DUS4,DUS4,YLR405W,early_transient_down,early,transient,30.0,-0.33462214100000054,early_sustained_down,early,sustained,60.0,-1.1825503349999993
1778383_at,YKT6,YKT6,YKL196C,none,none,none,,-0.27325916999999933,none,none,none,,0.15479666999999964
1778384_at,INP51,INP51,YIL002C,none,none,none,,0.030629593000000455,none,none,none,,0.8058530820000005
1778389_at,FYV8,FYV8,YGR196C,none,none,none,,-0.49159761000000035,none,none,none,,1.0381613860000005
1778391_at,AZR1,AZR1,YGR224W,early_transient_up,early,transient,30.0,-0.194908823,none,none,none,,-0.350363835
1778392_at,RIB7,RIB7,YBR153W,none,none,none,,-0.12491258200000033,none,none,none,,0.4127984229999999
1778395_at,VAC7,VAC7,YNL054W,none,none,none,,-0.19611403199999877,none,none,none,,1.198633481
1778398_at,YNR040W,,YNR040W,none,none,none,,0.14034818699999896,none,none,none,,-0.34717984399999935
1778399_at,HAP3,HAP3,YBL021C,none,none,none,,-0.39450573099999975,none,none,none,,1.2517001519999997
1778400_at,RNH202,RNH202,YDR279W,none,none,none,,-0.09721050100000106,none,none,none,,-0.1950412539999995
1778401_at,BUD13,BUD13,YGL174W,none,none,none,,-0.11473981299999991,none,none,none,,0.7991861569999994
1778403_at,NST1,NST1,YNL091W,none,none,none,,-0.12158725599999975,none,none,none,,-0.29944900099999927
1778404_at,YMR244W,,YMR244W,none,none,none,,0.3104925450000007,none,none,none,,-0.501552078
1778405_at,DSL1,DSL1,YNL258C,none,none,none,,-0.19746426299999875,none,none,none,,0.4696892580000007
1778406_at,AKL1,AKL1,YBR059C,none,none,none,,0.045709540000000715,none,none,none,,0.22837978699999972
1778408_at,BAR1,BAR1,YIL015W,none,none,none,,0.23619148700000014,none,none,none,,-0.6084493449999995
1778409_at,UBA4,UBA4,YHR111W,none,none,none,,-0.2990516759999995,late_sustained_up,late,sustained,140.0,1.1952619900000006
1778412_at,PRO3,PRO3,YER023W,none,none,none,,0.09647600999999995,none,none,none,,-0.8449456999999985
1778414_at,BRF1,BRF1,YGR246C,none,none,none,,-0.05358013799999917,none,none,none,,0.6840499969999989
1778416_at,POR2,POR2,YIL114C,none,none,none,,-0.1600559369999992,none,none,none,,-0.08917683700000012
1778418_at,HCS1,HCS1,YKL017C,none,none,none,,-0.12890824799999923,none,none,none,,0.7020247750000017
1778420_at,TED1,TED1,YIL039W,none,none,none,,-0.08949304999999974,none,none,none,,-0.9133875000000007
1778423_at,TRM112,TRM112,YNR046W,none,none,none,,-0.43369367000000025,early_sustained_down,early,sustained,60.0,-2.1177008219999998
1778425_at,PHB1,PHB1,YGR132C,none,none,none,,0.1435842100000002,none,none,none,,0.1453642999999989
1778426_s_at,HHF1 /// HHF2,HHF1 /// HHF2,YBR009C,none,none,none,,-0.09602063000000172,none,none,none,,0.05918150999999838
1778428_at,CCT4,CCT4,YDL143W,none,none,none,,-0.1879759399999994,none,none,none,,0.40015303000000024
1778433_at,AFI1,AFI1,YOR129C,none,none,none,,0.1558019479999997,none,none,none,,-1.294178295
1778434_at,SRN2,SRN2,YLR119W,none,none,none,,-0.2051673599999999,none,none,none,,-0.07065816099999989
1778437_at,AFR1,AFR1,YDR085C,early_partial_decline_up,early,partial_decline,60.0,0.9152422960000006,early_sustained_up,early,sustained,60.0,1.0935856990000001
1778439_at,RPL23B,RPL23B,YER117W,none,none,none,,-0.06740315000000052,late_sustained_down,late,sustained,100.0,-1.2302046900000008
1778440_at,YDR391C,,YDR391C,early_transient_up,early,transient,60.0,0.6210618280000002,early_sustained_up,early,sustained,60.0,1.630402815
1778442_at,TFC8,TFC8,YPL007C,none,none,none,,0.09201165600000039,late_sustained_up,late,sustained,140.0,1.0025843759999997
1778444_at,YPL056C,,YPL056C,none,none,none,,-0.1697611339999998,none,none,none,,0.6506618709999987
1778446_at,YPL088W,,YPL088W,none,none,none,,0.0074154919999998015,none,none,none,,-0.7288103269999997
1778450_at,LST4,LST4,YKL176C,none,none,none,,-0.11121212599999986,none,none,none,,-0.44295961699999964
1778451_s_at,RPL21A /// RPL21B,RPL21A /// RPL21B,YBR191W,none,none,none,,-0.024460290000000384,none,none,none,,-0.8952603799999999
1778452_at,MRP4,MRP4,YHL004W,none,none,none,,0.1885852400000001,none,none,none,,-0.2574662599999993
1778453_s_at,SNO2 /// SNO3,SNO2 /// SNO3,YFL060C,none,none,none,,0.2553789789999996,none,none,none,,-0.4071828489999998
1778458_at,ATP7,ATP7,YKL016C,none,none,none,,0.1182267200000009,none,none,none,,0.6272241999999988
1778462_at,YNL277W-A,,YNL277W-A,none,none,none,,0.017115987999999582,none,none,none,,-0.5740092240000001
1778470_at,RFC3,RFC3,YNL290W,none,none,none,,-0.2660663079999992,none,none,none,,-0.0028074099999990665
1778472_at,VPS1,VPS1,YKR001C,none,none,none,,-0.08514088000000086,none,none,none,,-0.1676281399999997
1778473_at,YMR134W,,YMR134W,none,none,none,,0.31705383199999915,late_partial_decline_down,late,partial_decline,100.0,-0.8836399190000002
1778474_at,DDC1,DDC1,YPL194W,none,none,none,,0.14067716099999927,none,none,none,,1.0466312389999999
1778475_at,YMR085W,,YMR085W,none,none,none,,0.03165968500000016,early_sustained_up,early,sustained,60.0,1.914500736
1778477_at,TPM2,TPM2,YIL138C,none,none,none,,-0.12008361000000001,none,none,none,,-0.42925019900000017
1778479_at,CHA1,CHA1,YCL064C,late_sustained_up,late,sustained,140.0,1.9654252890000006,none,none,none,,0.00010139900000005753
1778481_at,RPL3,RPL3,YOR063W,none,none,none,,-0.04767220999999999,none,none,none,,-0.3671733100000001
1778483_at,RTR2,RTR2,YDR066C,none,none,none,,0.014935535000000222,none,none,none,,0.6958245580000009
1778485_at,YLR326W,,YLR326W,none,none,none,,0.8044297070000006,none,none,none,,0.7240988290000008
1778486_at,SIM1,SIM1,YIL123W,none,none,none,,0.10606106000000004,late_sustained_down,late,sustained,100.0,-3.2617689289999987
1778487_at,RPA12,RPA12,YJR063W,early_transient_down,early,transient,30.0,-0.5347795699999995,early_sustained_down,early,sustained,30.0,-2.496267255000001
1778488_at,CCR4,CCR4,YAL021C,none,none,none,,-0.3406242060000011,none,none,none,,-1.0019655839999988
1778491_at,TRZ1,TRZ1,YKR079C,early_transient_down,early,transient,30.0,0.04966376600000011,early_sustained_down,early,sustained,60.0,-1.1080394539999991
1778492_at,TRK1,TRK1,YJL129C,none,none,none,,0.04994108300000022,none,none,none,,-0.48690217799999935
1778493_at,YPR022C,,YPR022C,none,none,none,,-0.001183515000001023,none,none,none,,0.5763326119999999
1778494_at,RIM101,RIM101,YHL027W,none,none,none,,-0.11527225899999927,none,none,none,,0.5800191960000003
1778495_at,YPT7,YPT7,YML001W,none,none,none,,-0.13858373999999962,none,none,none,,-0.1609858200000005
1778496_at,SIP1,SIP1,YDR422C,none,none,none,,-0.269860297000001,none,none,none,,-0.38128890700000007
1778498_at,YBR139W,,YBR139W,early_partial_decline_up,early,partial_decline,60.0,0.9743593700000002,early_sustained_up,early,sustained,60.0,1.6610004099999998
1778499_at,PEX31,PEX31,YGR004W,none,none,none,,-0.10916016599999878,none,none,none,,-0.7420215729999997
1778500_at,RLM1,RLM1,YPL089C,none,none,none,,0.17961445699999956,none,none,none,,-0.8358574030000003
1778501_at,PPE1,PPE1,YHR075C,none,none,none,,0.6099441349999992,early_sustained_up,early,sustained,60.0,2.632437338999999
1778503_at,TKL1,TKL1,YPR074C,none,none,none,,0.04347311999999981,early_sustained_down,early,sustained,60.0,-2.084132050000001
1778504_at,VMA13,VMA13,YPR036W,none,none,none,,-0.01115144999999984,none,none,none,,0.12967363000000098
1778507_at,MON2,MON2,YNL297C,none,none,none,,-0.05847485500000005,none,none,none,,0.6191967070000004
1778508_at,DBP7,DBP7,YKR024C,early_transient_down,early,transient,30.0,-0.33692485499999947,early_sustained_down,early,sustained,30.0,-2.554812321999999
1778510_at,CUP2,CUP2,YGL166W,none,none,none,,-0.383956812000001,none,none,none,,0.35612614199999904
1778512_at,YSY6,YSY6,YBR162W-A,none,none,none,,-0.33934391999999924,late_sustained_down,late,sustained,100.0,-2.028256268
1778514_at,RPR2,RPR2,YIR015W,none,none,none,,-0.13904794499999973,none,none,none,,-0.4771492500000001
1778515_at,PET494,PET494,YNR045W,none,none,none,,0.06344618700000026,none,none,none,,-0.12798563900000026
1778516_at,NFI1,NFI1,YOR156C,none,none,none,,-0.059242139000000194,none,none,none,,-0.010235321999999769
1778518_at,SPO1,SPO1,YNL012W,none,none,none,,1.0948262140000002,none,none,none,,0.6103805710000003
1778519_at,OKP1,OKP1,YGR179C,none,none,none,,-0.30248450899999924,none,none,none,,0.7261850710000015
1778520_at,YML020W,,YML020W,none,none,none,,-0.012017831999999729,none,none,none,,-0.40402655400000054
1778524_at,DSF2,DSF2,YBR007C,none,none,none,,-0.07084164900000012,none,none,none,,-0.7947899710000002
1778527_at,YBR287W,,YBR287W,none,none,none,,0.2663769439999992,none,none,none,,0.3964480419999994
1778532_at,AHP1,AHP1,YLR109W,none,none,none,,0.19055990000000023,none,none,none,,0.6486678399999999
1778536_at,SPC72,SPC72,YAL047C,none,none,none,,-0.1789839079999993,none,none,none,,0.7301644999999999
1778537_at,YHR212W-A,,YHR212W-A,none,none,none,,-0.18921210499999974,none,none,none,,0.16482723099999985
1778541_at,PCL9,PCL9,YDL179W,none,none,none,,-0.5274386460000002,late_sustained_down,late,sustained,100.0,-2.6347966770000006
1778542_at,YEL048C,,YEL048C,early_transient_down,early,transient,30.0,-0.15690836200000025,early_transient_down,early,transient,30.0,-0.5912857640000002
1778544_at,NDE1,NDE1,YMR145C,none,none,none,,0.18324519000000095,early_sustained_down,early,sustained,60.0,-1.976745124999999
1778545_at,CIS1,CIS1,YDR022C,early_sustained_up,early,sustained,60.0,1.6348749590000002,late_sustained_up,late,sustained,100.0,1.9629806069999995
1778546_at,PAC1,PAC1,YOR269W,none,none,none,,-0.09679021900000073,none,none,none,,0.09655602800000018
1778548_at,PSH1,PSH1,YOL054W,none,none,none,,-0.20802026800000029,none,none,none,,0.6760218210000009
1778550_at,HMS2,HMS2,YJR147W,early_sustained_down,early,sustained,60.0,-1.2761123260000007,early_sustained_down,early,sustained,60.0,-2.7243705709999997
1778552_at,YML050W,,YML050W,none,none,none,,0.12440240699999983,none,none,none,,0.7512757149999993
1778555_at,VPH1,VPH1,YOR270C,none,none,none,,0.017100349999999764,none,none,none,,0.09502716999999983
1778556_at,YML003W,,YML003W,none,none,none,,-0.31107094199999974,none,none,none,,-0.46365879399999965
1778557_at,SCL1,SCL1,YGL011C,none,none,none,,-0.26154512000000096,none,none,none,,0.9537212200000003
1778560_s_at,RPL11A /// RPL11B,RPL11A /// RPL11B,YGR085C,none,none,none,,0.02611865999999985,none,none,none,,-0.57872083
1778561_at,STE13,STE13,YOR219C,none,none,none,,-0.03306306599999864,none,none,none,,0.7834871349999997
1778563_at,ALT2,ALT2,YDR111C,early_transient_down,early,transient,60.0,-0.09875852400000085,none,none,none,,1.0608247009999996
1778564_at,YPL158C,,YPL158C,none,none,none,,-0.3413354670000004,early_sustained_down,early,sustained,60.0,-2.8069357000000004
1778565_at,YDR169C-A,,YDR169C-A,none,none,none,,0.38334132799999976,none,none,none,,0.08527108600000011
1778566_at,MRP17,MRP17,YKL003C,none,none,none,,0.0016928299999996455,none,none,none,,-0.3771313159999998
1778567_at,HKR1,HKR1,YDR420W,none,none,none,,-0.03434671099999953,early_sustained_down,early,sustained,60.0,-2.2961927000000006
1778568_at,CHS1,CHS1,YNL192W,none,none,none,,-0.029897044999998457,none,none,none,,0.14833644499999998
1778569_at,YOR008C-A,,YOR008C-A,none,none,none,,-0.05832132699999981,none,none,none,,0.19646382399999984
1778570_at,CCW12,CCW12,YLR110C,none,none,none,,-0.037450759999998695,none,none,none,,-0.07057116000000008
1778571_at,LUC7,LUC7,YDL087C,none,none,none,,-0.6600206499999999,none,none,none,,0.12594082299999876
1778573_at,OLA1,OLA1,YBR025C,none,none,none,,-0.2244388500000003,none,none,none,,-0.7203325799999991
1778574_at,TIP20,TIP20,YGL145W,none,none,none,,-0.17535604299999896,none,none,none,,0.19750971399999884
1778577_at,TOM7,TOM7,YNL070W,none,none,none,,0.0038436000000015014,late_sustained_down,late,sustained,140.0,-1.1360753500000005
1778578_at,IWR1,IWR1,YDL115C,none,none,none,,0.09349101299999951,early_sustained_up,early,sustained,60.0,2.198116377
1778583_at,YMR086W,,YMR086W,none,none,none,,-0.12205964799999869,none,none,none,,-0.11010940300000094
1778585_at,GAT3,GAT3,YLR013W,none,none,none,,-0.07871074,none,none,none,,-0.38391356899999973
1778588_at,OST1,OST1,YJL002C,none,none,none,,-0.10616505000000132,none,none,none,,-0.5325499100000002
1778591_at,AGA1,AGA1,YNR044W,none,none,none,,-0.4486213499999998,late_sustained_down,late,sustained,140.0,-1.9347125399999996
1778592_at,RPS1A,RPS1A,YLR441C,none,none,none,,-0.04302470000000014,late_sustained_down,late,sustained,100.0,-1.6736957700000001
1778593_at,YKR015C,,YKR015C,none,none,none,,-0.199637128,none,none,none,,-0.18680838100000008
1778594_at,PDE2,PDE2,YOR360C,none,none,none,,-0.09469913999999946,none,none,none,,-0.5205463879999996
1778597_at,PCL8,PCL8,YPL219W,none,none,none,,0.43511944000000025,none,none,none,,0.19494542400000014
1778598_at,SDC1,SDC1,YDR469W,none,none,none,,-0.27742401400000105,late_sustained_down,late,sustained,100.0,-1.3403380250000012
1778599_at,MCR1,MCR1,YKL150W,none,none,none,,0.7727970200000005,late_sustained_up,late,sustained,100.0,1.10959802
1778601_at,FMC1,FMC1,YIL098C,none,none,none,,0.420591095999999,none,none,none,,0.6863210220000013
1778604_at,XKS1,XKS1,YGR194C,early_transient_up,early,transient,30.0,0.6980124720000003,early_sustained_up,early,sustained,60.0,2.687575625000001
1778606_at,HBS1,HBS1,YKR084C,none,none,none,,-0.25828701300000034,none,none,none,,0.1976645700000006
1778608_at,INP1,INP1,YMR204C,none,none,none,,-0.03429212699999962,none,none,none,,-0.3849008739999995
1778611_at,ZUO1,ZUO1,YGR285C,none,none,none,,-0.17537768000000042,none,none,none,,-0.7433331500000016
1778612_at,CPR4,CPR4,YCR069W,none,none,none,,0.25010602100000057,none,none,none,,0.5023085829999996
1778613_at,ECM19,ECM19,YLR390W,none,none,none,,0.40958675899999974,none,none,none,,-0.5182120769999994
1778617_at,YJL216C,,YJL216C,none,none,none,,-0.2338454359999993,none,none,none,,-0.8090306199999997
1778620_at,HXT14,HXT14,YNL318C,none,none,none,,0.308886448,none,none,none,,-0.32493380000000016
1778622_at,UGA4,UGA4,YDL210W,none,none,none,,0.5874996049999996,none,none,none,,0.1704666079999999
1778623_at,STN1,STN1,YDR082W,none,none,none,,-0.27530868900000005,late_sustained_up,late,sustained,140.0,1.1140768229999995
1778624_at,NIF3,NIF3,YGL221C,none,none,none,,-0.1195330099999996,none,none,none,,0.6126510400000011
1778627_at,RPB3,RPB3,YIL021W,none,none,none,,-0.31812500999999926,none,none,none,,0.06586515999999953
1778632_at,MET1,MET1,YKR069W,none,none,none,,-0.20758738799999854,late_sustained_up,late,sustained,100.0,1.2651923630000006
1778633_at,UBP7,UBP7,YIL156W,none,none,none,,-0.1911791049999998,none,none,none,,0.023472616000001167
1778638_at,TAM41,TAM41,YGR046W,none,none,none,,0.04400333599999939,none,none,none,,0.5441912230000003
1778641_at,YJR056C,,YJR056C,none,none,none,,-0.2058890309999999,none,none,none,,-0.13102789800000103
1778644_at,SPO20,SPO20,YMR017W,none,none,none,,0.3268194360000001,late_sustained_up,late,sustained,100.0,1.2323283730000005
1778645_at,MTC5,MTC5,YDR128W,none,none,none,,-0.11601312600000036,none,none,none,,0.1853622589999997
1778649_at,SPO74,SPO74,YGL170C,none,none,none,,0.2906368319999997,none,none,none,,-0.32552785100000037
1778651_at,FAA4,FAA4,YMR246W,none,none,none,,-0.11188066000000063,none,none,none,,-1.2619953699999993
1778653_at,RIX7,RIX7,YLL034C,early_transient_down,early,transient,30.0,-0.3874999300000006,early_sustained_down,early,sustained,60.0,-1.8654891750000004
1778654_at,CAR1,CAR1,YPL111W,none,none,none,,-0.05478098000000031,none,none,none,,-0.40709771999999944
1778655_at,CKI1,CKI1,YLR133W,none,none,none,,0.12676265300000011,none,none,none,,0.815600689
1778656_at,EMP46,EMP46,YLR080W,early_sustained_up,early,sustained,60.0,1.686752597,early_sustained_up,early,sustained,60.0,3.102086744
1778658_at,MNR2,MNR2,YKL064W,none,none,none,,0.07537467699999922,late_sustained_up,late,sustained,140.0,1.1127868009999986
1778659_at,COQ5,COQ5,YML110C,none,none,none,,0.45840162000000007,none,none,none,,0.7501158100000005
1778664_at,COG3,COG3,YER157W,none,none,none,,-0.23345250399999973,none,none,none,,0.07718684600000003
1778665_at,VPS53,VPS53,YJL029C,none,none,none,,0.08657612000000015,none,none,none,,0.8729069099999993
1778666_at,HXT5,HXT5,YHR096C,early_partial_decline_up,early,partial_decline,60.0,0.8512641690000002,early_sustained_up,early,sustained,60.0,3.315359783
1778668_at,DOG1,DOG1,YHR044C,none,none,none,,0.37508018399999976,none,none,none,,0.4764815569999996
1778672_at,VPS68,VPS68,YOL129W,none,none,none,,0.2277091200000001,none,none,none,,0.739584709999999
1778673_at,DED81,DED81,YHR019C,none,none,none,,-0.043620069999999345,none,none,none,,-0.8569981000000002
1778677_at,GAL3,GAL3,YDR009W,none,none,none,,0.9025089689999994,none,none,none,,0.824662697
1778679_at,PRP21,PRP21,YJL203W,none,none,none,,-0.35103447800000076,none,none,none,,0.4459922360000004
1778681_at,SHP1,SHP1,YBL058W,none,none,none,,-0.2585045199999989,early_sustained_up,early,sustained,60.0,1.6333723199999994
1778682_at,ASE1,ASE1,YOR058C,none,none,none,,-0.5161956599999993,late_sustained_down,late,sustained,100.0,-1.2146488899999994
1778683_at,YNL042W-B,,YNL042W-B,none,none,none,,0.08333163800000021,none,none,none,,0.11455891399999985
1778685_at,UTP6,UTP6,YDR449C,early_transient_down,early,transient,30.0,-0.27469379899999957,early_sustained_down,early,sustained,60.0,-1.3413364100000003
1778686_at,TPO4,TPO4,YOR273C,early_transient_up,early,transient,30.0,0.7563623370000006,early_transient_up,early,transient,60.0,0.07748962799999859
1778687_at,PAM1,PAM1,YDR251W,none,none,none,,0.027971041999999002,late_sustained_up,late,sustained,100.0,1.2899347200000015
1778689_at,SUS1,SUS1,YBR111W-A,none,none,none,,0.26919326899999874,none,none,none,,-0.4551768550000004
1778691_at,SMD1,SMD1,YGR074W,none,none,none,,-0.5288660409999988,none,none,none,,-0.12855718700000018
1778692_at,DEM1,DEM1,YBR163W,none,none,none,,-0.4092911870000009,none,none,none,,-0.6430546130000003
1778695_at,YOR164C,,YOR164C,none,none,none,,0.11656381500000101,none,none,none,,0.3065249209999994
1778696_at,SEC11,SEC11,YIR022W,none,none,none,,0.006122310000000297,none,none,none,,0.0070277599999997165
1778697_at,ENT2,ENT2,YLR206W,none,none,none,,-0.096736602,early_sustained_up,early,sustained,60.0,1.0435315660000004
1778700_at,ERV1,ERV1,YGR029W,none,none,none,,-0.054047096999999766,none,none,none,,0.09876598699999839
1778702_at,HTS1,HTS1,YPR033C,none,none,none,,-0.29180023000000155,late_sustained_down,late,sustained,100.0,-1.7283367599999995
1778704_at,GTR1,GTR1,YML121W,none,none,none,,0.28103894199999857,none,none,none,,0.7455128029999987
1778705_at,ARK1,ARK1,YNL020C,none,none,none,,-0.17307774499999962,late_sustained_up,late,sustained,100.0,1.0028839779999998
1778706_at,ATO2,ATO2,YNR002C,early_sustained_up,early,sustained,30.0,1.5229877430000003,early_sustained_up,early,sustained,60.0,3.4454760340000004
1778709_at,SDS3,SDS3,YIL084C,none,none,none,,-0.36073830900000026,none,none,none,,0.3479324659999996
1778711_at,YER152C,,YER152C,none,none,none,,0.15553749700000097,none,none,none,,0.2710456969999999
1778713_at,RSM10,RSM10,YDR041W,none,none,none,,0.1632049200000001,none,none,none,,0.4261943100000014
1778716_at,YPT32,YPT32,YGL210W,none,none,none,,-0.3158419860000006,none,none,none,,-0.3270154829999985
1778717_at,CBS2,CBS2,YDR197W,none,none,none,,0.1736636959999993,none,none,none,,0.35078744299999975
1778720_at,AHA1,AHA1,YDR214W,none,none,none,,-0.11451659999999997,late_sustained_up,late,sustained,140.0,1.258111979999999
1778723_at,LAS17,LAS17,YOR181W,none,none,none,,-0.27674145800000005,late_partial_decline_up,late,partial_decline,100.0,0.8227313040000004
1778724_x_at,YLR466C-B,,YLR466C-B,none,none,none,,-0.2338670899999995,none,none,none,,0.26517498100000036
1778726_at,TIM13,TIM13,YGR181W,none,none,none,,0.24746908999999917,none,none,none,,-0.010585850000000008
1778728_at,RCR2,RCR2,YDR003W,early_transient_up,early,transient,30.0,0.17419931200000072,early_sustained_up,early,sustained,30.0,2.485590910999999
1778729_at,YAR029W,,YAR029W,none,none,none,,-0.1927994230000003,none,none,none,,0.7981796480000005
1778730_s_at,RPL4A /// RPL4B,RPL4A /// RPL4B,YBR031W,none,none,none,,-0.03283112999999993,none,none,none,,-0.4038530799999993
1778731_at,RPL8B,RPL8B,YLL045C,none,none,none,,-0.023741850000000397,none,none,none,,-0.95722168
1778732_at,YBL044W,,YBL044W,none,none,none,,-0.48611976300000004,none,none,none,,0.23767004300000005
1778733_at,PAF1,PAF1,YBR279W,none,none,none,,-0.40262228299999947,none,none,none,,-0.5343115250000015
1778735_at,YGR035C,,YGR035C,early_sustained_down,early,sustained,30.0,-1.6113297439999998,early_sustained_down,early,sustained,30.0,-4.5020588109999995
1778737_at,GCD11,GCD11,YER025W,none,none,none,,-0.21432386000000037,late_sustained_down,late,sustained,100.0,-1.3856068199999996
1778739_at,SFG1,SFG1,YOR315W,early_sustained_down,early,sustained,30.0,-1.9276605909999995,early_sustained_down,early,sustained,30.0,-3.92165795
1778743_at,STV1,STV1,YMR054W,none,none,none,,-0.2969218599999994,none,none,none,,-0.5359471599999992
1778744_at,RTG3,RTG3,YBL103C,none,none,none,,-0.44943214700000045,none,none,none,,0.5993155650000013
1778746_at,CST6,CST6,YIL036W,none,none,none,,0.09426792600000056,early_sustained_up,early,sustained,30.0,1.9498323979999999
1778748_at,COT1,COT1,YOR316C,none,none,none,,0.6396087650000002,none,none,none,,0.9574395839999994
1778751_at,FYV4,FYV4,YHR059W,none,none,none,,0.02842618400000063,none,none,none,,-0.5804446549999991
1778752_at,ARG80,ARG80,YMR042W,early_transient_down,early,transient,30.0,0.1392628880000002,early_transient_down,early,transient,60.0,-0.6642609649999995
1778753_at,YMR001C-A,,YMR001C-A,none,none,none,,-0.504453678,late_sustained_down,late,sustained,100.0,-1.9729960379999998
1778754_s_at,YRF1-1 /// YRF1-2 /// YRF1-3 /// YRF1-4 /// YRF1-5 /// YRF1-6 /// YRF1-7 /// YRF1-8,YRF1-1 /// YRF1-2 /// YRF1-3 /// YRF1-4 /// YRF1-5 /// YRF1-6 /// YRF1-7 /// YRF1-8,YBL113C,none,none,none,,0.01624933999999989,none,none,none,,-0.4308602500000003
1778756_at,STU2,STU2,YLR045C,none,none,none,,-0.1933722109999998,none,none,none,,-0.4633618379999991
1778758_at,RMD5,RMD5,YDR255C,early_transient_up,early,transient,30.0,0.4006514360000013,none,none,none,,0.5011597339999989
1778759_at,EGD2,EGD2,YHR193C,none,none,none,,-0.11192753999999994,none,none,none,,-0.7174366800000005
1778760_at,YML081W,,YML081W,none,none,none,,-0.2774024690000001,late_sustained_down,late,sustained,140.0,-1.0219360739999992
1778764_at,NSG2,NSG2,YNL156C,none,none,none,,0.10190522999999985,none,none,none,,-0.03909680000000115
1778765_at,CEX1,CEX1,YOR112W,none,none,none,,-0.1753193090000007,none,none,none,,0.6811927040000008
1778766_at,OAC1,OAC1,YKL120W,none,none,none,,-0.449365641,none,none,none,,-0.22486531300000046
1778769_at,SFK1,SFK1,YKL051W,none,none,none,,0.04137174999999971,none,none,none,,-0.06800296999999844
1778772_at,YGR235C,,YGR235C,none,none,none,,0.014361680000000376,none,none,none,,0.31285059000000004
1778775_at,UBP14,UBP14,YBR058C,none,none,none,,-0.210761677999999,none,none,none,,-0.5225958739999985
1778777_at,ECM33,ECM33,YBR078W,none,none,none,,0.054809300000000505,late_sustained_down,late,sustained,140.0,-1.2929700299999993
1778778_at,YEL043W,,YEL043W,none,none,none,,-0.20543964300000006,none,none,none,,0.08338992400000045
1778780_at,MRPL39,MRPL39,YML009C,none,none,none,,0.15902821000000067,none,none,none,,-1.1451558660000014
1778781_at,GSP2,GSP2,YOR185C,early_sustained_up,early,sustained,60.0,1.8918866010000013,early_sustained_up,early,sustained,60.0,3.00080275
1778782_at,PAP2,PAP2,YOL115W,none,none,none,,-0.302478743,none,none,none,,-0.6672949759999991
1778783_at,MET31,MET31,YPL038W,none,none,none,,-0.7349312489999988,none,none,none,,-0.7391142689999999
1778784_at,IDI1,IDI1,YPL117C,none,none,none,,0.07779133000000016,late_sustained_down,late,sustained,100.0,-1.37887145
1778785_at,GOS1,GOS1,YHL031C,none,none,none,,-0.15024191200000026,late_sustained_up,late,sustained,100.0,1.320904316
1778788_at,UBC4,UBC4,YBR082C,none,none,none,,-0.16150288000000046,none,none,none,,0.41680921000000026
1778789_at,YNL234W,,YNL234W,none,none,none,,-0.6838773799999993,late_sustained_up,late,sustained,140.0,1.5919710089999999
1778790_at,MIP1,MIP1,YOR330C,none,none,none,,-0.1494935850000001,none,none,none,,-0.9984382830000005
1778791_at,DCD1,DCD1,YHR144C,none,none,none,,-0.04693330899999992,early_sustained_down,early,sustained,60.0,-2.040094053
1778792_at,SGF11,SGF11,YPL047W,none,none,none,,-0.075497115000001,none,none,none,,0.4409207859999995
1778793_at,RNA1,RNA1,YMR235C,none,none,none,,-0.18753227999999922,late_sustained_down,late,sustained,140.0,-1.1038211600000007
1778794_at,RPP0,RPP0,YLR340W,none,none,none,,-0.06655836000000015,none,none,none,,-0.9301249699999996
1778795_at,MDM34,MDM34,YGL219C,none,none,none,,-0.09894228999999832,none,none,none,,0.4333899549999991
1778798_s_at,RPL18A /// RPL18B,RPL18A /// RPL18B,YNL301C,none,none,none,,-0.014824149999999037,none,none,none,,-1.0235429600000003
1778800_at,AUA1,AUA1,YFL010W-A,none,none,none,,0.1635605870000001,none,none,none,,0.10831824999999995
1778801_at,TGL4,TGL4,YKR089C,none,none,none,,0.12208050899999989,early_sustained_up,early,sustained,60.0,1.0766080679999988
1778802_at,NNF1,NNF1,YJR112W,early_transient_down,early,transient,30.0,-0.26491905900000035,none,none,none,,-0.6255612470000003
1778804_at,TIR1,TIR1,YER011W,none,none,none,,0.25585870400000044,none,none,none,,-0.8487451079999992
1778805_at,YFL051C,,YFL051C,none,none,none,,-0.6287940409999999,late_sustained_down,late,sustained,140.0,-1.12558829
1778806_at,MSB2,MSB2,YGR014W,none,none,none,,-0.48871149500000044,early_sustained_down,early,sustained,60.0,-2.9128636230000007
1778808_at,MDH3,MDH3,YDL078C,none,none,none,,0.20344167000000013,none,none,none,,0.58618463
1778809_at,GFA1,GFA1,YKL104C,none,none,none,,0.08160980999999978,none,none,none,,-0.6343518699999997
1778811_at,TRM11,TRM11,YOL124C,early_transient_down,early,transient,30.0,-0.4973231450000011,early_sustained_down,early,sustained,60.0,-2.0920643560000007
1778813_at,EAF5,EAF5,YEL018W,none,none,none,,-0.6244109780000002,none,none,none,,-0.9103136839999983
1778816_at,GDH1,GDH1,YOR375C,none,none,none,,-0.17080879999999965,none,none,none,,-0.9701341799999987
1778821_at,NTE1,NTE1,YML059C,none,none,none,,0.30792981299999944,none,none,none,,-1.0662522209999992
1778822_at,SED4,SED4,YCR067C,none,none,none,,-0.0867039339999991,none,none,none,,0.3219916100000013
1778823_at,HOP1,HOP1,YIL072W,none,none,none,,0.5978284130000002,late_sustained_up,late,sustained,140.0,1.476753628
1778824_at,YJL049W,,YJL049W,none,none,none,,-0.1630536419999995,none,none,none,,0.18699047900000032
1778825_s_at,YDR316W-B,,YDR316W-B,none,none,none,,0.017890799999999984,none,none,none,,0.10321068999999916
1778830_at,FLO1,FLO1,YAR050W,none,none,none,,-0.019917236999999588,none,none,none,,-0.9601493190000001
1778831_at,RFC4,RFC4,YOL094C,none,none,none,,-0.10161317899999922,none,none,none,,0.15677476000000112
1778832_at,YIR042C,,YIR042C,none,none,none,,-0.21073092199999977,none,none,none,,0.8088834780000003
1778833_at,BIR1,BIR1,YJR089W,none,none,none,,-0.08467941400000001,none,none,none,,0.5934612720000008
1778834_at,YLL056C,,YLL056C,early_transient_up,early,transient,30.0,0.32692291999999945,early_sustained_up,early,sustained,30.0,2.3222886440000003
1778835_at,TRL1,TRL1,YJL087C,none,none,none,,-0.2992991619999996,early_sustained_down,early,sustained,60.0,-1.6160645990000004
1778838_at,ALY1,ALY1,YKR021W,none,none,none,,-0.06815893599999967,none,none,none,,0.2964189939999997
1778840_at,SET2,SET2,YJL168C,none,none,none,,-0.5446430039999992,late_sustained_down,late,sustained,100.0,-1.5348398789999989
1778842_at,MED11,MED11,YMR112C,none,none,none,,-0.250281682999999,none,none,none,,-0.31748374400000046
1778847_at,PGU1,PGU1,YJR153W,none,none,none,,-0.23063215599999953,none,none,none,,1.0399657839999996
1778850_at,BOI1,BOI1,YBL085W,none,none,none,,-0.1664367930000008,late_sustained_down,late,sustained,140.0,-1.4719156140000003
1778851_at,CDC28,CDC28,YBR160W,none,none,none,,0.23315759000000114,none,none,none,,0.6034946699999999
1778852_at,SMA1,SMA1,YPL027W,none,none,none,,-0.1754386819999998,early_sustained_up,early,sustained,60.0,1.3860794209999998
1778856_at,COX23,COX23,YHR116W,none,none,none,,0.1561556340000001,none,none,none,,0.17364213300000042
1778857_at,"DUR1,2","DUR1,2",YBR208C,late_sustained_down,late,sustained,140.0,-1.9909570830000005,early_sustained_down,early,sustained,60.0,-1.8845687679999994
1778859_at,VPS41,VPS41,YDR080W,none,none,none,,-0.063120273,late_sustained_up,late,sustained,100.0,1.7361365350000009
1778861_at,YBP1,YBP1,YBR216C,none,none,none,,-0.10257585800000069,late_sustained_up,late,sustained,100.0,1.1714151620000006
1778862_s_at,HMLALPHA1 /// MATALPHA1,HMLALPHA1 /// MATALPHA1,YCL066W,none,none,none,,-0.07361913999999992,none,none,none,,0.34208295
1778863_at,YLR118C,,YLR118C,none,none,none,,0.20144018999999957,none,none,none,,0.004285330000000087
1778865_at,MDN1,MDN1,YLR106C,none,none,none,,-0.2995787199999995,late_sustained_down,late,sustained,100.0,-2.5110593029999997
1778867_at,SWD2,SWD2,YKL018W,none,none,none,,-0.3775546639999998,none,none,none,,-0.6999585619999991
1778869_at,TRE2,TRE2,YOR256C,none,none,none,,0.05016433900000017,none,none,none,,1.0507997039999992
1778871_at,YJL149W,,YJL149W,none,none,none,,-0.002699782000000539,early_sustained_up,early,sustained,60.0,2.0605419739999995
1778877_at,PHO23,PHO23,YNL097C,none,none,none,,-0.24318456499999996,late_sustained_up,late,sustained,100.0,1.1019806550000002
1778878_s_at,IMD1 /// IMD2,IMD1 /// IMD2,YAR073W,none,none,none,,-0.384701615,none,none,none,,-0.17731542900000008
1778879_at,MAD1,MAD1,YGL086W,none,none,none,,-0.30907800200000146,none,none,none,,0.3773131939999992
1778881_at,RKM2,RKM2,YDR198C,none,none,none,,-0.36677481300000103,none,none,none,,0.41324973900000117
1778882_at,YOL097W-A,,YOL097W-A,none,none,none,,-0.0025247140000006496,none,none,none,,0.47692349200000006
1778883_at,APQ12,APQ12,YIL040W,none,none,none,,-0.1955208500000012,none,none,none,,-0.6420211140000003
1778884_at,HEF3,HEF3,YNL014W,none,none,none,,0.5979713870000003,late_sustained_up,late,sustained,100.0,1.9560247420000003
1778885_at,YCL002C,,YCL002C,none,none,none,,-0.0020928619999995846,late_partial_decline_down,late,partial_decline,100.0,-0.7362006710000006
1778886_at,RPS15,RPS15,YOL040C,none,none,none,,-0.0524477000000001,late_sustained_down,late,sustained,140.0,-1.368306200000001
1778888_at,TID3,TID3,YIL144W,none,none,none,,0.08611275699999954,none,none,none,,0.704086481
1778889_at,GRX5,GRX5,YPL059W,none,none,none,,0.017686060000000836,none,none,none,,0.7391359499999997
1778891_at,DSS1,DSS1,YMR287C,none,none,none,,-0.05877682599999989,none,none,none,,-0.8018177560000002
1778892_at,RPC17,RPC17,YJL011C,early_transient_down,early,transient,30.0,-0.4625738909999999,early_sustained_down,early,sustained,60.0,-1.533099214
1778896_at,VMA7,VMA7,YGR020C,none,none,none,,0.027023330000000456,none,none,none,,-0.16650006999999967
1778899_at,HSP78,HSP78,YDR258C,early_transient_up,early,transient,30.0,0.41757365800000024,early_sustained_up,early,sustained,30.0,2.5541690269999986
1778903_at,YPL068C,,YPL068C,early_transient_down,early,transient,30.0,-0.34111022500000043,early_partial_decline_down,early,partial_decline,60.0,-0.8167254399999999
1778905_at,PRE5,PRE5,YMR314W,none,none,none,,-0.22763963000000054,late_sustained_up,late,sustained,140.0,1.0793056399999994
1778906_at,SPE2,SPE2,YOL052C,none,none,none,,-0.3863923430000007,late_sustained_down,late,sustained,100.0,-1.1516889809999995
1778907_at,PGM2,PGM2,YMR105C,early_sustained_up,early,sustained,30.0,2.5377595260000003,early_sustained_up,early,sustained,30.0,5.063423192999999
1778911_at,PPH21,PPH21,YDL134C,none,none,none,,0.053394024999999345,none,none,none,,0.5811013000000003
1778912_at,NOP2,NOP2,YNL061W,none,none,none,,-0.2979052700000011,early_sustained_down,early,sustained,60.0,-2.91976644
1778914_at,YJL160C,,YJL160C,none,none,none,,0.08952341200000014,none,none,none,,0.12691735699999995
1778915_at,BUD5,BUD5,YCR038C,none,none,none,,-0.015417623000000269,none,none,none,,0.6783333759999994
1778919_at,RNR1,RNR1,YER070W,none,none,none,,0.2168182999999999,late_sustained_down,late,sustained,100.0,-1.9516531849999996
1778920_at,YOR032W-A,,YOR032W-A,none,none,none,,0.5965548590000003,none,none,none,,0.20671718799999983
1778921_at,ESF1,ESF1,YDR365C,early_transient_down,early,transient,60.0,-0.7226152169999995,early_sustained_down,early,sustained,60.0,-2.42967374
1778925_at,PEP5,PEP5,YMR231W,none,none,none,,-0.11360257900000015,none,none,none,,0.4186063279999992
1778928_s_at,RPS6A /// RPS6B,RPS6A /// RPS6B,YBR181C,none,none,none,,-0.034954179999999724,none,none,none,,-0.8210097199999993
1778929_at,ADO1,ADO1,YJR105W,none,none,none,,-0.08498489999999848,late_sustained_down,late,sustained,140.0,-1.6282061700000003
1778930_at,YOR289W,,YOR289W,early_sustained_up,early,sustained,30.0,1.9400850330000008,early_sustained_up,early,sustained,60.0,3.0032103140000004
1778931_at,YJR096W,,YJR096W,early_transient_up,early,transient,30.0,0.6140449060000002,early_sustained_up,early,sustained,60.0,3.031076150999999
1778932_at,URB1,URB1,YKL014C,none,none,none,,-0.21672477999999984,early_sustained_down,early,sustained,60.0,-2.4498802050000004
1778934_at,GET1,GET1,YGL020C,none,none,none,,-0.08714721999999853,none,none,none,,-0.8166040730000006
1778936_at,RTF1,RTF1,YGL244W,none,none,none,,-0.4159863599999998,none,none,none,,-0.7015000669999996
1778937_at,CDC25,CDC25,YLR310C,none,none,none,,-0.10640163199999897,none,none,none,,-0.3590964509999992
1778943_at,RIM2,RIM2,YBR192W,none,none,none,,-0.03624144900000026,none,none,none,,-0.8318010889999989
1778947_at,ARC1,ARC1,YGL105W,none,none,none,,-0.10179964000000119,none,none,none,,-0.3414201900000009
1778950_at,SEC59,SEC59,YMR013C,none,none,none,,0.0839610009999987,none,none,none,,-0.5844806489999996
1778951_at,AVO1,AVO1,YOL078W,none,none,none,,-0.3831743940000001,none,none,none,,-0.6542846920000001
1778952_at,RPP1A,RPP1A,YDL081C,none,none,none,,-0.06672577999999874,none,none,none,,-0.7374309599999993
1778953_at,RIM21,RIM21,YNL294C,none,none,none,,0.041296749999998994,none,none,none,,0.1296921470000001
1778954_at,RPE1,RPE1,YJL121C,none,none,none,,0.0698949399999993,none,none,none,,-0.904123499999999
1778955_at,ESA1,ESA1,YOR244W,none,none,none,,-0.04767451800000089,none,none,none,,0.7690408240000011
1778956_at,NEM1,NEM1,YHR004C,none,none,none,,0.26567955199999993,none,none,none,,0.29624457400000015
1778958_at,UBP16,UBP16,YPL072W,none,none,none,,0.19485701099999986,none,none,none,,-0.430901843
1778960_at,TEC1,TEC1,YBR083W,none,none,none,,-0.36290079399999975,early_sustained_down,early,sustained,60.0,-2.3925556949999995
1778961_at,IRR1,IRR1,YIL026C,none,none,none,,0.3769236659999997,none,none,none,,0.5583694589999997
1778963_at,MAK11,MAK11,YKL021C,none,none,none,,-0.4111062480000012,late_sustained_down,late,sustained,100.0,-1.1412352650000006
1778966_at,CLC1,CLC1,YGR167W,none,none,none,,0.14777926000000008,none,none,none,,0.6725008500000005
1778968_at,YNL176C,,YNL176C,none,none,none,,0.03675915300000021,none,none,none,,0.9106075730000001
1778969_x_at,PAU2,PAU2,YEL049W,none,none,none,,0.6240167679999997,none,none,none,,1.0851602219999998
1778973_at,PDR15,PDR15,YDR406W,none,none,none,,0.09405029200000037,none,none,none,,0.622775099
1778975_at,SKP1,SKP1,YDR328C,none,none,none,,0.002400739999998791,none,none,none,,0.17668583000000027
1778977_at,RSM26,RSM26,YJR101W,none,none,none,,0.14452579900000018,none,none,none,,-0.4158985519999998
1778979_at,MBA1,MBA1,YBR185C,none,none,none,,0.44969244600000025,none,none,none,,0.08288522500000006
1778980_at,UTP4,UTP4,YDR324C,early_transient_down,early,transient,30.0,-0.2280412949999988,early_sustained_down,early,sustained,60.0,-2.3083482460000004
1778982_at,STE18,STE18,YJR086W,none,none,none,,0.0390642519999993,none,none,none,,0.8529684239999984
1778984_at,HFM1,HFM1,YGL251C,none,none,none,,0.47900120999999984,none,none,none,,0.24253527899999927
1778988_at,GET3,GET3,YDL100C,none,none,none,,0.09480205999999924,none,none,none,,0.5032007099999998
1778989_at,ATX2,ATX2,YOR079C,none,none,none,,-0.15839631500000095,none,none,none,,-0.75271534
1778992_at,TFG1,TFG1,YGR186W,none,none,none,,-0.35139341,none,none,none,,0.7743341599999987
1778995_at,DIG2,DIG2,YDR480W,none,none,none,,-0.22071169500000032,none,none,none,,0.38433049800000063
1778996_at,HOR2,HOR2,YER062C,early_sustained_up,early,sustained,60.0,1.9735021469999996,late_sustained_up,late,sustained,100.0,1.3535515690000004
1778999_at,NAM8,NAM8,YHR086W,none,none,none,,-0.18533354400000057,none,none,none,,-1.1753050870000008
1779000_at,BAT1,BAT1,YHR208W,none,none,none,,-0.3476617399999995,none,none,none,,-1.0841732000000004
1779001_at,RAD7,RAD7,YJR052W,none,none,none,,0.3052207339999997,late_sustained_up,late,sustained,100.0,1.2626319479999992
1779003_at,CDC14,CDC14,YFR028C,none,none,none,,-0.356030972000001,late_sustained_down,late,sustained,100.0,-1.2775728519999987
1779004_at,PGS1,PGS1,YCL004W,none,none,none,,-0.02616694099999961,none,none,none,,0.08573418599999982
1779006_at,IMP1,IMP1,YMR150C,none,none,none,,0.21524091400000067,none,none,none,,-0.932941971
1779007_at,ARP8,ARP8,YOR141C,none,none,none,,-0.4099762929999997,none,none,none,,0.16436151000000088
1779010_at,SIC1,SIC1,YLR079W,none,none,none,,-0.4398146720000007,none,none,none,,-0.41357294099999997
1779012_at,BOR1,BOR1,YNL275W,none,none,none,,-0.2795126139999997,none,none,none,,-0.8323532719999998
1779014_at,GPI10,GPI10,YGL142C,none,none,none,,-0.08577587000000086,none,none,none,,0.06822784899999945
1779016_at,MMS4,MMS4,YBR098W,none,none,none,,0.09758743999999986,none,none,none,,0.5120609720000004
1779017_at,TGL3,TGL3,YMR313C,none,none,none,,-0.10801400999999977,none,none,none,,0.5988803740000002
1779018_at,URA8,URA8,YJR103W,none,none,none,,0.5065960140000012,none,none,none,,0.7152391689999984
1779019_at,RIM4,RIM4,YHL024W,early_sustained_up,early,sustained,30.0,1.5777091680000002,early_sustained_up,early,sustained,60.0,1.9801804979999993
1779020_at,RPC11,RPC11,YDR045C,none,none,none,,0.028746690000000186,early_sustained_down,early,sustained,60.0,-1.167380851999999
1779027_at,YIM1,YIM1,YMR152W,none,none,none,,0.2615488619999997,early_sustained_up,early,sustained,60.0,1.7378094199999996
1779029_at,BUD20,BUD20,YLR074C,none,none,none,,-0.2650893500000002,early_sustained_down,early,sustained,60.0,-1.2523712000000007
1779030_at,DLD1,DLD1,YDL174C,none,none,none,,0.45379812999999913,none,none,none,,-0.9652337959999997
1779031_at,SER3,SER3,YER081W,none,none,none,,-0.7171228099999993,none,none,none,,-0.4318026899999996
1779032_at,LYS5,LYS5,YGL154C,none,none,none,,0.29969190299999937,none,none,none,,0.8619981150000005
1779033_at,DEG1,DEG1,YFL001W,none,none,none,,-0.375844957,late_sustained_down,late,sustained,100.0,-1.210914036000001
1779035_at,MTL1,MTL1,YGR023W,none,none,none,,0.2890809369999996,none,none,none,,0.14545366800000004
1779038_at,YLR408C,,YLR408C,none,none,none,,-0.10953532899999985,none,none,none,,1.1203730480000003
1779039_at,YJR011C,,YJR011C,none,none,none,,-0.275523583,none,none,none,,0.4504247330000002
1779042_at,UFD4,UFD4,YKL010C,none,none,none,,0.2809364670000001,late_sustained_up,late,sustained,140.0,1.3658749799999992
1779045_at,SRL1,SRL1,YOR247W,none,none,none,,-0.12971523999999945,late_sustained_down,late,sustained,100.0,-3.2248735390000007
1779046_at,YJL171C,,YJL171C,none,none,none,,0.10539185000000018,none,none,none,,-0.30031057999999966
1779049_at,MGE1,MGE1,YOR232W,none,none,none,,-0.1619620200000007,none,none,none,,-0.8088651200000001
1779050_at,BBP1,BBP1,YPL255W,none,none,none,,-0.18092768600000042,early_sustained_down,early,sustained,60.0,-1.6879351260000002
1779051_at,CDC11,CDC11,YJR076C,none,none,none,,-0.16317272999999943,none,none,none,,-0.32248724699999975
1779055_at,RVB1,RVB1,YDR190C,none,none,none,,-0.2111782900000012,none,none,none,,-0.8428424799999998
1779057_at,UIP4,UIP4,YPL186C,early_sustained_up,early,sustained,30.0,1.767668531,early_sustained_up,early,sustained,60.0,4.228312534999999
1779058_at,CDC43,CDC43,YGL155W,none,none,none,,-0.26527592799999944,none,none,none,,-0.2777646609999991
1779061_at,YLR257W,,YLR257W,early_transient_up,early,transient,30.0,-0.4761131700000014,early_partial_decline_up,early,partial_decline,60.0,0.9789346900000009
1779066_at,NFT1,NFT1,YKR103W,none,none,none,,-0.17691442500000054,none,none,none,,-0.19307465300000004
1779071_at,RTS2,RTS2,YOR077W,none,none,none,,-0.27477389600000013,none,none,none,,-0.6932733500000001
1779072_at,YIL002W-A,,YIL002W-A,none,none,none,,-0.09689627999999928,none,none,none,,-0.2743547700000004
1779073_at,UTP18,UTP18,YJL069C,early_transient_down,early,transient,30.0,-0.5270297730000006,early_sustained_down,early,sustained,60.0,-1.6132982019999993
1779074_at,YLR264C-A,,YLR264C-A,none,none,none,,0.00968825799999884,none,none,none,,-0.17993238000000034
1779075_at,OPT2,OPT2,YPR194C,none,none,none,,0.28677178800000025,none,none,none,,-0.20183476600000017
1779077_at,TMN3,TMN3,YER113C,none,none,none,,-0.12226398500000002,none,none,none,,-0.748842732
1779078_at,LSM7,LSM7,YNL147W,none,none,none,,-0.16430678999999948,none,none,none,,-0.9509243050000009
1779079_at,YHC3,YHC3,YJL059W,none,none,none,,0.37116806000000047,late_sustained_up,late,sustained,140.0,1.2999588539999998
1779080_at,SEC20,SEC20,YDR498C,none,none,none,,-0.34512137900000006,none,none,none,,0.17952430099999894
1779081_at,CSE4,CSE4,YKL049C,none,none,none,,-0.24905691799999907,none,none,none,,0.5756399229999989
1779083_at,YFL040W,,YFL040W,none,none,none,,0.06182035599999969,none,none,none,,0.13135154600000032
1779087_at,DIG1,DIG1,YPL049C,none,none,none,,-0.10935050099999977,none,none,none,,0.43675232999999913
1779088_at,WSS1,WSS1,YHR134W,none,none,none,,-0.05789426800000008,none,none,none,,-0.4024196299999998
1779091_at,YLR031W,,YLR031W,none,none,none,,0.655408081,early_sustained_up,early,sustained,60.0,2.4220416490000005
1779093_at,ZRT3,ZRT3,YKL175W,none,none,none,,-0.17232482000000005,none,none,none,,-0.11799008000000022
1779094_at,PGD1,PGD1,YGL025C,none,none,none,,-0.27635588699999936,none,none,none,,0.7268514560000003
1779095_at,DAL4,DAL4,YIR028W,none,none,none,,0.020438969000000196,none,none,none,,0.2834525480000001
1779096_at,YCL021W-A,,YCL021W-A,none,none,none,,-0.3110262119999998,none,none,none,,-0.9315506930000002
1779097_at,RKI1,RKI1,YOR095C,early_transient_down,early,transient,60.0,-0.2415800000000008,early_sustained_down,early,sustained,60.0,-3.4677673050000006
1779098_at,GAL1,GAL1,YBR020W,none,none,none,,0.18631254499999983,none,none,none,,0.7890179999999996
1779099_at,IOC2,IOC2,YLR095C,none,none,none,,-0.3580114999999999,none,none,none,,-0.19421882099999976
1779105_at,GSY2,GSY2,YLR258W,early_sustained_up,early,sustained,30.0,1.1322636280000005,early_sustained_up,early,sustained,60.0,2.8221474749999995
1779106_at,SEC2,SEC2,YNL272C,none,none,none,,-0.0928815029999992,none,none,none,,0.42623802600000005
1779107_at,FES1,FES1,YBR101C,none,none,none,,-0.4174015200000003,late_sustained_up,late,sustained,140.0,1.4968429600000004
1779111_at,CDC24,CDC24,YAL041W,none,none,none,,-0.29654033399999946,none,none,none,,0.3716365289999999
1779112_at,HEM13,HEM13,YDR044W,none,none,none,,0.1361153359999996,early_sustained_down,early,sustained,30.0,-1.1674295229999991
1779113_at,EOS1,EOS1,YNL080C,none,none,none,,-0.32759017899999954,none,none,none,,-1.1157424200000001
1779114_at,RSR1,RSR1,YGR152C,none,none,none,,-0.2124512299999992,late_sustained_down,late,sustained,100.0,-2.0014048529999986
1779115_at,SOM1,SOM1,YEL059C-A,none,none,none,,0.8385764790000003,none,none,none,,-0.14142929700000018
1779118_at,YPR116W,,YPR116W,none,none,none,,-0.22917307099999995,none,none,none,,-0.46430903200000007
1779119_at,YLR412C-A,,YLR412C-A,none,none,none,,-0.30663909999999994,none,none,none,,0.33878051900000017
1779124_at,SPC42,SPC42,YKL042W,none,none,none,,-0.3846729289999997,none,none,none,,-0.20719673199999988
1779126_at,LAG1,LAG1,YHL003C,none,none,none,,0.06162702000000131,none,none,none,,-0.02939267000000001
1779128_at,VPS66,VPS66,YPR139C,none,none,none,,-0.028914020000000207,late_sustained_down,late,sustained,100.0,-1.454627330000001
1779129_at,INO1,INO1,YJL153C,late_sustained_up,late,sustained,100.0,1.0226519299999994,early_sustained_up,early,sustained,60.0,2.898671179
1779131_at,YHR182W,,YHR182W,none,none,none,,-0.15740574999999968,none,none,none,,-0.2591346640000003
1779132_at,AIP1,AIP1,YMR092C,none,none,none,,0.14166980999999979,late_partial_decline_up,late,partial_decline,100.0,0.9636939299999998
1779133_at,KEL2,KEL2,YGR238C,none,none,none,,0.4191991580000005,early_sustained_up,early,sustained,60.0,1.3395450689999997
1779134_at,SUR7,SUR7,YML052W,none,none,none,,-0.1506820900000001,late_sustained_down,late,sustained,100.0,-1.9870634989999996
1779136_at,RSA4,RSA4,YCR072C,early_transient_down,early,transient,30.0,-0.43193526700000007,early_sustained_down,early,sustained,60.0,-1.7786789420000009
1779139_at,ILS1,ILS1,YBL076C,none,none,none,,-0.19840175000000038,none,none,none,,-0.37301892999999886
1779140_at,PRS2,PRS2,YER099C,none,none,none,,-0.4424380199999991,none,none,none,,0.1984674299999991
1779141_at,CEG1,CEG1,YGL130W,none,none,none,,-0.06870485500000001,late_sustained_up,late,sustained,100.0,1.3037694539999993
1779142_x_at,PAU17,PAU17,YLL025W,none,none,none,,0.21647344600000018,none,none,none,,0.17097133000000042
1779143_at,COS12,COS12,YGL263W,none,none,none,,0.6552160389999999,none,none,none,,-0.08839362600000022
1779144_at,RPS27A,RPS27A,YKL156W,none,none,none,,-0.05186543000000121,early_sustained_down,early,sustained,60.0,-1.2345770799999993
1779146_at,RSF1,RSF1,YMR030W,none,none,none,,0.4611305760000004,none,none,none,,0.558745847
1779148_at,MED8,MED8,YBR193C,none,none,none,,-0.0458167490000001,none,none,none,,0.67085331
1779150_at,GLK1,GLK1,YCL040W,early_sustained_up,early,sustained,30.0,1.8052664839999988,early_sustained_up,early,sustained,30.0,2.948431340000001
1779152_at,SDA1,SDA1,YGR245C,early_transient_down,early,transient,60.0,-0.5047104999999998,early_sustained_down,early,sustained,60.0,-2.77961975
1779153_at,PRP5,PRP5,YBR237W,none,none,none,,-0.015453796000000075,none,none,none,,0.21589295600000025
1779154_s_at,RPS4A /// RPS4B,RPS4A /// RPS4B,YHR203C,none,none,none,,-0.009063620000000938,none,none,none,,-0.7409498600000006
1779155_at,SET3,SET3,YKR029C,none,none,none,,-0.08749984399999988,late_sustained_up,late,sustained,100.0,1.4330710070000006
1779156_x_at,RPS16A,RPS16A,YMR143W,none,none,none,,-0.08332273000000079,late_sustained_down,late,sustained,140.0,-1.8291222699999992
1779157_at,TBS1,TBS1,YBR150C,none,none,none,,0.05804076599999952,none,none,none,,-0.48827967999999977
1779158_at,SSA3,SSA3,YBL075C,none,none,none,,-0.02423146499999973,none,none,none,,1.269385433
1779159_at,MPD1,MPD1,YOR288C,none,none,none,,0.2698371299999991,none,none,none,,0.28176059900000006
1779160_at,CCC1,CCC1,YLR220W,none,none,none,,-0.04836571099999887,none,none,none,,0.3944628039999998
1779163_at,CTK3,CTK3,YML112W,none,none,none,,-0.30421338300000045,early_sustained_up,early,sustained,60.0,1.7863309180000009
1779165_s_at,YAR009C,,YAR009C,none,none,none,,0.16507086699999896,none,none,none,,-0.2501723069999997
1779167_at,PUF4,PUF4,YGL014W,none,none,none,,-0.33721161799999955,late_sustained_down,late,sustained,100.0,-1.0457025889999993
1779168_at,NKP2,NKP2,YLR315W,none,none,none,,0.013298577999999672,none,none,none,,0.15010923600000048
1779169_at,MAK16,MAK16,YAL025C,early_transient_down,early,transient,30.0,-0.6084803000000001,early_sustained_down,early,sustained,30.0,-2.9706459439999993
1779172_at,SSK1,SSK1,YLR006C,none,none,none,,0.13198481299999987,none,none,none,,0.11601853599999945
1779175_at,TMA46,TMA46,YOR091W,early_transient_down,early,transient,30.0,-0.3950461530000009,early_sustained_down,early,sustained,60.0,-1.3980603079999998
1779176_at,FRQ1,FRQ1,YDR373W,none,none,none,,0.04005822000000059,none,none,none,,0.26755355999999964
1779182_at,YBR074W,,YBR074W,none,none,none,,-0.21606238300000058,none,none,none,,-0.8960330770000002
1779186_at,MRPL3,MRPL3,YMR024W,none,none,none,,0.09320460800000063,none,none,none,,0.28685004500000133
1779191_at,SSH1,SSH1,YBR283C,none,none,none,,-0.02375419000000001,none,none,none,,0.1651750500000002
1779193_at,MSL5,MSL5,YLR116W,none,none,none,,-0.180614653000001,none,none,none,,-0.3829146379999999
1779195_at,CTF13,CTF13,YMR094W,none,none,none,,0.26710197199999985,none,none,none,,0.189531412
1779196_at,RPT3,RPT3,YDR394W,none,none,none,,-0.24238049999999944,early_sustained_up,early,sustained,60.0,1.3232034400000003
1779197_at,KRE27,KRE27,YIL027C,none,none,none,,-0.17628906999999927,none,none,none,,-0.09948906999999885
1779198_at,MPD2,MPD2,YOL088C,none,none,none,,-0.015778149000000852,none,none,none,,1.1962246679999993
1779199_at,RED1,RED1,YLR263W,none,none,none,,-0.09520323899999994,none,none,none,,0.593581390999999
1779200_at,SKT5,SKT5,YBL061C,none,none,none,,-0.19908820700000085,none,none,none,,0.32128318800000066
1779201_at,ERG28,ERG28,YER044C,none,none,none,,0.17013030999999934,early_sustained_down,early,sustained,60.0,-2.0632771450000007
1779202_at,MST27,MST27,YGL051W,none,none,none,,0.30593679500000004,none,none,none,,-0.20657284499999973
1779207_at,YKL068W-A,,YKL068W-A,none,none,none,,-0.515766403999999,none,none,none,,-0.06983333500000022
1779211_at,JLP1,JLP1,YLL057C,none,none,none,,-0.06517117199999944,none,none,none,,0.9292414630000003
1779212_at,SYS1,SYS1,YJL004C,none,none,none,,-0.12320929000000014,none,none,none,,0.0800093000000004
1779213_at,IRC6,IRC6,YFR043C,none,none,none,,0.1738894939999991,none,none,none,,0.7171136750000002
1779214_at,LHS1,LHS1,YKL073W,none,none,none,,-0.20816442200000118,none,none,none,,0.07132003899999972
1779217_at,ZIM17,ZIM17,YNL310C,none,none,none,,0.11605801999999876,none,none,none,,0.004784640000000451
1779218_s_at,RPS11A /// RPS11B,RPS11A /// RPS11B,YBR048W,none,none,none,,-0.04005968999999965,late_sustained_down,late,sustained,100.0,-1.522445939999999
1779219_at,SNF7,SNF7,YLR025W,none,none,none,,-0.15993700300000135,late_sustained_up,late,sustained,100.0,1.223921711000001
1779223_at,YAP1,YAP1,YML007W,early_transient_up,early,transient,30.0,-0.28983120800000073,early_sustained_up,early,sustained,60.0,1.702512650000001
1779227_at,CDC6,CDC6,YJL194W,none,none,none,,-0.17028568200000027,early_sustained_down,early,sustained,30.0,-1.7657492600000007
1779232_at,AVO2,AVO2,YMR068W,none,none,none,,0.5091736519999994,early_sustained_up,early,sustained,30.0,2.7313298239999995
1779233_s_at,RPL1A /// RPL1B,RPL1A /// RPL1B,YGL135W,none,none,none,,-0.004100060000000738,none,none,none,,-0.3816395899999989
1779234_at,PEX3,PEX3,YDR329C,none,none,none,,-0.24167717800000155,early_sustained_up,early,sustained,60.0,1.8212141390000003
1779235_at,FCY21,FCY21,YER060W,none,none,none,,-0.1870315179999995,early_sustained_down,early,sustained,60.0,-1.4614140639999995
1779236_at,HAP2,HAP2,YGL237C,none,none,none,,-0.21515470599999897,none,none,none,,0.581331681
1779238_at,KRS1,KRS1,YDR037W,none,none,none,,-0.09346162000000113,none,none,none,,-0.6306650500000011
1779242_at,TUS1,TUS1,YLR425W,none,none,none,,-0.09840996900000043,none,none,none,,0.14723301700000135
1779243_at,CWC15,CWC15,YDR163W,none,none,none,,0.03166462300000106,none,none,none,,0.8241665959999995
1779247_at,TPD3,TPD3,YAL016W,none,none,none,,-0.08428931999999989,none,none,none,,0.7482668300000004
1779249_at,ECM1,ECM1,YAL059W,early_transient_down,early,transient,30.0,-0.4536300870000005,early_sustained_down,early,sustained,30.0,-2.3837955529999997
1779253_at,YVC1,YVC1,YOR087W,none,none,none,,0.17162380299999924,late_partial_decline_up,late,partial_decline,100.0,0.8280266570000006
1779254_at,BUD23,BUD23,YCR047C,early_transient_down,early,transient,30.0,-0.5638920210000009,early_sustained_down,early,sustained,60.0,-1.5634129100000003
1779256_at,FUI1,FUI1,YBL042C,none,none,none,,-0.006409520000000057,early_sustained_down,early,sustained,60.0,-1.9683181229999995
1779257_at,YOR342C,,YOR342C,early_transient_down,early,transient,30.0,-0.07232436399999997,early_sustained_down,early,sustained,30.0,-2.479390447000001
1779263_at,TMN2,TMN2,YDR107C,none,none,none,,0.30966750199999993,none,none,none,,-0.011897095000000135
1779265_at,YBR071W,,YBR071W,none,none,none,,-0.08093395100000045,none,none,none,,-0.9148646349999989
1779266_at,RTN2,RTN2,YDL204W,early_sustained_up,early,sustained,30.0,1.77161773,early_sustained_up,early,sustained,30.0,4.378442887
1779267_at,SHC1,SHC1,YER096W,none,none,none,,1.2885429759999996,late_sustained_up,late,sustained,140.0,1.317639754
1779268_at,SRB2,SRB2,YHR041C,none,none,none,,0.09266878000000034,late_sustained_down,late,sustained,140.0,-1.223850499000001
1779270_at,BUD7,BUD7,YOR299W,none,none,none,,-0.051519649000001166,none,none,none,,-0.3908689480000014
1779272_at,SDS23,SDS23,YGL056C,none,none,none,,0.17612466699999985,none,none,none,,0.8424383219999996
1779274_at,RPT4,RPT4,YOR259C,none,none,none,,-0.30905327999999876,late_sustained_up,late,sustained,100.0,1.213879330000001
1779275_at,GRE3,GRE3,YHR104W,early_sustained_up,early,sustained,60.0,1.14136375,early_sustained_up,early,sustained,60.0,2.67964967
1779276_at,SRC1,SRC1,YML034W,none,none,none,,-0.006134827000000342,none,none,none,,-0.1788091499999993
1779277_at,SMP1,SMP1,YBR182C,none,none,none,,-0.15453441499999965,none,none,none,,-0.6058306799999995
1779278_at,PSY4,PSY4,YBL046W,none,none,none,,-0.386366164,none,none,none,,-0.18204030400000093
1779279_at,MYO1,MYO1,YHR023W,none,none,none,,-0.10232079199999955,none,none,none,,-0.8242932139999999
1779284_at,PET309,PET309,YLR067C,none,none,none,,-0.12342708400000024,none,none,none,,-0.8166718939999997
1779287_at,NOG2,NOG2,YNR053C,early_transient_down,early,transient,30.0,-0.24077474000000088,early_sustained_down,early,sustained,30.0,-2.9663640680000007
1779289_at,AAR2,AAR2,YBL074C,none,none,none,,-0.7628277280000004,early_transient_down,early,transient,30.0,-0.44113937599999975
1779296_at,SLI1,SLI1,YGR212W,none,none,none,,-0.18796915300000006,none,none,none,,-0.2178278580000006
1779297_at,YMR175W-A,,YMR175W-A,none,none,none,,0.2087706469999997,none,none,none,,-0.16690816099999983
1779302_at,SGN1,SGN1,YIR001C,none,none,none,,0.09300245899999915,none,none,none,,0.8524716959999985
1779304_at,BPL1,BPL1,YDL141W,none,none,none,,0.0391112189999987,none,none,none,,-0.2821062950000002
1779306_at,YHR159W,,YHR159W,none,none,none,,-0.2649068379999999,none,none,none,,0.8144361050000004
1779307_at,EHT1,EHT1,YBR177C,none,none,none,,0.23278275700000073,none,none,none,,0.063729747
1779309_at,ARG1,ARG1,YOL058W,none,none,none,,-0.4493742999999988,none,none,none,,0.40705540000000084
1779310_at,SEC1,SEC1,YDR164C,none,none,none,,-0.08429593600000018,none,none,none,,0.25956422000000146
1779312_at,MSH3,MSH3,YCR092C,none,none,none,,-0.06870166600000083,none,none,none,,0.5803116429999999
1779313_s_at,YEL075C,,YEL075C,none,none,none,,-0.12710345200000006,none,none,none,,0.06502573200000006
1779316_at,PTC6,PTC6,YCR079W,none,none,none,,0.2434950269999998,none,none,none,,-0.08352430599999927
1779317_at,HNT2,HNT2,YDR305C,none,none,none,,-0.006603473000000193,early_sustained_up,early,sustained,60.0,1.2261799829999998
1779318_at,TCP1,TCP1,YDR212W,none,none,none,,-0.16579969000000006,none,none,none,,0.08628455000000024
1779319_at,SPP381,SPP381,YBR152W,none,none,none,,0.22926629800000065,none,none,none,,0.6684110890000001
1779321_at,YDR348C,,YDR348C,none,none,none,,-0.16279754400000002,none,none,none,,-0.22843063000000008
1779322_at,MSS4,MSS4,YDR208W,none,none,none,,0.03441319699999923,none,none,none,,0.23913748599999884
1779324_at,RRP15,RRP15,YPR143W,early_transient_down,early,transient,30.0,-0.45785335999999965,early_sustained_down,early,sustained,60.0,-1.392227836
1779327_at,YJR154W,,YJR154W,none,none,none,,0.03611948699999967,none,none,none,,-0.4050007209999995
1779329_at,GRH1,GRH1,YDR517W,none,none,none,,0.22124233999999987,none,none,none,,0.3225443840000004
1779330_at,PIF1,PIF1,YML061C,none,none,none,,-0.11384928900000091,none,none,none,,-0.2825645130000005
1779331_at,BFR1,BFR1,YOR198C,none,none,none,,-0.14632345000000058,none,none,none,,-1.1865681600000002
1779332_at,YPR027C,,YPR027C,none,none,none,,0.1147267030000001,none,none,none,,0.769163534
1779333_at,MMR1,MMR1,YLR190W,none,none,none,,-0.18012716199999979,early_sustained_down,early,sustained,60.0,-2.415459834
1779334_at,DTD1,DTD1,YDL219W,none,none,none,,0.023844620000000205,none,none,none,,-1.0284694559999998
1779336_at,FRS2,FRS2,YFL022C,none,none,none,,-0.3514182399999992,late_sustained_down,late,sustained,140.0,-1.1185746000000005
1779340_at,TIM54,TIM54,YJL054W,none,none,none,,-0.21009950200000027,none,none,none,,-0.27954983699999936
1779343_at,YDR333C,,YDR333C,none,none,none,,-0.05991415800000155,none,none,none,,0.8850432959999992
1779344_at,ADH5,ADH5,YBR145W,none,none,none,,0.09450150199999996,none,none,none,,-0.41380262400000056
1779348_at,IPL1,IPL1,YPL209C,none,none,none,,0.020829130000000085,late_sustained_up,late,sustained,140.0,1.1278532059999993
1779349_at,POL3,POL3,YDL102W,none,none,none,,-0.07698409700000042,none,none,none,,-0.40929492100000076
1779350_at,SPC25,SPC25,YER018C,none,none,none,,-0.14120810200000022,none,none,none,,-0.16678759999999926
1779351_at,YNL165W,,YNL165W,none,none,none,,-0.014831452000001022,none,none,none,,0.4634054600000006
1779354_at,DTR1,DTR1,YBR180W,none,none,none,,-0.20783285899999981,none,none,none,,-0.006967417999999892
1779355_at,YNR070W,,YNR070W,none,none,none,,-0.15049446200000016,none,none,none,,0.3720698879999995
1779356_at,MRPL6,MRPL6,YHR147C,none,none,none,,0.33734151900000064,none,none,none,,-0.18610691599999996
1779358_at,PKH2,PKH2,YOL100W,none,none,none,,0.13441771500000055,late_sustained_up,late,sustained,100.0,1.5280435289999996
1779360_at,FOL1,FOL1,YNL256W,none,none,none,,-0.28523828400000006,none,none,none,,-0.1927682949999987
1779364_at,RTC2,RTC2,YBR147W,early_partial_decline_up,early,partial_decline,60.0,0.9900022079999999,early_sustained_up,early,sustained,30.0,1.4567103160000006
1779365_at,MDM1,MDM1,YML104C,none,none,none,,-0.029275953000000854,none,none,none,,-0.5056568469999991
1779367_at,TOA1,TOA1,YOR194C,none,none,none,,-0.14646713100000142,none,none,none,,0.28201205999999956
1779369_at,BAG7,BAG7,YOR134W,early_sustained_up,early,sustained,30.0,1.6899309049999998,early_sustained_up,early,sustained,60.0,1.6834612979999992
1779371_at,YIR018C-A,,YIR018C-A,none,none,none,,-0.3567038700000005,early_sustained_up,early,sustained,30.0,1.4839575099999998
1779372_at,KAR1,KAR1,YNL188W,none,none,none,,-0.5106938570000006,late_sustained_down,late,sustained,100.0,-1.8124013330000004
1779373_at,POC4,POC4,YPL144W,none,none,none,,-0.1321698799999993,late_sustained_down,late,sustained,100.0,-1.5366751480000005
1779377_at,RSP5,RSP5,YER125W,none,none,none,,0.0005563500000000943,none,none,none,,-0.14981333000000063
1779379_at,VTC1,VTC1,YER072W,none,none,none,,0.09583842000000153,none,none,none,,-0.31067904000000013
1779380_at,CCT5,CCT5,YJR064W,none,none,none,,-0.23739754999999896,none,none,none,,0.3313989199999998
1779387_at,YML079W,,YML079W,none,none,none,,0.28883225000000046,none,none,none,,0.936816760000001
1779388_at,STE24,STE24,YJR117W,none,none,none,,-0.04313843999999989,none,none,none,,0.2584450900000004
1779389_at,CTF19,CTF19,YPL018W,none,none,none,,-0.3681196370000004,none,none,none,,-0.3324891490000006
1779393_at,PEX12,PEX12,YMR026C,none,none,none,,-0.09834139700000044,none,none,none,,-0.540462024
1779394_at,YDL027C,,YDL027C,none,none,none,,0.30644816300000066,none,none,none,,0.8086528059999996
1779398_at,LTE1,LTE1,YAL024C,none,none,none,,-0.04763772899999985,late_sustained_down,late,sustained,100.0,-1.51806529
1779399_at,SAM3,SAM3,YPL274W,none,none,none,,0.47266111099999897,none,none,none,,-0.1714479149999999
1779400_at,NIT1,NIT1,YIL165C,early_transient_up,early,transient,30.0,0.24937929299999873,early_sustained_up,early,sustained,30.0,3.010024270999999
1779402_at,ALG5,ALG5,YPL227C,none,none,none,,-0.1247564049999994,late_sustained_down,late,sustained,140.0,-1.3466154809999988
1779403_at,YER158C,,YER158C,none,none,none,,0.2461513110000002,none,none,none,,0.6430290669999987
1779404_at,NUP82,NUP82,YJL061W,none,none,none,,-0.4123757709999989,none,none,none,,-0.14968537699999906
1779407_at,ANB1,ANB1,YJR047C,none,none,none,,-0.11263107100000003,late_sustained_down,late,sustained,100.0,-2.4497297500000004
1779408_at,TPS1,TPS1,YBR126C,early_transient_up,early,transient,30.0,0.7182739900000001,early_sustained_up,early,sustained,60.0,2.218095029999999
1779410_at,PUG1,PUG1,YER185W,none,none,none,,-0.03344640900000062,none,none,none,,0.8258002739999997
1779411_at,FIG4,FIG4,YNL325C,none,none,none,,0.20747229000000011,late_sustained_up,late,sustained,100.0,1.3027162150000002
1779412_at,CIT1,CIT1,YNR001C,early_sustained_up,early,sustained,60.0,1.3357789699999998,late_sustained_up,late,sustained,100.0,1.4429678700000004
1779413_at,MET2,MET2,YNL277W,early_transient_up,early,transient,30.0,0.7746051390000002,early_sustained_up,early,sustained,60.0,3.327153033000001
1779414_at,YOR305W,,YOR305W,none,none,none,,-0.18554104700000096,early_partial_decline_down,early,partial_decline,60.0,-0.8615778729999999
1779416_at,YNL067W-B,,YNL067W-B,none,none,none,,-0.14625968600000006,none,none,none,,-0.25762067899999996
1779420_at,SMY1,SMY1,YKL079W,none,none,none,,0.03448252099999927,early_sustained_up,early,sustained,60.0,1.5572469860000009
1779422_at,NTA1,NTA1,YJR062C,none,none,none,,-0.3304065980000015,none,none,none,,0.4935830379999988
1779423_at,SSP2,SSP2,YOR242C,early_transient_down,early,transient,30.0,0.17580401599999984,none,none,none,,-0.07387103000000028
1779425_at,CYC3,CYC3,YAL039C,none,none,none,,0.3768289659999997,none,none,none,,0.29255603799999896
1779426_at,SEC26,SEC26,YDR238C,none,none,none,,-0.250250320000001,none,none,none,,-0.5589011599999996
1779431_at,YHR035W,,YHR035W,none,none,none,,0.19406332800000037,none,none,none,,0.635009277
1779435_at,YIR024C,,YIR024C,none,none,none,,0.1529979180000005,late_sustained_up,late,sustained,100.0,1.178093088999999
1779438_at,SET4,SET4,YJL105W,none,none,none,,0.42360154500000036,none,none,none,,-0.043377341999999874
1779440_at,YDL124W,,YDL124W,early_transient_up,early,transient,30.0,0.7138835999999991,early_sustained_up,early,sustained,30.0,2.0490712900000005
1779441_at,PRY3,PRY3,YJL078C,none,none,none,,-0.8249015770000003,late_sustained_down,late,sustained,140.0,-2.401925222999999
1779445_at,YCF1,YCF1,YDR135C,none,none,none,,-0.1644983,early_partial_decline_up,early,partial_decline,60.0,0.9545088499999999
1779446_at,YIL102C,,YIL102C,none,none,none,,0.17696788399999974,none,none,none,,0.09931921800000021
1779447_at,SKI6,SKI6,YGR195W,none,none,none,,-0.3185856300000012,none,none,none,,-0.4695833500000006
1779448_at,MIH1,MIH1,YMR036C,none,none,none,,-0.1485665479999998,none,none,none,,-0.6265240729999997
1779450_at,YNR014W,,YNR014W,early_transient_up,early,transient,30.0,0.8468214299999994,early_sustained_up,early,sustained,30.0,2.885601824
1779454_at,KHA1,KHA1,YJL094C,none,none,none,,0.018468472000000347,early_sustained_up,early,sustained,60.0,1.384864534
1779455_at,REC102,REC102,YLR329W,none,none,none,,-0.0031916390000001904,none,none,none,,0.9381841929999997
1779459_at,YCS4,YCS4,YLR272C,none,none,none,,-0.16824258800000003,none,none,none,,-0.4028471050000011
1779460_at,TPM1,TPM1,YNL079C,none,none,none,,0.003617010000001031,none,none,none,,0.14314758999999988
1779461_at,MDY2,MDY2,YOL111C,none,none,none,,-0.14776835700000035,late_sustained_up,late,sustained,100.0,1.4295226410000001
1779462_at,NUT1,NUT1,YGL151W,none,none,none,,-0.14651180499999938,none,none,none,,0.11992739699999966
1779464_at,RMD11,RMD11,YHL023C,none,none,none,,-0.19904889500000067,none,none,none,,0.5748970079999989
1779466_at,OSH3,OSH3,YHR073W,none,none,none,,-0.28809301799999965,none,none,none,,0.8710578299999998
1779467_at,FLO10,FLO10,YKR102W,none,none,none,,0.06054344799999978,none,none,none,,0.021766325999999836
1779468_at,URA4,URA4,YLR420W,none,none,none,,-0.12465918000000009,none,none,none,,-0.15500763999999911
1779473_at,YDR063W,,YDR063W,none,none,none,,0.42166849000000006,late_sustained_up,late,sustained,100.0,1.024870162000001
1779475_at,PHB2,PHB2,YGR231C,none,none,none,,0.07790254999999924,none,none,none,,0.4481900799999998
1779476_at,GLC8,GLC8,YMR311C,none,none,none,,-0.040007860000001116,early_sustained_up,early,sustained,60.0,1.5410497299999992
1779478_at,TRP5,TRP5,YGL026C,none,none,none,,-0.007675560000000914,none,none,none,,-0.18507866000000028
1779479_at,QDR3,QDR3,YBR043C,none,none,none,,-0.5919097129999997,none,none,none,,0.6163939860000003
1779482_at,ILV6,ILV6,YCL009C,none,none,none,,-0.11349522999999984,none,none,none,,-0.31018130999999904
1779483_at,MUQ1,MUQ1,YGR007W,none,none,none,,-0.3916130099999986,none,none,none,,0.11986120999999983
1779484_at,AAD3,AAD3,YCR107W,none,none,none,,0.3692611779999999,none,none,none,,0.9658567420000002
1779485_at,YDR249C,,YDR249C,none,none,none,,-0.0423662010000001,none,none,none,,0.21041035199999936
1779487_at,SWI3,SWI3,YJL176C,none,none,none,,-0.17086958099999983,none,none,none,,0.4785746179999997
1779489_at,IDH1,IDH1,YNL037C,early_sustained_up,early,sustained,60.0,1.0082001100000006,late_sustained_up,late,sustained,100.0,1.4063682499999999
1779490_at,SML1,SML1,YML058W,none,none,none,,0.10387416000000016,none,none,none,,-0.42579812999999866
1779491_at,NEW1,NEW1,YPL226W,none,none,none,,-0.3715298699999998,early_sustained_down,early,sustained,60.0,-1.5081352300000006
1779493_at,REV1,REV1,YOR346W,none,none,none,,-0.17166007299999997,none,none,none,,-0.8326574219999987
1779494_at,HXT10,HXT10,YFL011W,none,none,none,,-0.11585790199999968,none,none,none,,-0.2922626720000001
1779497_at,PMR1,PMR1,YGL167C,none,none,none,,-0.1364032599999998,none,none,none,,-0.06405670000000008
1779498_at,TFS1,TFS1,YLR178C,early_sustained_up,early,sustained,30.0,2.6275363260000004,early_sustained_up,early,sustained,30.0,5.347399937
1779503_s_at,COS1 /// COS4 /// COS6,COS1 /// COS4 /// COS6,YFL062W,none,none,none,,0.46777475000000024,none,none,none,,1.01347333
1779506_at,UTR2,UTR2,YEL040W,none,none,none,,-0.3652589000000006,early_sustained_down,early,sustained,60.0,-4.787313353999999
1779507_at,YOR006C,,YOR006C,early_transient_down,early,transient,60.0,-0.3791206109999994,none,none,none,,-0.9673464270000007
1779508_at,NMA111,NMA111,YNL123W,none,none,none,,-0.19763888999999857,none,none,none,,0.93403378
1779509_at,HUA2,HUA2,YOR284W,none,none,none,,0.057904367999999984,none,none,none,,-0.5807120399999999
1779510_at,YHR175W-A,,YHR175W-A,none,none,none,,0.2357377439999997,none,none,none,,0.010901774000000586
1779511_at,DIA1,DIA1,YMR316W,none,none,none,,-0.4597960409999988,early_sustained_up,early,sustained,60.0,1.8213685369999997
1779512_at,TRS20,TRS20,YBR254C,none,none,none,,-0.4476386399999992,none,none,none,,-0.4202509569999986
1779514_at,ALB1,ALB1,YJL122W,early_transient_down,early,transient,30.0,-0.5676472199999996,early_sustained_down,early,sustained,60.0,-3.7702790989999997
1779515_at,YDR532C,,YDR532C,none,none,none,,-0.04480258700000039,none,none,none,,0.6626922180000001
1779516_at,RRS1,RRS1,YOR294W,early_transient_down,early,transient,30.0,-0.5130094399999994,early_sustained_down,early,sustained,30.0,-2.9694506779999994
1779517_at,MCH2,MCH2,YKL221W,none,none,none,,0.1594863270000002,late_sustained_up,late,sustained,140.0,1.4665562639999998
1779520_at,GGC1,GGC1,YDL198C,none,none,none,,-0.4084943600000006,late_sustained_down,late,sustained,140.0,-1.5856506659999994
1779524_at,HXT11 /// HXT12,HXT11 /// HXT12,YOL156W,none,none,none,,0.48327682899999935,early_sustained_up,early,sustained,60.0,2.2014159060000003
1779525_at,RRP7,RRP7,YCL031C,none,none,none,,-0.2807307950000002,none,none,none,,-0.5859882840000008
1779526_at,YOR114W,,YOR114W,none,none,none,,0.4394343319999994,early_sustained_up,early,sustained,30.0,1.5958965859999994
1779529_at,YOR020W-A,,YOR020W-A,early_partial_decline_up,early,partial_decline,60.0,0.763525293999999,late_sustained_up,late,sustained,100.0,1.7489773129999993
1779531_at,YKL033W-A,,YKL033W-A,none,none,none,,-0.07905388000000002,none,none,none,,-0.11202745000000114
1779532_at,RPL17B,RPL17B,YJL177W,none,none,none,,-0.048656890000000175,late_sustained_down,late,sustained,100.0,-2.807185207
1779533_at,NUP85,NUP85,YJR042W,none,none,none,,-0.2291369800000016,none,none,none,,0.20397679100000055
1779534_at,INM2,INM2,YDR287W,none,none,none,,0.32612561100000015,none,none,none,,1.084286572
1779535_at,IMP4,IMP4,YNL075W,early_transient_down,early,transient,30.0,-0.5311710299999994,early_sustained_down,early,sustained,60.0,-1.694150458000001
1779536_at,MAK3,MAK3,YPR051W,none,none,none,,-0.46304475999999894,late_sustained_down,late,sustained,100.0,-1.6637555109999997
1779538_at,NUP100,NUP100,YKL068W,none,none,none,,-0.26881712700000016,none,none,none,,-0.3944473439999996
1779539_at,EMP70,EMP70,YLR083C,none,none,none,,-0.28127493000000037,early_sustained_down,early,sustained,60.0,-2.3962926000000007
1779541_at,GFD2,GFD2,YCL036W,early_transient_down,early,transient,30.0,0.0954511379999996,early_sustained_down,early,sustained,30.0,-2.492311461000001
1779542_at,POB3,POB3,YML069W,none,none,none,,-0.07574114000000165,none,none,none,,0.8001899800000007
1779544_at,LCP5,LCP5,YER127W,early_transient_down,early,transient,30.0,-0.5757373350000012,early_sustained_down,early,sustained,60.0,-1.0394321679999994
1779548_at,SSL1,SSL1,YLR005W,none,none,none,,0.008833049999999787,none,none,none,,0.5844948959999989
1779549_at,DFR1,DFR1,YOR236W,none,none,none,,-0.09249578600000063,late_partial_decline_down,late,partial_decline,100.0,-0.8729275799999989
1779550_at,DCC1,DCC1,YCL016C,none,none,none,,-0.23264097799999917,none,none,none,,0.8466516580000008
1779551_at,TOA2,TOA2,YKL058W,none,none,none,,-0.19934729899999937,none,none,none,,0.13445663599999946
1779552_at,YOR251C,,YOR251C,none,none,none,,-0.07273140500000075,none,none,none,,0.2431556050000001
1779553_at,RKM4,RKM4,YDR257C,none,none,none,,-0.21870519600000016,none,none,none,,0.5052686370000004
1779555_at,SPT4,SPT4,YGR063C,none,none,none,,-0.1865298700000011,none,none,none,,0.012997109999998813
1779559_at,RPL43B,RPL43B,YJR094W-A,none,none,none,,0.05259580999999969,late_sustained_down,late,sustained,140.0,-1.1696966899999985
1779560_at,PEX18,PEX18,YHR160C,none,none,none,,-0.045172830000000275,none,none,none,,0.672589061
1779561_at,YGR207C,,YGR207C,none,none,none,,0.024891959999999713,none,none,none,,0.4056347200000001
1779563_at,FMP16,FMP16,YDR070C,early_sustained_up,early,sustained,30.0,2.3126494870000007,early_sustained_up,early,sustained,60.0,5.938088173
1779567_at,CDA2,CDA2,YLR308W,none,none,none,,-0.2936250440000001,none,none,none,,-0.671827452
1779568_at,REG2,REG2,YBR050C,none,none,none,,0.5155759470000003,late_sustained_up,late,sustained,100.0,1.8380807169999995
1779569_at,GRR1,GRR1,YJR090C,none,none,none,,-0.10619831399999846,none,none,none,,0.5379261140000011
1779571_at,SCM4,SCM4,YGR049W,none,none,none,,0.7194325500000005,early_sustained_down,early,sustained,60.0,-4.104671355000001
1779572_at,VPS71,VPS71,YML041C,none,none,none,,-0.36646578399999985,none,none,none,,0.35566398899999996
1779573_at,APL6,APL6,YGR261C,none,none,none,,-0.16190563800000035,none,none,none,,0.6574507749999992
1779575_at,SLY1,SLY1,YDR189W,none,none,none,,-0.18343834200000053,none,none,none,,-0.32706023099999904
1779576_at,ERV29,ERV29,YGR284C,none,none,none,,0.026202870000000544,none,none,none,,0.14381548000000066
1779577_at,YBR196C-A,,YBR196C-A,none,none,none,,-0.7369484040000005,none,none,none,,0.008792763999999842
1779578_at,UBC5,UBC5,YDR059C,early_transient_up,early,transient,60.0,0.33816120700000063,early_sustained_up,early,sustained,60.0,1.6102622919999998
1779582_at,LST7,LST7,YGR057C,none,none,none,,0.14046081000000044,none,none,none,,0.4022048439999999
1779583_at,YIL060W,,YIL060W,none,none,none,,0.10371119099999992,none,none,none,,0.23938713999999983
1779584_at,IQG1,IQG1,YPL242C,none,none,none,,-0.05429782800000105,none,none,none,,-0.7810529120000016
1779586_at,MOB1,MOB1,YIL106W,none,none,none,,-0.09661986400000089,none,none,none,,-0.21785860800000023
1779589_at,LDB17,LDB17,YDL146W,none,none,none,,0.3485676730000007,none,none,none,,0.42792131400000066
1779590_at,RSC4,RSC4,YKR008W,none,none,none,,-0.4652028560000012,none,none,none,,-0.621591779000001
1779591_at,YKR011C,,YKR011C,early_transient_up,early,transient,30.0,-0.009816197999999332,early_sustained_up,early,sustained,30.0,2.0660966700000003
1779593_at,ATF1,ATF1,YOR377W,none,none,none,,-0.08434700800000083,none,none,none,,0.24410514199999866
1779594_at,VPS30,VPS30,YPL120W,none,none,none,,0.007879366999999249,late_sustained_up,late,sustained,100.0,1.5808509110000006
1779597_at,SPE1,SPE1,YKL184W,none,none,none,,-0.060103760000000506,none,none,none,,-0.21433779999999913
1779599_at,RPL31A,RPL31A,YDL075W,none,none,none,,0.000788179999998917,none,none,none,,-0.7584094400000012
1779601_at,YHR199C,,YHR199C,early_transient_up,early,transient,30.0,-0.11050388799999844,early_sustained_up,early,sustained,30.0,2.391793959000001
1779604_at,ARO2,ARO2,YGL148W,none,none,none,,-0.27969800000000156,late_sustained_down,late,sustained,100.0,-1.5264661499999992
1779605_at,STP22,STP22,YCL008C,none,none,none,,0.07733710299999963,early_sustained_up,early,sustained,60.0,1.7373688240000007
1779609_at,DDI1,DDI1,YER143W,early_transient_up,early,transient,30.0,-0.44084695699999976,early_sustained_up,early,sustained,30.0,3.6082924520000006
1779613_at,GTT2,GTT2,YLL060C,early_transient_up,early,transient,30.0,0.5379925639999996,early_sustained_up,early,sustained,30.0,4.86572011
1779615_at,PHO3,PHO3,YBR092C,early_transient_down,early,transient,60.0,-0.09247027000000152,early_sustained_down,early,sustained,60.0,-5.152185834
1779618_at,GZF3,GZF3,YJL110C,none,none,none,,0.09894671800000054,none,none,none,,-0.7257595919999993
1779620_at,YEL073C,,YEL073C,none,none,none,,0.09218293899999974,none,none,none,,-0.47186385500000005
1779623_at,ATG15,ATG15,YCR068W,none,none,none,,-0.07529086500000037,none,none,none,,0.13563930800000001
1779625_at,RKM3,RKM3,YBR030W,none,none,none,,-0.28910224000000007,none,none,none,,-0.6404121590000003
1779626_at,YHR132W-A,,YHR132W-A,none,none,none,,0.1639910000000011,none,none,none,,0.25544956400000096
1779627_at,SAE3,SAE3,YHR079C-A,none,none,none,,0.26338274800000017,none,none,none,,0.860237691
1779628_at,MRH1,MRH1,YDR033W,none,none,none,,0.6835886000000002,none,none,none,,0.2296316300000001
1779631_at,CDC53,CDC53,YDL132W,none,none,none,,-0.039228870000000526,late_sustained_up,late,sustained,100.0,1.5395532999999997
1779632_at,SEC27,SEC27,YGL137W,none,none,none,,-0.11325785999999916,none,none,none,,-0.8448482600000009
1779633_at,PPH22,PPH22,YDL188C,none,none,none,,0.01171564400000058,none,none,none,,0.12266134499999914
1779635_at,MCX1,MCX1,YBR227C,none,none,none,,-0.3453974429999995,none,none,none,,-0.6255795959999997
1779638_at,ADY4,ADY4,YLR227C,none,none,none,,0.366281753,none,none,none,,0.29853140899999975
1779639_at,APM4,APM4,YOL062C,none,none,none,,-0.2664044899999993,none,none,none,,0.2763217830000002
1779643_at,ARO3,ARO3,YDR035W,none,none,none,,-0.30980760000000096,none,none,none,,-0.4605022500000011
1779645_at,DBP2,DBP2,YNL112W,early_transient_down,early,transient,60.0,-0.8527790999999993,early_sustained_down,early,sustained,60.0,-4.976009612
1779649_at,RAD14,RAD14,YMR201C,none,none,none,,-0.1649484069999998,none,none,none,,0.6872116649999995
1779652_at,OST2,OST2,YOR103C,none,none,none,,-0.0988490500000001,none,none,none,,-0.3864009399999997
1779654_s_at,SAM4,SAM4,YMR321C,none,none,none,,-0.3279466600000003,late_sustained_down,late,sustained,140.0,-1.3149169300000008
1779656_at,FEN2,FEN2,YCR028C,none,none,none,,-0.21328104900000078,early_partial_decline_down,early,partial_decline,60.0,-0.7849932610000003
1779659_at,YBR056W-A,,YBR056W-A,none,none,none,,-0.5228631410000002,late_sustained_up,late,sustained,100.0,1.4099339900000007
1779660_at,IDP2,IDP2,YLR174W,none,none,none,,0.5890738839999994,late_sustained_up,late,sustained,100.0,1.753070168999999
1779662_at,FUN30,FUN30,YAL019W,early_transient_down,early,transient,30.0,-0.18425981800000102,early_sustained_down,early,sustained,60.0,-1.611176273999999
1779663_at,ENO2,ENO2,YHR174W,none,none,none,,0.0033986000000005845,none,none,none,,0.014902519999999697
1779664_at,MDV1,MDV1,YJL112W,none,none,none,,0.08375687200000037,none,none,none,,0.5557456760000008
1779665_at,NIP100,NIP100,YPL174C,none,none,none,,-0.31962146299999983,none,none,none,,0.3406846220000004
1779668_at,YDR115W,,YDR115W,none,none,none,,0.4330587779999995,none,none,none,,-0.5610937539999998
1779669_at,MRPS8,MRPS8,YMR158W,none,none,none,,0.1105861130000001,none,none,none,,-0.7129050290000016
1779674_at,TIM50,TIM50,YPL063W,none,none,none,,-0.15526792399999856,none,none,none,,-0.6996683580000003
1779675_at,HIS6,HIS6,YIL020C,none,none,none,,-0.2604133320000006,none,none,none,,-0.8026205770000008
1779677_at,PEX7,PEX7,YDR142C,none,none,none,,0.08634576499999902,none,none,none,,0.1872047470000009
1779679_s_at,FLO1 /// FLO5 /// FLO9,FLO1 /// FLO5 /// FLO9,YAL063C,none,none,none,,-0.2425758800000004,none,none,none,,0.29959966600000065
1779680_at,YMR310C,,YMR310C,early_transient_down,early,transient,30.0,-0.5739314679999996,early_sustained_down,early,sustained,60.0,-1.488999906
1779681_at,DIT1,DIT1,YDR403W,none,none,none,,0.9526505589999998,late_sustained_up,late,sustained,140.0,1.6783672959999998
1779682_at,URA2,URA2,YJL130C,none,none,none,,0.32234929,late_sustained_down,late,sustained,100.0,-1.0829623000000002
1779684_at,YPL039W,,YPL039W,none,none,none,,-0.07780861799999883,none,none,none,,0.7638790439999994
1779688_at,YLR164W,,YLR164W,early_transient_up,early,transient,30.0,0.3432697649999996,early_sustained_up,early,sustained,30.0,2.9342168189999995
1779689_at,GIS4,GIS4,YML006C,none,none,none,,-0.12744792100000168,none,none,none,,-0.677643915
1779690_s_at,RPL14A /// RPL14B,RPL14A /// RPL14B,YHL001W,none,none,none,,-0.043837779999998716,late_sustained_down,late,sustained,140.0,-1.083845890000001
1779691_at,RPN3,RPN3,YER021W,none,none,none,,-0.31179857000000055,late_sustained_up,late,sustained,140.0,1.1178663899999997
1779696_at,AVL9,AVL9,YLR114C,none,none,none,,-0.18368694900000015,none,none,none,,-0.34148356000000035
1779697_at,CAF130,CAF130,YGR134W,none,none,none,,-0.3192269989999996,none,none,none,,0.0376107740000009
1779699_at,COQ6,COQ6,YGR255C,none,none,none,,0.4905100579999999,none,none,none,,0.47649231599999986
1779702_at,IME4,IME4,YGL192W,none,none,none,,0.05005325299999974,none,none,none,,-0.056057413
1779703_at,UBP6,UBP6,YFR010W,none,none,none,,-0.2338915299999993,early_sustained_up,early,sustained,60.0,1.6081330999999999
1779705_at,FMP41,FMP41,YNL168C,none,none,none,,0.20812983699999954,none,none,none,,-0.10037686200000095
1779706_at,PDR3,PDR3,YBL005W,none,none,none,,-0.425363205,none,none,none,,0.05623155900000043
1779710_at,CWC21,CWC21,YDR482C,none,none,none,,-0.4192380379999996,none,none,none,,-0.23679592899999946
1779712_at,YDR196C,,YDR196C,none,none,none,,0.2521886450000004,none,none,none,,0.5563362989999998
1779714_at,ASI2,ASI2,YNL159C,none,none,none,,0.07423038599999998,early_sustained_up,early,sustained,60.0,1.7246305290000006
1779716_at,RPN6,RPN6,YDL097C,none,none,none,,-0.1928802600000008,late_sustained_up,late,sustained,100.0,1.2074728200000013
1779717_at,RRP43,RRP43,YCR035C,none,none,none,,-0.628881183999999,none,none,none,,-0.6246410309999995
1779718_at,RNY1,RNY1,YPL123C,early_sustained_up,early,sustained,30.0,1.3774849830000004,early_sustained_up,early,sustained,60.0,3.704883604
1779720_at,RIO1,RIO1,YOR119C,early_transient_down,early,transient,30.0,-0.6797520259999992,early_sustained_down,early,sustained,60.0,-1.1817951019999997
1779724_at,YER128W,,YER128W,none,none,none,,0.0683659470000002,none,none,none,,0.5067393610000002
1779725_at,YOL013W-B,,YOL013W-B,none,none,none,,0.0365417309999998,none,none,none,,-0.5546993570000001
1779727_at,RPS27B,RPS27B,YHR021C,none,none,none,,-0.041618480000000346,none,none,none,,-0.6978743600000001
1779732_at,YPL071C,,YPL071C,none,none,none,,0.023333623999999276,none,none,none,,0.20496569699999867
1779734_at,GUA1,GUA1,YMR217W,none,none,none,,-0.10971233999999974,late_sustained_down,late,sustained,100.0,-2.4169994169999995
1779735_at,DPB3,DPB3,YBR278W,none,none,none,,-0.09446458800000102,none,none,none,,0.7138351279999995
1779736_at,YER039C-A,,YER039C-A,none,none,none,,0.6181754809999997,early_sustained_up,early,sustained,60.0,2.4636401699999997
1779737_at,CDC36,CDC36,YDL165W,none,none,none,,-0.30686349800000023,none,none,none,,0.6850158299999993
1779738_at,PET117,PET117,YER058W,none,none,none,,0.12224412800000017,none,none,none,,-0.6503626950000001
1779741_at,KTR2,KTR2,YKR061W,early_transient_up,early,transient,30.0,0.08430305799999971,early_partial_decline_up,early,partial_decline,30.0,0.9152656589999992
1779745_at,TSR2,TSR2,YLR435W,early_transient_down,early,transient,30.0,-0.5607980899999987,early_sustained_down,early,sustained,60.0,-2.6217822
1779746_at,LRO1,LRO1,YNR008W,none,none,none,,-0.06596385299999952,late_sustained_down,late,sustained,140.0,-1.2304534339999993
1779747_at,NRT1,NRT1,YOR071C,early_transient_up,early,transient,30.0,0.30518921200000015,none,none,none,,0.41823015299999966
1779751_s_at,YBR219C,,YBR219C,none,none,none,,-0.180057841,late_sustained_down,late,sustained,140.0,-1.112883385
1779753_at,KCC4,KCC4,YCL024W,none,none,none,,-0.0009332129999997107,none,none,none,,-0.783297042
1779754_at,HSP12,HSP12,YFL014W,early_sustained_up,early,sustained,60.0,3.3345835800000003,early_sustained_up,early,sustained,60.0,4.571468921000001
1779755_at,RGT1,RGT1,YKL038W,none,none,none,,0.23659417499999869,none,none,none,,-0.682012306999999
1779756_at,ALY2,ALY2,YJL084C,none,none,none,,0.0512905030000006,late_sustained_up,late,sustained,140.0,1.2716729539999996
1779759_at,RSM27,RSM27,YGR215W,none,none,none,,-0.18990506699999976,late_sustained_down,late,sustained,140.0,-1.3435989680000002
1779760_at,GDT1,GDT1,YBR187W,none,none,none,,-0.1055691000000003,late_sustained_down,late,sustained,100.0,-1.277529855000001
1779762_at,CAF40,CAF40,YNL288W,none,none,none,,-0.4880228200000012,none,none,none,,-0.06381496399999875
1779763_at,YJR141W,,YJR141W,none,none,none,,-0.15512075499999867,none,none,none,,0.017486311000000754
1779764_at,ZIP2,ZIP2,YGL249W,none,none,none,,-0.41285454300000035,none,none,none,,0.5762248289999996
1779767_at,ECM31,ECM31,YBR176W,none,none,none,,0.06283571099999996,none,none,none,,0.05347704599999936
1779769_at,HMG2,HMG2,YLR450W,none,none,none,,0.2966677000000004,none,none,none,,-0.08743877700000091
1779772_at,YEH1,YEH1,YLL012W,none,none,none,,0.20320850000000057,early_sustained_down,early,sustained,30.0,-2.2307929359999994
1779773_at,CMS1,CMS1,YLR003C,none,none,none,,-0.25420163000000073,early_sustained_down,early,sustained,60.0,-1.5537901640000005
1779774_at,IRC20,IRC20,YLR247C,none,none,none,,0.09361300199999967,early_sustained_up,early,sustained,60.0,1.7918867799999987
1779775_at,PGI1,PGI1,YBR196C,none,none,none,,0.09611902999999877,none,none,none,,-0.32368695999999986
1779782_at,RPS12,RPS12,YOR369C,none,none,none,,-0.10467518000000098,none,none,none,,-0.36151729999999915
1779784_at,YJL133C-A,,YJL133C-A,early_sustained_up,early,sustained,60.0,1.4000014099999998,late_sustained_up,late,sustained,100.0,1.9303679599999999
1779786_s_at,TIF1 /// TIF2,TIF1 /// TIF2,YJL138C,none,none,none,,-0.03152464000000066,none,none,none,,-0.610941480000001
1779787_at,RPL21A,RPL21A,YBR191W,none,none,none,,0.04436220999999918,late_sustained_down,late,sustained,140.0,-1.1702234199999992
1779789_at,PDR5,PDR5,YOR153W,none,none,none,,-0.19971516000000022,none,none,none,,-1.1540041199999997
1779790_at,YNR063W,,YNR063W,none,none,none,,-0.21973288800000024,early_sustained_down,early,sustained,30.0,-1.207342905
1779792_at,GAT4,GAT4,YIR013C,none,none,none,,-0.06577439900000037,none,none,none,,-0.2264485490000001
1779795_at,ASI1,ASI1,YMR119W,none,none,none,,0.24261549899999935,none,none,none,,0.5097253809999991
1779799_at,AUS1,AUS1,YOR011W,none,none,none,,0.22761923299999864,none,none,none,,0.18807126000000096
1779800_at,KES1,KES1,YPL145C,none,none,none,,-0.04639066000000014,late_sustained_down,late,sustained,100.0,-1.3004346369999986
1779801_at,SNU56,SNU56,YDR240C,none,none,none,,-0.292676116,none,none,none,,0.7603186079999995
1779803_x_at,AAD3,AAD3,YCR107W,none,none,none,,-0.15155931500000008,early_sustained_up,early,sustained,60.0,1.4934619399999995
1779804_at,TRF5,TRF5,YNL299W,early_transient_down,early,transient,30.0,-0.2224703889999997,early_partial_decline_down,early,partial_decline,30.0,-0.9117948540000009
1779805_at,ORM2,ORM2,YLR350W,none,none,none,,-0.14752421999999932,none,none,none,,0.64627649
1779806_at,OSW1,OSW1,YOR255W,none,none,none,,0.3786927389999999,none,none,none,,0.6371356779999999
1779807_at,RTC5,RTC5,YOR118W,none,none,none,,-0.10229233799999982,none,none,none,,0.2430325799999995
1779808_at,NAN1,NAN1,YPL126W,early_transient_down,early,transient,30.0,-0.3118589069999995,early_sustained_down,early,sustained,60.0,-2.512836483
1779809_at,DMC1,DMC1,YER179W,none,none,none,,-0.0039600579999996555,late_sustained_up,late,sustained,100.0,1.3213922950000008
1779810_at,TCM62,TCM62,YBR044C,none,none,none,,0.1423597439999984,none,none,none,,0.5544835060000004
1779812_at,LSM3,LSM3,YLR438C-A,none,none,none,,-0.23014054999999978,none,none,none,,-0.2859166000000002
1779813_at,RPA49,RPA49,YNL248C,early_transient_down,early,transient,60.0,-0.4311817600000012,early_sustained_down,early,sustained,60.0,-3.25660755
1779815_at,TEL2,TEL2,YGR099W,none,none,none,,0.005274341999999876,none,none,none,,0.5815385649999989
1779816_at,RPL33B,RPL33B,YOR234C,none,none,none,,-0.04454387000000004,early_sustained_down,early,sustained,60.0,-2.289697800000001
1779817_at,BRR1,BRR1,YPR057W,none,none,none,,-0.056684215999998955,none,none,none,,1.1238709769999993
1779818_at,UBR2,UBR2,YLR024C,none,none,none,,-0.2565380020000001,none,none,none,,-0.49593213500000033
1779819_at,ARP5,ARP5,YNL059C,none,none,none,,-0.3577390539999996,none,none,none,,0.7108004809999997
1779820_at,PPA1,PPA1,YHR026W,none,none,none,,0.025524649999999482,none,none,none,,-0.09154644999999917
1779824_at,YPL099C,,YPL099C,none,none,none,,0.1037116960000013,none,none,none,,0.6294122170000005
1779825_at,YNR065C,,YNR065C,none,none,none,,0.10317836699999905,none,none,none,,-0.1873602529999996
1779827_at,NGL2,NGL2,YMR285C,none,none,none,,-0.333363048999999,none,none,none,,0.8005060139999998
1779830_at,PTH2,PTH2,YBL057C,none,none,none,,-0.23482238000000066,none,none,none,,0.010653290000000482
1779832_at,FMP37,FMP37,YGL080W,none,none,none,,-0.05864060999999943,none,none,none,,-0.2181192480000007
1779835_at,ERD2,ERD2,YBL040C,none,none,none,,0.16804028000000137,none,none,none,,-0.06900730000000088
1779836_at,ERG25,ERG25,YGR060W,none,none,none,,0.09251311999999956,late_sustained_down,late,sustained,100.0,-1.46634798
1779840_at,SKI2,SKI2,YLR398C,none,none,none,,-0.17149275400000086,none,none,none,,0.2879345400000002
1779841_at,RFA3,RFA3,YJL173C,none,none,none,,0.07016172999999881,none,none,none,,0.5919767500000006
1779842_at,CKB2,CKB2,YOR039W,none,none,none,,0.02891843999999999,none,none,none,,-0.30950471000000057
1779843_at,SCC4,SCC4,YER147C,none,none,none,,0.06162414999999832,late_sustained_up,late,sustained,140.0,1.6896114240000006
1779844_at,YAR023C,,YAR023C,none,none,none,,0.1236423809999998,none,none,none,,0.6667174989999998
1779845_at,PRE3,PRE3,YJL001W,none,none,none,,-0.137193439999999,late_sustained_up,late,sustained,100.0,1.2212054699999992
1779848_at,HDA2,HDA2,YDR295C,none,none,none,,0.037723958000000835,late_sustained_up,late,sustained,100.0,1.406911654
1779850_at,GPH1,GPH1,YPR160W,early_sustained_up,early,sustained,30.0,3.7900009200000007,early_sustained_up,early,sustained,60.0,5.507474882
1779853_at,PCL5,PCL5,YHR071W,none,none,none,,0.15832044000000067,none,none,none,,0.7249130200000007
1779854_at,NUP120,NUP120,YKL057C,none,none,none,,-0.18681549799999964,none,none,none,,-0.5461879399999994
1779856_at,SMC3,SMC3,YJL074C,none,none,none,,-0.012877683000001028,none,none,none,,-1.034730700999999
1779857_at,GPI15,GPI15,YNL038W,none,none,none,,-0.22844377700000074,late_sustained_down,late,sustained,100.0,-1.3991263969999999
1779858_at,UME1,UME1,YPL139C,none,none,none,,-0.2696571849999998,none,none,none,,0.8946702919999989
1779859_at,ELF1,ELF1,YKL160W,none,none,none,,0.032099650000001034,none,none,none,,-0.0616576000000002
1779860_at,CTR3,CTR3,YLR411W,none,none,none,,0.6157194129999999,none,none,none,,0.283951869
1779861_at,MKS1,MKS1,YNL076W,none,none,none,,-0.21008089800000107,none,none,none,,0.6266563380000001
1779864_at,KRE2,KRE2,YDR483W,none,none,none,,0.0792248200000003,none,none,none,,-0.20654153000000086
1779865_at,YBR242W,,YBR242W,none,none,none,,0.03412770999999992,early_sustained_down,early,sustained,60.0,-2.367301564
1779866_at,YPS3,YPS3,YLR121C,none,none,none,,-0.7704526679999999,early_sustained_down,early,sustained,60.0,-2.000529984
1779871_at,HXT9,HXT9,YJL219W,early_partial_decline_up,early,partial_decline,60.0,0.8536332700000004,early_sustained_up,early,sustained,60.0,2.173427942
1779873_at,AEP1,AEP1,YMR064W,none,none,none,,-0.1892524859999991,none,none,none,,0.22542527300000081
1779874_at,COG6,COG6,YNL041C,none,none,none,,-0.09183531600000094,none,none,none,,0.4437943569999998
1779877_at,YMR160W,,YMR160W,none,none,none,,0.20319572399999952,early_sustained_up,early,sustained,60.0,1.9826545519999996
1779881_at,EST2,EST2,YLR318W,none,none,none,,-0.00017602500000002408,none,none,none,,-0.23804314800000004
1779888_at,PRY2,PRY2,YKR013W,none,none,none,,0.031887290000000235,late_sustained_down,late,sustained,100.0,-3.109246293
1779889_s_at,IMD2 /// IMD3,IMD2 /// IMD3,YAR075W,none,none,none,,-0.11765057000000034,late_sustained_down,late,sustained,100.0,-2.0291750199999985
1779890_at,ARP9,ARP9,YMR033W,none,none,none,,-0.45787913600000074,none,none,none,,-0.016926215999999883
1779892_at,MET16,MET16,YPR167C,early_transient_up,early,transient,30.0,-0.07813180600000003,early_sustained_up,early,sustained,30.0,1.617457539
1779897_at,YNR034W-A,,YNR034W-A,early_sustained_up,early,sustained,30.0,1.24061325,early_sustained_up,early,sustained,60.0,3.3130063329999997
1779900_at,TOP2,TOP2,YNL088W,none,none,none,,0.14778166999999875,none,none,none,,-0.12919094999999992
1779904_at,YHK8,YHK8,YHR048W,early_transient_up,early,transient,30.0,-0.27894301800000054,none,none,none,,-0.2108072640000005
1779905_at,ICL1,ICL1,YER065C,none,none,none,,-0.46557397499999986,none,none,none,,-0.09141825199999953
1779907_at,GAL80,GAL80,YML051W,none,none,none,,0.092077411,none,none,none,,-0.03476155399999925
1779908_at,BIT61,BIT61,YJL058C,none,none,none,,0.1351776100000004,none,none,none,,0.8655833599999996
1779910_at,ZRT2,ZRT2,YLR130C,none,none,none,,-0.22785908800000065,none,none,none,,0.21404070300000022
1779911_at,CTM1,CTM1,YHR109W,none,none,none,,0.6457604159999999,none,none,none,,0.14536299400000008
1779912_at,PTK1,PTK1,YKL198C,none,none,none,,-0.5249089209999998,none,none,none,,0.027772130999999867
1779914_at,YHL044W,,YHL044W,early_sustained_up,early,sustained,60.0,2.358335073,early_sustained_up,early,sustained,60.0,2.8153584239999994
1779917_at,CGI121,CGI121,YML036W,none,none,none,,-0.14571970299999926,late_sustained_down,late,sustained,140.0,-1.748887248
1779918_at,YKR096W,,YKR096W,none,none,none,,0.1392770599999995,none,none,none,,-0.04476410399999864
1779920_at,YER034W,,YER034W,none,none,none,,-0.3950334170000005,none,none,none,,-0.9787484980000016
1779921_at,LSP1,LSP1,YPL004C,early_partial_decline_up,early,partial_decline,60.0,0.7958671800000001,early_sustained_up,early,sustained,60.0,1.72384162
1779922_at,GCV2,GCV2,YMR189W,late_sustained_up,late,sustained,100.0,1.5155922539999995,late_sustained_up,late,sustained,100.0,3.006393084000001
1779923_at,BYE1,BYE1,YKL005C,none,none,none,,-0.2227031239999988,none,none,none,,0.5933102970000004
1779924_at,YER053C-A,,YER053C-A,early_sustained_up,early,sustained,30.0,2.7263604170000004,late_sustained_up,late,sustained,100.0,1.0211924249999988
1779926_at,SPO71,SPO71,YDR104C,none,none,none,,-0.0641651190000001,none,none,none,,0.7010024159999997
1779927_at,YDR049W,,YDR049W,none,none,none,,-0.21611478600000034,none,none,none,,-0.06189255299999985
1779928_at,DYN1,DYN1,YKR054C,none,none,none,,-0.12470760899999966,none,none,none,,-1.215060717
1779929_at,CHZ1,CHZ1,YER030W,none,none,none,,-0.06450995999999876,none,none,none,,-0.11204153999999988
1779931_at,SIR2,SIR2,YDL042C,none,none,none,,-0.057101319999999234,none,none,none,,0.22191343100000083
1779932_at,COQ9,COQ9,YLR201C,none,none,none,,0.30122669500000043,late_sustained_up,late,sustained,100.0,1.0202874350000002
1779933_at,CMD1,CMD1,YBR109C,none,none,none,,-0.020917189999998698,none,none,none,,0.35463473999999984
1779936_at,COQ3,COQ3,YOL096C,none,none,none,,0.33703622099999997,late_sustained_up,late,sustained,100.0,1.0627913269999993
1779940_at,HIP1,HIP1,YGR191W,none,none,none,,-0.15302548700000074,early_sustained_down,early,sustained,60.0,-1.5577689609999998
1779942_at,SOL2,SOL2,YCR073W-A,none,none,none,,0.20753149000000093,none,none,none,,0.30514724000000015
1779944_at,ERG20,ERG20,YJL167W,none,none,none,,0.022414000000001266,none,none,none,,-0.8639913299999993
1779946_at,AAH1,AAH1,YNL141W,early_transient_down,early,transient,30.0,-0.2543209900000001,early_sustained_down,early,sustained,60.0,-4.209169162000001
1779947_at,ATP5,ATP5,YDR298C,none,none,none,,0.20791868000000058,none,none,none,,0.40631454000000033
1779950_at,AMD2,AMD2,YDR242W,none,none,none,,0.10703836300000003,late_sustained_up,late,sustained,140.0,1.2485318199999993
1779952_at,SEC16,SEC16,YPL085W,none,none,none,,-0.4063939950000002,late_sustained_down,late,sustained,140.0,-1.5402717499999996
1779955_at,ATG21,ATG21,YPL100W,none,none,none,,0.2008017560000006,early_sustained_up,early,sustained,60.0,2.050660796999999
1779959_at,AVT6,AVT6,YER119C,early_transient_up,early,transient,60.0,0.5763811229999991,late_sustained_up,late,sustained,100.0,1.2155581719999997
1779961_at,ERG5,ERG5,YMR015C,none,none,none,,0.39842426000000053,early_sustained_down,early,sustained,60.0,-3.2726606379999996
1779962_at,RIM11,RIM11,YMR139W,none,none,none,,0.1873427440000004,early_sustained_up,early,sustained,60.0,2.1056825450000005
1779963_at,YLR287C,,YLR287C,none,none,none,,-0.41056754599999934,none,none,none,,0.4732276949999985
1779965_at,DSE2,DSE2,YHR143W,none,none,none,,-0.9031284230000001,late_sustained_down,late,sustained,140.0,-4.302686197
1779968_at,YMR253C,,YMR253C,none,none,none,,0.07609086099999995,late_sustained_up,late,sustained,140.0,1.203936735
1779971_at,MMS1,MMS1,YPR164W,none,none,none,,-0.22234679900000032,early_sustained_down,early,sustained,60.0,-1.7939401420000003
1779972_at,NCE102,NCE102,YPR149W,none,none,none,,0.3914217699999991,none,none,none,,0.8736829300000011
1779973_at,SRL3,SRL3,YKR091W,none,none,none,,0.5196103459999986,early_sustained_up,early,sustained,60.0,1.12919065
1779976_at,QDR1,QDR1,YIL120W,none,none,none,,0.2890785290000002,none,none,none,,0.49185008600000035
1779977_at,RUD3,RUD3,YOR216C,none,none,none,,-0.2421215830000012,none,none,none,,-0.5945728070000005
1779978_at,DLD3,DLD3,YEL071W,none,none,none,,0.9006353100000002,none,none,none,,0.44269049999999943
1779979_at,ZRT1,ZRT1,YGL255W,none,none,none,,-0.05652266200000078,early_sustained_down,early,sustained,60.0,-1.2374690569999993
1779981_at,NUT2,NUT2,YPR168W,none,none,none,,-0.39750455500000026,none,none,none,,-0.30933013900000006
1779982_at,RPL32,RPL32,YBL092W,none,none,none,,-0.03976183000000155,none,none,none,,-0.985592539999999
1779985_at,PHO5,PHO5,YBR093C,none,none,none,,0.23545545899999976,none,none,none,,-0.02198244299999974
1779988_at,SPO7,SPO7,YAL009W,none,none,none,,-0.04395761699999845,none,none,none,,0.1277453659999992
1779999_s_at,YHL009W-B,,YHL009W-B,none,none,none,,-0.028163521000000635,none,none,none,,0.25246220799999985
1780001_at,GDA1,GDA1,YEL042W,none,none,none,,-0.036151450000000196,early_sustained_down,early,sustained,60.0,-2.115353989999999
1780004_at,ADE6,ADE6,YGR061C,none,none,none,,-0.20757475999999997,early_sustained_down,early,sustained,60.0,-1.16832357
1780005_at,PPH3,PPH3,YDR075W,early_transient_down,early,transient,30.0,-0.5167063550000002,early_partial_decline_down,early,partial_decline,60.0,-0.8168735280000003
1780006_at,FRE8,FRE8,YLR047C,none,none,none,,-0.20929724199999988,none,none,none,,0.6031140640000006
1780008_at,YOL087C,,YOL087C,none,none,none,,0.25692169400000076,late_sustained_up,late,sustained,100.0,1.1755497679999998
1780009_at,SNU114,SNU114,YKL173W,none,none,none,,-0.3369632369999991,none,none,none,,0.9449207729999998
1780011_at,YMR262W,,YMR262W,none,none,none,,0.4880546759999991,early_sustained_up,early,sustained,60.0,2.170633543000001
1780012_at,RMD1,RMD1,YDL001W,none,none,none,,-0.19185938299999972,none,none,none,,0.968812590999999
1780013_at,ECI1,ECI1,YLR284C,none,none,none,,0.539381626,none,none,none,,0.8960431749999991
1780014_at,YMR31,YMR31,YFR049W,none,none,none,,0.3879452100000016,none,none,none,,0.5089055000000009
1780016_at,PRP39,PRP39,YML046W,none,none,none,,-0.19685997000000022,none,none,none,,-0.24119412699999998
1780018_at,YLR126C,,YLR126C,none,none,none,,0.12389570600000077,none,none,none,,0.3070855789999989
1780022_at,YLR053C,,YLR053C,none,none,none,,0.9674415869999997,none,none,none,,0.4922506539999998
1780024_at,YNL086W,,YNL086W,none,none,none,,-0.06273395800000081,none,none,none,,0.015386279000001224
1780027_at,YKL023W,,YKL023W,none,none,none,,-0.07551884300000022,early_sustained_up,early,sustained,60.0,1.491570019000001
1780029_at,CDC15,CDC15,YAR019C,none,none,none,,0.32545467000000095,none,none,none,,0.422449222
1780030_at,YER077C,,YER077C,none,none,none,,0.04892492399999959,late_sustained_up,late,sustained,140.0,1.143891567999999
1780031_at,DFG5,DFG5,YMR238W,none,none,none,,0.14246626000000084,none,none,none,,-0.27043113999999946
1780032_at,SWA2,SWA2,YDR320C,none,none,none,,-0.09869288199999993,late_sustained_up,late,sustained,140.0,1.3318392709999998
1780036_at,UBC8,UBC8,YEL012W,early_transient_up,early,transient,30.0,0.6177551429999983,early_sustained_up,early,sustained,60.0,1.2100872540000012
1780037_at,MRPS35,MRPS35,YGR165W,none,none,none,,0.10997960299999932,none,none,none,,-0.5698622550000003
1780038_at,YET1,YET1,YKL065C,none,none,none,,0.30565600999999987,none,none,none,,0.5456926099999997
1780040_at,HMRA1,HMRA1,YCR097W,none,none,none,,-0.16455465599999997,none,none,none,,0.1950030169999999
1780041_at,EGD1,EGD1,YPL037C,none,none,none,,0.006872599999999451,none,none,none,,-0.5815909399999999
1780044_at,RNR3,RNR3,YIL066C,early_sustained_up,early,sustained,60.0,2.461400276000001,early_sustained_up,early,sustained,30.0,2.858958885999999
1780046_at,AMN1,AMN1,YBR158W,none,none,none,,-0.5994610300000005,late_sustained_down,late,sustained,100.0,-2.869843769000001
1780047_at,TPK2,TPK2,YPL203W,early_transient_up,early,transient,30.0,0.6629709970000004,early_sustained_up,early,sustained,60.0,1.663106152000001
1780052_at,YJR142W,,YJR142W,none,none,none,,0.24965184799999918,late_sustained_up,late,sustained,100.0,1.074808312
1780053_at,ICY1,ICY1,YMR195W,none,none,none,,0.346502537000001,none,none,none,,-0.7882416550000002
1780054_at,ECO1,ECO1,YFR027W,none,none,none,,-0.0468248400000002,none,none,none,,1.2049697119999996
1780055_at,VAS1,VAS1,YGR094W,none,none,none,,-0.23814393999999872,late_sustained_down,late,sustained,100.0,-1.9580004340000006
1780056_at,GRX7,GRX7,YBR014C,none,none,none,,0.3674424500000004,none,none,none,,-0.2329386600000003
1780058_at,MGM101,MGM101,YJR144W,none,none,none,,-0.15883797000000044,none,none,none,,-0.10816883000000033
1780059_at,ILV2,ILV2,YMR108W,none,none,none,,-0.31600181999999855,none,none,none,,-0.5036140499999995
1780060_at,GPI17,GPI17,YDR434W,none,none,none,,-0.05278209000000089,none,none,none,,-0.5877628749999992
1780062_at,MLP2,MLP2,YIL149C,none,none,none,,-0.4491512929999999,none,none,none,,-1.4642487859999997
1780064_at,MSH1,MSH1,YHR120W,none,none,none,,-0.33476315700000026,none,none,none,,-0.5484645959999996
1780066_at,MUD1,MUD1,YBR119W,none,none,none,,0.2815771690000002,late_partial_decline_up,late,partial_decline,100.0,0.9981005729999985
1780069_at,YKR005C,,YKR005C,none,none,none,,0.7843253749999999,early_sustained_up,early,sustained,60.0,1.1276232400000001
1780070_at,ZTA1,ZTA1,YBR046C,early_transient_up,early,transient,30.0,0.7109198370000005,early_sustained_up,early,sustained,30.0,2.1675998819999993
1780071_at,YFR006W,,YFR006W,none,none,none,,0.4640003799999999,none,none,none,,-0.9353354100000004
1780073_at,YPR127W,,YPR127W,none,none,none,,0.5278698249999998,none,none,none,,1.1023434500000011
1780075_at,TNA1,TNA1,YGR260W,none,none,none,,-0.10044635099999866,none,none,none,,-0.30821477799999997
1780076_at,TIF11,TIF11,YMR260C,none,none,none,,-0.1500974399999997,none,none,none,,-0.6007585300000002
1780077_at,FAT1,FAT1,YBR041W,none,none,none,,0.2157795800000013,none,none,none,,-0.13949478999999876
1780079_at,YEF1,YEF1,YEL041W,early_transient_up,early,transient,60.0,0.5930772099999997,early_sustained_up,early,sustained,60.0,2.0119890740000006
1780080_at,HSL7,HSL7,YBR133C,none,none,none,,-0.0955184469999999,none,none,none,,-0.42829772800000043
1780082_at,ATP25,ATP25,YMR098C,none,none,none,,0.09394645399999924,none,none,none,,0.22875470399999998
1780083_at,YRA1,YRA1,YDR381W,none,none,none,,-0.4446591299999998,none,none,none,,-0.3858417000000003
1780084_at,YDR026C,,YDR026C,none,none,none,,-0.2379923220000002,none,none,none,,-0.9065820990000004
1780085_at,FAA2,FAA2,YER015W,none,none,none,,0.5245123100000004,none,none,none,,0.8330472820000008
1780088_at,YLR162W-A,,YLR162W-A,none,none,none,,-0.02198963900000006,none,none,none,,0.8519809939999998
1780089_at,MAM1,MAM1,YER106W,none,none,none,,0.056303624000000774,none,none,none,,0.262132598
1780091_at,PDR12,PDR12,YPL058C,none,none,none,,-0.12443824999999897,early_sustained_down,early,sustained,60.0,-1.996927683000001
1780093_at,YML082W,,YML082W,none,none,none,,-0.14922283599999986,none,none,none,,-0.19601792799999984
1780095_at,SLX5,SLX5,YDL013W,none,none,none,,0.1626805779999998,none,none,none,,0.8491640549999993
1780097_at,ZDS1,ZDS1,YMR273C,none,none,none,,0.0695156610000005,none,none,none,,-0.2987309629999988
1780099_at,WHI3,WHI3,YNL197C,none,none,none,,-0.5160147740000003,early_sustained_down,early,sustained,60.0,-2.1393841129999993
1780101_at,IME2,IME2,YJL106W,none,none,none,,0.28302327000000016,none,none,none,,0.3495725269999994
1780102_at,YHR032W,,YHR032W,none,none,none,,-0.20117869899999974,early_partial_decline_down,early,partial_decline,60.0,-0.9592418919999997
1780103_at,SEC15,SEC15,YGL233W,none,none,none,,-0.06830313200000049,none,none,none,,1.1667918449999988
1780104_at,DNF2,DNF2,YDR093W,none,none,none,,0.05743729699999989,none,none,none,,-0.6587946779999996
1780105_at,YTP1,YTP1,YNL237W,late_sustained_up,late,sustained,140.0,1.213550552,late_partial_decline_up,late,partial_decline,100.0,0.8981317539999996
1780106_at,YAL018C,,YAL018C,none,none,none,,-0.17921115600000004,none,none,none,,-0.2571887479999999
1780107_at,GIM5,GIM5,YML094W,none,none,none,,-0.3318238400000002,none,none,none,,-0.9733142870000009
1780112_at,BEM4,BEM4,YPL161C,none,none,none,,-0.3081328989999994,none,none,none,,0.5589208059999997
1780114_at,SKN7,SKN7,YHR206W,none,none,none,,-0.45804528600000083,early_sustained_down,early,sustained,60.0,-1.3711620589999995
1780115_at,TRA1,TRA1,YHR099W,none,none,none,,-0.4011518729999999,early_sustained_down,early,sustained,60.0,-2.6796035630000006
1780116_at,RPS21B,RPS21B,YJL136C,none,none,none,,0.004575570000000084,none,none,none,,-0.84711888
1780117_at,SPS1,SPS1,YDR523C,none,none,none,,0.05242162700000019,none,none,none,,0.7567282820000001
1780119_at,RPO31,RPO31,YOR116C,early_transient_down,early,transient,30.0,-0.40968916299999947,early_sustained_down,early,sustained,60.0,-1.819416425
1780120_at,CRS5,CRS5,YOR031W,none,none,none,,-0.09649996499999958,none,none,none,,0.3391926119999997
1780122_at,ALG8,ALG8,YOR067C,none,none,none,,-0.10975842600000085,late_sustained_down,late,sustained,140.0,-1.2248450920000007
1780126_at,PEP8,PEP8,YJL053W,none,none,none,,-0.03999366200000054,early_sustained_up,early,sustained,60.0,1.5879914710000005
1780128_at,ATP12,ATP12,YJL180C,none,none,none,,0.4881800009999999,none,none,none,,0.6023524580000004
1780129_at,SMC2,SMC2,YFR031C,none,none,none,,-0.09984845500000006,none,none,none,,0.14931750799999932
1780130_at,PPM1,PPM1,YDR435C,none,none,none,,0.2693558419999995,late_sustained_up,late,sustained,100.0,1.3126457340000002
1780131_at,YFL041W-A,,YFL041W-A,early_transient_up,early,transient,30.0,0.291563107,early_sustained_up,early,sustained,30.0,1.8693503980000008
1780134_at,RGA2,RGA2,YDR379W,none,none,none,,-0.11814571399999885,none,none,none,,-0.3864672959999993
1780137_at,PHM6,PHM6,YDR281C,none,none,none,,0.10747798700000022,none,none,none,,-0.24543231499999996
1780138_at,LEU9,LEU9,YOR108W,early_transient_down,early,transient,60.0,-0.6490730659999997,late_sustained_down,late,sustained,100.0,-2.4949735950000003
1780144_at,MTF1,MTF1,YMR228W,none,none,none,,0.055255162999999996,none,none,none,,0.6519925910000008
1780146_at,SKI3,SKI3,YPR189W,none,none,none,,-0.2995346029999997,none,none,none,,-0.08036607200000034
1780147_at,ROG1,ROG1,YGL144C,none,none,none,,0.007862648999999777,none,none,none,,-0.07880637999999962
1780148_at,YPL113C,,YPL113C,early_transient_up,early,transient,30.0,0.6163259419999996,early_sustained_up,early,sustained,30.0,2.324534376999999
1780150_at,MDL2,MDL2,YPL270W,none,none,none,,0.13085731700000025,none,none,none,,-0.010226606999999888
1780151_at,YIP5,YIP5,YGL161C,none,none,none,,0.18436397999999876,none,none,none,,0.7020757100000008
1780155_at,PAN6,PAN6,YIL145C,none,none,none,,-0.43207458999999915,none,none,none,,-0.4874149299999999
1780160_at,YMR252C,,YMR252C,none,none,none,,0.4966966519999989,late_sustained_up,late,sustained,140.0,1.3864390350000004
1780161_at,RPL16A,RPL16A,YIL133C,none,none,none,,-0.07332363999999991,late_sustained_down,late,sustained,100.0,-2.1904044799999998
1780163_at,MET28,MET28,YIR017C,early_transient_up,early,transient,30.0,0.651865709,early_sustained_up,early,sustained,30.0,1.957667463
1780166_at,AAD14,AAD14,YNL331C,none,none,none,,0.04874449499999933,none,none,none,,1.1738745660000003
1780169_at,PMD1,PMD1,YER132C,none,none,none,,0.09455926600000009,early_sustained_down,early,sustained,60.0,-1.5642550500000008
1780174_at,RTS1,RTS1,YOR014W,none,none,none,,-0.04354191000000007,none,none,none,,-0.3887873499999994
1780177_at,GAS5,GAS5,YOL030W,none,none,none,,0.12222225000000009,none,none,none,,0.02657285999999992
1780178_s_at,RPL2A /// RPL2B,RPL2A /// RPL2B,YFR031C-A,none,none,none,,-0.03921829999999993,none,none,none,,-0.9993353500000008
1780180_x_at,RPS10A,RPS10A,YOR293W,none,none,none,,-0.17694439000000095,late_sustained_down,late,sustained,100.0,-1.9202962600000006
1780183_at,VPS36,VPS36,YLR417W,none,none,none,,0.22506412899999972,none,none,none,,0.2443327669999995
1780184_at,YNR021W,,YNR021W,none,none,none,,-0.10299967000000088,none,none,none,,-0.8520423900000011
1780186_at,RPS31,RPS31,YLR167W,none,none,none,,-0.04300818000000106,none,none,none,,-0.22904985999999994
1780187_at,YLL023C,,YLL023C,none,none,none,,0.6159746100000003,late_sustained_up,late,sustained,100.0,1.3138829199999993
1780188_at,FLR1,FLR1,YBR008C,early_transient_up,early,transient,30.0,-0.9446536969999997,early_sustained_up,early,sustained,30.0,2.5795470100000006
1780190_at,MOT1,MOT1,YPL082C,none,none,none,,-0.001095717000000107,early_sustained_down,early,sustained,60.0,-2.155525302
1780192_at,RNA14,RNA14,YMR061W,none,none,none,,-0.36204717800000097,none,none,none,,1.023082209
1780193_at,SWR1,SWR1,YDR334W,none,none,none,,-0.32676555100000026,none,none,none,,0.4347878929999993
1780194_at,HUA1,HUA1,YGR268C,none,none,none,,-0.13615895600000094,none,none,none,,0.9220904060000006
1780197_at,YNL024C,,YNL024C,none,none,none,,-0.2525119809999996,early_sustained_down,early,sustained,60.0,-1.0080585679999992
1780199_at,RPL30,RPL30,YGL030W,none,none,none,,0.031102539999999124,none,none,none,,-0.42511992999999926
1780200_at,RPS16A,RPS16A,YMR143W,none,none,none,,-0.07170357999999943,late_sustained_down,late,sustained,100.0,-1.6868922200000007
1780201_at,MSW1,MSW1,YDR268W,none,none,none,,0.11044477100000094,none,none,none,,0.33360646200000055
1780206_at,SCO2,SCO2,YBR024W,none,none,none,,0.7370377139999995,late_sustained_up,late,sustained,100.0,1.3847992439999999
1780207_at,NIT2,NIT2,YJL126W,none,none,none,,0.20836580500000057,none,none,none,,0.3608242740000005
1780209_at,KTR5,KTR5,YNL029C,none,none,none,,-0.15614794900000106,none,none,none,,-0.7457327769999988
1780210_at,YOR052C,,YOR052C,early_transient_up,early,transient,30.0,0.47690763000000125,early_sustained_up,early,sustained,30.0,1.8590485900000004
1780211_at,CUP5,CUP5,YEL027W,none,none,none,,0.007713689999999218,none,none,none,,0.09628511000000017
1780213_at,PGA1,PGA1,YNL158W,none,none,none,,-0.1313271329999992,none,none,none,,0.5507937250000001
1780215_at,ROM1,ROM1,YGR070W,early_sustained_up,early,sustained,30.0,1.111662237,early_sustained_up,early,sustained,60.0,2.303697725
1780217_at,RTS3,RTS3,YGR161C,none,none,none,,0.11848354400000005,early_sustained_up,early,sustained,30.0,2.5734967930000003
1780220_at,ATG19,ATG19,YOL082W,early_transient_up,early,transient,30.0,0.8567748819999998,early_sustained_up,early,sustained,60.0,1.998859007
1780221_at,RME1,RME1,YGR044C,none,none,none,,-0.31945525000000075,none,none,none,,-0.4852525700000001
1780224_at,RSC8,RSC8,YFR037C,none,none,none,,-0.6078382040000001,none,none,none,,-0.6572489400000006
1780226_at,USA1,USA1,YML029W,none,none,none,,0.0038578430000004715,none,none,none,,0.5510600520000004
1780230_at,CHL4,CHL4,YDR254W,none,none,none,,0.061306532999999774,none,none,none,,0.6821077180000001
1780232_at,YMR111C,,YMR111C,none,none,none,,0.062156497000000144,none,none,none,,0.5131989400000005
1780233_at,HTA1,HTA1,YDR225W,none,none,none,,-0.27893764000000054,early_sustained_down,early,sustained,30.0,-1.21256393
1780234_at,RIM13,RIM13,YMR154C,none,none,none,,0.04742400100000044,none,none,none,,0.4475597760000003
1780240_at,RFA2,RFA2,YNL312W,none,none,none,,0.2783004600000005,early_sustained_up,early,sustained,60.0,1.8144253399999997
1780243_at,KEX2,KEX2,YNL238W,none,none,none,,-0.28195076700000143,late_sustained_down,late,sustained,100.0,-1.7813367750000006
1780244_at,RBG2,RBG2,YGR173W,none,none,none,,-0.13496137000000097,none,none,none,,-0.6794288910000006
1780246_at,YOP1,YOP1,YPR028W,none,none,none,,0.14433305999999924,none,none,none,,0.33854459999999875
1780247_at,WTM2,WTM2,YOR229W,none,none,none,,-0.11701356699999899,none,none,none,,0.16272816099999865
1780248_at,AQY1,AQY1,YPR192W,none,none,none,,0.06284032200000045,none,none,none,,0.16569561900000007
1780250_at,END3,END3,YNL084C,none,none,none,,-0.1208352140000013,late_sustained_up,late,sustained,100.0,1.079498934
RPTR-Sc-A00196-1_s_at,,,,none,none,none,,0.641685603,none,none,none,,0.1216234850000002
RPTR-Sc-AB076373-1_at,,,,none,none,none,,0.3297756930000002,none,none,none,,0.19361683499999982
RPTR-Sc-AF292559-1_at,,,,none,none,none,,0.27583842800000014,none,none,none,,0.604495864
RPTR-Sc-AF292559-2_s_at,,,,none,none,none,,0.15560501700000007,none,none,none,,0.13854563200000003
RPTR-Sc-AF292559-3_s_at,,,,none,none,none,,0.07374388200000004,none,none,none,,0.04393272700000006
RPTR-Sc-AF292559-4_s_at,,,,none,none,none,,0.05074823499999992,none,none,none,,-0.2627984080000001
RPTR-Sc-AF292560-1_s_at,,,,none,none,none,,0.11291594699999985,none,none,none,,0.1948755710000003
RPTR-Sc-AF298789-1_s_at,,,,none,none,none,,-0.021653189999998546,none,none,none,,-0.3982724400000013
RPTR-Sc-AF323980-1_at,,,,none,none,none,,0.1167090759999998,none,none,none,,-0.06469145500000018
RPTR-Sc-AJ002682-1_s_at,,,,none,none,none,,0.16897206199999992,none,none,none,,-0.31893075999999976
RPTR-Sc-AJ002682-2_s_at,,,,none,none,none,,0.0065222760000001045,none,none,none,,-0.09308307199999977
RPTR-Sc-AJ132968-1_at,,,,none,none,none,,-0.049998737000000126,none,none,none,,-0.43782103699999997
RPTR-Sc-AY056050-1_at,,,,none,none,none,,-0.09345060400000005,none,none,none,,-0.29139816200000057
RPTR-Sc-AY342347_at,,,,none,none,none,,0.2517588100000001,none,none,none,,-0.07818655099999994
RPTR-Sc-E00696-1_s_at,,,,none,none,none,,-0.163414414,none,none,none,,-0.0015753069999999703
RPTR-Sc-ECOLOXB_at,,,,none,none,none,,-0.2892227580000002,none,none,none,,0.1297995949999997
RPTR-Sc-ECOLOXL_at,,,,none,none,none,,-0.15439819599999982,none,none,none,,0.2865095109999998
RPTR-Sc-ECOLOXL_x_at,,,,none,none,none,,-0.012576415000000285,none,none,none,,0.152927998
RPTR-Sc-J01347-1_at,,,,none,none,none,,-0.17283757199999972,none,none,none,,0.12119072999999947
RPTR-Sc-J01347-1_s_at,,,,none,none,none,,-0.32610063499999953,none,none,none,,0.5043720010000001
RPTR-Sc-J01347-2_at,,,,none,none,none,,-0.0941988699999996,none,none,none,,0.27599569000000024
RPTR-Sc-J01347-3_at,,,,none,none,none,,0.12450927299999925,none,none,none,,1.0553788730000004
RPTR-Sc-J01347-4_at,,,,none,none,none,,-0.06735646000000095,none,none,none,,0.3123332000000012
RPTR-Sc-J01636-1_at,,,,none,none,none,,0.2864766999999997,none,none,none,,-0.3213796950000001
RPTR-Sc-J01636-3_at,,,,none,none,none,,-0.13688070900000016,none,none,none,,-0.18260232400000032
RPTR-Sc-J01636-4_at,,,,none,none,none,,-0.0014573300000000344,none,none,none,,0.41645778700000013
RPTR-Sc-K01486-1_s_at,,,,none,none,none,,0.7243454180000004,none,none,none,,-0.3838953030000001
RPTR-Sc-M10961-1_at,,,,none,none,none,,-0.00363780899999977,none,none,none,,0.028494285999999924
RPTR-Sc-M10961-2_at,,,,none,none,none,,-0.045803327999999865,none,none,none,,0.34808761599999993
RPTR-Sc-M10961-4_at,,,,none,none,none,,-0.025691821000000115,none,none,none,,-0.5534027429999999
RPTR-Sc-M15077-1_at,,,,none,none,none,,0.32532580200000005,none,none,none,,-0.3175655860000002
RPTR-Sc-M15077-1_s_at,,,,none,none,none,,-0.02964853699999992,none,none,none,,0.5323283410000004
RPTR-Sc-M57289-1_s_at,,,,none,none,none,,-0.22825769899999981,none,none,none,,-0.1453213080000002
RPTR-Sc-M62653-1_at,,,,none,none,none,,0.031137536000000132,none,none,none,,-0.05685187899999988
RPTR-Sc-M62653-1_s_at,,,,none,none,none,,0.1283824349999998,none,none,none,,0.18902127000000002
RPTR-Sc-NM_131175-1_at,,,,none,none,none,,-0.12320720100000004,none,none,none,,0.1754491709999999
RPTR-Sc-U43284-1_s_at,,,,none,none,none,,-0.18342292300000018,none,none,none,,-0.077588129
RPTR-Sc-U46493-1_s_at,,,,none,none,none,,-0.0326215749999994,none,none,none,,0.1287855250000005
RPTR-Sc-U47295-1_at,,,,none,none,none,,-0.47491876600000005,none,none,none,,-0.39792146900000036
RPTR-Sc-U55943-1_at,,,,none,none,none,,0.24563799899999994,none,none,none,,-0.05418026099999995
RPTR-Sc-U57609-2_s_at,,,,none,none,none,,-0.39420041900000014,none,none,none,,0.11096124800000018
RPTR-Sc-U89963-1_at,,,,none,none,none,,-0.08266761299999992,none,none,none,,-0.03965985499999958
RPTR-Sc-U89963-1_s_at,,,,none,none,none,,-0.25981841800000005,none,none,none,,0.05228561100000029
RPTR-Sc-X03453-1_at,,,,none,none,none,,-0.3419729629999999,none,none,none,,-0.010376658999999844
RPTR-Sc-X58791-1_at,,,,none,none,none,,0.14457632200000026,none,none,none,,0.0751855929999996
RPTR-Sc-X58791-1_s_at,,,,none,none,none,,0.059661182000000146,none,none,none,,-0.3374073380000002
RPTR-Sc-X58791-2_s_at,,,,none,none,none,,-0.3126925519999997,none,none,none,,-0.4012507539999999
